sample_id,roof_width_m,roof_length_m,roof_area_m2,roof_azimuth,roof_tilt,x,y,hour,solar_azimuth,solar_altitude,irradiance_w_m2,shadow_factor,effective_irradiance_w_m2,panel_width_m,panel_length_m,panel_efficiency,panel_power_w
0,30.0,20.0,600.0,180.0,10.0,0.0,0.0,8,120,0,0.0,1.0,0.0,2.0,1.0,0.22,0.0
1,30.0,20.0,600.0,180.0,10.0,0.0,1.0,8,120,0,0.0,1.0,0.0,2.0,1.0,0.22,0.0
2,30.0,20.0,600.0,180.0,10.0,0.0,2.0,8,120,0,0.0,1.0,0.0,2.0,1.0,0.22,0.0
3,30.0,20.0,600.0,180.0,10.0,0.0,3.0,8,120,0,0.0,1.0,0.0,2.0,1.0,0.22,0.0
4,30.0,20.0,600.0,180.0,10.0,0.0,4.0,8,120,0,0.0,1.0,0.0,2.0,1.0,0.22,0.0
5,30.0,20.0,600.0,180.0,10.0,0.0,5.0,8,120,0,0.0,1.0,0.0,2.0,1.0,0.22,0.0
6,30.0,20.0,600.0,180.0,10.0,0.0,6.0,8,120,0,0.0,1.0,0.0,2.0,1.0,0.22,0.0
7,30.0,20.0,600.0,180.0,10.0,0.0,7.0,8,120,0,0.0,1.0,0.0,2.0,1.0,0.22,0.0
8,30.0,20.0,600.0,180.0,10.0,0.0,8.0,8,120,0,0.0,1.0,0.0,2.0,1.0,0.22,0.0
9,30.0,20.0,600.0,180.0,10.0,0.0,9.0,8,120,0,0.0,1.0,0.0,2.0,1.0,0.22,0.0
10,30.0,20.0,600.0,180.0,10.0,0.0,10.0,8,120,0,0.0,1.0,0.0,2.0,1.0,0.22,0.0
11,30.0,20.0,600.0,180.0,10.0,0.0,11.0,8,120,0,0.0,1.0,0.0,2.0,1.0,0.22,0.0
12,30.0,20.0,600.0,180.0,10.0,0.0,12.0,8,120,0,0.0,1.0,0.0,2.0,1.0,0.22,0.0
13,30.0,20.0,600.0,180.0,10.0,0.0,13.0,8,120,0,0.0,1.0,0.0,2.0,1.0,0.22,0.0
14,30.0,20.0,600.0,180.0,10.0,0.0,14.0,8,120,0,0.0,1.0,0.0,2.0,1.0,0.22,0.0
15,30.0,20.0,600.0,180.0,10.0,0.0,15.0,8,120,0,0.0,1.0,0.0,2.0,1.0,0.22,0.0
16,30.0,20.0,600.0,180.0,10.0,0.0,16.0,8,120,0,0.0,1.0,0.0,2.0,1.0,0.22,0.0
17,30.0,20.0,600.0,180.0,10.0,0.0,17.0,8,120,0,0.0,1.0,0.0,2.0,1.0,0.22,0.0
18,30.0,20.0,600.0,180.0,10.0,0.0,18.0,8,120,0,0.0,1.0,0.0,2.0,1.0,0.22,0.0
19,30.0,20.0,600.0,180.0,10.0,0.0,19.0,8,120,0,0.0,0.579,0.0,2.0,1.0,0.22,0.0
20,30.0,20.0,600.0,180.0,10.0,1.0,0.0,8,120,0,0.0,1.0,0.0,2.0,1.0,0.22,0.0
21,30.0,20.0,600.0,180.0,10.0,1.0,1.0,8,120,0,0.0,1.0,0.0,2.0,1.0,0.22,0.0
22,30.0,20.0,600.0,180.0,10.0,1.0,2.0,8,120,0,0.0,1.0,0.0,2.0,1.0,0.22,0.0
23,30.0,20.0,600.0,180.0,10.0,1.0,3.0,8,120,0,0.0,1.0,0.0,2.0,1.0,0.22,0.0
24,30.0,20.0,600.0,180.0,10.0,1.0,4.0,8,120,0,0.0,1.0,0.0,2.0,1.0,0.22,0.0
25,30.0,20.0,600.0,180.0,10.0,1.0,5.0,8,120,0,0.0,1.0,0.0,2.0,1.0,0.22,0.0
26,30.0,20.0,600.0,180.0,10.0,1.0,6.0,8,120,0,0.0,1.0,0.0,2.0,1.0,0.22,0.0
27,30.0,20.0,600.0,180.0,10.0,1.0,7.0,8,120,0,0.0,1.0,0.0,2.0,1.0,0.22,0.0
28,30.0,20.0,600.0,180.0,10.0,1.0,8.0,8,120,0,0.0,1.0,0.0,2.0,1.0,0.22,0.0
29,30.0,20.0,600.0,180.0,10.0,1.0,9.0,8,120,0,0.0,1.0,0.0,2.0,1.0,0.22,0.0
30,30.0,20.0,600.0,180.0,10.0,1.0,10.0,8,120,0,0.0,1.0,0.0,2.0,1.0,0.22,0.0
31,30.0,20.0,600.0,180.0,10.0,1.0,11.0,8,120,0,0.0,1.0,0.0,2.0,1.0,0.22,0.0
32,30.0,20.0,600.0,180.0,10.0,1.0,12.0,8,120,0,0.0,1.0,0.0,2.0,1.0,0.22,0.0
33,30.0,20.0,600.0,180.0,10.0,1.0,13.0,8,120,0,0.0,1.0,0.0,2.0,1.0,0.22,0.0
34,30.0,20.0,600.0,180.0,10.0,1.0,14.0,8,120,0,0.0,1.0,0.0,2.0,1.0,0.22,0.0
35,30.0,20.0,600.0,180.0,10.0,1.0,15.0,8,120,0,0.0,1.0,0.0,2.0,1.0,0.22,0.0
36,30.0,20.0,600.0,180.0,10.0,1.0,16.0,8,120,0,0.0,1.0,0.0,2.0,1.0,0.22,0.0
37,30.0,20.0,600.0,180.0,10.0,1.0,17.0,8,120,0,0.0,1.0,0.0,2.0,1.0,0.22,0.0
38,30.0,20.0,600.0,180.0,10.0,1.0,18.0,8,120,0,0.0,1.0,0.0,2.0,1.0,0.22,0.0
39,30.0,20.0,600.0,180.0,10.0,1.0,19.0,8,120,0,0.0,1.0,0.0,2.0,1.0,0.22,0.0
40,30.0,20.0,600.0,180.0,10.0,2.0,0.0,8,120,0,0.0,1.0,0.0,2.0,1.0,0.22,0.0
41,30.0,20.0,600.0,180.0,10.0,2.0,1.0,8,120,0,0.0,1.0,0.0,2.0,1.0,0.22,0.0
42,30.0,20.0,600.0,180.0,10.0,2.0,2.0,8,120,0,0.0,1.0,0.0,2.0,1.0,0.22,0.0
43,30.0,20.0,600.0,180.0,10.0,2.0,3.0,8,120,0,0.0,1.0,0.0,2.0,1.0,0.22,0.0
44,30.0,20.0,600.0,180.0,10.0,2.0,4.0,8,120,0,0.0,1.0,0.0,2.0,1.0,0.22,0.0
45,30.0,20.0,600.0,180.0,10.0,2.0,5.0,8,120,0,0.0,1.0,0.0,2.0,1.0,0.22,0.0
46,30.0,20.0,600.0,180.0,10.0,2.0,6.0,8,120,0,0.0,1.0,0.0,2.0,1.0,0.22,0.0
47,30.0,20.0,600.0,180.0,10.0,2.0,7.0,8,120,0,0.0,1.0,0.0,2.0,1.0,0.22,0.0
48,30.0,20.0,600.0,180.0,10.0,2.0,8.0,8,120,0,0.0,1.0,0.0,2.0,1.0,0.22,0.0
49,30.0,20.0,600.0,180.0,10.0,2.0,9.0,8,120,0,0.0,1.0,0.0,2.0,1.0,0.22,0.0
50,30.0,20.0,600.0,180.0,10.0,2.0,10.0,8,120,0,0.0,1.0,0.0,2.0,1.0,0.22,0.0
51,30.0,20.0,600.0,180.0,10.0,2.0,11.0,8,120,0,0.0,1.0,0.0,2.0,1.0,0.22,0.0
52,30.0,20.0,600.0,180.0,10.0,2.0,12.0,8,120,0,0.0,1.0,0.0,2.0,1.0,0.22,0.0
53,30.0,20.0,600.0,180.0,10.0,2.0,13.0,8,120,0,0.0,1.0,0.0,2.0,1.0,0.22,0.0
54,30.0,20.0,600.0,180.0,10.0,2.0,14.0,8,120,0,0.0,1.0,0.0,2.0,1.0,0.22,0.0
55,30.0,20.0,600.0,180.0,10.0,2.0,15.0,8,120,0,0.0,1.0,0.0,2.0,1.0,0.22,0.0
56,30.0,20.0,600.0,180.0,10.0,2.0,16.0,8,120,0,0.0,1.0,0.0,2.0,1.0,0.22,0.0
57,30.0,20.0,600.0,180.0,10.0,2.0,17.0,8,120,0,0.0,1.0,0.0,2.0,1.0,0.22,0.0
58,30.0,20.0,600.0,180.0,10.0,2.0,18.0,8,120,0,0.0,1.0,0.0,2.0,1.0,0.22,0.0
59,30.0,20.0,600.0,180.0,10.0,2.0,19.0,8,120,0,0.0,1.0,0.0,2.0,1.0,0.22,0.0
60,30.0,20.0,600.0,180.0,10.0,3.0,0.0,8,120,0,0.0,1.0,0.0,2.0,1.0,0.22,0.0
61,30.0,20.0,600.0,180.0,10.0,3.0,1.0,8,120,0,0.0,1.0,0.0,2.0,1.0,0.22,0.0
62,30.0,20.0,600.0,180.0,10.0,3.0,2.0,8,120,0,0.0,1.0,0.0,2.0,1.0,0.22,0.0
63,30.0,20.0,600.0,180.0,10.0,3.0,3.0,8,120,0,0.0,1.0,0.0,2.0,1.0,0.22,0.0
64,30.0,20.0,600.0,180.0,10.0,3.0,4.0,8,120,0,0.0,1.0,0.0,2.0,1.0,0.22,0.0
65,30.0,20.0,600.0,180.0,10.0,3.0,5.0,8,120,0,0.0,1.0,0.0,2.0,1.0,0.22,0.0
66,30.0,20.0,600.0,180.0,10.0,3.0,6.0,8,120,0,0.0,1.0,0.0,2.0,1.0,0.22,0.0
67,30.0,20.0,600.0,180.0,10.0,3.0,7.0,8,120,0,0.0,1.0,0.0,2.0,1.0,0.22,0.0
68,30.0,20.0,600.0,180.0,10.0,3.0,8.0,8,120,0,0.0,0.68,0.0,2.0,1.0,0.22,0.0
69,30.0,20.0,600.0,180.0,10.0,3.0,9.0,8,120,0,0.0,0.529,0.0,2.0,1.0,0.22,0.0
70,30.0,20.0,600.0,180.0,10.0,3.0,10.0,8,120,0,0.0,1.0,0.0,2.0,1.0,0.22,0.0
71,30.0,20.0,600.0,180.0,10.0,3.0,11.0,8,120,0,0.0,1.0,0.0,2.0,1.0,0.22,0.0
72,30.0,20.0,600.0,180.0,10.0,3.0,12.0,8,120,0,0.0,1.0,0.0,2.0,1.0,0.22,0.0
73,30.0,20.0,600.0,180.0,10.0,3.0,13.0,8,120,0,0.0,1.0,0.0,2.0,1.0,0.22,0.0
74,30.0,20.0,600.0,180.0,10.0,3.0,14.0,8,120,0,0.0,1.0,0.0,2.0,1.0,0.22,0.0
75,30.0,20.0,600.0,180.0,10.0,3.0,15.0,8,120,0,0.0,1.0,0.0,2.0,1.0,0.22,0.0
76,30.0,20.0,600.0,180.0,10.0,3.0,16.0,8,120,0,0.0,1.0,0.0,2.0,1.0,0.22,0.0
77,30.0,20.0,600.0,180.0,10.0,3.0,17.0,8,120,0,0.0,1.0,0.0,2.0,1.0,0.22,0.0
78,30.0,20.0,600.0,180.0,10.0,3.0,18.0,8,120,0,0.0,1.0,0.0,2.0,1.0,0.22,0.0
79,30.0,20.0,600.0,180.0,10.0,3.0,19.0,8,120,0,0.0,1.0,0.0,2.0,1.0,0.22,0.0
80,30.0,20.0,600.0,180.0,10.0,4.0,0.0,8,120,0,0.0,1.0,0.0,2.0,1.0,0.22,0.0
81,30.0,20.0,600.0,180.0,10.0,4.0,1.0,8,120,0,0.0,1.0,0.0,2.0,1.0,0.22,0.0
82,30.0,20.0,600.0,180.0,10.0,4.0,2.0,8,120,0,0.0,1.0,0.0,2.0,1.0,0.22,0.0
83,30.0,20.0,600.0,180.0,10.0,4.0,3.0,8,120,0,0.0,1.0,0.0,2.0,1.0,0.22,0.0
84,30.0,20.0,600.0,180.0,10.0,4.0,4.0,8,120,0,0.0,1.0,0.0,2.0,1.0,0.22,0.0
85,30.0,20.0,600.0,180.0,10.0,4.0,5.0,8,120,0,0.0,1.0,0.0,2.0,1.0,0.22,0.0
86,30.0,20.0,600.0,180.0,10.0,4.0,6.0,8,120,0,0.0,1.0,0.0,2.0,1.0,0.22,0.0
87,30.0,20.0,600.0,180.0,10.0,4.0,7.0,8,120,0,0.0,1.0,0.0,2.0,1.0,0.22,0.0
88,30.0,20.0,600.0,180.0,10.0,4.0,8.0,8,120,0,0.0,1.0,0.0,2.0,1.0,0.22,0.0
89,30.0,20.0,600.0,180.0,10.0,4.0,9.0,8,120,0,0.0,1.0,0.0,2.0,1.0,0.22,0.0
90,30.0,20.0,600.0,180.0,10.0,4.0,10.0,8,120,0,0.0,1.0,0.0,2.0,1.0,0.22,0.0
91,30.0,20.0,600.0,180.0,10.0,4.0,11.0,8,120,0,0.0,1.0,0.0,2.0,1.0,0.22,0.0
92,30.0,20.0,600.0,180.0,10.0,4.0,12.0,8,120,0,0.0,1.0,0.0,2.0,1.0,0.22,0.0
93,30.0,20.0,600.0,180.0,10.0,4.0,13.0,8,120,0,0.0,1.0,0.0,2.0,1.0,0.22,0.0
94,30.0,20.0,600.0,180.0,10.0,4.0,14.0,8,120,0,0.0,1.0,0.0,2.0,1.0,0.22,0.0
95,30.0,20.0,600.0,180.0,10.0,4.0,15.0,8,120,0,0.0,1.0,0.0,2.0,1.0,0.22,0.0
96,30.0,20.0,600.0,180.0,10.0,4.0,16.0,8,120,0,0.0,1.0,0.0,2.0,1.0,0.22,0.0
97,30.0,20.0,600.0,180.0,10.0,4.0,17.0,8,120,0,0.0,1.0,0.0,2.0,1.0,0.22,0.0
98,30.0,20.0,600.0,180.0,10.0,4.0,18.0,8,120,0,0.0,1.0,0.0,2.0,1.0,0.22,0.0
99,30.0,20.0,600.0,180.0,10.0,4.0,19.0,8,120,0,0.0,1.0,0.0,2.0,1.0,0.22,0.0
100,30.0,20.0,600.0,180.0,10.0,5.0,0.0,8,120,0,0.0,1.0,0.0,2.0,1.0,0.22,0.0
101,30.0,20.0,600.0,180.0,10.0,5.0,1.0,8,120,0,0.0,1.0,0.0,2.0,1.0,0.22,0.0
102,30.0,20.0,600.0,180.0,10.0,5.0,2.0,8,120,0,0.0,1.0,0.0,2.0,1.0,0.22,0.0
103,30.0,20.0,600.0,180.0,10.0,5.0,3.0,8,120,0,0.0,1.0,0.0,2.0,1.0,0.22,0.0
104,30.0,20.0,600.0,180.0,10.0,5.0,4.0,8,120,0,0.0,1.0,0.0,2.0,1.0,0.22,0.0
105,30.0,20.0,600.0,180.0,10.0,5.0,5.0,8,120,0,0.0,1.0,0.0,2.0,1.0,0.22,0.0
106,30.0,20.0,600.0,180.0,10.0,5.0,6.0,8,120,0,0.0,1.0,0.0,2.0,1.0,0.22,0.0
107,30.0,20.0,600.0,180.0,10.0,5.0,7.0,8,120,0,0.0,1.0,0.0,2.0,1.0,0.22,0.0
108,30.0,20.0,600.0,180.0,10.0,5.0,8.0,8,120,0,0.0,1.0,0.0,2.0,1.0,0.22,0.0
109,30.0,20.0,600.0,180.0,10.0,5.0,9.0,8,120,0,0.0,1.0,0.0,2.0,1.0,0.22,0.0
110,30.0,20.0,600.0,180.0,10.0,5.0,10.0,8,120,0,0.0,1.0,0.0,2.0,1.0,0.22,0.0
111,30.0,20.0,600.0,180.0,10.0,5.0,11.0,8,120,0,0.0,1.0,0.0,2.0,1.0,0.22,0.0
112,30.0,20.0,600.0,180.0,10.0,5.0,12.0,8,120,0,0.0,1.0,0.0,2.0,1.0,0.22,0.0
113,30.0,20.0,600.0,180.0,10.0,5.0,13.0,8,120,0,0.0,1.0,0.0,2.0,1.0,0.22,0.0
114,30.0,20.0,600.0,180.0,10.0,5.0,14.0,8,120,0,0.0,1.0,0.0,2.0,1.0,0.22,0.0
115,30.0,20.0,600.0,180.0,10.0,5.0,15.0,8,120,0,0.0,1.0,0.0,2.0,1.0,0.22,0.0
116,30.0,20.0,600.0,180.0,10.0,5.0,16.0,8,120,0,0.0,1.0,0.0,2.0,1.0,0.22,0.0
117,30.0,20.0,600.0,180.0,10.0,5.0,17.0,8,120,0,0.0,1.0,0.0,2.0,1.0,0.22,0.0
118,30.0,20.0,600.0,180.0,10.0,5.0,18.0,8,120,0,0.0,1.0,0.0,2.0,1.0,0.22,0.0
119,30.0,20.0,600.0,180.0,10.0,5.0,19.0,8,120,0,0.0,1.0,0.0,2.0,1.0,0.22,0.0
120,30.0,20.0,600.0,180.0,10.0,6.0,0.0,8,120,0,0.0,1.0,0.0,2.0,1.0,0.22,0.0
121,30.0,20.0,600.0,180.0,10.0,6.0,1.0,8,120,0,0.0,1.0,0.0,2.0,1.0,0.22,0.0
122,30.0,20.0,600.0,180.0,10.0,6.0,2.0,8,120,0,0.0,1.0,0.0,2.0,1.0,0.22,0.0
123,30.0,20.0,600.0,180.0,10.0,6.0,3.0,8,120,0,0.0,1.0,0.0,2.0,1.0,0.22,0.0
124,30.0,20.0,600.0,180.0,10.0,6.0,4.0,8,120,0,0.0,1.0,0.0,2.0,1.0,0.22,0.0
125,30.0,20.0,600.0,180.0,10.0,6.0,5.0,8,120,0,0.0,1.0,0.0,2.0,1.0,0.22,0.0
126,30.0,20.0,600.0,180.0,10.0,6.0,6.0,8,120,0,0.0,1.0,0.0,2.0,1.0,0.22,0.0
127,30.0,20.0,600.0,180.0,10.0,6.0,7.0,8,120,0,0.0,1.0,0.0,2.0,1.0,0.22,0.0
128,30.0,20.0,600.0,180.0,10.0,6.0,8.0,8,120,0,0.0,0.561,0.0,2.0,1.0,0.22,0.0
129,30.0,20.0,600.0,180.0,10.0,6.0,9.0,8,120,0,0.0,1.0,0.0,2.0,1.0,0.22,0.0
130,30.0,20.0,600.0,180.0,10.0,6.0,10.0,8,120,0,0.0,1.0,0.0,2.0,1.0,0.22,0.0
131,30.0,20.0,600.0,180.0,10.0,6.0,11.0,8,120,0,0.0,1.0,0.0,2.0,1.0,0.22,0.0
132,30.0,20.0,600.0,180.0,10.0,6.0,12.0,8,120,0,0.0,1.0,0.0,2.0,1.0,0.22,0.0
133,30.0,20.0,600.0,180.0,10.0,6.0,13.0,8,120,0,0.0,1.0,0.0,2.0,1.0,0.22,0.0
134,30.0,20.0,600.0,180.0,10.0,6.0,14.0,8,120,0,0.0,1.0,0.0,2.0,1.0,0.22,0.0
135,30.0,20.0,600.0,180.0,10.0,6.0,15.0,8,120,0,0.0,1.0,0.0,2.0,1.0,0.22,0.0
136,30.0,20.0,600.0,180.0,10.0,6.0,16.0,8,120,0,0.0,1.0,0.0,2.0,1.0,0.22,0.0
137,30.0,20.0,600.0,180.0,10.0,6.0,17.0,8,120,0,0.0,1.0,0.0,2.0,1.0,0.22,0.0
138,30.0,20.0,600.0,180.0,10.0,6.0,18.0,8,120,0,0.0,1.0,0.0,2.0,1.0,0.22,0.0
139,30.0,20.0,600.0,180.0,10.0,6.0,19.0,8,120,0,0.0,1.0,0.0,2.0,1.0,0.22,0.0
140,30.0,20.0,600.0,180.0,10.0,7.0,0.0,8,120,0,0.0,1.0,0.0,2.0,1.0,0.22,0.0
141,30.0,20.0,600.0,180.0,10.0,7.0,1.0,8,120,0,0.0,1.0,0.0,2.0,1.0,0.22,0.0
142,30.0,20.0,600.0,180.0,10.0,7.0,2.0,8,120,0,0.0,1.0,0.0,2.0,1.0,0.22,0.0
143,30.0,20.0,600.0,180.0,10.0,7.0,3.0,8,120,0,0.0,0.794,0.0,2.0,1.0,0.22,0.0
144,30.0,20.0,600.0,180.0,10.0,7.0,4.0,8,120,0,0.0,1.0,0.0,2.0,1.0,0.22,0.0
145,30.0,20.0,600.0,180.0,10.0,7.0,5.0,8,120,0,0.0,1.0,0.0,2.0,1.0,0.22,0.0
146,30.0,20.0,600.0,180.0,10.0,7.0,6.0,8,120,0,0.0,1.0,0.0,2.0,1.0,0.22,0.0
147,30.0,20.0,600.0,180.0,10.0,7.0,7.0,8,120,0,0.0,1.0,0.0,2.0,1.0,0.22,0.0
148,30.0,20.0,600.0,180.0,10.0,7.0,8.0,8,120,0,0.0,1.0,0.0,2.0,1.0,0.22,0.0
149,30.0,20.0,600.0,180.0,10.0,7.0,9.0,8,120,0,0.0,1.0,0.0,2.0,1.0,0.22,0.0
150,30.0,20.0,600.0,180.0,10.0,7.0,10.0,8,120,0,0.0,1.0,0.0,2.0,1.0,0.22,0.0
151,30.0,20.0,600.0,180.0,10.0,7.0,11.0,8,120,0,0.0,1.0,0.0,2.0,1.0,0.22,0.0
152,30.0,20.0,600.0,180.0,10.0,7.0,12.0,8,120,0,0.0,1.0,0.0,2.0,1.0,0.22,0.0
153,30.0,20.0,600.0,180.0,10.0,7.0,13.0,8,120,0,0.0,1.0,0.0,2.0,1.0,0.22,0.0
154,30.0,20.0,600.0,180.0,10.0,7.0,14.0,8,120,0,0.0,1.0,0.0,2.0,1.0,0.22,0.0
155,30.0,20.0,600.0,180.0,10.0,7.0,15.0,8,120,0,0.0,1.0,0.0,2.0,1.0,0.22,0.0
156,30.0,20.0,600.0,180.0,10.0,7.0,16.0,8,120,0,0.0,1.0,0.0,2.0,1.0,0.22,0.0
157,30.0,20.0,600.0,180.0,10.0,7.0,17.0,8,120,0,0.0,1.0,0.0,2.0,1.0,0.22,0.0
158,30.0,20.0,600.0,180.0,10.0,7.0,18.0,8,120,0,0.0,1.0,0.0,2.0,1.0,0.22,0.0
159,30.0,20.0,600.0,180.0,10.0,7.0,19.0,8,120,0,0.0,1.0,0.0,2.0,1.0,0.22,0.0
160,30.0,20.0,600.0,180.0,10.0,8.0,0.0,8,120,0,0.0,1.0,0.0,2.0,1.0,0.22,0.0
161,30.0,20.0,600.0,180.0,10.0,8.0,1.0,8,120,0,0.0,1.0,0.0,2.0,1.0,0.22,0.0
162,30.0,20.0,600.0,180.0,10.0,8.0,2.0,8,120,0,0.0,1.0,0.0,2.0,1.0,0.22,0.0
163,30.0,20.0,600.0,180.0,10.0,8.0,3.0,8,120,0,0.0,1.0,0.0,2.0,1.0,0.22,0.0
164,30.0,20.0,600.0,180.0,10.0,8.0,4.0,8,120,0,0.0,1.0,0.0,2.0,1.0,0.22,0.0
165,30.0,20.0,600.0,180.0,10.0,8.0,5.0,8,120,0,0.0,1.0,0.0,2.0,1.0,0.22,0.0
166,30.0,20.0,600.0,180.0,10.0,8.0,6.0,8,120,0,0.0,1.0,0.0,2.0,1.0,0.22,0.0
167,30.0,20.0,600.0,180.0,10.0,8.0,7.0,8,120,0,0.0,1.0,0.0,2.0,1.0,0.22,0.0
168,30.0,20.0,600.0,180.0,10.0,8.0,8.0,8,120,0,0.0,1.0,0.0,2.0,1.0,0.22,0.0
169,30.0,20.0,600.0,180.0,10.0,8.0,9.0,8,120,0,0.0,1.0,0.0,2.0,1.0,0.22,0.0
170,30.0,20.0,600.0,180.0,10.0,8.0,10.0,8,120,0,0.0,1.0,0.0,2.0,1.0,0.22,0.0
171,30.0,20.0,600.0,180.0,10.0,8.0,11.0,8,120,0,0.0,1.0,0.0,2.0,1.0,0.22,0.0
172,30.0,20.0,600.0,180.0,10.0,8.0,12.0,8,120,0,0.0,1.0,0.0,2.0,1.0,0.22,0.0
173,30.0,20.0,600.0,180.0,10.0,8.0,13.0,8,120,0,0.0,1.0,0.0,2.0,1.0,0.22,0.0
174,30.0,20.0,600.0,180.0,10.0,8.0,14.0,8,120,0,0.0,1.0,0.0,2.0,1.0,0.22,0.0
175,30.0,20.0,600.0,180.0,10.0,8.0,15.0,8,120,0,0.0,1.0,0.0,2.0,1.0,0.22,0.0
176,30.0,20.0,600.0,180.0,10.0,8.0,16.0,8,120,0,0.0,1.0,0.0,2.0,1.0,0.22,0.0
177,30.0,20.0,600.0,180.0,10.0,8.0,17.0,8,120,0,0.0,1.0,0.0,2.0,1.0,0.22,0.0
178,30.0,20.0,600.0,180.0,10.0,8.0,18.0,8,120,0,0.0,1.0,0.0,2.0,1.0,0.22,0.0
179,30.0,20.0,600.0,180.0,10.0,8.0,19.0,8,120,0,0.0,1.0,0.0,2.0,1.0,0.22,0.0
180,30.0,20.0,600.0,180.0,10.0,9.0,0.0,8,120,0,0.0,1.0,0.0,2.0,1.0,0.22,0.0
181,30.0,20.0,600.0,180.0,10.0,9.0,1.0,8,120,0,0.0,1.0,0.0,2.0,1.0,0.22,0.0
182,30.0,20.0,600.0,180.0,10.0,9.0,2.0,8,120,0,0.0,1.0,0.0,2.0,1.0,0.22,0.0
183,30.0,20.0,600.0,180.0,10.0,9.0,3.0,8,120,0,0.0,1.0,0.0,2.0,1.0,0.22,0.0
184,30.0,20.0,600.0,180.0,10.0,9.0,4.0,8,120,0,0.0,1.0,0.0,2.0,1.0,0.22,0.0
185,30.0,20.0,600.0,180.0,10.0,9.0,5.0,8,120,0,0.0,1.0,0.0,2.0,1.0,0.22,0.0
186,30.0,20.0,600.0,180.0,10.0,9.0,6.0,8,120,0,0.0,1.0,0.0,2.0,1.0,0.22,0.0
187,30.0,20.0,600.0,180.0,10.0,9.0,7.0,8,120,0,0.0,1.0,0.0,2.0,1.0,0.22,0.0
188,30.0,20.0,600.0,180.0,10.0,9.0,8.0,8,120,0,0.0,1.0,0.0,2.0,1.0,0.22,0.0
189,30.0,20.0,600.0,180.0,10.0,9.0,9.0,8,120,0,0.0,1.0,0.0,2.0,1.0,0.22,0.0
190,30.0,20.0,600.0,180.0,10.0,9.0,10.0,8,120,0,0.0,1.0,0.0,2.0,1.0,0.22,0.0
191,30.0,20.0,600.0,180.0,10.0,9.0,11.0,8,120,0,0.0,1.0,0.0,2.0,1.0,0.22,0.0
192,30.0,20.0,600.0,180.0,10.0,9.0,12.0,8,120,0,0.0,1.0,0.0,2.0,1.0,0.22,0.0
193,30.0,20.0,600.0,180.0,10.0,9.0,13.0,8,120,0,0.0,1.0,0.0,2.0,1.0,0.22,0.0
194,30.0,20.0,600.0,180.0,10.0,9.0,14.0,8,120,0,0.0,1.0,0.0,2.0,1.0,0.22,0.0
195,30.0,20.0,600.0,180.0,10.0,9.0,15.0,8,120,0,0.0,1.0,0.0,2.0,1.0,0.22,0.0
196,30.0,20.0,600.0,180.0,10.0,9.0,16.0,8,120,0,0.0,1.0,0.0,2.0,1.0,0.22,0.0
197,30.0,20.0,600.0,180.0,10.0,9.0,17.0,8,120,0,0.0,1.0,0.0,2.0,1.0,0.22,0.0
198,30.0,20.0,600.0,180.0,10.0,9.0,18.0,8,120,0,0.0,1.0,0.0,2.0,1.0,0.22,0.0
199,30.0,20.0,600.0,180.0,10.0,9.0,19.0,8,120,0,0.0,1.0,0.0,2.0,1.0,0.22,0.0
200,30.0,20.0,600.0,180.0,10.0,10.0,0.0,8,120,0,0.0,1.0,0.0,2.0,1.0,0.22,0.0
201,30.0,20.0,600.0,180.0,10.0,10.0,1.0,8,120,0,0.0,1.0,0.0,2.0,1.0,0.22,0.0
202,30.0,20.0,600.0,180.0,10.0,10.0,2.0,8,120,0,0.0,1.0,0.0,2.0,1.0,0.22,0.0
203,30.0,20.0,600.0,180.0,10.0,10.0,3.0,8,120,0,0.0,1.0,0.0,2.0,1.0,0.22,0.0
204,30.0,20.0,600.0,180.0,10.0,10.0,4.0,8,120,0,0.0,1.0,0.0,2.0,1.0,0.22,0.0
205,30.0,20.0,600.0,180.0,10.0,10.0,5.0,8,120,0,0.0,1.0,0.0,2.0,1.0,0.22,0.0
206,30.0,20.0,600.0,180.0,10.0,10.0,6.0,8,120,0,0.0,1.0,0.0,2.0,1.0,0.22,0.0
207,30.0,20.0,600.0,180.0,10.0,10.0,7.0,8,120,0,0.0,0.557,0.0,2.0,1.0,0.22,0.0
208,30.0,20.0,600.0,180.0,10.0,10.0,8.0,8,120,0,0.0,1.0,0.0,2.0,1.0,0.22,0.0
209,30.0,20.0,600.0,180.0,10.0,10.0,9.0,8,120,0,0.0,1.0,0.0,2.0,1.0,0.22,0.0
210,30.0,20.0,600.0,180.0,10.0,10.0,10.0,8,120,0,0.0,1.0,0.0,2.0,1.0,0.22,0.0
211,30.0,20.0,600.0,180.0,10.0,10.0,11.0,8,120,0,0.0,1.0,0.0,2.0,1.0,0.22,0.0
212,30.0,20.0,600.0,180.0,10.0,10.0,12.0,8,120,0,0.0,1.0,0.0,2.0,1.0,0.22,0.0
213,30.0,20.0,600.0,180.0,10.0,10.0,13.0,8,120,0,0.0,0.625,0.0,2.0,1.0,0.22,0.0
214,30.0,20.0,600.0,180.0,10.0,10.0,14.0,8,120,0,0.0,1.0,0.0,2.0,1.0,0.22,0.0
215,30.0,20.0,600.0,180.0,10.0,10.0,15.0,8,120,0,0.0,1.0,0.0,2.0,1.0,0.22,0.0
216,30.0,20.0,600.0,180.0,10.0,10.0,16.0,8,120,0,0.0,1.0,0.0,2.0,1.0,0.22,0.0
217,30.0,20.0,600.0,180.0,10.0,10.0,17.0,8,120,0,0.0,1.0,0.0,2.0,1.0,0.22,0.0
218,30.0,20.0,600.0,180.0,10.0,10.0,18.0,8,120,0,0.0,1.0,0.0,2.0,1.0,0.22,0.0
219,30.0,20.0,600.0,180.0,10.0,10.0,19.0,8,120,0,0.0,1.0,0.0,2.0,1.0,0.22,0.0
220,30.0,20.0,600.0,180.0,10.0,11.0,0.0,8,120,0,0.0,1.0,0.0,2.0,1.0,0.22,0.0
221,30.0,20.0,600.0,180.0,10.0,11.0,1.0,8,120,0,0.0,1.0,0.0,2.0,1.0,0.22,0.0
222,30.0,20.0,600.0,180.0,10.0,11.0,2.0,8,120,0,0.0,1.0,0.0,2.0,1.0,0.22,0.0
223,30.0,20.0,600.0,180.0,10.0,11.0,3.0,8,120,0,0.0,1.0,0.0,2.0,1.0,0.22,0.0
224,30.0,20.0,600.0,180.0,10.0,11.0,4.0,8,120,0,0.0,1.0,0.0,2.0,1.0,0.22,0.0
225,30.0,20.0,600.0,180.0,10.0,11.0,5.0,8,120,0,0.0,1.0,0.0,2.0,1.0,0.22,0.0
226,30.0,20.0,600.0,180.0,10.0,11.0,6.0,8,120,0,0.0,1.0,0.0,2.0,1.0,0.22,0.0
227,30.0,20.0,600.0,180.0,10.0,11.0,7.0,8,120,0,0.0,1.0,0.0,2.0,1.0,0.22,0.0
228,30.0,20.0,600.0,180.0,10.0,11.0,8.0,8,120,0,0.0,1.0,0.0,2.0,1.0,0.22,0.0
229,30.0,20.0,600.0,180.0,10.0,11.0,9.0,8,120,0,0.0,1.0,0.0,2.0,1.0,0.22,0.0
230,30.0,20.0,600.0,180.0,10.0,11.0,10.0,8,120,0,0.0,1.0,0.0,2.0,1.0,0.22,0.0
231,30.0,20.0,600.0,180.0,10.0,11.0,11.0,8,120,0,0.0,1.0,0.0,2.0,1.0,0.22,0.0
232,30.0,20.0,600.0,180.0,10.0,11.0,12.0,8,120,0,0.0,1.0,0.0,2.0,1.0,0.22,0.0
233,30.0,20.0,600.0,180.0,10.0,11.0,13.0,8,120,0,0.0,1.0,0.0,2.0,1.0,0.22,0.0
234,30.0,20.0,600.0,180.0,10.0,11.0,14.0,8,120,0,0.0,1.0,0.0,2.0,1.0,0.22,0.0
235,30.0,20.0,600.0,180.0,10.0,11.0,15.0,8,120,0,0.0,1.0,0.0,2.0,1.0,0.22,0.0
236,30.0,20.0,600.0,180.0,10.0,11.0,16.0,8,120,0,0.0,1.0,0.0,2.0,1.0,0.22,0.0
237,30.0,20.0,600.0,180.0,10.0,11.0,17.0,8,120,0,0.0,1.0,0.0,2.0,1.0,0.22,0.0
238,30.0,20.0,600.0,180.0,10.0,11.0,18.0,8,120,0,0.0,1.0,0.0,2.0,1.0,0.22,0.0
239,30.0,20.0,600.0,180.0,10.0,11.0,19.0,8,120,0,0.0,1.0,0.0,2.0,1.0,0.22,0.0
240,30.0,20.0,600.0,180.0,10.0,12.0,0.0,8,120,0,0.0,1.0,0.0,2.0,1.0,0.22,0.0
241,30.0,20.0,600.0,180.0,10.0,12.0,1.0,8,120,0,0.0,1.0,0.0,2.0,1.0,0.22,0.0
242,30.0,20.0,600.0,180.0,10.0,12.0,2.0,8,120,0,0.0,1.0,0.0,2.0,1.0,0.22,0.0
243,30.0,20.0,600.0,180.0,10.0,12.0,3.0,8,120,0,0.0,1.0,0.0,2.0,1.0,0.22,0.0
244,30.0,20.0,600.0,180.0,10.0,12.0,4.0,8,120,0,0.0,0.67,0.0,2.0,1.0,0.22,0.0
245,30.0,20.0,600.0,180.0,10.0,12.0,5.0,8,120,0,0.0,1.0,0.0,2.0,1.0,0.22,0.0
246,30.0,20.0,600.0,180.0,10.0,12.0,6.0,8,120,0,0.0,1.0,0.0,2.0,1.0,0.22,0.0
247,30.0,20.0,600.0,180.0,10.0,12.0,7.0,8,120,0,0.0,0.626,0.0,2.0,1.0,0.22,0.0
248,30.0,20.0,600.0,180.0,10.0,12.0,8.0,8,120,0,0.0,1.0,0.0,2.0,1.0,0.22,0.0
249,30.0,20.0,600.0,180.0,10.0,12.0,9.0,8,120,0,0.0,1.0,0.0,2.0,1.0,0.22,0.0
250,30.0,20.0,600.0,180.0,10.0,12.0,10.0,8,120,0,0.0,1.0,0.0,2.0,1.0,0.22,0.0
251,30.0,20.0,600.0,180.0,10.0,12.0,11.0,8,120,0,0.0,1.0,0.0,2.0,1.0,0.22,0.0
252,30.0,20.0,600.0,180.0,10.0,12.0,12.0,8,120,0,0.0,1.0,0.0,2.0,1.0,0.22,0.0
253,30.0,20.0,600.0,180.0,10.0,12.0,13.0,8,120,0,0.0,1.0,0.0,2.0,1.0,0.22,0.0
254,30.0,20.0,600.0,180.0,10.0,12.0,14.0,8,120,0,0.0,0.636,0.0,2.0,1.0,0.22,0.0
255,30.0,20.0,600.0,180.0,10.0,12.0,15.0,8,120,0,0.0,1.0,0.0,2.0,1.0,0.22,0.0
256,30.0,20.0,600.0,180.0,10.0,12.0,16.0,8,120,0,0.0,1.0,0.0,2.0,1.0,0.22,0.0
257,30.0,20.0,600.0,180.0,10.0,12.0,17.0,8,120,0,0.0,1.0,0.0,2.0,1.0,0.22,0.0
258,30.0,20.0,600.0,180.0,10.0,12.0,18.0,8,120,0,0.0,1.0,0.0,2.0,1.0,0.22,0.0
259,30.0,20.0,600.0,180.0,10.0,12.0,19.0,8,120,0,0.0,1.0,0.0,2.0,1.0,0.22,0.0
260,30.0,20.0,600.0,180.0,10.0,13.0,0.0,8,120,0,0.0,1.0,0.0,2.0,1.0,0.22,0.0
261,30.0,20.0,600.0,180.0,10.0,13.0,1.0,8,120,0,0.0,1.0,0.0,2.0,1.0,0.22,0.0
262,30.0,20.0,600.0,180.0,10.0,13.0,2.0,8,120,0,0.0,1.0,0.0,2.0,1.0,0.22,0.0
263,30.0,20.0,600.0,180.0,10.0,13.0,3.0,8,120,0,0.0,1.0,0.0,2.0,1.0,0.22,0.0
264,30.0,20.0,600.0,180.0,10.0,13.0,4.0,8,120,0,0.0,1.0,0.0,2.0,1.0,0.22,0.0
265,30.0,20.0,600.0,180.0,10.0,13.0,5.0,8,120,0,0.0,1.0,0.0,2.0,1.0,0.22,0.0
266,30.0,20.0,600.0,180.0,10.0,13.0,6.0,8,120,0,0.0,1.0,0.0,2.0,1.0,0.22,0.0
267,30.0,20.0,600.0,180.0,10.0,13.0,7.0,8,120,0,0.0,1.0,0.0,2.0,1.0,0.22,0.0
268,30.0,20.0,600.0,180.0,10.0,13.0,8.0,8,120,0,0.0,0.561,0.0,2.0,1.0,0.22,0.0
269,30.0,20.0,600.0,180.0,10.0,13.0,9.0,8,120,0,0.0,0.871,0.0,2.0,1.0,0.22,0.0
270,30.0,20.0,600.0,180.0,10.0,13.0,10.0,8,120,0,0.0,0.645,0.0,2.0,1.0,0.22,0.0
271,30.0,20.0,600.0,180.0,10.0,13.0,11.0,8,120,0,0.0,1.0,0.0,2.0,1.0,0.22,0.0
272,30.0,20.0,600.0,180.0,10.0,13.0,12.0,8,120,0,0.0,1.0,0.0,2.0,1.0,0.22,0.0
273,30.0,20.0,600.0,180.0,10.0,13.0,13.0,8,120,0,0.0,1.0,0.0,2.0,1.0,0.22,0.0
274,30.0,20.0,600.0,180.0,10.0,13.0,14.0,8,120,0,0.0,0.537,0.0,2.0,1.0,0.22,0.0
275,30.0,20.0,600.0,180.0,10.0,13.0,15.0,8,120,0,0.0,1.0,0.0,2.0,1.0,0.22,0.0
276,30.0,20.0,600.0,180.0,10.0,13.0,16.0,8,120,0,0.0,1.0,0.0,2.0,1.0,0.22,0.0
277,30.0,20.0,600.0,180.0,10.0,13.0,17.0,8,120,0,0.0,1.0,0.0,2.0,1.0,0.22,0.0
278,30.0,20.0,600.0,180.0,10.0,13.0,18.0,8,120,0,0.0,1.0,0.0,2.0,1.0,0.22,0.0
279,30.0,20.0,600.0,180.0,10.0,13.0,19.0,8,120,0,0.0,1.0,0.0,2.0,1.0,0.22,0.0
280,30.0,20.0,600.0,180.0,10.0,14.0,0.0,8,120,0,0.0,1.0,0.0,2.0,1.0,0.22,0.0
281,30.0,20.0,600.0,180.0,10.0,14.0,1.0,8,120,0,0.0,1.0,0.0,2.0,1.0,0.22,0.0
282,30.0,20.0,600.0,180.0,10.0,14.0,2.0,8,120,0,0.0,1.0,0.0,2.0,1.0,0.22,0.0
283,30.0,20.0,600.0,180.0,10.0,14.0,3.0,8,120,0,0.0,1.0,0.0,2.0,1.0,0.22,0.0
284,30.0,20.0,600.0,180.0,10.0,14.0,4.0,8,120,0,0.0,1.0,0.0,2.0,1.0,0.22,0.0
285,30.0,20.0,600.0,180.0,10.0,14.0,5.0,8,120,0,0.0,1.0,0.0,2.0,1.0,0.22,0.0
286,30.0,20.0,600.0,180.0,10.0,14.0,6.0,8,120,0,0.0,1.0,0.0,2.0,1.0,0.22,0.0
287,30.0,20.0,600.0,180.0,10.0,14.0,7.0,8,120,0,0.0,1.0,0.0,2.0,1.0,0.22,0.0
288,30.0,20.0,600.0,180.0,10.0,14.0,8.0,8,120,0,0.0,1.0,0.0,2.0,1.0,0.22,0.0
289,30.0,20.0,600.0,180.0,10.0,14.0,9.0,8,120,0,0.0,1.0,0.0,2.0,1.0,0.22,0.0
290,30.0,20.0,600.0,180.0,10.0,14.0,10.0,8,120,0,0.0,1.0,0.0,2.0,1.0,0.22,0.0
291,30.0,20.0,600.0,180.0,10.0,14.0,11.0,8,120,0,0.0,1.0,0.0,2.0,1.0,0.22,0.0
292,30.0,20.0,600.0,180.0,10.0,14.0,12.0,8,120,0,0.0,1.0,0.0,2.0,1.0,0.22,0.0
293,30.0,20.0,600.0,180.0,10.0,14.0,13.0,8,120,0,0.0,1.0,0.0,2.0,1.0,0.22,0.0
294,30.0,20.0,600.0,180.0,10.0,14.0,14.0,8,120,0,0.0,1.0,0.0,2.0,1.0,0.22,0.0
295,30.0,20.0,600.0,180.0,10.0,14.0,15.0,8,120,0,0.0,1.0,0.0,2.0,1.0,0.22,0.0
296,30.0,20.0,600.0,180.0,10.0,14.0,16.0,8,120,0,0.0,1.0,0.0,2.0,1.0,0.22,0.0
297,30.0,20.0,600.0,180.0,10.0,14.0,17.0,8,120,0,0.0,1.0,0.0,2.0,1.0,0.22,0.0
298,30.0,20.0,600.0,180.0,10.0,14.0,18.0,8,120,0,0.0,1.0,0.0,2.0,1.0,0.22,0.0
299,30.0,20.0,600.0,180.0,10.0,14.0,19.0,8,120,0,0.0,1.0,0.0,2.0,1.0,0.22,0.0
300,30.0,20.0,600.0,180.0,10.0,15.0,0.0,8,120,0,0.0,1.0,0.0,2.0,1.0,0.22,0.0
301,30.0,20.0,600.0,180.0,10.0,15.0,1.0,8,120,0,0.0,1.0,0.0,2.0,1.0,0.22,0.0
302,30.0,20.0,600.0,180.0,10.0,15.0,2.0,8,120,0,0.0,1.0,0.0,2.0,1.0,0.22,0.0
303,30.0,20.0,600.0,180.0,10.0,15.0,3.0,8,120,0,0.0,1.0,0.0,2.0,1.0,0.22,0.0
304,30.0,20.0,600.0,180.0,10.0,15.0,4.0,8,120,0,0.0,1.0,0.0,2.0,1.0,0.22,0.0
305,30.0,20.0,600.0,180.0,10.0,15.0,5.0,8,120,0,0.0,1.0,0.0,2.0,1.0,0.22,0.0
306,30.0,20.0,600.0,180.0,10.0,15.0,6.0,8,120,0,0.0,1.0,0.0,2.0,1.0,0.22,0.0
307,30.0,20.0,600.0,180.0,10.0,15.0,7.0,8,120,0,0.0,1.0,0.0,2.0,1.0,0.22,0.0
308,30.0,20.0,600.0,180.0,10.0,15.0,8.0,8,120,0,0.0,1.0,0.0,2.0,1.0,0.22,0.0
309,30.0,20.0,600.0,180.0,10.0,15.0,9.0,8,120,0,0.0,1.0,0.0,2.0,1.0,0.22,0.0
310,30.0,20.0,600.0,180.0,10.0,15.0,10.0,8,120,0,0.0,1.0,0.0,2.0,1.0,0.22,0.0
311,30.0,20.0,600.0,180.0,10.0,15.0,11.0,8,120,0,0.0,1.0,0.0,2.0,1.0,0.22,0.0
312,30.0,20.0,600.0,180.0,10.0,15.0,12.0,8,120,0,0.0,1.0,0.0,2.0,1.0,0.22,0.0
313,30.0,20.0,600.0,180.0,10.0,15.0,13.0,8,120,0,0.0,1.0,0.0,2.0,1.0,0.22,0.0
314,30.0,20.0,600.0,180.0,10.0,15.0,14.0,8,120,0,0.0,1.0,0.0,2.0,1.0,0.22,0.0
315,30.0,20.0,600.0,180.0,10.0,15.0,15.0,8,120,0,0.0,1.0,0.0,2.0,1.0,0.22,0.0
316,30.0,20.0,600.0,180.0,10.0,15.0,16.0,8,120,0,0.0,1.0,0.0,2.0,1.0,0.22,0.0
317,30.0,20.0,600.0,180.0,10.0,15.0,17.0,8,120,0,0.0,1.0,0.0,2.0,1.0,0.22,0.0
318,30.0,20.0,600.0,180.0,10.0,15.0,18.0,8,120,0,0.0,1.0,0.0,2.0,1.0,0.22,0.0
319,30.0,20.0,600.0,180.0,10.0,15.0,19.0,8,120,0,0.0,1.0,0.0,2.0,1.0,0.22,0.0
320,30.0,20.0,600.0,180.0,10.0,16.0,0.0,8,120,0,0.0,0.678,0.0,2.0,1.0,0.22,0.0
321,30.0,20.0,600.0,180.0,10.0,16.0,1.0,8,120,0,0.0,1.0,0.0,2.0,1.0,0.22,0.0
322,30.0,20.0,600.0,180.0,10.0,16.0,2.0,8,120,0,0.0,1.0,0.0,2.0,1.0,0.22,0.0
323,30.0,20.0,600.0,180.0,10.0,16.0,3.0,8,120,0,0.0,1.0,0.0,2.0,1.0,0.22,0.0
324,30.0,20.0,600.0,180.0,10.0,16.0,4.0,8,120,0,0.0,1.0,0.0,2.0,1.0,0.22,0.0
325,30.0,20.0,600.0,180.0,10.0,16.0,5.0,8,120,0,0.0,1.0,0.0,2.0,1.0,0.22,0.0
326,30.0,20.0,600.0,180.0,10.0,16.0,6.0,8,120,0,0.0,1.0,0.0,2.0,1.0,0.22,0.0
327,30.0,20.0,600.0,180.0,10.0,16.0,7.0,8,120,0,0.0,1.0,0.0,2.0,1.0,0.22,0.0
328,30.0,20.0,600.0,180.0,10.0,16.0,8.0,8,120,0,0.0,1.0,0.0,2.0,1.0,0.22,0.0
329,30.0,20.0,600.0,180.0,10.0,16.0,9.0,8,120,0,0.0,1.0,0.0,2.0,1.0,0.22,0.0
330,30.0,20.0,600.0,180.0,10.0,16.0,10.0,8,120,0,0.0,1.0,0.0,2.0,1.0,0.22,0.0
331,30.0,20.0,600.0,180.0,10.0,16.0,11.0,8,120,0,0.0,1.0,0.0,2.0,1.0,0.22,0.0
332,30.0,20.0,600.0,180.0,10.0,16.0,12.0,8,120,0,0.0,1.0,0.0,2.0,1.0,0.22,0.0
333,30.0,20.0,600.0,180.0,10.0,16.0,13.0,8,120,0,0.0,1.0,0.0,2.0,1.0,0.22,0.0
334,30.0,20.0,600.0,180.0,10.0,16.0,14.0,8,120,0,0.0,1.0,0.0,2.0,1.0,0.22,0.0
335,30.0,20.0,600.0,180.0,10.0,16.0,15.0,8,120,0,0.0,1.0,0.0,2.0,1.0,0.22,0.0
336,30.0,20.0,600.0,180.0,10.0,16.0,16.0,8,120,0,0.0,1.0,0.0,2.0,1.0,0.22,0.0
337,30.0,20.0,600.0,180.0,10.0,16.0,17.0,8,120,0,0.0,1.0,0.0,2.0,1.0,0.22,0.0
338,30.0,20.0,600.0,180.0,10.0,16.0,18.0,8,120,0,0.0,1.0,0.0,2.0,1.0,0.22,0.0
339,30.0,20.0,600.0,180.0,10.0,16.0,19.0,8,120,0,0.0,1.0,0.0,2.0,1.0,0.22,0.0
340,30.0,20.0,600.0,180.0,10.0,17.0,0.0,8,120,0,0.0,1.0,0.0,2.0,1.0,0.22,0.0
341,30.0,20.0,600.0,180.0,10.0,17.0,1.0,8,120,0,0.0,1.0,0.0,2.0,1.0,0.22,0.0
342,30.0,20.0,600.0,180.0,10.0,17.0,2.0,8,120,0,0.0,1.0,0.0,2.0,1.0,0.22,0.0
343,30.0,20.0,600.0,180.0,10.0,17.0,3.0,8,120,0,0.0,1.0,0.0,2.0,1.0,0.22,0.0
344,30.0,20.0,600.0,180.0,10.0,17.0,4.0,8,120,0,0.0,1.0,0.0,2.0,1.0,0.22,0.0
345,30.0,20.0,600.0,180.0,10.0,17.0,5.0,8,120,0,0.0,1.0,0.0,2.0,1.0,0.22,0.0
346,30.0,20.0,600.0,180.0,10.0,17.0,6.0,8,120,0,0.0,1.0,0.0,2.0,1.0,0.22,0.0
347,30.0,20.0,600.0,180.0,10.0,17.0,7.0,8,120,0,0.0,1.0,0.0,2.0,1.0,0.22,0.0
348,30.0,20.0,600.0,180.0,10.0,17.0,8.0,8,120,0,0.0,1.0,0.0,2.0,1.0,0.22,0.0
349,30.0,20.0,600.0,180.0,10.0,17.0,9.0,8,120,0,0.0,1.0,0.0,2.0,1.0,0.22,0.0
350,30.0,20.0,600.0,180.0,10.0,17.0,10.0,8,120,0,0.0,1.0,0.0,2.0,1.0,0.22,0.0
351,30.0,20.0,600.0,180.0,10.0,17.0,11.0,8,120,0,0.0,1.0,0.0,2.0,1.0,0.22,0.0
352,30.0,20.0,600.0,180.0,10.0,17.0,12.0,8,120,0,0.0,1.0,0.0,2.0,1.0,0.22,0.0
353,30.0,20.0,600.0,180.0,10.0,17.0,13.0,8,120,0,0.0,1.0,0.0,2.0,1.0,0.22,0.0
354,30.0,20.0,600.0,180.0,10.0,17.0,14.0,8,120,0,0.0,0.828,0.0,2.0,1.0,0.22,0.0
355,30.0,20.0,600.0,180.0,10.0,17.0,15.0,8,120,0,0.0,1.0,0.0,2.0,1.0,0.22,0.0
356,30.0,20.0,600.0,180.0,10.0,17.0,16.0,8,120,0,0.0,1.0,0.0,2.0,1.0,0.22,0.0
357,30.0,20.0,600.0,180.0,10.0,17.0,17.0,8,120,0,0.0,1.0,0.0,2.0,1.0,0.22,0.0
358,30.0,20.0,600.0,180.0,10.0,17.0,18.0,8,120,0,0.0,0.688,0.0,2.0,1.0,0.22,0.0
359,30.0,20.0,600.0,180.0,10.0,17.0,19.0,8,120,0,0.0,1.0,0.0,2.0,1.0,0.22,0.0
360,30.0,20.0,600.0,180.0,10.0,18.0,0.0,8,120,0,0.0,1.0,0.0,2.0,1.0,0.22,0.0
361,30.0,20.0,600.0,180.0,10.0,18.0,1.0,8,120,0,0.0,1.0,0.0,2.0,1.0,0.22,0.0
362,30.0,20.0,600.0,180.0,10.0,18.0,2.0,8,120,0,0.0,1.0,0.0,2.0,1.0,0.22,0.0
363,30.0,20.0,600.0,180.0,10.0,18.0,3.0,8,120,0,0.0,1.0,0.0,2.0,1.0,0.22,0.0
364,30.0,20.0,600.0,180.0,10.0,18.0,4.0,8,120,0,0.0,1.0,0.0,2.0,1.0,0.22,0.0
365,30.0,20.0,600.0,180.0,10.0,18.0,5.0,8,120,0,0.0,1.0,0.0,2.0,1.0,0.22,0.0
366,30.0,20.0,600.0,180.0,10.0,18.0,6.0,8,120,0,0.0,1.0,0.0,2.0,1.0,0.22,0.0
367,30.0,20.0,600.0,180.0,10.0,18.0,7.0,8,120,0,0.0,1.0,0.0,2.0,1.0,0.22,0.0
368,30.0,20.0,600.0,180.0,10.0,18.0,8.0,8,120,0,0.0,1.0,0.0,2.0,1.0,0.22,0.0
369,30.0,20.0,600.0,180.0,10.0,18.0,9.0,8,120,0,0.0,1.0,0.0,2.0,1.0,0.22,0.0
370,30.0,20.0,600.0,180.0,10.0,18.0,10.0,8,120,0,0.0,1.0,0.0,2.0,1.0,0.22,0.0
371,30.0,20.0,600.0,180.0,10.0,18.0,11.0,8,120,0,0.0,1.0,0.0,2.0,1.0,0.22,0.0
372,30.0,20.0,600.0,180.0,10.0,18.0,12.0,8,120,0,0.0,1.0,0.0,2.0,1.0,0.22,0.0
373,30.0,20.0,600.0,180.0,10.0,18.0,13.0,8,120,0,0.0,1.0,0.0,2.0,1.0,0.22,0.0
374,30.0,20.0,600.0,180.0,10.0,18.0,14.0,8,120,0,0.0,0.78,0.0,2.0,1.0,0.22,0.0
375,30.0,20.0,600.0,180.0,10.0,18.0,15.0,8,120,0,0.0,1.0,0.0,2.0,1.0,0.22,0.0
376,30.0,20.0,600.0,180.0,10.0,18.0,16.0,8,120,0,0.0,1.0,0.0,2.0,1.0,0.22,0.0
377,30.0,20.0,600.0,180.0,10.0,18.0,17.0,8,120,0,0.0,1.0,0.0,2.0,1.0,0.22,0.0
378,30.0,20.0,600.0,180.0,10.0,18.0,18.0,8,120,0,0.0,1.0,0.0,2.0,1.0,0.22,0.0
379,30.0,20.0,600.0,180.0,10.0,18.0,19.0,8,120,0,0.0,1.0,0.0,2.0,1.0,0.22,0.0
380,30.0,20.0,600.0,180.0,10.0,19.0,0.0,8,120,0,0.0,1.0,0.0,2.0,1.0,0.22,0.0
381,30.0,20.0,600.0,180.0,10.0,19.0,1.0,8,120,0,0.0,1.0,0.0,2.0,1.0,0.22,0.0
382,30.0,20.0,600.0,180.0,10.0,19.0,2.0,8,120,0,0.0,1.0,0.0,2.0,1.0,0.22,0.0
383,30.0,20.0,600.0,180.0,10.0,19.0,3.0,8,120,0,0.0,1.0,0.0,2.0,1.0,0.22,0.0
384,30.0,20.0,600.0,180.0,10.0,19.0,4.0,8,120,0,0.0,1.0,0.0,2.0,1.0,0.22,0.0
385,30.0,20.0,600.0,180.0,10.0,19.0,5.0,8,120,0,0.0,1.0,0.0,2.0,1.0,0.22,0.0
386,30.0,20.0,600.0,180.0,10.0,19.0,6.0,8,120,0,0.0,1.0,0.0,2.0,1.0,0.22,0.0
387,30.0,20.0,600.0,180.0,10.0,19.0,7.0,8,120,0,0.0,1.0,0.0,2.0,1.0,0.22,0.0
388,30.0,20.0,600.0,180.0,10.0,19.0,8.0,8,120,0,0.0,0.893,0.0,2.0,1.0,0.22,0.0
389,30.0,20.0,600.0,180.0,10.0,19.0,9.0,8,120,0,0.0,1.0,0.0,2.0,1.0,0.22,0.0
390,30.0,20.0,600.0,180.0,10.0,19.0,10.0,8,120,0,0.0,1.0,0.0,2.0,1.0,0.22,0.0
391,30.0,20.0,600.0,180.0,10.0,19.0,11.0,8,120,0,0.0,1.0,0.0,2.0,1.0,0.22,0.0
392,30.0,20.0,600.0,180.0,10.0,19.0,12.0,8,120,0,0.0,1.0,0.0,2.0,1.0,0.22,0.0
393,30.0,20.0,600.0,180.0,10.0,19.0,13.0,8,120,0,0.0,1.0,0.0,2.0,1.0,0.22,0.0
394,30.0,20.0,600.0,180.0,10.0,19.0,14.0,8,120,0,0.0,1.0,0.0,2.0,1.0,0.22,0.0
395,30.0,20.0,600.0,180.0,10.0,19.0,15.0,8,120,0,0.0,1.0,0.0,2.0,1.0,0.22,0.0
396,30.0,20.0,600.0,180.0,10.0,19.0,16.0,8,120,0,0.0,1.0,0.0,2.0,1.0,0.22,0.0
397,30.0,20.0,600.0,180.0,10.0,19.0,17.0,8,120,0,0.0,0.643,0.0,2.0,1.0,0.22,0.0
398,30.0,20.0,600.0,180.0,10.0,19.0,18.0,8,120,0,0.0,1.0,0.0,2.0,1.0,0.22,0.0
399,30.0,20.0,600.0,180.0,10.0,19.0,19.0,8,120,0,0.0,1.0,0.0,2.0,1.0,0.22,0.0
400,30.0,20.0,600.0,180.0,10.0,20.0,0.0,8,120,0,0.0,0.41,0.0,2.0,1.0,0.22,0.0
401,30.0,20.0,600.0,180.0,10.0,20.0,1.0,8,120,0,0.0,0.512,0.0,2.0,1.0,0.22,0.0
402,30.0,20.0,600.0,180.0,10.0,20.0,2.0,8,120,0,0.0,0.462,0.0,2.0,1.0,0.22,0.0
403,30.0,20.0,600.0,180.0,10.0,20.0,3.0,8,120,0,0.0,0.574,0.0,2.0,1.0,0.22,0.0
404,30.0,20.0,600.0,180.0,10.0,20.0,4.0,8,120,0,0.0,0.689,0.0,2.0,1.0,0.22,0.0
405,30.0,20.0,600.0,180.0,10.0,20.0,5.0,8,120,0,0.0,0.323,0.0,2.0,1.0,0.22,0.0
406,30.0,20.0,600.0,180.0,10.0,20.0,6.0,8,120,0,0.0,0.677,0.0,2.0,1.0,0.22,0.0
407,30.0,20.0,600.0,180.0,10.0,20.0,7.0,8,120,0,0.0,0.418,0.0,2.0,1.0,0.22,0.0
408,30.0,20.0,600.0,180.0,10.0,20.0,8.0,8,120,0,0.0,0.638,0.0,2.0,1.0,0.22,0.0
409,30.0,20.0,600.0,180.0,10.0,20.0,9.0,8,120,0,0.0,0.694,0.0,2.0,1.0,0.22,0.0
410,30.0,20.0,600.0,180.0,10.0,20.0,10.0,8,120,0,0.0,0.586,0.0,2.0,1.0,0.22,0.0
411,30.0,20.0,600.0,180.0,10.0,20.0,11.0,8,120,0,0.0,0.698,0.0,2.0,1.0,0.22,0.0
412,30.0,20.0,600.0,180.0,10.0,20.0,12.0,8,120,0,0.0,0.515,0.0,2.0,1.0,0.22,0.0
413,30.0,20.0,600.0,180.0,10.0,20.0,13.0,8,120,0,0.0,0.362,0.0,2.0,1.0,0.22,0.0
414,30.0,20.0,600.0,180.0,10.0,20.0,14.0,8,120,0,0.0,0.625,0.0,2.0,1.0,0.22,0.0
415,30.0,20.0,600.0,180.0,10.0,20.0,15.0,8,120,0,0.0,0.584,0.0,2.0,1.0,0.22,0.0
416,30.0,20.0,600.0,180.0,10.0,20.0,16.0,8,120,0,0.0,0.325,0.0,2.0,1.0,0.22,0.0
417,30.0,20.0,600.0,180.0,10.0,20.0,17.0,8,120,0,0.0,0.668,0.0,2.0,1.0,0.22,0.0
418,30.0,20.0,600.0,180.0,10.0,20.0,18.0,8,120,0,0.0,0.46,0.0,2.0,1.0,0.22,0.0
419,30.0,20.0,600.0,180.0,10.0,20.0,19.0,8,120,0,0.0,0.336,0.0,2.0,1.0,0.22,0.0
420,30.0,20.0,600.0,180.0,10.0,21.0,0.0,8,120,0,0.0,0.607,0.0,2.0,1.0,0.22,0.0
421,30.0,20.0,600.0,180.0,10.0,21.0,1.0,8,120,0,0.0,0.41,0.0,2.0,1.0,0.22,0.0
422,30.0,20.0,600.0,180.0,10.0,21.0,2.0,8,120,0,0.0,0.608,0.0,2.0,1.0,0.22,0.0
423,30.0,20.0,600.0,180.0,10.0,21.0,3.0,8,120,0,0.0,0.377,0.0,2.0,1.0,0.22,0.0
424,30.0,20.0,600.0,180.0,10.0,21.0,4.0,8,120,0,0.0,0.374,0.0,2.0,1.0,0.22,0.0
425,30.0,20.0,600.0,180.0,10.0,21.0,5.0,8,120,0,0.0,0.357,0.0,2.0,1.0,0.22,0.0
426,30.0,20.0,600.0,180.0,10.0,21.0,6.0,8,120,0,0.0,0.567,0.0,2.0,1.0,0.22,0.0
427,30.0,20.0,600.0,180.0,10.0,21.0,7.0,8,120,0,0.0,0.579,0.0,2.0,1.0,0.22,0.0
428,30.0,20.0,600.0,180.0,10.0,21.0,8.0,8,120,0,0.0,0.388,0.0,2.0,1.0,0.22,0.0
429,30.0,20.0,600.0,180.0,10.0,21.0,9.0,8,120,0,0.0,0.57,0.0,2.0,1.0,0.22,0.0
430,30.0,20.0,600.0,180.0,10.0,21.0,10.0,8,120,0,0.0,0.603,0.0,2.0,1.0,0.22,0.0
431,30.0,20.0,600.0,180.0,10.0,21.0,11.0,8,120,0,0.0,0.599,0.0,2.0,1.0,0.22,0.0
432,30.0,20.0,600.0,180.0,10.0,21.0,12.0,8,120,0,0.0,0.419,0.0,2.0,1.0,0.22,0.0
433,30.0,20.0,600.0,180.0,10.0,21.0,13.0,8,120,0,0.0,0.442,0.0,2.0,1.0,0.22,0.0
434,30.0,20.0,600.0,180.0,10.0,21.0,14.0,8,120,0,0.0,0.606,0.0,2.0,1.0,0.22,0.0
435,30.0,20.0,600.0,180.0,10.0,21.0,15.0,8,120,0,0.0,0.465,0.0,2.0,1.0,0.22,0.0
436,30.0,20.0,600.0,180.0,10.0,21.0,16.0,8,120,0,0.0,0.666,0.0,2.0,1.0,0.22,0.0
437,30.0,20.0,600.0,180.0,10.0,21.0,17.0,8,120,0,0.0,0.409,0.0,2.0,1.0,0.22,0.0
438,30.0,20.0,600.0,180.0,10.0,21.0,18.0,8,120,0,0.0,0.692,0.0,2.0,1.0,0.22,0.0
439,30.0,20.0,600.0,180.0,10.0,21.0,19.0,8,120,0,0.0,0.307,0.0,2.0,1.0,0.22,0.0
440,30.0,20.0,600.0,180.0,10.0,22.0,0.0,8,120,0,0.0,0.559,0.0,2.0,1.0,0.22,0.0
441,30.0,20.0,600.0,180.0,10.0,22.0,1.0,8,120,0,0.0,0.537,0.0,2.0,1.0,0.22,0.0
442,30.0,20.0,600.0,180.0,10.0,22.0,2.0,8,120,0,0.0,0.617,0.0,2.0,1.0,0.22,0.0
443,30.0,20.0,600.0,180.0,10.0,22.0,3.0,8,120,0,0.0,0.341,0.0,2.0,1.0,0.22,0.0
444,30.0,20.0,600.0,180.0,10.0,22.0,4.0,8,120,0,0.0,0.557,0.0,2.0,1.0,0.22,0.0
445,30.0,20.0,600.0,180.0,10.0,22.0,5.0,8,120,0,0.0,0.67,0.0,2.0,1.0,0.22,0.0
446,30.0,20.0,600.0,180.0,10.0,22.0,6.0,8,120,0,0.0,0.644,0.0,2.0,1.0,0.22,0.0
447,30.0,20.0,600.0,180.0,10.0,22.0,7.0,8,120,0,0.0,0.652,0.0,2.0,1.0,0.22,0.0
448,30.0,20.0,600.0,180.0,10.0,22.0,8.0,8,120,0,0.0,0.456,0.0,2.0,1.0,0.22,0.0
449,30.0,20.0,600.0,180.0,10.0,22.0,9.0,8,120,0,0.0,0.382,0.0,2.0,1.0,0.22,0.0
450,30.0,20.0,600.0,180.0,10.0,22.0,10.0,8,120,0,0.0,0.633,0.0,2.0,1.0,0.22,0.0
451,30.0,20.0,600.0,180.0,10.0,22.0,11.0,8,120,0,0.0,0.317,0.0,2.0,1.0,0.22,0.0
452,30.0,20.0,600.0,180.0,10.0,22.0,12.0,8,120,0,0.0,0.407,0.0,2.0,1.0,0.22,0.0
453,30.0,20.0,600.0,180.0,10.0,22.0,13.0,8,120,0,0.0,0.325,0.0,2.0,1.0,0.22,0.0
454,30.0,20.0,600.0,180.0,10.0,22.0,14.0,8,120,0,0.0,0.51,0.0,2.0,1.0,0.22,0.0
455,30.0,20.0,600.0,180.0,10.0,22.0,15.0,8,120,0,0.0,0.498,0.0,2.0,1.0,0.22,0.0
456,30.0,20.0,600.0,180.0,10.0,22.0,16.0,8,120,0,0.0,0.577,0.0,2.0,1.0,0.22,0.0
457,30.0,20.0,600.0,180.0,10.0,22.0,17.0,8,120,0,0.0,0.557,0.0,2.0,1.0,0.22,0.0
458,30.0,20.0,600.0,180.0,10.0,22.0,18.0,8,120,0,0.0,0.589,0.0,2.0,1.0,0.22,0.0
459,30.0,20.0,600.0,180.0,10.0,22.0,19.0,8,120,0,0.0,0.317,0.0,2.0,1.0,0.22,0.0
460,30.0,20.0,600.0,180.0,10.0,23.0,0.0,8,120,0,0.0,0.452,0.0,2.0,1.0,0.22,0.0
461,30.0,20.0,600.0,180.0,10.0,23.0,1.0,8,120,0,0.0,0.686,0.0,2.0,1.0,0.22,0.0
462,30.0,20.0,600.0,180.0,10.0,23.0,2.0,8,120,0,0.0,0.609,0.0,2.0,1.0,0.22,0.0
463,30.0,20.0,600.0,180.0,10.0,23.0,3.0,8,120,0,0.0,0.346,0.0,2.0,1.0,0.22,0.0
464,30.0,20.0,600.0,180.0,10.0,23.0,4.0,8,120,0,0.0,0.682,0.0,2.0,1.0,0.22,0.0
465,30.0,20.0,600.0,180.0,10.0,23.0,5.0,8,120,0,0.0,0.438,0.0,2.0,1.0,0.22,0.0
466,30.0,20.0,600.0,180.0,10.0,23.0,6.0,8,120,0,0.0,0.541,0.0,2.0,1.0,0.22,0.0
467,30.0,20.0,600.0,180.0,10.0,23.0,7.0,8,120,0,0.0,0.429,0.0,2.0,1.0,0.22,0.0
468,30.0,20.0,600.0,180.0,10.0,23.0,8.0,8,120,0,0.0,0.655,0.0,2.0,1.0,0.22,0.0
469,30.0,20.0,600.0,180.0,10.0,23.0,9.0,8,120,0,0.0,0.323,0.0,2.0,1.0,0.22,0.0
470,30.0,20.0,600.0,180.0,10.0,23.0,10.0,8,120,0,0.0,0.601,0.0,2.0,1.0,0.22,0.0
471,30.0,20.0,600.0,180.0,10.0,23.0,11.0,8,120,0,0.0,0.467,0.0,2.0,1.0,0.22,0.0
472,30.0,20.0,600.0,180.0,10.0,23.0,12.0,8,120,0,0.0,0.334,0.0,2.0,1.0,0.22,0.0
473,30.0,20.0,600.0,180.0,10.0,23.0,13.0,8,120,0,0.0,0.519,0.0,2.0,1.0,0.22,0.0
474,30.0,20.0,600.0,180.0,10.0,23.0,14.0,8,120,0,0.0,0.353,0.0,2.0,1.0,0.22,0.0
475,30.0,20.0,600.0,180.0,10.0,23.0,15.0,8,120,0,0.0,0.338,0.0,2.0,1.0,0.22,0.0
476,30.0,20.0,600.0,180.0,10.0,23.0,16.0,8,120,0,0.0,0.444,0.0,2.0,1.0,0.22,0.0
477,30.0,20.0,600.0,180.0,10.0,23.0,17.0,8,120,0,0.0,0.344,0.0,2.0,1.0,0.22,0.0
478,30.0,20.0,600.0,180.0,10.0,23.0,18.0,8,120,0,0.0,0.5,0.0,2.0,1.0,0.22,0.0
479,30.0,20.0,600.0,180.0,10.0,23.0,19.0,8,120,0,0.0,0.627,0.0,2.0,1.0,0.22,0.0
480,30.0,20.0,600.0,180.0,10.0,24.0,0.0,8,120,0,0.0,0.607,0.0,2.0,1.0,0.22,0.0
481,30.0,20.0,600.0,180.0,10.0,24.0,1.0,8,120,0,0.0,0.45,0.0,2.0,1.0,0.22,0.0
482,30.0,20.0,600.0,180.0,10.0,24.0,2.0,8,120,0,0.0,0.358,0.0,2.0,1.0,0.22,0.0
483,30.0,20.0,600.0,180.0,10.0,24.0,3.0,8,120,0,0.0,0.515,0.0,2.0,1.0,0.22,0.0
484,30.0,20.0,600.0,180.0,10.0,24.0,4.0,8,120,0,0.0,0.528,0.0,2.0,1.0,0.22,0.0
485,30.0,20.0,600.0,180.0,10.0,24.0,5.0,8,120,0,0.0,0.582,0.0,2.0,1.0,0.22,0.0
486,30.0,20.0,600.0,180.0,10.0,24.0,6.0,8,120,0,0.0,0.361,0.0,2.0,1.0,0.22,0.0
487,30.0,20.0,600.0,180.0,10.0,24.0,7.0,8,120,0,0.0,0.679,0.0,2.0,1.0,0.22,0.0
488,30.0,20.0,600.0,180.0,10.0,24.0,8.0,8,120,0,0.0,0.533,0.0,2.0,1.0,0.22,0.0
489,30.0,20.0,600.0,180.0,10.0,24.0,9.0,8,120,0,0.0,0.624,0.0,2.0,1.0,0.22,0.0
490,30.0,20.0,600.0,180.0,10.0,24.0,10.0,8,120,0,0.0,0.595,0.0,2.0,1.0,0.22,0.0
491,30.0,20.0,600.0,180.0,10.0,24.0,11.0,8,120,0,0.0,0.348,0.0,2.0,1.0,0.22,0.0
492,30.0,20.0,600.0,180.0,10.0,24.0,12.0,8,120,0,0.0,0.359,0.0,2.0,1.0,0.22,0.0
493,30.0,20.0,600.0,180.0,10.0,24.0,13.0,8,120,0,0.0,0.582,0.0,2.0,1.0,0.22,0.0
494,30.0,20.0,600.0,180.0,10.0,24.0,14.0,8,120,0,0.0,0.503,0.0,2.0,1.0,0.22,0.0
495,30.0,20.0,600.0,180.0,10.0,24.0,15.0,8,120,0,0.0,0.869,0.0,2.0,1.0,0.22,0.0
496,30.0,20.0,600.0,180.0,10.0,24.0,16.0,8,120,0,0.0,0.657,0.0,2.0,1.0,0.22,0.0
497,30.0,20.0,600.0,180.0,10.0,24.0,17.0,8,120,0,0.0,0.505,0.0,2.0,1.0,0.22,0.0
498,30.0,20.0,600.0,180.0,10.0,24.0,18.0,8,120,0,0.0,0.528,0.0,2.0,1.0,0.22,0.0
499,30.0,20.0,600.0,180.0,10.0,24.0,19.0,8,120,0,0.0,0.32,0.0,2.0,1.0,0.22,0.0
500,30.0,20.0,600.0,180.0,10.0,25.0,0.0,8,120,0,0.0,0.495,0.0,2.0,1.0,0.22,0.0
501,30.0,20.0,600.0,180.0,10.0,25.0,1.0,8,120,0,0.0,0.528,0.0,2.0,1.0,0.22,0.0
502,30.0,20.0,600.0,180.0,10.0,25.0,2.0,8,120,0,0.0,0.463,0.0,2.0,1.0,0.22,0.0
503,30.0,20.0,600.0,180.0,10.0,25.0,3.0,8,120,0,0.0,0.683,0.0,2.0,1.0,0.22,0.0
504,30.0,20.0,600.0,180.0,10.0,25.0,4.0,8,120,0,0.0,0.406,0.0,2.0,1.0,0.22,0.0
505,30.0,20.0,600.0,180.0,10.0,25.0,5.0,8,120,0,0.0,0.502,0.0,2.0,1.0,0.22,0.0
506,30.0,20.0,600.0,180.0,10.0,25.0,6.0,8,120,0,0.0,0.378,0.0,2.0,1.0,0.22,0.0
507,30.0,20.0,600.0,180.0,10.0,25.0,7.0,8,120,0,0.0,0.535,0.0,2.0,1.0,0.22,0.0
508,30.0,20.0,600.0,180.0,10.0,25.0,8.0,8,120,0,0.0,0.4,0.0,2.0,1.0,0.22,0.0
509,30.0,20.0,600.0,180.0,10.0,25.0,9.0,8,120,0,0.0,0.305,0.0,2.0,1.0,0.22,0.0
510,30.0,20.0,600.0,180.0,10.0,25.0,10.0,8,120,0,0.0,0.621,0.0,2.0,1.0,0.22,0.0
511,30.0,20.0,600.0,180.0,10.0,25.0,11.0,8,120,0,0.0,0.678,0.0,2.0,1.0,0.22,0.0
512,30.0,20.0,600.0,180.0,10.0,25.0,12.0,8,120,0,0.0,0.693,0.0,2.0,1.0,0.22,0.0
513,30.0,20.0,600.0,180.0,10.0,25.0,13.0,8,120,0,0.0,0.347,0.0,2.0,1.0,0.22,0.0
514,30.0,20.0,600.0,180.0,10.0,25.0,14.0,8,120,0,0.0,0.44,0.0,2.0,1.0,0.22,0.0
515,30.0,20.0,600.0,180.0,10.0,25.0,15.0,8,120,0,0.0,0.648,0.0,2.0,1.0,0.22,0.0
516,30.0,20.0,600.0,180.0,10.0,25.0,16.0,8,120,0,0.0,0.661,0.0,2.0,1.0,0.22,0.0
517,30.0,20.0,600.0,180.0,10.0,25.0,17.0,8,120,0,0.0,0.507,0.0,2.0,1.0,0.22,0.0
518,30.0,20.0,600.0,180.0,10.0,25.0,18.0,8,120,0,0.0,0.399,0.0,2.0,1.0,0.22,0.0
519,30.0,20.0,600.0,180.0,10.0,25.0,19.0,8,120,0,0.0,0.36,0.0,2.0,1.0,0.22,0.0
520,30.0,20.0,600.0,180.0,10.0,26.0,0.0,8,120,0,0.0,0.32,0.0,2.0,1.0,0.22,0.0
521,30.0,20.0,600.0,180.0,10.0,26.0,1.0,8,120,0,0.0,0.673,0.0,2.0,1.0,0.22,0.0
522,30.0,20.0,600.0,180.0,10.0,26.0,2.0,8,120,0,0.0,0.358,0.0,2.0,1.0,0.22,0.0
523,30.0,20.0,600.0,180.0,10.0,26.0,3.0,8,120,0,0.0,0.474,0.0,2.0,1.0,0.22,0.0
524,30.0,20.0,600.0,180.0,10.0,26.0,4.0,8,120,0,0.0,0.558,0.0,2.0,1.0,0.22,0.0
525,30.0,20.0,600.0,180.0,10.0,26.0,5.0,8,120,0,0.0,0.411,0.0,2.0,1.0,0.22,0.0
526,30.0,20.0,600.0,180.0,10.0,26.0,6.0,8,120,0,0.0,0.607,0.0,2.0,1.0,0.22,0.0
527,30.0,20.0,600.0,180.0,10.0,26.0,7.0,8,120,0,0.0,0.456,0.0,2.0,1.0,0.22,0.0
528,30.0,20.0,600.0,180.0,10.0,26.0,8.0,8,120,0,0.0,0.506,0.0,2.0,1.0,0.22,0.0
529,30.0,20.0,600.0,180.0,10.0,26.0,9.0,8,120,0,0.0,0.322,0.0,2.0,1.0,0.22,0.0
530,30.0,20.0,600.0,180.0,10.0,26.0,10.0,8,120,0,0.0,0.391,0.0,2.0,1.0,0.22,0.0
531,30.0,20.0,600.0,180.0,10.0,26.0,11.0,8,120,0,0.0,0.634,0.0,2.0,1.0,0.22,0.0
532,30.0,20.0,600.0,180.0,10.0,26.0,12.0,8,120,0,0.0,0.681,0.0,2.0,1.0,0.22,0.0
533,30.0,20.0,600.0,180.0,10.0,26.0,13.0,8,120,0,0.0,0.554,0.0,2.0,1.0,0.22,0.0
534,30.0,20.0,600.0,180.0,10.0,26.0,14.0,8,120,0,0.0,0.539,0.0,2.0,1.0,0.22,0.0
535,30.0,20.0,600.0,180.0,10.0,26.0,15.0,8,120,0,0.0,0.356,0.0,2.0,1.0,0.22,0.0
536,30.0,20.0,600.0,180.0,10.0,26.0,16.0,8,120,0,0.0,0.591,0.0,2.0,1.0,0.22,0.0
537,30.0,20.0,600.0,180.0,10.0,26.0,17.0,8,120,0,0.0,0.604,0.0,2.0,1.0,0.22,0.0
538,30.0,20.0,600.0,180.0,10.0,26.0,18.0,8,120,0,0.0,0.473,0.0,2.0,1.0,0.22,0.0
539,30.0,20.0,600.0,180.0,10.0,26.0,19.0,8,120,0,0.0,0.358,0.0,2.0,1.0,0.22,0.0
540,30.0,20.0,600.0,180.0,10.0,27.0,0.0,8,120,0,0.0,0.517,0.0,2.0,1.0,0.22,0.0
541,30.0,20.0,600.0,180.0,10.0,27.0,1.0,8,120,0,0.0,0.326,0.0,2.0,1.0,0.22,0.0
542,30.0,20.0,600.0,180.0,10.0,27.0,2.0,8,120,0,0.0,0.631,0.0,2.0,1.0,0.22,0.0
543,30.0,20.0,600.0,180.0,10.0,27.0,3.0,8,120,0,0.0,0.508,0.0,2.0,1.0,0.22,0.0
544,30.0,20.0,600.0,180.0,10.0,27.0,4.0,8,120,0,0.0,0.427,0.0,2.0,1.0,0.22,0.0
545,30.0,20.0,600.0,180.0,10.0,27.0,5.0,8,120,0,0.0,0.631,0.0,2.0,1.0,0.22,0.0
546,30.0,20.0,600.0,180.0,10.0,27.0,6.0,8,120,0,0.0,0.559,0.0,2.0,1.0,0.22,0.0
547,30.0,20.0,600.0,180.0,10.0,27.0,7.0,8,120,0,0.0,0.523,0.0,2.0,1.0,0.22,0.0
548,30.0,20.0,600.0,180.0,10.0,27.0,8.0,8,120,0,0.0,0.471,0.0,2.0,1.0,0.22,0.0
549,30.0,20.0,600.0,180.0,10.0,27.0,9.0,8,120,0,0.0,0.668,0.0,2.0,1.0,0.22,0.0
550,30.0,20.0,600.0,180.0,10.0,27.0,10.0,8,120,0,0.0,0.568,0.0,2.0,1.0,0.22,0.0
551,30.0,20.0,600.0,180.0,10.0,27.0,11.0,8,120,0,0.0,0.35,0.0,2.0,1.0,0.22,0.0
552,30.0,20.0,600.0,180.0,10.0,27.0,12.0,8,120,0,0.0,0.455,0.0,2.0,1.0,0.22,0.0
553,30.0,20.0,600.0,180.0,10.0,27.0,13.0,8,120,0,0.0,0.602,0.0,2.0,1.0,0.22,0.0
554,30.0,20.0,600.0,180.0,10.0,27.0,14.0,8,120,0,0.0,0.419,0.0,2.0,1.0,0.22,0.0
555,30.0,20.0,600.0,180.0,10.0,27.0,15.0,8,120,0,0.0,0.39,0.0,2.0,1.0,0.22,0.0
556,30.0,20.0,600.0,180.0,10.0,27.0,16.0,8,120,0,0.0,0.693,0.0,2.0,1.0,0.22,0.0
557,30.0,20.0,600.0,180.0,10.0,27.0,17.0,8,120,0,0.0,0.376,0.0,2.0,1.0,0.22,0.0
558,30.0,20.0,600.0,180.0,10.0,27.0,18.0,8,120,0,0.0,0.448,0.0,2.0,1.0,0.22,0.0
559,30.0,20.0,600.0,180.0,10.0,27.0,19.0,8,120,0,0.0,0.364,0.0,2.0,1.0,0.22,0.0
560,30.0,20.0,600.0,180.0,10.0,28.0,0.0,8,120,0,0.0,0.572,0.0,2.0,1.0,0.22,0.0
561,30.0,20.0,600.0,180.0,10.0,28.0,1.0,8,120,0,0.0,0.444,0.0,2.0,1.0,0.22,0.0
562,30.0,20.0,600.0,180.0,10.0,28.0,2.0,8,120,0,0.0,0.573,0.0,2.0,1.0,0.22,0.0
563,30.0,20.0,600.0,180.0,10.0,28.0,3.0,8,120,0,0.0,0.463,0.0,2.0,1.0,0.22,0.0
564,30.0,20.0,600.0,180.0,10.0,28.0,4.0,8,120,0,0.0,0.588,0.0,2.0,1.0,0.22,0.0
565,30.0,20.0,600.0,180.0,10.0,28.0,5.0,8,120,0,0.0,0.68,0.0,2.0,1.0,0.22,0.0
566,30.0,20.0,600.0,180.0,10.0,28.0,6.0,8,120,0,0.0,0.644,0.0,2.0,1.0,0.22,0.0
567,30.0,20.0,600.0,180.0,10.0,28.0,7.0,8,120,0,0.0,0.369,0.0,2.0,1.0,0.22,0.0
568,30.0,20.0,600.0,180.0,10.0,28.0,8.0,8,120,0,0.0,0.321,0.0,2.0,1.0,0.22,0.0
569,30.0,20.0,600.0,180.0,10.0,28.0,9.0,8,120,0,0.0,0.698,0.0,2.0,1.0,0.22,0.0
570,30.0,20.0,600.0,180.0,10.0,28.0,10.0,8,120,0,0.0,0.67,0.0,2.0,1.0,0.22,0.0
571,30.0,20.0,600.0,180.0,10.0,28.0,11.0,8,120,0,0.0,0.364,0.0,2.0,1.0,0.22,0.0
572,30.0,20.0,600.0,180.0,10.0,28.0,12.0,8,120,0,0.0,0.634,0.0,2.0,1.0,0.22,0.0
573,30.0,20.0,600.0,180.0,10.0,28.0,13.0,8,120,0,0.0,0.503,0.0,2.0,1.0,0.22,0.0
574,30.0,20.0,600.0,180.0,10.0,28.0,14.0,8,120,0,0.0,0.627,0.0,2.0,1.0,0.22,0.0
575,30.0,20.0,600.0,180.0,10.0,28.0,15.0,8,120,0,0.0,0.37,0.0,2.0,1.0,0.22,0.0
576,30.0,20.0,600.0,180.0,10.0,28.0,16.0,8,120,0,0.0,0.366,0.0,2.0,1.0,0.22,0.0
577,30.0,20.0,600.0,180.0,10.0,28.0,17.0,8,120,0,0.0,0.509,0.0,2.0,1.0,0.22,0.0
578,30.0,20.0,600.0,180.0,10.0,28.0,18.0,8,120,0,0.0,0.541,0.0,2.0,1.0,0.22,0.0
579,30.0,20.0,600.0,180.0,10.0,28.0,19.0,8,120,0,0.0,0.495,0.0,2.0,1.0,0.22,0.0
580,30.0,20.0,600.0,180.0,10.0,0.0,0.0,9,135,0,0.0,1.0,0.0,2.0,1.0,0.22,0.0
581,30.0,20.0,600.0,180.0,10.0,0.0,1.0,9,135,0,0.0,1.0,0.0,2.0,1.0,0.22,0.0
582,30.0,20.0,600.0,180.0,10.0,0.0,2.0,9,135,0,0.0,1.0,0.0,2.0,1.0,0.22,0.0
583,30.0,20.0,600.0,180.0,10.0,0.0,3.0,9,135,0,0.0,1.0,0.0,2.0,1.0,0.22,0.0
584,30.0,20.0,600.0,180.0,10.0,0.0,4.0,9,135,0,0.0,1.0,0.0,2.0,1.0,0.22,0.0
585,30.0,20.0,600.0,180.0,10.0,0.0,5.0,9,135,0,0.0,1.0,0.0,2.0,1.0,0.22,0.0
586,30.0,20.0,600.0,180.0,10.0,0.0,6.0,9,135,0,0.0,1.0,0.0,2.0,1.0,0.22,0.0
587,30.0,20.0,600.0,180.0,10.0,0.0,7.0,9,135,0,0.0,1.0,0.0,2.0,1.0,0.22,0.0
588,30.0,20.0,600.0,180.0,10.0,0.0,8.0,9,135,0,0.0,1.0,0.0,2.0,1.0,0.22,0.0
589,30.0,20.0,600.0,180.0,10.0,0.0,9.0,9,135,0,0.0,1.0,0.0,2.0,1.0,0.22,0.0
590,30.0,20.0,600.0,180.0,10.0,0.0,10.0,9,135,0,0.0,1.0,0.0,2.0,1.0,0.22,0.0
591,30.0,20.0,600.0,180.0,10.0,0.0,11.0,9,135,0,0.0,1.0,0.0,2.0,1.0,0.22,0.0
592,30.0,20.0,600.0,180.0,10.0,0.0,12.0,9,135,0,0.0,1.0,0.0,2.0,1.0,0.22,0.0
593,30.0,20.0,600.0,180.0,10.0,0.0,13.0,9,135,0,0.0,1.0,0.0,2.0,1.0,0.22,0.0
594,30.0,20.0,600.0,180.0,10.0,0.0,14.0,9,135,0,0.0,1.0,0.0,2.0,1.0,0.22,0.0
595,30.0,20.0,600.0,180.0,10.0,0.0,15.0,9,135,0,0.0,1.0,0.0,2.0,1.0,0.22,0.0
596,30.0,20.0,600.0,180.0,10.0,0.0,16.0,9,135,0,0.0,1.0,0.0,2.0,1.0,0.22,0.0
597,30.0,20.0,600.0,180.0,10.0,0.0,17.0,9,135,0,0.0,1.0,0.0,2.0,1.0,0.22,0.0
598,30.0,20.0,600.0,180.0,10.0,0.0,18.0,9,135,0,0.0,1.0,0.0,2.0,1.0,0.22,0.0
599,30.0,20.0,600.0,180.0,10.0,0.0,19.0,9,135,0,0.0,1.0,0.0,2.0,1.0,0.22,0.0
600,30.0,20.0,600.0,180.0,10.0,1.0,0.0,9,135,0,0.0,1.0,0.0,2.0,1.0,0.22,0.0
601,30.0,20.0,600.0,180.0,10.0,1.0,1.0,9,135,0,0.0,1.0,0.0,2.0,1.0,0.22,0.0
602,30.0,20.0,600.0,180.0,10.0,1.0,2.0,9,135,0,0.0,0.553,0.0,2.0,1.0,0.22,0.0
603,30.0,20.0,600.0,180.0,10.0,1.0,3.0,9,135,0,0.0,0.782,0.0,2.0,1.0,0.22,0.0
604,30.0,20.0,600.0,180.0,10.0,1.0,4.0,9,135,0,0.0,1.0,0.0,2.0,1.0,0.22,0.0
605,30.0,20.0,600.0,180.0,10.0,1.0,5.0,9,135,0,0.0,1.0,0.0,2.0,1.0,0.22,0.0
606,30.0,20.0,600.0,180.0,10.0,1.0,6.0,9,135,0,0.0,1.0,0.0,2.0,1.0,0.22,0.0
607,30.0,20.0,600.0,180.0,10.0,1.0,7.0,9,135,0,0.0,1.0,0.0,2.0,1.0,0.22,0.0
608,30.0,20.0,600.0,180.0,10.0,1.0,8.0,9,135,0,0.0,1.0,0.0,2.0,1.0,0.22,0.0
609,30.0,20.0,600.0,180.0,10.0,1.0,9.0,9,135,0,0.0,1.0,0.0,2.0,1.0,0.22,0.0
610,30.0,20.0,600.0,180.0,10.0,1.0,10.0,9,135,0,0.0,1.0,0.0,2.0,1.0,0.22,0.0
611,30.0,20.0,600.0,180.0,10.0,1.0,11.0,9,135,0,0.0,1.0,0.0,2.0,1.0,0.22,0.0
612,30.0,20.0,600.0,180.0,10.0,1.0,12.0,9,135,0,0.0,1.0,0.0,2.0,1.0,0.22,0.0
613,30.0,20.0,600.0,180.0,10.0,1.0,13.0,9,135,0,0.0,1.0,0.0,2.0,1.0,0.22,0.0
614,30.0,20.0,600.0,180.0,10.0,1.0,14.0,9,135,0,0.0,1.0,0.0,2.0,1.0,0.22,0.0
615,30.0,20.0,600.0,180.0,10.0,1.0,15.0,9,135,0,0.0,1.0,0.0,2.0,1.0,0.22,0.0
616,30.0,20.0,600.0,180.0,10.0,1.0,16.0,9,135,0,0.0,1.0,0.0,2.0,1.0,0.22,0.0
617,30.0,20.0,600.0,180.0,10.0,1.0,17.0,9,135,0,0.0,1.0,0.0,2.0,1.0,0.22,0.0
618,30.0,20.0,600.0,180.0,10.0,1.0,18.0,9,135,0,0.0,0.743,0.0,2.0,1.0,0.22,0.0
619,30.0,20.0,600.0,180.0,10.0,1.0,19.0,9,135,0,0.0,1.0,0.0,2.0,1.0,0.22,0.0
620,30.0,20.0,600.0,180.0,10.0,2.0,0.0,9,135,0,0.0,1.0,0.0,2.0,1.0,0.22,0.0
621,30.0,20.0,600.0,180.0,10.0,2.0,1.0,9,135,0,0.0,1.0,0.0,2.0,1.0,0.22,0.0
622,30.0,20.0,600.0,180.0,10.0,2.0,2.0,9,135,0,0.0,1.0,0.0,2.0,1.0,0.22,0.0
623,30.0,20.0,600.0,180.0,10.0,2.0,3.0,9,135,0,0.0,1.0,0.0,2.0,1.0,0.22,0.0
624,30.0,20.0,600.0,180.0,10.0,2.0,4.0,9,135,0,0.0,1.0,0.0,2.0,1.0,0.22,0.0
625,30.0,20.0,600.0,180.0,10.0,2.0,5.0,9,135,0,0.0,1.0,0.0,2.0,1.0,0.22,0.0
626,30.0,20.0,600.0,180.0,10.0,2.0,6.0,9,135,0,0.0,1.0,0.0,2.0,1.0,0.22,0.0
627,30.0,20.0,600.0,180.0,10.0,2.0,7.0,9,135,0,0.0,1.0,0.0,2.0,1.0,0.22,0.0
628,30.0,20.0,600.0,180.0,10.0,2.0,8.0,9,135,0,0.0,1.0,0.0,2.0,1.0,0.22,0.0
629,30.0,20.0,600.0,180.0,10.0,2.0,9.0,9,135,0,0.0,1.0,0.0,2.0,1.0,0.22,0.0
630,30.0,20.0,600.0,180.0,10.0,2.0,10.0,9,135,0,0.0,1.0,0.0,2.0,1.0,0.22,0.0
631,30.0,20.0,600.0,180.0,10.0,2.0,11.0,9,135,0,0.0,1.0,0.0,2.0,1.0,0.22,0.0
632,30.0,20.0,600.0,180.0,10.0,2.0,12.0,9,135,0,0.0,1.0,0.0,2.0,1.0,0.22,0.0
633,30.0,20.0,600.0,180.0,10.0,2.0,13.0,9,135,0,0.0,1.0,0.0,2.0,1.0,0.22,0.0
634,30.0,20.0,600.0,180.0,10.0,2.0,14.0,9,135,0,0.0,1.0,0.0,2.0,1.0,0.22,0.0
635,30.0,20.0,600.0,180.0,10.0,2.0,15.0,9,135,0,0.0,1.0,0.0,2.0,1.0,0.22,0.0
636,30.0,20.0,600.0,180.0,10.0,2.0,16.0,9,135,0,0.0,1.0,0.0,2.0,1.0,0.22,0.0
637,30.0,20.0,600.0,180.0,10.0,2.0,17.0,9,135,0,0.0,0.854,0.0,2.0,1.0,0.22,0.0
638,30.0,20.0,600.0,180.0,10.0,2.0,18.0,9,135,0,0.0,1.0,0.0,2.0,1.0,0.22,0.0
639,30.0,20.0,600.0,180.0,10.0,2.0,19.0,9,135,0,0.0,1.0,0.0,2.0,1.0,0.22,0.0
640,30.0,20.0,600.0,180.0,10.0,3.0,0.0,9,135,0,0.0,1.0,0.0,2.0,1.0,0.22,0.0
641,30.0,20.0,600.0,180.0,10.0,3.0,1.0,9,135,0,0.0,1.0,0.0,2.0,1.0,0.22,0.0
642,30.0,20.0,600.0,180.0,10.0,3.0,2.0,9,135,0,0.0,1.0,0.0,2.0,1.0,0.22,0.0
643,30.0,20.0,600.0,180.0,10.0,3.0,3.0,9,135,0,0.0,1.0,0.0,2.0,1.0,0.22,0.0
644,30.0,20.0,600.0,180.0,10.0,3.0,4.0,9,135,0,0.0,1.0,0.0,2.0,1.0,0.22,0.0
645,30.0,20.0,600.0,180.0,10.0,3.0,5.0,9,135,0,0.0,1.0,0.0,2.0,1.0,0.22,0.0
646,30.0,20.0,600.0,180.0,10.0,3.0,6.0,9,135,0,0.0,1.0,0.0,2.0,1.0,0.22,0.0
647,30.0,20.0,600.0,180.0,10.0,3.0,7.0,9,135,0,0.0,1.0,0.0,2.0,1.0,0.22,0.0
648,30.0,20.0,600.0,180.0,10.0,3.0,8.0,9,135,0,0.0,1.0,0.0,2.0,1.0,0.22,0.0
649,30.0,20.0,600.0,180.0,10.0,3.0,9.0,9,135,0,0.0,0.881,0.0,2.0,1.0,0.22,0.0
650,30.0,20.0,600.0,180.0,10.0,3.0,10.0,9,135,0,0.0,1.0,0.0,2.0,1.0,0.22,0.0
651,30.0,20.0,600.0,180.0,10.0,3.0,11.0,9,135,0,0.0,1.0,0.0,2.0,1.0,0.22,0.0
652,30.0,20.0,600.0,180.0,10.0,3.0,12.0,9,135,0,0.0,1.0,0.0,2.0,1.0,0.22,0.0
653,30.0,20.0,600.0,180.0,10.0,3.0,13.0,9,135,0,0.0,1.0,0.0,2.0,1.0,0.22,0.0
654,30.0,20.0,600.0,180.0,10.0,3.0,14.0,9,135,0,0.0,1.0,0.0,2.0,1.0,0.22,0.0
655,30.0,20.0,600.0,180.0,10.0,3.0,15.0,9,135,0,0.0,1.0,0.0,2.0,1.0,0.22,0.0
656,30.0,20.0,600.0,180.0,10.0,3.0,16.0,9,135,0,0.0,1.0,0.0,2.0,1.0,0.22,0.0
657,30.0,20.0,600.0,180.0,10.0,3.0,17.0,9,135,0,0.0,0.796,0.0,2.0,1.0,0.22,0.0
658,30.0,20.0,600.0,180.0,10.0,3.0,18.0,9,135,0,0.0,1.0,0.0,2.0,1.0,0.22,0.0
659,30.0,20.0,600.0,180.0,10.0,3.0,19.0,9,135,0,0.0,1.0,0.0,2.0,1.0,0.22,0.0
660,30.0,20.0,600.0,180.0,10.0,4.0,0.0,9,135,0,0.0,1.0,0.0,2.0,1.0,0.22,0.0
661,30.0,20.0,600.0,180.0,10.0,4.0,1.0,9,135,0,0.0,1.0,0.0,2.0,1.0,0.22,0.0
662,30.0,20.0,600.0,180.0,10.0,4.0,2.0,9,135,0,0.0,1.0,0.0,2.0,1.0,0.22,0.0
663,30.0,20.0,600.0,180.0,10.0,4.0,3.0,9,135,0,0.0,1.0,0.0,2.0,1.0,0.22,0.0
664,30.0,20.0,600.0,180.0,10.0,4.0,4.0,9,135,0,0.0,1.0,0.0,2.0,1.0,0.22,0.0
665,30.0,20.0,600.0,180.0,10.0,4.0,5.0,9,135,0,0.0,1.0,0.0,2.0,1.0,0.22,0.0
666,30.0,20.0,600.0,180.0,10.0,4.0,6.0,9,135,0,0.0,1.0,0.0,2.0,1.0,0.22,0.0
667,30.0,20.0,600.0,180.0,10.0,4.0,7.0,9,135,0,0.0,1.0,0.0,2.0,1.0,0.22,0.0
668,30.0,20.0,600.0,180.0,10.0,4.0,8.0,9,135,0,0.0,1.0,0.0,2.0,1.0,0.22,0.0
669,30.0,20.0,600.0,180.0,10.0,4.0,9.0,9,135,0,0.0,0.768,0.0,2.0,1.0,0.22,0.0
670,30.0,20.0,600.0,180.0,10.0,4.0,10.0,9,135,0,0.0,1.0,0.0,2.0,1.0,0.22,0.0
671,30.0,20.0,600.0,180.0,10.0,4.0,11.0,9,135,0,0.0,1.0,0.0,2.0,1.0,0.22,0.0
672,30.0,20.0,600.0,180.0,10.0,4.0,12.0,9,135,0,0.0,1.0,0.0,2.0,1.0,0.22,0.0
673,30.0,20.0,600.0,180.0,10.0,4.0,13.0,9,135,0,0.0,1.0,0.0,2.0,1.0,0.22,0.0
674,30.0,20.0,600.0,180.0,10.0,4.0,14.0,9,135,0,0.0,1.0,0.0,2.0,1.0,0.22,0.0
675,30.0,20.0,600.0,180.0,10.0,4.0,15.0,9,135,0,0.0,1.0,0.0,2.0,1.0,0.22,0.0
676,30.0,20.0,600.0,180.0,10.0,4.0,16.0,9,135,0,0.0,1.0,0.0,2.0,1.0,0.22,0.0
677,30.0,20.0,600.0,180.0,10.0,4.0,17.0,9,135,0,0.0,1.0,0.0,2.0,1.0,0.22,0.0
678,30.0,20.0,600.0,180.0,10.0,4.0,18.0,9,135,0,0.0,1.0,0.0,2.0,1.0,0.22,0.0
679,30.0,20.0,600.0,180.0,10.0,4.0,19.0,9,135,0,0.0,1.0,0.0,2.0,1.0,0.22,0.0
680,30.0,20.0,600.0,180.0,10.0,5.0,0.0,9,135,0,0.0,1.0,0.0,2.0,1.0,0.22,0.0
681,30.0,20.0,600.0,180.0,10.0,5.0,1.0,9,135,0,0.0,1.0,0.0,2.0,1.0,0.22,0.0
682,30.0,20.0,600.0,180.0,10.0,5.0,2.0,9,135,0,0.0,1.0,0.0,2.0,1.0,0.22,0.0
683,30.0,20.0,600.0,180.0,10.0,5.0,3.0,9,135,0,0.0,1.0,0.0,2.0,1.0,0.22,0.0
684,30.0,20.0,600.0,180.0,10.0,5.0,4.0,9,135,0,0.0,1.0,0.0,2.0,1.0,0.22,0.0
685,30.0,20.0,600.0,180.0,10.0,5.0,5.0,9,135,0,0.0,1.0,0.0,2.0,1.0,0.22,0.0
686,30.0,20.0,600.0,180.0,10.0,5.0,6.0,9,135,0,0.0,1.0,0.0,2.0,1.0,0.22,0.0
687,30.0,20.0,600.0,180.0,10.0,5.0,7.0,9,135,0,0.0,1.0,0.0,2.0,1.0,0.22,0.0
688,30.0,20.0,600.0,180.0,10.0,5.0,8.0,9,135,0,0.0,1.0,0.0,2.0,1.0,0.22,0.0
689,30.0,20.0,600.0,180.0,10.0,5.0,9.0,9,135,0,0.0,1.0,0.0,2.0,1.0,0.22,0.0
690,30.0,20.0,600.0,180.0,10.0,5.0,10.0,9,135,0,0.0,1.0,0.0,2.0,1.0,0.22,0.0
691,30.0,20.0,600.0,180.0,10.0,5.0,11.0,9,135,0,0.0,0.578,0.0,2.0,1.0,0.22,0.0
692,30.0,20.0,600.0,180.0,10.0,5.0,12.0,9,135,0,0.0,1.0,0.0,2.0,1.0,0.22,0.0
693,30.0,20.0,600.0,180.0,10.0,5.0,13.0,9,135,0,0.0,1.0,0.0,2.0,1.0,0.22,0.0
694,30.0,20.0,600.0,180.0,10.0,5.0,14.0,9,135,0,0.0,1.0,0.0,2.0,1.0,0.22,0.0
695,30.0,20.0,600.0,180.0,10.0,5.0,15.0,9,135,0,0.0,1.0,0.0,2.0,1.0,0.22,0.0
696,30.0,20.0,600.0,180.0,10.0,5.0,16.0,9,135,0,0.0,1.0,0.0,2.0,1.0,0.22,0.0
697,30.0,20.0,600.0,180.0,10.0,5.0,17.0,9,135,0,0.0,1.0,0.0,2.0,1.0,0.22,0.0
698,30.0,20.0,600.0,180.0,10.0,5.0,18.0,9,135,0,0.0,1.0,0.0,2.0,1.0,0.22,0.0
699,30.0,20.0,600.0,180.0,10.0,5.0,19.0,9,135,0,0.0,1.0,0.0,2.0,1.0,0.22,0.0
700,30.0,20.0,600.0,180.0,10.0,6.0,0.0,9,135,0,0.0,1.0,0.0,2.0,1.0,0.22,0.0
701,30.0,20.0,600.0,180.0,10.0,6.0,1.0,9,135,0,0.0,1.0,0.0,2.0,1.0,0.22,0.0
702,30.0,20.0,600.0,180.0,10.0,6.0,2.0,9,135,0,0.0,1.0,0.0,2.0,1.0,0.22,0.0
703,30.0,20.0,600.0,180.0,10.0,6.0,3.0,9,135,0,0.0,1.0,0.0,2.0,1.0,0.22,0.0
704,30.0,20.0,600.0,180.0,10.0,6.0,4.0,9,135,0,0.0,1.0,0.0,2.0,1.0,0.22,0.0
705,30.0,20.0,600.0,180.0,10.0,6.0,5.0,9,135,0,0.0,1.0,0.0,2.0,1.0,0.22,0.0
706,30.0,20.0,600.0,180.0,10.0,6.0,6.0,9,135,0,0.0,1.0,0.0,2.0,1.0,0.22,0.0
707,30.0,20.0,600.0,180.0,10.0,6.0,7.0,9,135,0,0.0,1.0,0.0,2.0,1.0,0.22,0.0
708,30.0,20.0,600.0,180.0,10.0,6.0,8.0,9,135,0,0.0,1.0,0.0,2.0,1.0,0.22,0.0
709,30.0,20.0,600.0,180.0,10.0,6.0,9.0,9,135,0,0.0,1.0,0.0,2.0,1.0,0.22,0.0
710,30.0,20.0,600.0,180.0,10.0,6.0,10.0,9,135,0,0.0,1.0,0.0,2.0,1.0,0.22,0.0
711,30.0,20.0,600.0,180.0,10.0,6.0,11.0,9,135,0,0.0,1.0,0.0,2.0,1.0,0.22,0.0
712,30.0,20.0,600.0,180.0,10.0,6.0,12.0,9,135,0,0.0,1.0,0.0,2.0,1.0,0.22,0.0
713,30.0,20.0,600.0,180.0,10.0,6.0,13.0,9,135,0,0.0,1.0,0.0,2.0,1.0,0.22,0.0
714,30.0,20.0,600.0,180.0,10.0,6.0,14.0,9,135,0,0.0,1.0,0.0,2.0,1.0,0.22,0.0
715,30.0,20.0,600.0,180.0,10.0,6.0,15.0,9,135,0,0.0,1.0,0.0,2.0,1.0,0.22,0.0
716,30.0,20.0,600.0,180.0,10.0,6.0,16.0,9,135,0,0.0,1.0,0.0,2.0,1.0,0.22,0.0
717,30.0,20.0,600.0,180.0,10.0,6.0,17.0,9,135,0,0.0,1.0,0.0,2.0,1.0,0.22,0.0
718,30.0,20.0,600.0,180.0,10.0,6.0,18.0,9,135,0,0.0,1.0,0.0,2.0,1.0,0.22,0.0
719,30.0,20.0,600.0,180.0,10.0,6.0,19.0,9,135,0,0.0,1.0,0.0,2.0,1.0,0.22,0.0
720,30.0,20.0,600.0,180.0,10.0,7.0,0.0,9,135,0,0.0,0.822,0.0,2.0,1.0,0.22,0.0
721,30.0,20.0,600.0,180.0,10.0,7.0,1.0,9,135,0,0.0,1.0,0.0,2.0,1.0,0.22,0.0
722,30.0,20.0,600.0,180.0,10.0,7.0,2.0,9,135,0,0.0,1.0,0.0,2.0,1.0,0.22,0.0
723,30.0,20.0,600.0,180.0,10.0,7.0,3.0,9,135,0,0.0,1.0,0.0,2.0,1.0,0.22,0.0
724,30.0,20.0,600.0,180.0,10.0,7.0,4.0,9,135,0,0.0,1.0,0.0,2.0,1.0,0.22,0.0
725,30.0,20.0,600.0,180.0,10.0,7.0,5.0,9,135,0,0.0,1.0,0.0,2.0,1.0,0.22,0.0
726,30.0,20.0,600.0,180.0,10.0,7.0,6.0,9,135,0,0.0,1.0,0.0,2.0,1.0,0.22,0.0
727,30.0,20.0,600.0,180.0,10.0,7.0,7.0,9,135,0,0.0,1.0,0.0,2.0,1.0,0.22,0.0
728,30.0,20.0,600.0,180.0,10.0,7.0,8.0,9,135,0,0.0,1.0,0.0,2.0,1.0,0.22,0.0
729,30.0,20.0,600.0,180.0,10.0,7.0,9.0,9,135,0,0.0,1.0,0.0,2.0,1.0,0.22,0.0
730,30.0,20.0,600.0,180.0,10.0,7.0,10.0,9,135,0,0.0,1.0,0.0,2.0,1.0,0.22,0.0
731,30.0,20.0,600.0,180.0,10.0,7.0,11.0,9,135,0,0.0,1.0,0.0,2.0,1.0,0.22,0.0
732,30.0,20.0,600.0,180.0,10.0,7.0,12.0,9,135,0,0.0,1.0,0.0,2.0,1.0,0.22,0.0
733,30.0,20.0,600.0,180.0,10.0,7.0,13.0,9,135,0,0.0,1.0,0.0,2.0,1.0,0.22,0.0
734,30.0,20.0,600.0,180.0,10.0,7.0,14.0,9,135,0,0.0,1.0,0.0,2.0,1.0,0.22,0.0
735,30.0,20.0,600.0,180.0,10.0,7.0,15.0,9,135,0,0.0,1.0,0.0,2.0,1.0,0.22,0.0
736,30.0,20.0,600.0,180.0,10.0,7.0,16.0,9,135,0,0.0,1.0,0.0,2.0,1.0,0.22,0.0
737,30.0,20.0,600.0,180.0,10.0,7.0,17.0,9,135,0,0.0,1.0,0.0,2.0,1.0,0.22,0.0
738,30.0,20.0,600.0,180.0,10.0,7.0,18.0,9,135,0,0.0,1.0,0.0,2.0,1.0,0.22,0.0
739,30.0,20.0,600.0,180.0,10.0,7.0,19.0,9,135,0,0.0,1.0,0.0,2.0,1.0,0.22,0.0
740,30.0,20.0,600.0,180.0,10.0,8.0,0.0,9,135,0,0.0,1.0,0.0,2.0,1.0,0.22,0.0
741,30.0,20.0,600.0,180.0,10.0,8.0,1.0,9,135,0,0.0,1.0,0.0,2.0,1.0,0.22,0.0
742,30.0,20.0,600.0,180.0,10.0,8.0,2.0,9,135,0,0.0,1.0,0.0,2.0,1.0,0.22,0.0
743,30.0,20.0,600.0,180.0,10.0,8.0,3.0,9,135,0,0.0,1.0,0.0,2.0,1.0,0.22,0.0
744,30.0,20.0,600.0,180.0,10.0,8.0,4.0,9,135,0,0.0,1.0,0.0,2.0,1.0,0.22,0.0
745,30.0,20.0,600.0,180.0,10.0,8.0,5.0,9,135,0,0.0,1.0,0.0,2.0,1.0,0.22,0.0
746,30.0,20.0,600.0,180.0,10.0,8.0,6.0,9,135,0,0.0,1.0,0.0,2.0,1.0,0.22,0.0
747,30.0,20.0,600.0,180.0,10.0,8.0,7.0,9,135,0,0.0,1.0,0.0,2.0,1.0,0.22,0.0
748,30.0,20.0,600.0,180.0,10.0,8.0,8.0,9,135,0,0.0,1.0,0.0,2.0,1.0,0.22,0.0
749,30.0,20.0,600.0,180.0,10.0,8.0,9.0,9,135,0,0.0,1.0,0.0,2.0,1.0,0.22,0.0
750,30.0,20.0,600.0,180.0,10.0,8.0,10.0,9,135,0,0.0,1.0,0.0,2.0,1.0,0.22,0.0
751,30.0,20.0,600.0,180.0,10.0,8.0,11.0,9,135,0,0.0,1.0,0.0,2.0,1.0,0.22,0.0
752,30.0,20.0,600.0,180.0,10.0,8.0,12.0,9,135,0,0.0,1.0,0.0,2.0,1.0,0.22,0.0
753,30.0,20.0,600.0,180.0,10.0,8.0,13.0,9,135,0,0.0,1.0,0.0,2.0,1.0,0.22,0.0
754,30.0,20.0,600.0,180.0,10.0,8.0,14.0,9,135,0,0.0,0.584,0.0,2.0,1.0,0.22,0.0
755,30.0,20.0,600.0,180.0,10.0,8.0,15.0,9,135,0,0.0,1.0,0.0,2.0,1.0,0.22,0.0
756,30.0,20.0,600.0,180.0,10.0,8.0,16.0,9,135,0,0.0,1.0,0.0,2.0,1.0,0.22,0.0
757,30.0,20.0,600.0,180.0,10.0,8.0,17.0,9,135,0,0.0,1.0,0.0,2.0,1.0,0.22,0.0
758,30.0,20.0,600.0,180.0,10.0,8.0,18.0,9,135,0,0.0,1.0,0.0,2.0,1.0,0.22,0.0
759,30.0,20.0,600.0,180.0,10.0,8.0,19.0,9,135,0,0.0,1.0,0.0,2.0,1.0,0.22,0.0
760,30.0,20.0,600.0,180.0,10.0,9.0,0.0,9,135,0,0.0,1.0,0.0,2.0,1.0,0.22,0.0
761,30.0,20.0,600.0,180.0,10.0,9.0,1.0,9,135,0,0.0,1.0,0.0,2.0,1.0,0.22,0.0
762,30.0,20.0,600.0,180.0,10.0,9.0,2.0,9,135,0,0.0,1.0,0.0,2.0,1.0,0.22,0.0
763,30.0,20.0,600.0,180.0,10.0,9.0,3.0,9,135,0,0.0,1.0,0.0,2.0,1.0,0.22,0.0
764,30.0,20.0,600.0,180.0,10.0,9.0,4.0,9,135,0,0.0,1.0,0.0,2.0,1.0,0.22,0.0
765,30.0,20.0,600.0,180.0,10.0,9.0,5.0,9,135,0,0.0,1.0,0.0,2.0,1.0,0.22,0.0
766,30.0,20.0,600.0,180.0,10.0,9.0,6.0,9,135,0,0.0,1.0,0.0,2.0,1.0,0.22,0.0
767,30.0,20.0,600.0,180.0,10.0,9.0,7.0,9,135,0,0.0,1.0,0.0,2.0,1.0,0.22,0.0
768,30.0,20.0,600.0,180.0,10.0,9.0,8.0,9,135,0,0.0,1.0,0.0,2.0,1.0,0.22,0.0
769,30.0,20.0,600.0,180.0,10.0,9.0,9.0,9,135,0,0.0,1.0,0.0,2.0,1.0,0.22,0.0
770,30.0,20.0,600.0,180.0,10.0,9.0,10.0,9,135,0,0.0,1.0,0.0,2.0,1.0,0.22,0.0
771,30.0,20.0,600.0,180.0,10.0,9.0,11.0,9,135,0,0.0,1.0,0.0,2.0,1.0,0.22,0.0
772,30.0,20.0,600.0,180.0,10.0,9.0,12.0,9,135,0,0.0,1.0,0.0,2.0,1.0,0.22,0.0
773,30.0,20.0,600.0,180.0,10.0,9.0,13.0,9,135,0,0.0,1.0,0.0,2.0,1.0,0.22,0.0
774,30.0,20.0,600.0,180.0,10.0,9.0,14.0,9,135,0,0.0,1.0,0.0,2.0,1.0,0.22,0.0
775,30.0,20.0,600.0,180.0,10.0,9.0,15.0,9,135,0,0.0,1.0,0.0,2.0,1.0,0.22,0.0
776,30.0,20.0,600.0,180.0,10.0,9.0,16.0,9,135,0,0.0,1.0,0.0,2.0,1.0,0.22,0.0
777,30.0,20.0,600.0,180.0,10.0,9.0,17.0,9,135,0,0.0,1.0,0.0,2.0,1.0,0.22,0.0
778,30.0,20.0,600.0,180.0,10.0,9.0,18.0,9,135,0,0.0,1.0,0.0,2.0,1.0,0.22,0.0
779,30.0,20.0,600.0,180.0,10.0,9.0,19.0,9,135,0,0.0,1.0,0.0,2.0,1.0,0.22,0.0
780,30.0,20.0,600.0,180.0,10.0,10.0,0.0,9,135,0,0.0,1.0,0.0,2.0,1.0,0.22,0.0
781,30.0,20.0,600.0,180.0,10.0,10.0,1.0,9,135,0,0.0,1.0,0.0,2.0,1.0,0.22,0.0
782,30.0,20.0,600.0,180.0,10.0,10.0,2.0,9,135,0,0.0,1.0,0.0,2.0,1.0,0.22,0.0
783,30.0,20.0,600.0,180.0,10.0,10.0,3.0,9,135,0,0.0,1.0,0.0,2.0,1.0,0.22,0.0
784,30.0,20.0,600.0,180.0,10.0,10.0,4.0,9,135,0,0.0,1.0,0.0,2.0,1.0,0.22,0.0
785,30.0,20.0,600.0,180.0,10.0,10.0,5.0,9,135,0,0.0,1.0,0.0,2.0,1.0,0.22,0.0
786,30.0,20.0,600.0,180.0,10.0,10.0,6.0,9,135,0,0.0,1.0,0.0,2.0,1.0,0.22,0.0
787,30.0,20.0,600.0,180.0,10.0,10.0,7.0,9,135,0,0.0,1.0,0.0,2.0,1.0,0.22,0.0
788,30.0,20.0,600.0,180.0,10.0,10.0,8.0,9,135,0,0.0,1.0,0.0,2.0,1.0,0.22,0.0
789,30.0,20.0,600.0,180.0,10.0,10.0,9.0,9,135,0,0.0,1.0,0.0,2.0,1.0,0.22,0.0
790,30.0,20.0,600.0,180.0,10.0,10.0,10.0,9,135,0,0.0,1.0,0.0,2.0,1.0,0.22,0.0
791,30.0,20.0,600.0,180.0,10.0,10.0,11.0,9,135,0,0.0,1.0,0.0,2.0,1.0,0.22,0.0
792,30.0,20.0,600.0,180.0,10.0,10.0,12.0,9,135,0,0.0,1.0,0.0,2.0,1.0,0.22,0.0
793,30.0,20.0,600.0,180.0,10.0,10.0,13.0,9,135,0,0.0,1.0,0.0,2.0,1.0,0.22,0.0
794,30.0,20.0,600.0,180.0,10.0,10.0,14.0,9,135,0,0.0,1.0,0.0,2.0,1.0,0.22,0.0
795,30.0,20.0,600.0,180.0,10.0,10.0,15.0,9,135,0,0.0,1.0,0.0,2.0,1.0,0.22,0.0
796,30.0,20.0,600.0,180.0,10.0,10.0,16.0,9,135,0,0.0,1.0,0.0,2.0,1.0,0.22,0.0
797,30.0,20.0,600.0,180.0,10.0,10.0,17.0,9,135,0,0.0,1.0,0.0,2.0,1.0,0.22,0.0
798,30.0,20.0,600.0,180.0,10.0,10.0,18.0,9,135,0,0.0,1.0,0.0,2.0,1.0,0.22,0.0
799,30.0,20.0,600.0,180.0,10.0,10.0,19.0,9,135,0,0.0,1.0,0.0,2.0,1.0,0.22,0.0
800,30.0,20.0,600.0,180.0,10.0,11.0,0.0,9,135,0,0.0,1.0,0.0,2.0,1.0,0.22,0.0
801,30.0,20.0,600.0,180.0,10.0,11.0,1.0,9,135,0,0.0,1.0,0.0,2.0,1.0,0.22,0.0
802,30.0,20.0,600.0,180.0,10.0,11.0,2.0,9,135,0,0.0,1.0,0.0,2.0,1.0,0.22,0.0
803,30.0,20.0,600.0,180.0,10.0,11.0,3.0,9,135,0,0.0,1.0,0.0,2.0,1.0,0.22,0.0
804,30.0,20.0,600.0,180.0,10.0,11.0,4.0,9,135,0,0.0,1.0,0.0,2.0,1.0,0.22,0.0
805,30.0,20.0,600.0,180.0,10.0,11.0,5.0,9,135,0,0.0,1.0,0.0,2.0,1.0,0.22,0.0
806,30.0,20.0,600.0,180.0,10.0,11.0,6.0,9,135,0,0.0,1.0,0.0,2.0,1.0,0.22,0.0
807,30.0,20.0,600.0,180.0,10.0,11.0,7.0,9,135,0,0.0,1.0,0.0,2.0,1.0,0.22,0.0
808,30.0,20.0,600.0,180.0,10.0,11.0,8.0,9,135,0,0.0,1.0,0.0,2.0,1.0,0.22,0.0
809,30.0,20.0,600.0,180.0,10.0,11.0,9.0,9,135,0,0.0,1.0,0.0,2.0,1.0,0.22,0.0
810,30.0,20.0,600.0,180.0,10.0,11.0,10.0,9,135,0,0.0,1.0,0.0,2.0,1.0,0.22,0.0
811,30.0,20.0,600.0,180.0,10.0,11.0,11.0,9,135,0,0.0,1.0,0.0,2.0,1.0,0.22,0.0
812,30.0,20.0,600.0,180.0,10.0,11.0,12.0,9,135,0,0.0,1.0,0.0,2.0,1.0,0.22,0.0
813,30.0,20.0,600.0,180.0,10.0,11.0,13.0,9,135,0,0.0,1.0,0.0,2.0,1.0,0.22,0.0
814,30.0,20.0,600.0,180.0,10.0,11.0,14.0,9,135,0,0.0,1.0,0.0,2.0,1.0,0.22,0.0
815,30.0,20.0,600.0,180.0,10.0,11.0,15.0,9,135,0,0.0,1.0,0.0,2.0,1.0,0.22,0.0
816,30.0,20.0,600.0,180.0,10.0,11.0,16.0,9,135,0,0.0,1.0,0.0,2.0,1.0,0.22,0.0
817,30.0,20.0,600.0,180.0,10.0,11.0,17.0,9,135,0,0.0,1.0,0.0,2.0,1.0,0.22,0.0
818,30.0,20.0,600.0,180.0,10.0,11.0,18.0,9,135,0,0.0,0.646,0.0,2.0,1.0,0.22,0.0
819,30.0,20.0,600.0,180.0,10.0,11.0,19.0,9,135,0,0.0,1.0,0.0,2.0,1.0,0.22,0.0
820,30.0,20.0,600.0,180.0,10.0,12.0,0.0,9,135,0,0.0,1.0,0.0,2.0,1.0,0.22,0.0
821,30.0,20.0,600.0,180.0,10.0,12.0,1.0,9,135,0,0.0,1.0,0.0,2.0,1.0,0.22,0.0
822,30.0,20.0,600.0,180.0,10.0,12.0,2.0,9,135,0,0.0,1.0,0.0,2.0,1.0,0.22,0.0
823,30.0,20.0,600.0,180.0,10.0,12.0,3.0,9,135,0,0.0,1.0,0.0,2.0,1.0,0.22,0.0
824,30.0,20.0,600.0,180.0,10.0,12.0,4.0,9,135,0,0.0,1.0,0.0,2.0,1.0,0.22,0.0
825,30.0,20.0,600.0,180.0,10.0,12.0,5.0,9,135,0,0.0,1.0,0.0,2.0,1.0,0.22,0.0
826,30.0,20.0,600.0,180.0,10.0,12.0,6.0,9,135,0,0.0,1.0,0.0,2.0,1.0,0.22,0.0
827,30.0,20.0,600.0,180.0,10.0,12.0,7.0,9,135,0,0.0,0.565,0.0,2.0,1.0,0.22,0.0
828,30.0,20.0,600.0,180.0,10.0,12.0,8.0,9,135,0,0.0,1.0,0.0,2.0,1.0,0.22,0.0
829,30.0,20.0,600.0,180.0,10.0,12.0,9.0,9,135,0,0.0,1.0,0.0,2.0,1.0,0.22,0.0
830,30.0,20.0,600.0,180.0,10.0,12.0,10.0,9,135,0,0.0,1.0,0.0,2.0,1.0,0.22,0.0
831,30.0,20.0,600.0,180.0,10.0,12.0,11.0,9,135,0,0.0,1.0,0.0,2.0,1.0,0.22,0.0
832,30.0,20.0,600.0,180.0,10.0,12.0,12.0,9,135,0,0.0,1.0,0.0,2.0,1.0,0.22,0.0
833,30.0,20.0,600.0,180.0,10.0,12.0,13.0,9,135,0,0.0,1.0,0.0,2.0,1.0,0.22,0.0
834,30.0,20.0,600.0,180.0,10.0,12.0,14.0,9,135,0,0.0,1.0,0.0,2.0,1.0,0.22,0.0
835,30.0,20.0,600.0,180.0,10.0,12.0,15.0,9,135,0,0.0,1.0,0.0,2.0,1.0,0.22,0.0
836,30.0,20.0,600.0,180.0,10.0,12.0,16.0,9,135,0,0.0,1.0,0.0,2.0,1.0,0.22,0.0
837,30.0,20.0,600.0,180.0,10.0,12.0,17.0,9,135,0,0.0,1.0,0.0,2.0,1.0,0.22,0.0
838,30.0,20.0,600.0,180.0,10.0,12.0,18.0,9,135,0,0.0,1.0,0.0,2.0,1.0,0.22,0.0
839,30.0,20.0,600.0,180.0,10.0,12.0,19.0,9,135,0,0.0,1.0,0.0,2.0,1.0,0.22,0.0
840,30.0,20.0,600.0,180.0,10.0,13.0,0.0,9,135,0,0.0,1.0,0.0,2.0,1.0,0.22,0.0
841,30.0,20.0,600.0,180.0,10.0,13.0,1.0,9,135,0,0.0,1.0,0.0,2.0,1.0,0.22,0.0
842,30.0,20.0,600.0,180.0,10.0,13.0,2.0,9,135,0,0.0,1.0,0.0,2.0,1.0,0.22,0.0
843,30.0,20.0,600.0,180.0,10.0,13.0,3.0,9,135,0,0.0,1.0,0.0,2.0,1.0,0.22,0.0
844,30.0,20.0,600.0,180.0,10.0,13.0,4.0,9,135,0,0.0,1.0,0.0,2.0,1.0,0.22,0.0
845,30.0,20.0,600.0,180.0,10.0,13.0,5.0,9,135,0,0.0,0.594,0.0,2.0,1.0,0.22,0.0
846,30.0,20.0,600.0,180.0,10.0,13.0,6.0,9,135,0,0.0,1.0,0.0,2.0,1.0,0.22,0.0
847,30.0,20.0,600.0,180.0,10.0,13.0,7.0,9,135,0,0.0,1.0,0.0,2.0,1.0,0.22,0.0
848,30.0,20.0,600.0,180.0,10.0,13.0,8.0,9,135,0,0.0,1.0,0.0,2.0,1.0,0.22,0.0
849,30.0,20.0,600.0,180.0,10.0,13.0,9.0,9,135,0,0.0,1.0,0.0,2.0,1.0,0.22,0.0
850,30.0,20.0,600.0,180.0,10.0,13.0,10.0,9,135,0,0.0,1.0,0.0,2.0,1.0,0.22,0.0
851,30.0,20.0,600.0,180.0,10.0,13.0,11.0,9,135,0,0.0,1.0,0.0,2.0,1.0,0.22,0.0
852,30.0,20.0,600.0,180.0,10.0,13.0,12.0,9,135,0,0.0,1.0,0.0,2.0,1.0,0.22,0.0
853,30.0,20.0,600.0,180.0,10.0,13.0,13.0,9,135,0,0.0,1.0,0.0,2.0,1.0,0.22,0.0
854,30.0,20.0,600.0,180.0,10.0,13.0,14.0,9,135,0,0.0,1.0,0.0,2.0,1.0,0.22,0.0
855,30.0,20.0,600.0,180.0,10.0,13.0,15.0,9,135,0,0.0,1.0,0.0,2.0,1.0,0.22,0.0
856,30.0,20.0,600.0,180.0,10.0,13.0,16.0,9,135,0,0.0,1.0,0.0,2.0,1.0,0.22,0.0
857,30.0,20.0,600.0,180.0,10.0,13.0,17.0,9,135,0,0.0,1.0,0.0,2.0,1.0,0.22,0.0
858,30.0,20.0,600.0,180.0,10.0,13.0,18.0,9,135,0,0.0,1.0,0.0,2.0,1.0,0.22,0.0
859,30.0,20.0,600.0,180.0,10.0,13.0,19.0,9,135,0,0.0,1.0,0.0,2.0,1.0,0.22,0.0
860,30.0,20.0,600.0,180.0,10.0,14.0,0.0,9,135,0,0.0,1.0,0.0,2.0,1.0,0.22,0.0
861,30.0,20.0,600.0,180.0,10.0,14.0,1.0,9,135,0,0.0,1.0,0.0,2.0,1.0,0.22,0.0
862,30.0,20.0,600.0,180.0,10.0,14.0,2.0,9,135,0,0.0,1.0,0.0,2.0,1.0,0.22,0.0
863,30.0,20.0,600.0,180.0,10.0,14.0,3.0,9,135,0,0.0,1.0,0.0,2.0,1.0,0.22,0.0
864,30.0,20.0,600.0,180.0,10.0,14.0,4.0,9,135,0,0.0,1.0,0.0,2.0,1.0,0.22,0.0
865,30.0,20.0,600.0,180.0,10.0,14.0,5.0,9,135,0,0.0,1.0,0.0,2.0,1.0,0.22,0.0
866,30.0,20.0,600.0,180.0,10.0,14.0,6.0,9,135,0,0.0,1.0,0.0,2.0,1.0,0.22,0.0
867,30.0,20.0,600.0,180.0,10.0,14.0,7.0,9,135,0,0.0,1.0,0.0,2.0,1.0,0.22,0.0
868,30.0,20.0,600.0,180.0,10.0,14.0,8.0,9,135,0,0.0,1.0,0.0,2.0,1.0,0.22,0.0
869,30.0,20.0,600.0,180.0,10.0,14.0,9.0,9,135,0,0.0,0.817,0.0,2.0,1.0,0.22,0.0
870,30.0,20.0,600.0,180.0,10.0,14.0,10.0,9,135,0,0.0,1.0,0.0,2.0,1.0,0.22,0.0
871,30.0,20.0,600.0,180.0,10.0,14.0,11.0,9,135,0,0.0,1.0,0.0,2.0,1.0,0.22,0.0
872,30.0,20.0,600.0,180.0,10.0,14.0,12.0,9,135,0,0.0,1.0,0.0,2.0,1.0,0.22,0.0
873,30.0,20.0,600.0,180.0,10.0,14.0,13.0,9,135,0,0.0,1.0,0.0,2.0,1.0,0.22,0.0
874,30.0,20.0,600.0,180.0,10.0,14.0,14.0,9,135,0,0.0,1.0,0.0,2.0,1.0,0.22,0.0
875,30.0,20.0,600.0,180.0,10.0,14.0,15.0,9,135,0,0.0,1.0,0.0,2.0,1.0,0.22,0.0
876,30.0,20.0,600.0,180.0,10.0,14.0,16.0,9,135,0,0.0,1.0,0.0,2.0,1.0,0.22,0.0
877,30.0,20.0,600.0,180.0,10.0,14.0,17.0,9,135,0,0.0,1.0,0.0,2.0,1.0,0.22,0.0
878,30.0,20.0,600.0,180.0,10.0,14.0,18.0,9,135,0,0.0,1.0,0.0,2.0,1.0,0.22,0.0
879,30.0,20.0,600.0,180.0,10.0,14.0,19.0,9,135,0,0.0,1.0,0.0,2.0,1.0,0.22,0.0
880,30.0,20.0,600.0,180.0,10.0,15.0,0.0,9,135,0,0.0,1.0,0.0,2.0,1.0,0.22,0.0
881,30.0,20.0,600.0,180.0,10.0,15.0,1.0,9,135,0,0.0,1.0,0.0,2.0,1.0,0.22,0.0
882,30.0,20.0,600.0,180.0,10.0,15.0,2.0,9,135,0,0.0,1.0,0.0,2.0,1.0,0.22,0.0
883,30.0,20.0,600.0,180.0,10.0,15.0,3.0,9,135,0,0.0,1.0,0.0,2.0,1.0,0.22,0.0
884,30.0,20.0,600.0,180.0,10.0,15.0,4.0,9,135,0,0.0,1.0,0.0,2.0,1.0,0.22,0.0
885,30.0,20.0,600.0,180.0,10.0,15.0,5.0,9,135,0,0.0,1.0,0.0,2.0,1.0,0.22,0.0
886,30.0,20.0,600.0,180.0,10.0,15.0,6.0,9,135,0,0.0,1.0,0.0,2.0,1.0,0.22,0.0
887,30.0,20.0,600.0,180.0,10.0,15.0,7.0,9,135,0,0.0,0.735,0.0,2.0,1.0,0.22,0.0
888,30.0,20.0,600.0,180.0,10.0,15.0,8.0,9,135,0,0.0,0.71,0.0,2.0,1.0,0.22,0.0
889,30.0,20.0,600.0,180.0,10.0,15.0,9.0,9,135,0,0.0,1.0,0.0,2.0,1.0,0.22,0.0
890,30.0,20.0,600.0,180.0,10.0,15.0,10.0,9,135,0,0.0,1.0,0.0,2.0,1.0,0.22,0.0
891,30.0,20.0,600.0,180.0,10.0,15.0,11.0,9,135,0,0.0,1.0,0.0,2.0,1.0,0.22,0.0
892,30.0,20.0,600.0,180.0,10.0,15.0,12.0,9,135,0,0.0,1.0,0.0,2.0,1.0,0.22,0.0
893,30.0,20.0,600.0,180.0,10.0,15.0,13.0,9,135,0,0.0,1.0,0.0,2.0,1.0,0.22,0.0
894,30.0,20.0,600.0,180.0,10.0,15.0,14.0,9,135,0,0.0,1.0,0.0,2.0,1.0,0.22,0.0
895,30.0,20.0,600.0,180.0,10.0,15.0,15.0,9,135,0,0.0,1.0,0.0,2.0,1.0,0.22,0.0
896,30.0,20.0,600.0,180.0,10.0,15.0,16.0,9,135,0,0.0,1.0,0.0,2.0,1.0,0.22,0.0
897,30.0,20.0,600.0,180.0,10.0,15.0,17.0,9,135,0,0.0,0.836,0.0,2.0,1.0,0.22,0.0
898,30.0,20.0,600.0,180.0,10.0,15.0,18.0,9,135,0,0.0,1.0,0.0,2.0,1.0,0.22,0.0
899,30.0,20.0,600.0,180.0,10.0,15.0,19.0,9,135,0,0.0,1.0,0.0,2.0,1.0,0.22,0.0
900,30.0,20.0,600.0,180.0,10.0,16.0,0.0,9,135,0,0.0,1.0,0.0,2.0,1.0,0.22,0.0
901,30.0,20.0,600.0,180.0,10.0,16.0,1.0,9,135,0,0.0,1.0,0.0,2.0,1.0,0.22,0.0
902,30.0,20.0,600.0,180.0,10.0,16.0,2.0,9,135,0,0.0,1.0,0.0,2.0,1.0,0.22,0.0
903,30.0,20.0,600.0,180.0,10.0,16.0,3.0,9,135,0,0.0,1.0,0.0,2.0,1.0,0.22,0.0
904,30.0,20.0,600.0,180.0,10.0,16.0,4.0,9,135,0,0.0,1.0,0.0,2.0,1.0,0.22,0.0
905,30.0,20.0,600.0,180.0,10.0,16.0,5.0,9,135,0,0.0,1.0,0.0,2.0,1.0,0.22,0.0
906,30.0,20.0,600.0,180.0,10.0,16.0,6.0,9,135,0,0.0,1.0,0.0,2.0,1.0,0.22,0.0
907,30.0,20.0,600.0,180.0,10.0,16.0,7.0,9,135,0,0.0,1.0,0.0,2.0,1.0,0.22,0.0
908,30.0,20.0,600.0,180.0,10.0,16.0,8.0,9,135,0,0.0,1.0,0.0,2.0,1.0,0.22,0.0
909,30.0,20.0,600.0,180.0,10.0,16.0,9.0,9,135,0,0.0,1.0,0.0,2.0,1.0,0.22,0.0
910,30.0,20.0,600.0,180.0,10.0,16.0,10.0,9,135,0,0.0,0.518,0.0,2.0,1.0,0.22,0.0
911,30.0,20.0,600.0,180.0,10.0,16.0,11.0,9,135,0,0.0,1.0,0.0,2.0,1.0,0.22,0.0
912,30.0,20.0,600.0,180.0,10.0,16.0,12.0,9,135,0,0.0,1.0,0.0,2.0,1.0,0.22,0.0
913,30.0,20.0,600.0,180.0,10.0,16.0,13.0,9,135,0,0.0,1.0,0.0,2.0,1.0,0.22,0.0
914,30.0,20.0,600.0,180.0,10.0,16.0,14.0,9,135,0,0.0,1.0,0.0,2.0,1.0,0.22,0.0
915,30.0,20.0,600.0,180.0,10.0,16.0,15.0,9,135,0,0.0,1.0,0.0,2.0,1.0,0.22,0.0
916,30.0,20.0,600.0,180.0,10.0,16.0,16.0,9,135,0,0.0,1.0,0.0,2.0,1.0,0.22,0.0
917,30.0,20.0,600.0,180.0,10.0,16.0,17.0,9,135,0,0.0,1.0,0.0,2.0,1.0,0.22,0.0
918,30.0,20.0,600.0,180.0,10.0,16.0,18.0,9,135,0,0.0,1.0,0.0,2.0,1.0,0.22,0.0
919,30.0,20.0,600.0,180.0,10.0,16.0,19.0,9,135,0,0.0,1.0,0.0,2.0,1.0,0.22,0.0
920,30.0,20.0,600.0,180.0,10.0,17.0,0.0,9,135,0,0.0,1.0,0.0,2.0,1.0,0.22,0.0
921,30.0,20.0,600.0,180.0,10.0,17.0,1.0,9,135,0,0.0,1.0,0.0,2.0,1.0,0.22,0.0
922,30.0,20.0,600.0,180.0,10.0,17.0,2.0,9,135,0,0.0,0.678,0.0,2.0,1.0,0.22,0.0
923,30.0,20.0,600.0,180.0,10.0,17.0,3.0,9,135,0,0.0,0.801,0.0,2.0,1.0,0.22,0.0
924,30.0,20.0,600.0,180.0,10.0,17.0,4.0,9,135,0,0.0,1.0,0.0,2.0,1.0,0.22,0.0
925,30.0,20.0,600.0,180.0,10.0,17.0,5.0,9,135,0,0.0,1.0,0.0,2.0,1.0,0.22,0.0
926,30.0,20.0,600.0,180.0,10.0,17.0,6.0,9,135,0,0.0,1.0,0.0,2.0,1.0,0.22,0.0
927,30.0,20.0,600.0,180.0,10.0,17.0,7.0,9,135,0,0.0,1.0,0.0,2.0,1.0,0.22,0.0
928,30.0,20.0,600.0,180.0,10.0,17.0,8.0,9,135,0,0.0,1.0,0.0,2.0,1.0,0.22,0.0
929,30.0,20.0,600.0,180.0,10.0,17.0,9.0,9,135,0,0.0,1.0,0.0,2.0,1.0,0.22,0.0
930,30.0,20.0,600.0,180.0,10.0,17.0,10.0,9,135,0,0.0,1.0,0.0,2.0,1.0,0.22,0.0
931,30.0,20.0,600.0,180.0,10.0,17.0,11.0,9,135,0,0.0,1.0,0.0,2.0,1.0,0.22,0.0
932,30.0,20.0,600.0,180.0,10.0,17.0,12.0,9,135,0,0.0,1.0,0.0,2.0,1.0,0.22,0.0
933,30.0,20.0,600.0,180.0,10.0,17.0,13.0,9,135,0,0.0,1.0,0.0,2.0,1.0,0.22,0.0
934,30.0,20.0,600.0,180.0,10.0,17.0,14.0,9,135,0,0.0,1.0,0.0,2.0,1.0,0.22,0.0
935,30.0,20.0,600.0,180.0,10.0,17.0,15.0,9,135,0,0.0,1.0,0.0,2.0,1.0,0.22,0.0
936,30.0,20.0,600.0,180.0,10.0,17.0,16.0,9,135,0,0.0,0.689,0.0,2.0,1.0,0.22,0.0
937,30.0,20.0,600.0,180.0,10.0,17.0,17.0,9,135,0,0.0,1.0,0.0,2.0,1.0,0.22,0.0
938,30.0,20.0,600.0,180.0,10.0,17.0,18.0,9,135,0,0.0,1.0,0.0,2.0,1.0,0.22,0.0
939,30.0,20.0,600.0,180.0,10.0,17.0,19.0,9,135,0,0.0,1.0,0.0,2.0,1.0,0.22,0.0
940,30.0,20.0,600.0,180.0,10.0,18.0,0.0,9,135,0,0.0,1.0,0.0,2.0,1.0,0.22,0.0
941,30.0,20.0,600.0,180.0,10.0,18.0,1.0,9,135,0,0.0,1.0,0.0,2.0,1.0,0.22,0.0
942,30.0,20.0,600.0,180.0,10.0,18.0,2.0,9,135,0,0.0,1.0,0.0,2.0,1.0,0.22,0.0
943,30.0,20.0,600.0,180.0,10.0,18.0,3.0,9,135,0,0.0,1.0,0.0,2.0,1.0,0.22,0.0
944,30.0,20.0,600.0,180.0,10.0,18.0,4.0,9,135,0,0.0,1.0,0.0,2.0,1.0,0.22,0.0
945,30.0,20.0,600.0,180.0,10.0,18.0,5.0,9,135,0,0.0,0.845,0.0,2.0,1.0,0.22,0.0
946,30.0,20.0,600.0,180.0,10.0,18.0,6.0,9,135,0,0.0,1.0,0.0,2.0,1.0,0.22,0.0
947,30.0,20.0,600.0,180.0,10.0,18.0,7.0,9,135,0,0.0,1.0,0.0,2.0,1.0,0.22,0.0
948,30.0,20.0,600.0,180.0,10.0,18.0,8.0,9,135,0,0.0,1.0,0.0,2.0,1.0,0.22,0.0
949,30.0,20.0,600.0,180.0,10.0,18.0,9.0,9,135,0,0.0,1.0,0.0,2.0,1.0,0.22,0.0
950,30.0,20.0,600.0,180.0,10.0,18.0,10.0,9,135,0,0.0,1.0,0.0,2.0,1.0,0.22,0.0
951,30.0,20.0,600.0,180.0,10.0,18.0,11.0,9,135,0,0.0,1.0,0.0,2.0,1.0,0.22,0.0
952,30.0,20.0,600.0,180.0,10.0,18.0,12.0,9,135,0,0.0,1.0,0.0,2.0,1.0,0.22,0.0
953,30.0,20.0,600.0,180.0,10.0,18.0,13.0,9,135,0,0.0,1.0,0.0,2.0,1.0,0.22,0.0
954,30.0,20.0,600.0,180.0,10.0,18.0,14.0,9,135,0,0.0,1.0,0.0,2.0,1.0,0.22,0.0
955,30.0,20.0,600.0,180.0,10.0,18.0,15.0,9,135,0,0.0,1.0,0.0,2.0,1.0,0.22,0.0
956,30.0,20.0,600.0,180.0,10.0,18.0,16.0,9,135,0,0.0,1.0,0.0,2.0,1.0,0.22,0.0
957,30.0,20.0,600.0,180.0,10.0,18.0,17.0,9,135,0,0.0,1.0,0.0,2.0,1.0,0.22,0.0
958,30.0,20.0,600.0,180.0,10.0,18.0,18.0,9,135,0,0.0,1.0,0.0,2.0,1.0,0.22,0.0
959,30.0,20.0,600.0,180.0,10.0,18.0,19.0,9,135,0,0.0,1.0,0.0,2.0,1.0,0.22,0.0
960,30.0,20.0,600.0,180.0,10.0,19.0,0.0,9,135,0,0.0,1.0,0.0,2.0,1.0,0.22,0.0
961,30.0,20.0,600.0,180.0,10.0,19.0,1.0,9,135,0,0.0,1.0,0.0,2.0,1.0,0.22,0.0
962,30.0,20.0,600.0,180.0,10.0,19.0,2.0,9,135,0,0.0,0.588,0.0,2.0,1.0,0.22,0.0
963,30.0,20.0,600.0,180.0,10.0,19.0,3.0,9,135,0,0.0,1.0,0.0,2.0,1.0,0.22,0.0
964,30.0,20.0,600.0,180.0,10.0,19.0,4.0,9,135,0,0.0,1.0,0.0,2.0,1.0,0.22,0.0
965,30.0,20.0,600.0,180.0,10.0,19.0,5.0,9,135,0,0.0,1.0,0.0,2.0,1.0,0.22,0.0
966,30.0,20.0,600.0,180.0,10.0,19.0,6.0,9,135,0,0.0,1.0,0.0,2.0,1.0,0.22,0.0
967,30.0,20.0,600.0,180.0,10.0,19.0,7.0,9,135,0,0.0,1.0,0.0,2.0,1.0,0.22,0.0
968,30.0,20.0,600.0,180.0,10.0,19.0,8.0,9,135,0,0.0,1.0,0.0,2.0,1.0,0.22,0.0
969,30.0,20.0,600.0,180.0,10.0,19.0,9.0,9,135,0,0.0,1.0,0.0,2.0,1.0,0.22,0.0
970,30.0,20.0,600.0,180.0,10.0,19.0,10.0,9,135,0,0.0,1.0,0.0,2.0,1.0,0.22,0.0
971,30.0,20.0,600.0,180.0,10.0,19.0,11.0,9,135,0,0.0,1.0,0.0,2.0,1.0,0.22,0.0
972,30.0,20.0,600.0,180.0,10.0,19.0,12.0,9,135,0,0.0,1.0,0.0,2.0,1.0,0.22,0.0
973,30.0,20.0,600.0,180.0,10.0,19.0,13.0,9,135,0,0.0,1.0,0.0,2.0,1.0,0.22,0.0
974,30.0,20.0,600.0,180.0,10.0,19.0,14.0,9,135,0,0.0,1.0,0.0,2.0,1.0,0.22,0.0
975,30.0,20.0,600.0,180.0,10.0,19.0,15.0,9,135,0,0.0,1.0,0.0,2.0,1.0,0.22,0.0
976,30.0,20.0,600.0,180.0,10.0,19.0,16.0,9,135,0,0.0,1.0,0.0,2.0,1.0,0.22,0.0
977,30.0,20.0,600.0,180.0,10.0,19.0,17.0,9,135,0,0.0,1.0,0.0,2.0,1.0,0.22,0.0
978,30.0,20.0,600.0,180.0,10.0,19.0,18.0,9,135,0,0.0,1.0,0.0,2.0,1.0,0.22,0.0
979,30.0,20.0,600.0,180.0,10.0,19.0,19.0,9,135,0,0.0,1.0,0.0,2.0,1.0,0.22,0.0
980,30.0,20.0,600.0,180.0,10.0,20.0,0.0,9,135,0,0.0,0.314,0.0,2.0,1.0,0.22,0.0
981,30.0,20.0,600.0,180.0,10.0,20.0,1.0,9,135,0,0.0,0.671,0.0,2.0,1.0,0.22,0.0
982,30.0,20.0,600.0,180.0,10.0,20.0,2.0,9,135,0,0.0,0.524,0.0,2.0,1.0,0.22,0.0
983,30.0,20.0,600.0,180.0,10.0,20.0,3.0,9,135,0,0.0,0.593,0.0,2.0,1.0,0.22,0.0
984,30.0,20.0,600.0,180.0,10.0,20.0,4.0,9,135,0,0.0,0.616,0.0,2.0,1.0,0.22,0.0
985,30.0,20.0,600.0,180.0,10.0,20.0,5.0,9,135,0,0.0,0.502,0.0,2.0,1.0,0.22,0.0
986,30.0,20.0,600.0,180.0,10.0,20.0,6.0,9,135,0,0.0,0.452,0.0,2.0,1.0,0.22,0.0
987,30.0,20.0,600.0,180.0,10.0,20.0,7.0,9,135,0,0.0,0.527,0.0,2.0,1.0,0.22,0.0
988,30.0,20.0,600.0,180.0,10.0,20.0,8.0,9,135,0,0.0,0.653,0.0,2.0,1.0,0.22,0.0
989,30.0,20.0,600.0,180.0,10.0,20.0,9.0,9,135,0,0.0,0.444,0.0,2.0,1.0,0.22,0.0
990,30.0,20.0,600.0,180.0,10.0,20.0,10.0,9,135,0,0.0,0.679,0.0,2.0,1.0,0.22,0.0
991,30.0,20.0,600.0,180.0,10.0,20.0,11.0,9,135,0,0.0,0.576,0.0,2.0,1.0,0.22,0.0
992,30.0,20.0,600.0,180.0,10.0,20.0,12.0,9,135,0,0.0,0.42,0.0,2.0,1.0,0.22,0.0
993,30.0,20.0,600.0,180.0,10.0,20.0,13.0,9,135,0,0.0,0.426,0.0,2.0,1.0,0.22,0.0
994,30.0,20.0,600.0,180.0,10.0,20.0,14.0,9,135,0,0.0,0.318,0.0,2.0,1.0,0.22,0.0
995,30.0,20.0,600.0,180.0,10.0,20.0,15.0,9,135,0,0.0,0.589,0.0,2.0,1.0,0.22,0.0
996,30.0,20.0,600.0,180.0,10.0,20.0,16.0,9,135,0,0.0,0.528,0.0,2.0,1.0,0.22,0.0
997,30.0,20.0,600.0,180.0,10.0,20.0,17.0,9,135,0,0.0,0.605,0.0,2.0,1.0,0.22,0.0
998,30.0,20.0,600.0,180.0,10.0,20.0,18.0,9,135,0,0.0,0.656,0.0,2.0,1.0,0.22,0.0
999,30.0,20.0,600.0,180.0,10.0,20.0,19.0,9,135,0,0.0,0.354,0.0,2.0,1.0,0.22,0.0
1000,30.0,20.0,600.0,180.0,10.0,21.0,0.0,9,135,0,0.0,0.687,0.0,2.0,1.0,0.22,0.0
1001,30.0,20.0,600.0,180.0,10.0,21.0,1.0,9,135,0,0.0,0.379,0.0,2.0,1.0,0.22,0.0
1002,30.0,20.0,600.0,180.0,10.0,21.0,2.0,9,135,0,0.0,0.519,0.0,2.0,1.0,0.22,0.0
1003,30.0,20.0,600.0,180.0,10.0,21.0,3.0,9,135,0,0.0,0.507,0.0,2.0,1.0,0.22,0.0
1004,30.0,20.0,600.0,180.0,10.0,21.0,4.0,9,135,0,0.0,0.477,0.0,2.0,1.0,0.22,0.0
1005,30.0,20.0,600.0,180.0,10.0,21.0,5.0,9,135,0,0.0,0.699,0.0,2.0,1.0,0.22,0.0
1006,30.0,20.0,600.0,180.0,10.0,21.0,6.0,9,135,0,0.0,0.782,0.0,2.0,1.0,0.22,0.0
1007,30.0,20.0,600.0,180.0,10.0,21.0,7.0,9,135,0,0.0,0.413,0.0,2.0,1.0,0.22,0.0
1008,30.0,20.0,600.0,180.0,10.0,21.0,8.0,9,135,0,0.0,0.491,0.0,2.0,1.0,0.22,0.0
1009,30.0,20.0,600.0,180.0,10.0,21.0,9.0,9,135,0,0.0,0.772,0.0,2.0,1.0,0.22,0.0
1010,30.0,20.0,600.0,180.0,10.0,21.0,10.0,9,135,0,0.0,0.626,0.0,2.0,1.0,0.22,0.0
1011,30.0,20.0,600.0,180.0,10.0,21.0,11.0,9,135,0,0.0,0.407,0.0,2.0,1.0,0.22,0.0
1012,30.0,20.0,600.0,180.0,10.0,21.0,12.0,9,135,0,0.0,0.671,0.0,2.0,1.0,0.22,0.0
1013,30.0,20.0,600.0,180.0,10.0,21.0,13.0,9,135,0,0.0,0.464,0.0,2.0,1.0,0.22,0.0
1014,30.0,20.0,600.0,180.0,10.0,21.0,14.0,9,135,0,0.0,0.446,0.0,2.0,1.0,0.22,0.0
1015,30.0,20.0,600.0,180.0,10.0,21.0,15.0,9,135,0,0.0,0.552,0.0,2.0,1.0,0.22,0.0
1016,30.0,20.0,600.0,180.0,10.0,21.0,16.0,9,135,0,0.0,0.47,0.0,2.0,1.0,0.22,0.0
1017,30.0,20.0,600.0,180.0,10.0,21.0,17.0,9,135,0,0.0,0.542,0.0,2.0,1.0,0.22,0.0
1018,30.0,20.0,600.0,180.0,10.0,21.0,18.0,9,135,0,0.0,0.598,0.0,2.0,1.0,0.22,0.0
1019,30.0,20.0,600.0,180.0,10.0,21.0,19.0,9,135,0,0.0,0.589,0.0,2.0,1.0,0.22,0.0
1020,30.0,20.0,600.0,180.0,10.0,22.0,0.0,9,135,0,0.0,0.555,0.0,2.0,1.0,0.22,0.0
1021,30.0,20.0,600.0,180.0,10.0,22.0,1.0,9,135,0,0.0,0.501,0.0,2.0,1.0,0.22,0.0
1022,30.0,20.0,600.0,180.0,10.0,22.0,2.0,9,135,0,0.0,0.396,0.0,2.0,1.0,0.22,0.0
1023,30.0,20.0,600.0,180.0,10.0,22.0,3.0,9,135,0,0.0,0.673,0.0,2.0,1.0,0.22,0.0
1024,30.0,20.0,600.0,180.0,10.0,22.0,4.0,9,135,0,0.0,0.481,0.0,2.0,1.0,0.22,0.0
1025,30.0,20.0,600.0,180.0,10.0,22.0,5.0,9,135,0,0.0,0.521,0.0,2.0,1.0,0.22,0.0
1026,30.0,20.0,600.0,180.0,10.0,22.0,6.0,9,135,0,0.0,0.303,0.0,2.0,1.0,0.22,0.0
1027,30.0,20.0,600.0,180.0,10.0,22.0,7.0,9,135,0,0.0,0.365,0.0,2.0,1.0,0.22,0.0
1028,30.0,20.0,600.0,180.0,10.0,22.0,8.0,9,135,0,0.0,0.332,0.0,2.0,1.0,0.22,0.0
1029,30.0,20.0,600.0,180.0,10.0,22.0,9.0,9,135,0,0.0,0.516,0.0,2.0,1.0,0.22,0.0
1030,30.0,20.0,600.0,180.0,10.0,22.0,10.0,9,135,0,0.0,0.553,0.0,2.0,1.0,0.22,0.0
1031,30.0,20.0,600.0,180.0,10.0,22.0,11.0,9,135,0,0.0,0.684,0.0,2.0,1.0,0.22,0.0
1032,30.0,20.0,600.0,180.0,10.0,22.0,12.0,9,135,0,0.0,0.604,0.0,2.0,1.0,0.22,0.0
1033,30.0,20.0,600.0,180.0,10.0,22.0,13.0,9,135,0,0.0,0.49,0.0,2.0,1.0,0.22,0.0
1034,30.0,20.0,600.0,180.0,10.0,22.0,14.0,9,135,0,0.0,0.57,0.0,2.0,1.0,0.22,0.0
1035,30.0,20.0,600.0,180.0,10.0,22.0,15.0,9,135,0,0.0,0.472,0.0,2.0,1.0,0.22,0.0
1036,30.0,20.0,600.0,180.0,10.0,22.0,16.0,9,135,0,0.0,0.331,0.0,2.0,1.0,0.22,0.0
1037,30.0,20.0,600.0,180.0,10.0,22.0,17.0,9,135,0,0.0,0.554,0.0,2.0,1.0,0.22,0.0
1038,30.0,20.0,600.0,180.0,10.0,22.0,18.0,9,135,0,0.0,0.365,0.0,2.0,1.0,0.22,0.0
1039,30.0,20.0,600.0,180.0,10.0,22.0,19.0,9,135,0,0.0,0.579,0.0,2.0,1.0,0.22,0.0
1040,30.0,20.0,600.0,180.0,10.0,23.0,0.0,9,135,0,0.0,0.413,0.0,2.0,1.0,0.22,0.0
1041,30.0,20.0,600.0,180.0,10.0,23.0,1.0,9,135,0,0.0,0.674,0.0,2.0,1.0,0.22,0.0
1042,30.0,20.0,600.0,180.0,10.0,23.0,2.0,9,135,0,0.0,0.603,0.0,2.0,1.0,0.22,0.0
1043,30.0,20.0,600.0,180.0,10.0,23.0,3.0,9,135,0,0.0,0.31,0.0,2.0,1.0,0.22,0.0
1044,30.0,20.0,600.0,180.0,10.0,23.0,4.0,9,135,0,0.0,0.388,0.0,2.0,1.0,0.22,0.0
1045,30.0,20.0,600.0,180.0,10.0,23.0,5.0,9,135,0,0.0,0.671,0.0,2.0,1.0,0.22,0.0
1046,30.0,20.0,600.0,180.0,10.0,23.0,6.0,9,135,0,0.0,0.449,0.0,2.0,1.0,0.22,0.0
1047,30.0,20.0,600.0,180.0,10.0,23.0,7.0,9,135,0,0.0,0.674,0.0,2.0,1.0,0.22,0.0
1048,30.0,20.0,600.0,180.0,10.0,23.0,8.0,9,135,0,0.0,0.656,0.0,2.0,1.0,0.22,0.0
1049,30.0,20.0,600.0,180.0,10.0,23.0,9.0,9,135,0,0.0,0.342,0.0,2.0,1.0,0.22,0.0
1050,30.0,20.0,600.0,180.0,10.0,23.0,10.0,9,135,0,0.0,0.69,0.0,2.0,1.0,0.22,0.0
1051,30.0,20.0,600.0,180.0,10.0,23.0,11.0,9,135,0,0.0,0.326,0.0,2.0,1.0,0.22,0.0
1052,30.0,20.0,600.0,180.0,10.0,23.0,12.0,9,135,0,0.0,0.582,0.0,2.0,1.0,0.22,0.0
1053,30.0,20.0,600.0,180.0,10.0,23.0,13.0,9,135,0,0.0,0.385,0.0,2.0,1.0,0.22,0.0
1054,30.0,20.0,600.0,180.0,10.0,23.0,14.0,9,135,0,0.0,0.367,0.0,2.0,1.0,0.22,0.0
1055,30.0,20.0,600.0,180.0,10.0,23.0,15.0,9,135,0,0.0,0.549,0.0,2.0,1.0,0.22,0.0
1056,30.0,20.0,600.0,180.0,10.0,23.0,16.0,9,135,0,0.0,0.534,0.0,2.0,1.0,0.22,0.0
1057,30.0,20.0,600.0,180.0,10.0,23.0,17.0,9,135,0,0.0,0.427,0.0,2.0,1.0,0.22,0.0
1058,30.0,20.0,600.0,180.0,10.0,23.0,18.0,9,135,0,0.0,0.323,0.0,2.0,1.0,0.22,0.0
1059,30.0,20.0,600.0,180.0,10.0,23.0,19.0,9,135,0,0.0,0.561,0.0,2.0,1.0,0.22,0.0
1060,30.0,20.0,600.0,180.0,10.0,24.0,0.0,9,135,0,0.0,0.521,0.0,2.0,1.0,0.22,0.0
1061,30.0,20.0,600.0,180.0,10.0,24.0,1.0,9,135,0,0.0,0.392,0.0,2.0,1.0,0.22,0.0
1062,30.0,20.0,600.0,180.0,10.0,24.0,2.0,9,135,0,0.0,0.627,0.0,2.0,1.0,0.22,0.0
1063,30.0,20.0,600.0,180.0,10.0,24.0,3.0,9,135,0,0.0,0.39,0.0,2.0,1.0,0.22,0.0
1064,30.0,20.0,600.0,180.0,10.0,24.0,4.0,9,135,0,0.0,0.449,0.0,2.0,1.0,0.22,0.0
1065,30.0,20.0,600.0,180.0,10.0,24.0,5.0,9,135,0,0.0,0.373,0.0,2.0,1.0,0.22,0.0
1066,30.0,20.0,600.0,180.0,10.0,24.0,6.0,9,135,0,0.0,0.681,0.0,2.0,1.0,0.22,0.0
1067,30.0,20.0,600.0,180.0,10.0,24.0,7.0,9,135,0,0.0,0.786,0.0,2.0,1.0,0.22,0.0
1068,30.0,20.0,600.0,180.0,10.0,24.0,8.0,9,135,0,0.0,0.441,0.0,2.0,1.0,0.22,0.0
1069,30.0,20.0,600.0,180.0,10.0,24.0,9.0,9,135,0,0.0,0.31,0.0,2.0,1.0,0.22,0.0
1070,30.0,20.0,600.0,180.0,10.0,24.0,10.0,9,135,0,0.0,0.435,0.0,2.0,1.0,0.22,0.0
1071,30.0,20.0,600.0,180.0,10.0,24.0,11.0,9,135,0,0.0,0.585,0.0,2.0,1.0,0.22,0.0
1072,30.0,20.0,600.0,180.0,10.0,24.0,12.0,9,135,0,0.0,0.636,0.0,2.0,1.0,0.22,0.0
1073,30.0,20.0,600.0,180.0,10.0,24.0,13.0,9,135,0,0.0,0.374,0.0,2.0,1.0,0.22,0.0
1074,30.0,20.0,600.0,180.0,10.0,24.0,14.0,9,135,0,0.0,0.453,0.0,2.0,1.0,0.22,0.0
1075,30.0,20.0,600.0,180.0,10.0,24.0,15.0,9,135,0,0.0,0.336,0.0,2.0,1.0,0.22,0.0
1076,30.0,20.0,600.0,180.0,10.0,24.0,16.0,9,135,0,0.0,0.602,0.0,2.0,1.0,0.22,0.0
1077,30.0,20.0,600.0,180.0,10.0,24.0,17.0,9,135,0,0.0,0.551,0.0,2.0,1.0,0.22,0.0
1078,30.0,20.0,600.0,180.0,10.0,24.0,18.0,9,135,0,0.0,0.521,0.0,2.0,1.0,0.22,0.0
1079,30.0,20.0,600.0,180.0,10.0,24.0,19.0,9,135,0,0.0,0.387,0.0,2.0,1.0,0.22,0.0
1080,30.0,20.0,600.0,180.0,10.0,25.0,0.0,9,135,0,0.0,0.455,0.0,2.0,1.0,0.22,0.0
1081,30.0,20.0,600.0,180.0,10.0,25.0,1.0,9,135,0,0.0,0.405,0.0,2.0,1.0,0.22,0.0
1082,30.0,20.0,600.0,180.0,10.0,25.0,2.0,9,135,0,0.0,0.545,0.0,2.0,1.0,0.22,0.0
1083,30.0,20.0,600.0,180.0,10.0,25.0,3.0,9,135,0,0.0,0.51,0.0,2.0,1.0,0.22,0.0
1084,30.0,20.0,600.0,180.0,10.0,25.0,4.0,9,135,0,0.0,0.797,0.0,2.0,1.0,0.22,0.0
1085,30.0,20.0,600.0,180.0,10.0,25.0,5.0,9,135,0,0.0,0.313,0.0,2.0,1.0,0.22,0.0
1086,30.0,20.0,600.0,180.0,10.0,25.0,6.0,9,135,0,0.0,0.639,0.0,2.0,1.0,0.22,0.0
1087,30.0,20.0,600.0,180.0,10.0,25.0,7.0,9,135,0,0.0,0.363,0.0,2.0,1.0,0.22,0.0
1088,30.0,20.0,600.0,180.0,10.0,25.0,8.0,9,135,0,0.0,0.457,0.0,2.0,1.0,0.22,0.0
1089,30.0,20.0,600.0,180.0,10.0,25.0,9.0,9,135,0,0.0,0.472,0.0,2.0,1.0,0.22,0.0
1090,30.0,20.0,600.0,180.0,10.0,25.0,10.0,9,135,0,0.0,0.518,0.0,2.0,1.0,0.22,0.0
1091,30.0,20.0,600.0,180.0,10.0,25.0,11.0,9,135,0,0.0,0.345,0.0,2.0,1.0,0.22,0.0
1092,30.0,20.0,600.0,180.0,10.0,25.0,12.0,9,135,0,0.0,0.354,0.0,2.0,1.0,0.22,0.0
1093,30.0,20.0,600.0,180.0,10.0,25.0,13.0,9,135,0,0.0,0.705,0.0,2.0,1.0,0.22,0.0
1094,30.0,20.0,600.0,180.0,10.0,25.0,14.0,9,135,0,0.0,0.394,0.0,2.0,1.0,0.22,0.0
1095,30.0,20.0,600.0,180.0,10.0,25.0,15.0,9,135,0,0.0,0.402,0.0,2.0,1.0,0.22,0.0
1096,30.0,20.0,600.0,180.0,10.0,25.0,16.0,9,135,0,0.0,0.302,0.0,2.0,1.0,0.22,0.0
1097,30.0,20.0,600.0,180.0,10.0,25.0,17.0,9,135,0,0.0,0.632,0.0,2.0,1.0,0.22,0.0
1098,30.0,20.0,600.0,180.0,10.0,25.0,18.0,9,135,0,0.0,0.598,0.0,2.0,1.0,0.22,0.0
1099,30.0,20.0,600.0,180.0,10.0,25.0,19.0,9,135,0,0.0,0.353,0.0,2.0,1.0,0.22,0.0
1100,30.0,20.0,600.0,180.0,10.0,26.0,0.0,9,135,0,0.0,0.332,0.0,2.0,1.0,0.22,0.0
1101,30.0,20.0,600.0,180.0,10.0,26.0,1.0,9,135,0,0.0,0.61,0.0,2.0,1.0,0.22,0.0
1102,30.0,20.0,600.0,180.0,10.0,26.0,2.0,9,135,0,0.0,0.648,0.0,2.0,1.0,0.22,0.0
1103,30.0,20.0,600.0,180.0,10.0,26.0,3.0,9,135,0,0.0,0.34,0.0,2.0,1.0,0.22,0.0
1104,30.0,20.0,600.0,180.0,10.0,26.0,4.0,9,135,0,0.0,0.349,0.0,2.0,1.0,0.22,0.0
1105,30.0,20.0,600.0,180.0,10.0,26.0,5.0,9,135,0,0.0,0.609,0.0,2.0,1.0,0.22,0.0
1106,30.0,20.0,600.0,180.0,10.0,26.0,6.0,9,135,0,0.0,0.579,0.0,2.0,1.0,0.22,0.0
1107,30.0,20.0,600.0,180.0,10.0,26.0,7.0,9,135,0,0.0,0.618,0.0,2.0,1.0,0.22,0.0
1108,30.0,20.0,600.0,180.0,10.0,26.0,8.0,9,135,0,0.0,0.42,0.0,2.0,1.0,0.22,0.0
1109,30.0,20.0,600.0,180.0,10.0,26.0,9.0,9,135,0,0.0,0.379,0.0,2.0,1.0,0.22,0.0
1110,30.0,20.0,600.0,180.0,10.0,26.0,10.0,9,135,0,0.0,0.455,0.0,2.0,1.0,0.22,0.0
1111,30.0,20.0,600.0,180.0,10.0,26.0,11.0,9,135,0,0.0,0.551,0.0,2.0,1.0,0.22,0.0
1112,30.0,20.0,600.0,180.0,10.0,26.0,12.0,9,135,0,0.0,0.695,0.0,2.0,1.0,0.22,0.0
1113,30.0,20.0,600.0,180.0,10.0,26.0,13.0,9,135,0,0.0,0.662,0.0,2.0,1.0,0.22,0.0
1114,30.0,20.0,600.0,180.0,10.0,26.0,14.0,9,135,0,0.0,0.334,0.0,2.0,1.0,0.22,0.0
1115,30.0,20.0,600.0,180.0,10.0,26.0,15.0,9,135,0,0.0,0.585,0.0,2.0,1.0,0.22,0.0
1116,30.0,20.0,600.0,180.0,10.0,26.0,16.0,9,135,0,0.0,0.43,0.0,2.0,1.0,0.22,0.0
1117,30.0,20.0,600.0,180.0,10.0,26.0,17.0,9,135,0,0.0,0.559,0.0,2.0,1.0,0.22,0.0
1118,30.0,20.0,600.0,180.0,10.0,26.0,18.0,9,135,0,0.0,0.605,0.0,2.0,1.0,0.22,0.0
1119,30.0,20.0,600.0,180.0,10.0,26.0,19.0,9,135,0,0.0,0.688,0.0,2.0,1.0,0.22,0.0
1120,30.0,20.0,600.0,180.0,10.0,27.0,0.0,9,135,0,0.0,0.575,0.0,2.0,1.0,0.22,0.0
1121,30.0,20.0,600.0,180.0,10.0,27.0,1.0,9,135,0,0.0,0.594,0.0,2.0,1.0,0.22,0.0
1122,30.0,20.0,600.0,180.0,10.0,27.0,2.0,9,135,0,0.0,0.313,0.0,2.0,1.0,0.22,0.0
1123,30.0,20.0,600.0,180.0,10.0,27.0,3.0,9,135,0,0.0,0.528,0.0,2.0,1.0,0.22,0.0
1124,30.0,20.0,600.0,180.0,10.0,27.0,4.0,9,135,0,0.0,0.598,0.0,2.0,1.0,0.22,0.0
1125,30.0,20.0,600.0,180.0,10.0,27.0,5.0,9,135,0,0.0,0.539,0.0,2.0,1.0,0.22,0.0
1126,30.0,20.0,600.0,180.0,10.0,27.0,6.0,9,135,0,0.0,0.391,0.0,2.0,1.0,0.22,0.0
1127,30.0,20.0,600.0,180.0,10.0,27.0,7.0,9,135,0,0.0,0.529,0.0,2.0,1.0,0.22,0.0
1128,30.0,20.0,600.0,180.0,10.0,27.0,8.0,9,135,0,0.0,0.605,0.0,2.0,1.0,0.22,0.0
1129,30.0,20.0,600.0,180.0,10.0,27.0,9.0,9,135,0,0.0,0.677,0.0,2.0,1.0,0.22,0.0
1130,30.0,20.0,600.0,180.0,10.0,27.0,10.0,9,135,0,0.0,0.373,0.0,2.0,1.0,0.22,0.0
1131,30.0,20.0,600.0,180.0,10.0,27.0,11.0,9,135,0,0.0,0.311,0.0,2.0,1.0,0.22,0.0
1132,30.0,20.0,600.0,180.0,10.0,27.0,12.0,9,135,0,0.0,0.39,0.0,2.0,1.0,0.22,0.0
1133,30.0,20.0,600.0,180.0,10.0,27.0,13.0,9,135,0,0.0,0.666,0.0,2.0,1.0,0.22,0.0
1134,30.0,20.0,600.0,180.0,10.0,27.0,14.0,9,135,0,0.0,0.531,0.0,2.0,1.0,0.22,0.0
1135,30.0,20.0,600.0,180.0,10.0,27.0,15.0,9,135,0,0.0,0.613,0.0,2.0,1.0,0.22,0.0
1136,30.0,20.0,600.0,180.0,10.0,27.0,16.0,9,135,0,0.0,0.583,0.0,2.0,1.0,0.22,0.0
1137,30.0,20.0,600.0,180.0,10.0,27.0,17.0,9,135,0,0.0,0.585,0.0,2.0,1.0,0.22,0.0
1138,30.0,20.0,600.0,180.0,10.0,27.0,18.0,9,135,0,0.0,0.52,0.0,2.0,1.0,0.22,0.0
1139,30.0,20.0,600.0,180.0,10.0,27.0,19.0,9,135,0,0.0,0.406,0.0,2.0,1.0,0.22,0.0
1140,30.0,20.0,600.0,180.0,10.0,28.0,0.0,9,135,0,0.0,0.667,0.0,2.0,1.0,0.22,0.0
1141,30.0,20.0,600.0,180.0,10.0,28.0,1.0,9,135,0,0.0,0.302,0.0,2.0,1.0,0.22,0.0
1142,30.0,20.0,600.0,180.0,10.0,28.0,2.0,9,135,0,0.0,0.425,0.0,2.0,1.0,0.22,0.0
1143,30.0,20.0,600.0,180.0,10.0,28.0,3.0,9,135,0,0.0,0.576,0.0,2.0,1.0,0.22,0.0
1144,30.0,20.0,600.0,180.0,10.0,28.0,4.0,9,135,0,0.0,0.504,0.0,2.0,1.0,0.22,0.0
1145,30.0,20.0,600.0,180.0,10.0,28.0,5.0,9,135,0,0.0,0.513,0.0,2.0,1.0,0.22,0.0
1146,30.0,20.0,600.0,180.0,10.0,28.0,6.0,9,135,0,0.0,0.677,0.0,2.0,1.0,0.22,0.0
1147,30.0,20.0,600.0,180.0,10.0,28.0,7.0,9,135,0,0.0,0.87,0.0,2.0,1.0,0.22,0.0
1148,30.0,20.0,600.0,180.0,10.0,28.0,8.0,9,135,0,0.0,0.613,0.0,2.0,1.0,0.22,0.0
1149,30.0,20.0,600.0,180.0,10.0,28.0,9.0,9,135,0,0.0,0.425,0.0,2.0,1.0,0.22,0.0
1150,30.0,20.0,600.0,180.0,10.0,28.0,10.0,9,135,0,0.0,0.552,0.0,2.0,1.0,0.22,0.0
1151,30.0,20.0,600.0,180.0,10.0,28.0,11.0,9,135,0,0.0,0.518,0.0,2.0,1.0,0.22,0.0
1152,30.0,20.0,600.0,180.0,10.0,28.0,12.0,9,135,0,0.0,0.476,0.0,2.0,1.0,0.22,0.0
1153,30.0,20.0,600.0,180.0,10.0,28.0,13.0,9,135,0,0.0,0.432,0.0,2.0,1.0,0.22,0.0
1154,30.0,20.0,600.0,180.0,10.0,28.0,14.0,9,135,0,0.0,0.438,0.0,2.0,1.0,0.22,0.0
1155,30.0,20.0,600.0,180.0,10.0,28.0,15.0,9,135,0,0.0,0.878,0.0,2.0,1.0,0.22,0.0
1156,30.0,20.0,600.0,180.0,10.0,28.0,16.0,9,135,0,0.0,0.691,0.0,2.0,1.0,0.22,0.0
1157,30.0,20.0,600.0,180.0,10.0,28.0,17.0,9,135,0,0.0,0.694,0.0,2.0,1.0,0.22,0.0
1158,30.0,20.0,600.0,180.0,10.0,28.0,18.0,9,135,0,0.0,0.56,0.0,2.0,1.0,0.22,0.0
1159,30.0,20.0,600.0,180.0,10.0,28.0,19.0,9,135,0,0.0,0.593,0.0,2.0,1.0,0.22,0.0
1160,30.0,20.0,600.0,180.0,10.0,0.0,0.0,10,150,0,0.0,1.0,0.0,2.0,1.0,0.22,0.0
1161,30.0,20.0,600.0,180.0,10.0,0.0,1.0,10,150,0,0.0,1.0,0.0,2.0,1.0,0.22,0.0
1162,30.0,20.0,600.0,180.0,10.0,0.0,2.0,10,150,0,0.0,1.0,0.0,2.0,1.0,0.22,0.0
1163,30.0,20.0,600.0,180.0,10.0,0.0,3.0,10,150,0,0.0,1.0,0.0,2.0,1.0,0.22,0.0
1164,30.0,20.0,600.0,180.0,10.0,0.0,4.0,10,150,0,0.0,1.0,0.0,2.0,1.0,0.22,0.0
1165,30.0,20.0,600.0,180.0,10.0,0.0,5.0,10,150,0,0.0,1.0,0.0,2.0,1.0,0.22,0.0
1166,30.0,20.0,600.0,180.0,10.0,0.0,6.0,10,150,0,0.0,1.0,0.0,2.0,1.0,0.22,0.0
1167,30.0,20.0,600.0,180.0,10.0,0.0,7.0,10,150,0,0.0,1.0,0.0,2.0,1.0,0.22,0.0
1168,30.0,20.0,600.0,180.0,10.0,0.0,8.0,10,150,0,0.0,1.0,0.0,2.0,1.0,0.22,0.0
1169,30.0,20.0,600.0,180.0,10.0,0.0,9.0,10,150,0,0.0,1.0,0.0,2.0,1.0,0.22,0.0
1170,30.0,20.0,600.0,180.0,10.0,0.0,10.0,10,150,0,0.0,1.0,0.0,2.0,1.0,0.22,0.0
1171,30.0,20.0,600.0,180.0,10.0,0.0,11.0,10,150,0,0.0,1.0,0.0,2.0,1.0,0.22,0.0
1172,30.0,20.0,600.0,180.0,10.0,0.0,12.0,10,150,0,0.0,1.0,0.0,2.0,1.0,0.22,0.0
1173,30.0,20.0,600.0,180.0,10.0,0.0,13.0,10,150,0,0.0,1.0,0.0,2.0,1.0,0.22,0.0
1174,30.0,20.0,600.0,180.0,10.0,0.0,14.0,10,150,0,0.0,1.0,0.0,2.0,1.0,0.22,0.0
1175,30.0,20.0,600.0,180.0,10.0,0.0,15.0,10,150,0,0.0,1.0,0.0,2.0,1.0,0.22,0.0
1176,30.0,20.0,600.0,180.0,10.0,0.0,16.0,10,150,0,0.0,1.0,0.0,2.0,1.0,0.22,0.0
1177,30.0,20.0,600.0,180.0,10.0,0.0,17.0,10,150,0,0.0,1.0,0.0,2.0,1.0,0.22,0.0
1178,30.0,20.0,600.0,180.0,10.0,0.0,18.0,10,150,0,0.0,1.0,0.0,2.0,1.0,0.22,0.0
1179,30.0,20.0,600.0,180.0,10.0,0.0,19.0,10,150,0,0.0,1.0,0.0,2.0,1.0,0.22,0.0
1180,30.0,20.0,600.0,180.0,10.0,1.0,0.0,10,150,0,0.0,1.0,0.0,2.0,1.0,0.22,0.0
1181,30.0,20.0,600.0,180.0,10.0,1.0,1.0,10,150,0,0.0,1.0,0.0,2.0,1.0,0.22,0.0
1182,30.0,20.0,600.0,180.0,10.0,1.0,2.0,10,150,0,0.0,1.0,0.0,2.0,1.0,0.22,0.0
1183,30.0,20.0,600.0,180.0,10.0,1.0,3.0,10,150,0,0.0,1.0,0.0,2.0,1.0,0.22,0.0
1184,30.0,20.0,600.0,180.0,10.0,1.0,4.0,10,150,0,0.0,1.0,0.0,2.0,1.0,0.22,0.0
1185,30.0,20.0,600.0,180.0,10.0,1.0,5.0,10,150,0,0.0,1.0,0.0,2.0,1.0,0.22,0.0
1186,30.0,20.0,600.0,180.0,10.0,1.0,6.0,10,150,0,0.0,1.0,0.0,2.0,1.0,0.22,0.0
1187,30.0,20.0,600.0,180.0,10.0,1.0,7.0,10,150,0,0.0,1.0,0.0,2.0,1.0,0.22,0.0
1188,30.0,20.0,600.0,180.0,10.0,1.0,8.0,10,150,0,0.0,1.0,0.0,2.0,1.0,0.22,0.0
1189,30.0,20.0,600.0,180.0,10.0,1.0,9.0,10,150,0,0.0,1.0,0.0,2.0,1.0,0.22,0.0
1190,30.0,20.0,600.0,180.0,10.0,1.0,10.0,10,150,0,0.0,1.0,0.0,2.0,1.0,0.22,0.0
1191,30.0,20.0,600.0,180.0,10.0,1.0,11.0,10,150,0,0.0,1.0,0.0,2.0,1.0,0.22,0.0
1192,30.0,20.0,600.0,180.0,10.0,1.0,12.0,10,150,0,0.0,1.0,0.0,2.0,1.0,0.22,0.0
1193,30.0,20.0,600.0,180.0,10.0,1.0,13.0,10,150,0,0.0,1.0,0.0,2.0,1.0,0.22,0.0
1194,30.0,20.0,600.0,180.0,10.0,1.0,14.0,10,150,0,0.0,0.824,0.0,2.0,1.0,0.22,0.0
1195,30.0,20.0,600.0,180.0,10.0,1.0,15.0,10,150,0,0.0,1.0,0.0,2.0,1.0,0.22,0.0
1196,30.0,20.0,600.0,180.0,10.0,1.0,16.0,10,150,0,0.0,1.0,0.0,2.0,1.0,0.22,0.0
1197,30.0,20.0,600.0,180.0,10.0,1.0,17.0,10,150,0,0.0,1.0,0.0,2.0,1.0,0.22,0.0
1198,30.0,20.0,600.0,180.0,10.0,1.0,18.0,10,150,0,0.0,1.0,0.0,2.0,1.0,0.22,0.0
1199,30.0,20.0,600.0,180.0,10.0,1.0,19.0,10,150,0,0.0,1.0,0.0,2.0,1.0,0.22,0.0
1200,30.0,20.0,600.0,180.0,10.0,2.0,0.0,10,150,0,0.0,1.0,0.0,2.0,1.0,0.22,0.0
1201,30.0,20.0,600.0,180.0,10.0,2.0,1.0,10,150,0,0.0,1.0,0.0,2.0,1.0,0.22,0.0
1202,30.0,20.0,600.0,180.0,10.0,2.0,2.0,10,150,0,0.0,1.0,0.0,2.0,1.0,0.22,0.0
1203,30.0,20.0,600.0,180.0,10.0,2.0,3.0,10,150,0,0.0,1.0,0.0,2.0,1.0,0.22,0.0
1204,30.0,20.0,600.0,180.0,10.0,2.0,4.0,10,150,0,0.0,1.0,0.0,2.0,1.0,0.22,0.0
1205,30.0,20.0,600.0,180.0,10.0,2.0,5.0,10,150,0,0.0,1.0,0.0,2.0,1.0,0.22,0.0
1206,30.0,20.0,600.0,180.0,10.0,2.0,6.0,10,150,0,0.0,1.0,0.0,2.0,1.0,0.22,0.0
1207,30.0,20.0,600.0,180.0,10.0,2.0,7.0,10,150,0,0.0,1.0,0.0,2.0,1.0,0.22,0.0
1208,30.0,20.0,600.0,180.0,10.0,2.0,8.0,10,150,0,0.0,1.0,0.0,2.0,1.0,0.22,0.0
1209,30.0,20.0,600.0,180.0,10.0,2.0,9.0,10,150,0,0.0,1.0,0.0,2.0,1.0,0.22,0.0
1210,30.0,20.0,600.0,180.0,10.0,2.0,10.0,10,150,0,0.0,1.0,0.0,2.0,1.0,0.22,0.0
1211,30.0,20.0,600.0,180.0,10.0,2.0,11.0,10,150,0,0.0,1.0,0.0,2.0,1.0,0.22,0.0
1212,30.0,20.0,600.0,180.0,10.0,2.0,12.0,10,150,0,0.0,1.0,0.0,2.0,1.0,0.22,0.0
1213,30.0,20.0,600.0,180.0,10.0,2.0,13.0,10,150,0,0.0,1.0,0.0,2.0,1.0,0.22,0.0
1214,30.0,20.0,600.0,180.0,10.0,2.0,14.0,10,150,0,0.0,1.0,0.0,2.0,1.0,0.22,0.0
1215,30.0,20.0,600.0,180.0,10.0,2.0,15.0,10,150,0,0.0,1.0,0.0,2.0,1.0,0.22,0.0
1216,30.0,20.0,600.0,180.0,10.0,2.0,16.0,10,150,0,0.0,1.0,0.0,2.0,1.0,0.22,0.0
1217,30.0,20.0,600.0,180.0,10.0,2.0,17.0,10,150,0,0.0,1.0,0.0,2.0,1.0,0.22,0.0
1218,30.0,20.0,600.0,180.0,10.0,2.0,18.0,10,150,0,0.0,1.0,0.0,2.0,1.0,0.22,0.0
1219,30.0,20.0,600.0,180.0,10.0,2.0,19.0,10,150,0,0.0,1.0,0.0,2.0,1.0,0.22,0.0
1220,30.0,20.0,600.0,180.0,10.0,3.0,0.0,10,150,0,0.0,1.0,0.0,2.0,1.0,0.22,0.0
1221,30.0,20.0,600.0,180.0,10.0,3.0,1.0,10,150,0,0.0,1.0,0.0,2.0,1.0,0.22,0.0
1222,30.0,20.0,600.0,180.0,10.0,3.0,2.0,10,150,0,0.0,1.0,0.0,2.0,1.0,0.22,0.0
1223,30.0,20.0,600.0,180.0,10.0,3.0,3.0,10,150,0,0.0,1.0,0.0,2.0,1.0,0.22,0.0
1224,30.0,20.0,600.0,180.0,10.0,3.0,4.0,10,150,0,0.0,1.0,0.0,2.0,1.0,0.22,0.0
1225,30.0,20.0,600.0,180.0,10.0,3.0,5.0,10,150,0,0.0,1.0,0.0,2.0,1.0,0.22,0.0
1226,30.0,20.0,600.0,180.0,10.0,3.0,6.0,10,150,0,0.0,1.0,0.0,2.0,1.0,0.22,0.0
1227,30.0,20.0,600.0,180.0,10.0,3.0,7.0,10,150,0,0.0,1.0,0.0,2.0,1.0,0.22,0.0
1228,30.0,20.0,600.0,180.0,10.0,3.0,8.0,10,150,0,0.0,1.0,0.0,2.0,1.0,0.22,0.0
1229,30.0,20.0,600.0,180.0,10.0,3.0,9.0,10,150,0,0.0,1.0,0.0,2.0,1.0,0.22,0.0
1230,30.0,20.0,600.0,180.0,10.0,3.0,10.0,10,150,0,0.0,1.0,0.0,2.0,1.0,0.22,0.0
1231,30.0,20.0,600.0,180.0,10.0,3.0,11.0,10,150,0,0.0,1.0,0.0,2.0,1.0,0.22,0.0
1232,30.0,20.0,600.0,180.0,10.0,3.0,12.0,10,150,0,0.0,1.0,0.0,2.0,1.0,0.22,0.0
1233,30.0,20.0,600.0,180.0,10.0,3.0,13.0,10,150,0,0.0,1.0,0.0,2.0,1.0,0.22,0.0
1234,30.0,20.0,600.0,180.0,10.0,3.0,14.0,10,150,0,0.0,1.0,0.0,2.0,1.0,0.22,0.0
1235,30.0,20.0,600.0,180.0,10.0,3.0,15.0,10,150,0,0.0,1.0,0.0,2.0,1.0,0.22,0.0
1236,30.0,20.0,600.0,180.0,10.0,3.0,16.0,10,150,0,0.0,1.0,0.0,2.0,1.0,0.22,0.0
1237,30.0,20.0,600.0,180.0,10.0,3.0,17.0,10,150,0,0.0,1.0,0.0,2.0,1.0,0.22,0.0
1238,30.0,20.0,600.0,180.0,10.0,3.0,18.0,10,150,0,0.0,1.0,0.0,2.0,1.0,0.22,0.0
1239,30.0,20.0,600.0,180.0,10.0,3.0,19.0,10,150,0,0.0,1.0,0.0,2.0,1.0,0.22,0.0
1240,30.0,20.0,600.0,180.0,10.0,4.0,0.0,10,150,0,0.0,1.0,0.0,2.0,1.0,0.22,0.0
1241,30.0,20.0,600.0,180.0,10.0,4.0,1.0,10,150,0,0.0,0.827,0.0,2.0,1.0,0.22,0.0
1242,30.0,20.0,600.0,180.0,10.0,4.0,2.0,10,150,0,0.0,1.0,0.0,2.0,1.0,0.22,0.0
1243,30.0,20.0,600.0,180.0,10.0,4.0,3.0,10,150,0,0.0,1.0,0.0,2.0,1.0,0.22,0.0
1244,30.0,20.0,600.0,180.0,10.0,4.0,4.0,10,150,0,0.0,1.0,0.0,2.0,1.0,0.22,0.0
1245,30.0,20.0,600.0,180.0,10.0,4.0,5.0,10,150,0,0.0,1.0,0.0,2.0,1.0,0.22,0.0
1246,30.0,20.0,600.0,180.0,10.0,4.0,6.0,10,150,0,0.0,1.0,0.0,2.0,1.0,0.22,0.0
1247,30.0,20.0,600.0,180.0,10.0,4.0,7.0,10,150,0,0.0,1.0,0.0,2.0,1.0,0.22,0.0
1248,30.0,20.0,600.0,180.0,10.0,4.0,8.0,10,150,0,0.0,1.0,0.0,2.0,1.0,0.22,0.0
1249,30.0,20.0,600.0,180.0,10.0,4.0,9.0,10,150,0,0.0,1.0,0.0,2.0,1.0,0.22,0.0
1250,30.0,20.0,600.0,180.0,10.0,4.0,10.0,10,150,0,0.0,1.0,0.0,2.0,1.0,0.22,0.0
1251,30.0,20.0,600.0,180.0,10.0,4.0,11.0,10,150,0,0.0,1.0,0.0,2.0,1.0,0.22,0.0
1252,30.0,20.0,600.0,180.0,10.0,4.0,12.0,10,150,0,0.0,1.0,0.0,2.0,1.0,0.22,0.0
1253,30.0,20.0,600.0,180.0,10.0,4.0,13.0,10,150,0,0.0,1.0,0.0,2.0,1.0,0.22,0.0
1254,30.0,20.0,600.0,180.0,10.0,4.0,14.0,10,150,0,0.0,1.0,0.0,2.0,1.0,0.22,0.0
1255,30.0,20.0,600.0,180.0,10.0,4.0,15.0,10,150,0,0.0,1.0,0.0,2.0,1.0,0.22,0.0
1256,30.0,20.0,600.0,180.0,10.0,4.0,16.0,10,150,0,0.0,1.0,0.0,2.0,1.0,0.22,0.0
1257,30.0,20.0,600.0,180.0,10.0,4.0,17.0,10,150,0,0.0,1.0,0.0,2.0,1.0,0.22,0.0
1258,30.0,20.0,600.0,180.0,10.0,4.0,18.0,10,150,0,0.0,1.0,0.0,2.0,1.0,0.22,0.0
1259,30.0,20.0,600.0,180.0,10.0,4.0,19.0,10,150,0,0.0,1.0,0.0,2.0,1.0,0.22,0.0
1260,30.0,20.0,600.0,180.0,10.0,5.0,0.0,10,150,0,0.0,1.0,0.0,2.0,1.0,0.22,0.0
1261,30.0,20.0,600.0,180.0,10.0,5.0,1.0,10,150,0,0.0,0.851,0.0,2.0,1.0,0.22,0.0
1262,30.0,20.0,600.0,180.0,10.0,5.0,2.0,10,150,0,0.0,1.0,0.0,2.0,1.0,0.22,0.0
1263,30.0,20.0,600.0,180.0,10.0,5.0,3.0,10,150,0,0.0,1.0,0.0,2.0,1.0,0.22,0.0
1264,30.0,20.0,600.0,180.0,10.0,5.0,4.0,10,150,0,0.0,1.0,0.0,2.0,1.0,0.22,0.0
1265,30.0,20.0,600.0,180.0,10.0,5.0,5.0,10,150,0,0.0,1.0,0.0,2.0,1.0,0.22,0.0
1266,30.0,20.0,600.0,180.0,10.0,5.0,6.0,10,150,0,0.0,1.0,0.0,2.0,1.0,0.22,0.0
1267,30.0,20.0,600.0,180.0,10.0,5.0,7.0,10,150,0,0.0,1.0,0.0,2.0,1.0,0.22,0.0
1268,30.0,20.0,600.0,180.0,10.0,5.0,8.0,10,150,0,0.0,1.0,0.0,2.0,1.0,0.22,0.0
1269,30.0,20.0,600.0,180.0,10.0,5.0,9.0,10,150,0,0.0,1.0,0.0,2.0,1.0,0.22,0.0
1270,30.0,20.0,600.0,180.0,10.0,5.0,10.0,10,150,0,0.0,1.0,0.0,2.0,1.0,0.22,0.0
1271,30.0,20.0,600.0,180.0,10.0,5.0,11.0,10,150,0,0.0,1.0,0.0,2.0,1.0,0.22,0.0
1272,30.0,20.0,600.0,180.0,10.0,5.0,12.0,10,150,0,0.0,1.0,0.0,2.0,1.0,0.22,0.0
1273,30.0,20.0,600.0,180.0,10.0,5.0,13.0,10,150,0,0.0,1.0,0.0,2.0,1.0,0.22,0.0
1274,30.0,20.0,600.0,180.0,10.0,5.0,14.0,10,150,0,0.0,1.0,0.0,2.0,1.0,0.22,0.0
1275,30.0,20.0,600.0,180.0,10.0,5.0,15.0,10,150,0,0.0,1.0,0.0,2.0,1.0,0.22,0.0
1276,30.0,20.0,600.0,180.0,10.0,5.0,16.0,10,150,0,0.0,1.0,0.0,2.0,1.0,0.22,0.0
1277,30.0,20.0,600.0,180.0,10.0,5.0,17.0,10,150,0,0.0,0.538,0.0,2.0,1.0,0.22,0.0
1278,30.0,20.0,600.0,180.0,10.0,5.0,18.0,10,150,0,0.0,1.0,0.0,2.0,1.0,0.22,0.0
1279,30.0,20.0,600.0,180.0,10.0,5.0,19.0,10,150,0,0.0,1.0,0.0,2.0,1.0,0.22,0.0
1280,30.0,20.0,600.0,180.0,10.0,6.0,0.0,10,150,0,0.0,1.0,0.0,2.0,1.0,0.22,0.0
1281,30.0,20.0,600.0,180.0,10.0,6.0,1.0,10,150,0,0.0,1.0,0.0,2.0,1.0,0.22,0.0
1282,30.0,20.0,600.0,180.0,10.0,6.0,2.0,10,150,0,0.0,1.0,0.0,2.0,1.0,0.22,0.0
1283,30.0,20.0,600.0,180.0,10.0,6.0,3.0,10,150,0,0.0,1.0,0.0,2.0,1.0,0.22,0.0
1284,30.0,20.0,600.0,180.0,10.0,6.0,4.0,10,150,0,0.0,1.0,0.0,2.0,1.0,0.22,0.0
1285,30.0,20.0,600.0,180.0,10.0,6.0,5.0,10,150,0,0.0,1.0,0.0,2.0,1.0,0.22,0.0
1286,30.0,20.0,600.0,180.0,10.0,6.0,6.0,10,150,0,0.0,1.0,0.0,2.0,1.0,0.22,0.0
1287,30.0,20.0,600.0,180.0,10.0,6.0,7.0,10,150,0,0.0,0.814,0.0,2.0,1.0,0.22,0.0
1288,30.0,20.0,600.0,180.0,10.0,6.0,8.0,10,150,0,0.0,1.0,0.0,2.0,1.0,0.22,0.0
1289,30.0,20.0,600.0,180.0,10.0,6.0,9.0,10,150,0,0.0,1.0,0.0,2.0,1.0,0.22,0.0
1290,30.0,20.0,600.0,180.0,10.0,6.0,10.0,10,150,0,0.0,1.0,0.0,2.0,1.0,0.22,0.0
1291,30.0,20.0,600.0,180.0,10.0,6.0,11.0,10,150,0,0.0,1.0,0.0,2.0,1.0,0.22,0.0
1292,30.0,20.0,600.0,180.0,10.0,6.0,12.0,10,150,0,0.0,1.0,0.0,2.0,1.0,0.22,0.0
1293,30.0,20.0,600.0,180.0,10.0,6.0,13.0,10,150,0,0.0,1.0,0.0,2.0,1.0,0.22,0.0
1294,30.0,20.0,600.0,180.0,10.0,6.0,14.0,10,150,0,0.0,1.0,0.0,2.0,1.0,0.22,0.0
1295,30.0,20.0,600.0,180.0,10.0,6.0,15.0,10,150,0,0.0,1.0,0.0,2.0,1.0,0.22,0.0
1296,30.0,20.0,600.0,180.0,10.0,6.0,16.0,10,150,0,0.0,1.0,0.0,2.0,1.0,0.22,0.0
1297,30.0,20.0,600.0,180.0,10.0,6.0,17.0,10,150,0,0.0,1.0,0.0,2.0,1.0,0.22,0.0
1298,30.0,20.0,600.0,180.0,10.0,6.0,18.0,10,150,0,0.0,1.0,0.0,2.0,1.0,0.22,0.0
1299,30.0,20.0,600.0,180.0,10.0,6.0,19.0,10,150,0,0.0,1.0,0.0,2.0,1.0,0.22,0.0
1300,30.0,20.0,600.0,180.0,10.0,7.0,0.0,10,150,0,0.0,1.0,0.0,2.0,1.0,0.22,0.0
1301,30.0,20.0,600.0,180.0,10.0,7.0,1.0,10,150,0,0.0,1.0,0.0,2.0,1.0,0.22,0.0
1302,30.0,20.0,600.0,180.0,10.0,7.0,2.0,10,150,0,0.0,1.0,0.0,2.0,1.0,0.22,0.0
1303,30.0,20.0,600.0,180.0,10.0,7.0,3.0,10,150,0,0.0,1.0,0.0,2.0,1.0,0.22,0.0
1304,30.0,20.0,600.0,180.0,10.0,7.0,4.0,10,150,0,0.0,1.0,0.0,2.0,1.0,0.22,0.0
1305,30.0,20.0,600.0,180.0,10.0,7.0,5.0,10,150,0,0.0,1.0,0.0,2.0,1.0,0.22,0.0
1306,30.0,20.0,600.0,180.0,10.0,7.0,6.0,10,150,0,0.0,1.0,0.0,2.0,1.0,0.22,0.0
1307,30.0,20.0,600.0,180.0,10.0,7.0,7.0,10,150,0,0.0,0.616,0.0,2.0,1.0,0.22,0.0
1308,30.0,20.0,600.0,180.0,10.0,7.0,8.0,10,150,0,0.0,1.0,0.0,2.0,1.0,0.22,0.0
1309,30.0,20.0,600.0,180.0,10.0,7.0,9.0,10,150,0,0.0,1.0,0.0,2.0,1.0,0.22,0.0
1310,30.0,20.0,600.0,180.0,10.0,7.0,10.0,10,150,0,0.0,1.0,0.0,2.0,1.0,0.22,0.0
1311,30.0,20.0,600.0,180.0,10.0,7.0,11.0,10,150,0,0.0,1.0,0.0,2.0,1.0,0.22,0.0
1312,30.0,20.0,600.0,180.0,10.0,7.0,12.0,10,150,0,0.0,1.0,0.0,2.0,1.0,0.22,0.0
1313,30.0,20.0,600.0,180.0,10.0,7.0,13.0,10,150,0,0.0,1.0,0.0,2.0,1.0,0.22,0.0
1314,30.0,20.0,600.0,180.0,10.0,7.0,14.0,10,150,0,0.0,1.0,0.0,2.0,1.0,0.22,0.0
1315,30.0,20.0,600.0,180.0,10.0,7.0,15.0,10,150,0,0.0,1.0,0.0,2.0,1.0,0.22,0.0
1316,30.0,20.0,600.0,180.0,10.0,7.0,16.0,10,150,0,0.0,1.0,0.0,2.0,1.0,0.22,0.0
1317,30.0,20.0,600.0,180.0,10.0,7.0,17.0,10,150,0,0.0,1.0,0.0,2.0,1.0,0.22,0.0
1318,30.0,20.0,600.0,180.0,10.0,7.0,18.0,10,150,0,0.0,1.0,0.0,2.0,1.0,0.22,0.0
1319,30.0,20.0,600.0,180.0,10.0,7.0,19.0,10,150,0,0.0,1.0,0.0,2.0,1.0,0.22,0.0
1320,30.0,20.0,600.0,180.0,10.0,8.0,0.0,10,150,0,0.0,1.0,0.0,2.0,1.0,0.22,0.0
1321,30.0,20.0,600.0,180.0,10.0,8.0,1.0,10,150,0,0.0,1.0,0.0,2.0,1.0,0.22,0.0
1322,30.0,20.0,600.0,180.0,10.0,8.0,2.0,10,150,0,0.0,1.0,0.0,2.0,1.0,0.22,0.0
1323,30.0,20.0,600.0,180.0,10.0,8.0,3.0,10,150,0,0.0,1.0,0.0,2.0,1.0,0.22,0.0
1324,30.0,20.0,600.0,180.0,10.0,8.0,4.0,10,150,0,0.0,1.0,0.0,2.0,1.0,0.22,0.0
1325,30.0,20.0,600.0,180.0,10.0,8.0,5.0,10,150,0,0.0,1.0,0.0,2.0,1.0,0.22,0.0
1326,30.0,20.0,600.0,180.0,10.0,8.0,6.0,10,150,0,0.0,1.0,0.0,2.0,1.0,0.22,0.0
1327,30.0,20.0,600.0,180.0,10.0,8.0,7.0,10,150,0,0.0,1.0,0.0,2.0,1.0,0.22,0.0
1328,30.0,20.0,600.0,180.0,10.0,8.0,8.0,10,150,0,0.0,1.0,0.0,2.0,1.0,0.22,0.0
1329,30.0,20.0,600.0,180.0,10.0,8.0,9.0,10,150,0,0.0,1.0,0.0,2.0,1.0,0.22,0.0
1330,30.0,20.0,600.0,180.0,10.0,8.0,10.0,10,150,0,0.0,1.0,0.0,2.0,1.0,0.22,0.0
1331,30.0,20.0,600.0,180.0,10.0,8.0,11.0,10,150,0,0.0,1.0,0.0,2.0,1.0,0.22,0.0
1332,30.0,20.0,600.0,180.0,10.0,8.0,12.0,10,150,0,0.0,0.718,0.0,2.0,1.0,0.22,0.0
1333,30.0,20.0,600.0,180.0,10.0,8.0,13.0,10,150,0,0.0,1.0,0.0,2.0,1.0,0.22,0.0
1334,30.0,20.0,600.0,180.0,10.0,8.0,14.0,10,150,0,0.0,1.0,0.0,2.0,1.0,0.22,0.0
1335,30.0,20.0,600.0,180.0,10.0,8.0,15.0,10,150,0,0.0,1.0,0.0,2.0,1.0,0.22,0.0
1336,30.0,20.0,600.0,180.0,10.0,8.0,16.0,10,150,0,0.0,1.0,0.0,2.0,1.0,0.22,0.0
1337,30.0,20.0,600.0,180.0,10.0,8.0,17.0,10,150,0,0.0,1.0,0.0,2.0,1.0,0.22,0.0
1338,30.0,20.0,600.0,180.0,10.0,8.0,18.0,10,150,0,0.0,1.0,0.0,2.0,1.0,0.22,0.0
1339,30.0,20.0,600.0,180.0,10.0,8.0,19.0,10,150,0,0.0,1.0,0.0,2.0,1.0,0.22,0.0
1340,30.0,20.0,600.0,180.0,10.0,9.0,0.0,10,150,0,0.0,1.0,0.0,2.0,1.0,0.22,0.0
1341,30.0,20.0,600.0,180.0,10.0,9.0,1.0,10,150,0,0.0,1.0,0.0,2.0,1.0,0.22,0.0
1342,30.0,20.0,600.0,180.0,10.0,9.0,2.0,10,150,0,0.0,1.0,0.0,2.0,1.0,0.22,0.0
1343,30.0,20.0,600.0,180.0,10.0,9.0,3.0,10,150,0,0.0,1.0,0.0,2.0,1.0,0.22,0.0
1344,30.0,20.0,600.0,180.0,10.0,9.0,4.0,10,150,0,0.0,1.0,0.0,2.0,1.0,0.22,0.0
1345,30.0,20.0,600.0,180.0,10.0,9.0,5.0,10,150,0,0.0,1.0,0.0,2.0,1.0,0.22,0.0
1346,30.0,20.0,600.0,180.0,10.0,9.0,6.0,10,150,0,0.0,1.0,0.0,2.0,1.0,0.22,0.0
1347,30.0,20.0,600.0,180.0,10.0,9.0,7.0,10,150,0,0.0,1.0,0.0,2.0,1.0,0.22,0.0
1348,30.0,20.0,600.0,180.0,10.0,9.0,8.0,10,150,0,0.0,0.768,0.0,2.0,1.0,0.22,0.0
1349,30.0,20.0,600.0,180.0,10.0,9.0,9.0,10,150,0,0.0,1.0,0.0,2.0,1.0,0.22,0.0
1350,30.0,20.0,600.0,180.0,10.0,9.0,10.0,10,150,0,0.0,1.0,0.0,2.0,1.0,0.22,0.0
1351,30.0,20.0,600.0,180.0,10.0,9.0,11.0,10,150,0,0.0,0.818,0.0,2.0,1.0,0.22,0.0
1352,30.0,20.0,600.0,180.0,10.0,9.0,12.0,10,150,0,0.0,1.0,0.0,2.0,1.0,0.22,0.0
1353,30.0,20.0,600.0,180.0,10.0,9.0,13.0,10,150,0,0.0,1.0,0.0,2.0,1.0,0.22,0.0
1354,30.0,20.0,600.0,180.0,10.0,9.0,14.0,10,150,0,0.0,1.0,0.0,2.0,1.0,0.22,0.0
1355,30.0,20.0,600.0,180.0,10.0,9.0,15.0,10,150,0,0.0,1.0,0.0,2.0,1.0,0.22,0.0
1356,30.0,20.0,600.0,180.0,10.0,9.0,16.0,10,150,0,0.0,1.0,0.0,2.0,1.0,0.22,0.0
1357,30.0,20.0,600.0,180.0,10.0,9.0,17.0,10,150,0,0.0,1.0,0.0,2.0,1.0,0.22,0.0
1358,30.0,20.0,600.0,180.0,10.0,9.0,18.0,10,150,0,0.0,0.593,0.0,2.0,1.0,0.22,0.0
1359,30.0,20.0,600.0,180.0,10.0,9.0,19.0,10,150,0,0.0,1.0,0.0,2.0,1.0,0.22,0.0
1360,30.0,20.0,600.0,180.0,10.0,10.0,0.0,10,150,0,0.0,1.0,0.0,2.0,1.0,0.22,0.0
1361,30.0,20.0,600.0,180.0,10.0,10.0,1.0,10,150,0,0.0,1.0,0.0,2.0,1.0,0.22,0.0
1362,30.0,20.0,600.0,180.0,10.0,10.0,2.0,10,150,0,0.0,1.0,0.0,2.0,1.0,0.22,0.0
1363,30.0,20.0,600.0,180.0,10.0,10.0,3.0,10,150,0,0.0,1.0,0.0,2.0,1.0,0.22,0.0
1364,30.0,20.0,600.0,180.0,10.0,10.0,4.0,10,150,0,0.0,1.0,0.0,2.0,1.0,0.22,0.0
1365,30.0,20.0,600.0,180.0,10.0,10.0,5.0,10,150,0,0.0,1.0,0.0,2.0,1.0,0.22,0.0
1366,30.0,20.0,600.0,180.0,10.0,10.0,6.0,10,150,0,0.0,0.577,0.0,2.0,1.0,0.22,0.0
1367,30.0,20.0,600.0,180.0,10.0,10.0,7.0,10,150,0,0.0,1.0,0.0,2.0,1.0,0.22,0.0
1368,30.0,20.0,600.0,180.0,10.0,10.0,8.0,10,150,0,0.0,1.0,0.0,2.0,1.0,0.22,0.0
1369,30.0,20.0,600.0,180.0,10.0,10.0,9.0,10,150,0,0.0,1.0,0.0,2.0,1.0,0.22,0.0
1370,30.0,20.0,600.0,180.0,10.0,10.0,10.0,10,150,0,0.0,1.0,0.0,2.0,1.0,0.22,0.0
1371,30.0,20.0,600.0,180.0,10.0,10.0,11.0,10,150,0,0.0,1.0,0.0,2.0,1.0,0.22,0.0
1372,30.0,20.0,600.0,180.0,10.0,10.0,12.0,10,150,0,0.0,1.0,0.0,2.0,1.0,0.22,0.0
1373,30.0,20.0,600.0,180.0,10.0,10.0,13.0,10,150,0,0.0,1.0,0.0,2.0,1.0,0.22,0.0
1374,30.0,20.0,600.0,180.0,10.0,10.0,14.0,10,150,0,0.0,1.0,0.0,2.0,1.0,0.22,0.0
1375,30.0,20.0,600.0,180.0,10.0,10.0,15.0,10,150,0,0.0,1.0,0.0,2.0,1.0,0.22,0.0
1376,30.0,20.0,600.0,180.0,10.0,10.0,16.0,10,150,0,0.0,1.0,0.0,2.0,1.0,0.22,0.0
1377,30.0,20.0,600.0,180.0,10.0,10.0,17.0,10,150,0,0.0,1.0,0.0,2.0,1.0,0.22,0.0
1378,30.0,20.0,600.0,180.0,10.0,10.0,18.0,10,150,0,0.0,1.0,0.0,2.0,1.0,0.22,0.0
1379,30.0,20.0,600.0,180.0,10.0,10.0,19.0,10,150,0,0.0,1.0,0.0,2.0,1.0,0.22,0.0
1380,30.0,20.0,600.0,180.0,10.0,11.0,0.0,10,150,0,0.0,1.0,0.0,2.0,1.0,0.22,0.0
1381,30.0,20.0,600.0,180.0,10.0,11.0,1.0,10,150,0,0.0,1.0,0.0,2.0,1.0,0.22,0.0
1382,30.0,20.0,600.0,180.0,10.0,11.0,2.0,10,150,0,0.0,1.0,0.0,2.0,1.0,0.22,0.0
1383,30.0,20.0,600.0,180.0,10.0,11.0,3.0,10,150,0,0.0,1.0,0.0,2.0,1.0,0.22,0.0
1384,30.0,20.0,600.0,180.0,10.0,11.0,4.0,10,150,0,0.0,1.0,0.0,2.0,1.0,0.22,0.0
1385,30.0,20.0,600.0,180.0,10.0,11.0,5.0,10,150,0,0.0,1.0,0.0,2.0,1.0,0.22,0.0
1386,30.0,20.0,600.0,180.0,10.0,11.0,6.0,10,150,0,0.0,1.0,0.0,2.0,1.0,0.22,0.0
1387,30.0,20.0,600.0,180.0,10.0,11.0,7.0,10,150,0,0.0,1.0,0.0,2.0,1.0,0.22,0.0
1388,30.0,20.0,600.0,180.0,10.0,11.0,8.0,10,150,0,0.0,1.0,0.0,2.0,1.0,0.22,0.0
1389,30.0,20.0,600.0,180.0,10.0,11.0,9.0,10,150,0,0.0,1.0,0.0,2.0,1.0,0.22,0.0
1390,30.0,20.0,600.0,180.0,10.0,11.0,10.0,10,150,0,0.0,1.0,0.0,2.0,1.0,0.22,0.0
1391,30.0,20.0,600.0,180.0,10.0,11.0,11.0,10,150,0,0.0,1.0,0.0,2.0,1.0,0.22,0.0
1392,30.0,20.0,600.0,180.0,10.0,11.0,12.0,10,150,0,0.0,1.0,0.0,2.0,1.0,0.22,0.0
1393,30.0,20.0,600.0,180.0,10.0,11.0,13.0,10,150,0,0.0,1.0,0.0,2.0,1.0,0.22,0.0
1394,30.0,20.0,600.0,180.0,10.0,11.0,14.0,10,150,0,0.0,1.0,0.0,2.0,1.0,0.22,0.0
1395,30.0,20.0,600.0,180.0,10.0,11.0,15.0,10,150,0,0.0,1.0,0.0,2.0,1.0,0.22,0.0
1396,30.0,20.0,600.0,180.0,10.0,11.0,16.0,10,150,0,0.0,1.0,0.0,2.0,1.0,0.22,0.0
1397,30.0,20.0,600.0,180.0,10.0,11.0,17.0,10,150,0,0.0,1.0,0.0,2.0,1.0,0.22,0.0
1398,30.0,20.0,600.0,180.0,10.0,11.0,18.0,10,150,0,0.0,1.0,0.0,2.0,1.0,0.22,0.0
1399,30.0,20.0,600.0,180.0,10.0,11.0,19.0,10,150,0,0.0,1.0,0.0,2.0,1.0,0.22,0.0
1400,30.0,20.0,600.0,180.0,10.0,12.0,0.0,10,150,0,0.0,0.554,0.0,2.0,1.0,0.22,0.0
1401,30.0,20.0,600.0,180.0,10.0,12.0,1.0,10,150,0,0.0,1.0,0.0,2.0,1.0,0.22,0.0
1402,30.0,20.0,600.0,180.0,10.0,12.0,2.0,10,150,0,0.0,1.0,0.0,2.0,1.0,0.22,0.0
1403,30.0,20.0,600.0,180.0,10.0,12.0,3.0,10,150,0,0.0,1.0,0.0,2.0,1.0,0.22,0.0
1404,30.0,20.0,600.0,180.0,10.0,12.0,4.0,10,150,0,0.0,0.776,0.0,2.0,1.0,0.22,0.0
1405,30.0,20.0,600.0,180.0,10.0,12.0,5.0,10,150,0,0.0,1.0,0.0,2.0,1.0,0.22,0.0
1406,30.0,20.0,600.0,180.0,10.0,12.0,6.0,10,150,0,0.0,1.0,0.0,2.0,1.0,0.22,0.0
1407,30.0,20.0,600.0,180.0,10.0,12.0,7.0,10,150,0,0.0,1.0,0.0,2.0,1.0,0.22,0.0
1408,30.0,20.0,600.0,180.0,10.0,12.0,8.0,10,150,0,0.0,1.0,0.0,2.0,1.0,0.22,0.0
1409,30.0,20.0,600.0,180.0,10.0,12.0,9.0,10,150,0,0.0,1.0,0.0,2.0,1.0,0.22,0.0
1410,30.0,20.0,600.0,180.0,10.0,12.0,10.0,10,150,0,0.0,1.0,0.0,2.0,1.0,0.22,0.0
1411,30.0,20.0,600.0,180.0,10.0,12.0,11.0,10,150,0,0.0,1.0,0.0,2.0,1.0,0.22,0.0
1412,30.0,20.0,600.0,180.0,10.0,12.0,12.0,10,150,0,0.0,1.0,0.0,2.0,1.0,0.22,0.0
1413,30.0,20.0,600.0,180.0,10.0,12.0,13.0,10,150,0,0.0,1.0,0.0,2.0,1.0,0.22,0.0
1414,30.0,20.0,600.0,180.0,10.0,12.0,14.0,10,150,0,0.0,1.0,0.0,2.0,1.0,0.22,0.0
1415,30.0,20.0,600.0,180.0,10.0,12.0,15.0,10,150,0,0.0,1.0,0.0,2.0,1.0,0.22,0.0
1416,30.0,20.0,600.0,180.0,10.0,12.0,16.0,10,150,0,0.0,1.0,0.0,2.0,1.0,0.22,0.0
1417,30.0,20.0,600.0,180.0,10.0,12.0,17.0,10,150,0,0.0,1.0,0.0,2.0,1.0,0.22,0.0
1418,30.0,20.0,600.0,180.0,10.0,12.0,18.0,10,150,0,0.0,1.0,0.0,2.0,1.0,0.22,0.0
1419,30.0,20.0,600.0,180.0,10.0,12.0,19.0,10,150,0,0.0,1.0,0.0,2.0,1.0,0.22,0.0
1420,30.0,20.0,600.0,180.0,10.0,13.0,0.0,10,150,0,0.0,1.0,0.0,2.0,1.0,0.22,0.0
1421,30.0,20.0,600.0,180.0,10.0,13.0,1.0,10,150,0,0.0,1.0,0.0,2.0,1.0,0.22,0.0
1422,30.0,20.0,600.0,180.0,10.0,13.0,2.0,10,150,0,0.0,1.0,0.0,2.0,1.0,0.22,0.0
1423,30.0,20.0,600.0,180.0,10.0,13.0,3.0,10,150,0,0.0,1.0,0.0,2.0,1.0,0.22,0.0
1424,30.0,20.0,600.0,180.0,10.0,13.0,4.0,10,150,0,0.0,1.0,0.0,2.0,1.0,0.22,0.0
1425,30.0,20.0,600.0,180.0,10.0,13.0,5.0,10,150,0,0.0,1.0,0.0,2.0,1.0,0.22,0.0
1426,30.0,20.0,600.0,180.0,10.0,13.0,6.0,10,150,0,0.0,1.0,0.0,2.0,1.0,0.22,0.0
1427,30.0,20.0,600.0,180.0,10.0,13.0,7.0,10,150,0,0.0,1.0,0.0,2.0,1.0,0.22,0.0
1428,30.0,20.0,600.0,180.0,10.0,13.0,8.0,10,150,0,0.0,1.0,0.0,2.0,1.0,0.22,0.0
1429,30.0,20.0,600.0,180.0,10.0,13.0,9.0,10,150,0,0.0,1.0,0.0,2.0,1.0,0.22,0.0
1430,30.0,20.0,600.0,180.0,10.0,13.0,10.0,10,150,0,0.0,1.0,0.0,2.0,1.0,0.22,0.0
1431,30.0,20.0,600.0,180.0,10.0,13.0,11.0,10,150,0,0.0,1.0,0.0,2.0,1.0,0.22,0.0
1432,30.0,20.0,600.0,180.0,10.0,13.0,12.0,10,150,0,0.0,1.0,0.0,2.0,1.0,0.22,0.0
1433,30.0,20.0,600.0,180.0,10.0,13.0,13.0,10,150,0,0.0,1.0,0.0,2.0,1.0,0.22,0.0
1434,30.0,20.0,600.0,180.0,10.0,13.0,14.0,10,150,0,0.0,1.0,0.0,2.0,1.0,0.22,0.0
1435,30.0,20.0,600.0,180.0,10.0,13.0,15.0,10,150,0,0.0,1.0,0.0,2.0,1.0,0.22,0.0
1436,30.0,20.0,600.0,180.0,10.0,13.0,16.0,10,150,0,0.0,1.0,0.0,2.0,1.0,0.22,0.0
1437,30.0,20.0,600.0,180.0,10.0,13.0,17.0,10,150,0,0.0,1.0,0.0,2.0,1.0,0.22,0.0
1438,30.0,20.0,600.0,180.0,10.0,13.0,18.0,10,150,0,0.0,1.0,0.0,2.0,1.0,0.22,0.0
1439,30.0,20.0,600.0,180.0,10.0,13.0,19.0,10,150,0,0.0,1.0,0.0,2.0,1.0,0.22,0.0
1440,30.0,20.0,600.0,180.0,10.0,14.0,0.0,10,150,0,0.0,1.0,0.0,2.0,1.0,0.22,0.0
1441,30.0,20.0,600.0,180.0,10.0,14.0,1.0,10,150,0,0.0,1.0,0.0,2.0,1.0,0.22,0.0
1442,30.0,20.0,600.0,180.0,10.0,14.0,2.0,10,150,0,0.0,1.0,0.0,2.0,1.0,0.22,0.0
1443,30.0,20.0,600.0,180.0,10.0,14.0,3.0,10,150,0,0.0,1.0,0.0,2.0,1.0,0.22,0.0
1444,30.0,20.0,600.0,180.0,10.0,14.0,4.0,10,150,0,0.0,1.0,0.0,2.0,1.0,0.22,0.0
1445,30.0,20.0,600.0,180.0,10.0,14.0,5.0,10,150,0,0.0,1.0,0.0,2.0,1.0,0.22,0.0
1446,30.0,20.0,600.0,180.0,10.0,14.0,6.0,10,150,0,0.0,1.0,0.0,2.0,1.0,0.22,0.0
1447,30.0,20.0,600.0,180.0,10.0,14.0,7.0,10,150,0,0.0,1.0,0.0,2.0,1.0,0.22,0.0
1448,30.0,20.0,600.0,180.0,10.0,14.0,8.0,10,150,0,0.0,1.0,0.0,2.0,1.0,0.22,0.0
1449,30.0,20.0,600.0,180.0,10.0,14.0,9.0,10,150,0,0.0,1.0,0.0,2.0,1.0,0.22,0.0
1450,30.0,20.0,600.0,180.0,10.0,14.0,10.0,10,150,0,0.0,1.0,0.0,2.0,1.0,0.22,0.0
1451,30.0,20.0,600.0,180.0,10.0,14.0,11.0,10,150,0,0.0,1.0,0.0,2.0,1.0,0.22,0.0
1452,30.0,20.0,600.0,180.0,10.0,14.0,12.0,10,150,0,0.0,1.0,0.0,2.0,1.0,0.22,0.0
1453,30.0,20.0,600.0,180.0,10.0,14.0,13.0,10,150,0,0.0,1.0,0.0,2.0,1.0,0.22,0.0
1454,30.0,20.0,600.0,180.0,10.0,14.0,14.0,10,150,0,0.0,1.0,0.0,2.0,1.0,0.22,0.0
1455,30.0,20.0,600.0,180.0,10.0,14.0,15.0,10,150,0,0.0,1.0,0.0,2.0,1.0,0.22,0.0
1456,30.0,20.0,600.0,180.0,10.0,14.0,16.0,10,150,0,0.0,0.71,0.0,2.0,1.0,0.22,0.0
1457,30.0,20.0,600.0,180.0,10.0,14.0,17.0,10,150,0,0.0,1.0,0.0,2.0,1.0,0.22,0.0
1458,30.0,20.0,600.0,180.0,10.0,14.0,18.0,10,150,0,0.0,1.0,0.0,2.0,1.0,0.22,0.0
1459,30.0,20.0,600.0,180.0,10.0,14.0,19.0,10,150,0,0.0,1.0,0.0,2.0,1.0,0.22,0.0
1460,30.0,20.0,600.0,180.0,10.0,15.0,0.0,10,150,0,0.0,1.0,0.0,2.0,1.0,0.22,0.0
1461,30.0,20.0,600.0,180.0,10.0,15.0,1.0,10,150,0,0.0,1.0,0.0,2.0,1.0,0.22,0.0
1462,30.0,20.0,600.0,180.0,10.0,15.0,2.0,10,150,0,0.0,1.0,0.0,2.0,1.0,0.22,0.0
1463,30.0,20.0,600.0,180.0,10.0,15.0,3.0,10,150,0,0.0,1.0,0.0,2.0,1.0,0.22,0.0
1464,30.0,20.0,600.0,180.0,10.0,15.0,4.0,10,150,0,0.0,1.0,0.0,2.0,1.0,0.22,0.0
1465,30.0,20.0,600.0,180.0,10.0,15.0,5.0,10,150,0,0.0,1.0,0.0,2.0,1.0,0.22,0.0
1466,30.0,20.0,600.0,180.0,10.0,15.0,6.0,10,150,0,0.0,1.0,0.0,2.0,1.0,0.22,0.0
1467,30.0,20.0,600.0,180.0,10.0,15.0,7.0,10,150,0,0.0,1.0,0.0,2.0,1.0,0.22,0.0
1468,30.0,20.0,600.0,180.0,10.0,15.0,8.0,10,150,0,0.0,1.0,0.0,2.0,1.0,0.22,0.0
1469,30.0,20.0,600.0,180.0,10.0,15.0,9.0,10,150,0,0.0,1.0,0.0,2.0,1.0,0.22,0.0
1470,30.0,20.0,600.0,180.0,10.0,15.0,10.0,10,150,0,0.0,1.0,0.0,2.0,1.0,0.22,0.0
1471,30.0,20.0,600.0,180.0,10.0,15.0,11.0,10,150,0,0.0,1.0,0.0,2.0,1.0,0.22,0.0
1472,30.0,20.0,600.0,180.0,10.0,15.0,12.0,10,150,0,0.0,1.0,0.0,2.0,1.0,0.22,0.0
1473,30.0,20.0,600.0,180.0,10.0,15.0,13.0,10,150,0,0.0,1.0,0.0,2.0,1.0,0.22,0.0
1474,30.0,20.0,600.0,180.0,10.0,15.0,14.0,10,150,0,0.0,1.0,0.0,2.0,1.0,0.22,0.0
1475,30.0,20.0,600.0,180.0,10.0,15.0,15.0,10,150,0,0.0,1.0,0.0,2.0,1.0,0.22,0.0
1476,30.0,20.0,600.0,180.0,10.0,15.0,16.0,10,150,0,0.0,1.0,0.0,2.0,1.0,0.22,0.0
1477,30.0,20.0,600.0,180.0,10.0,15.0,17.0,10,150,0,0.0,1.0,0.0,2.0,1.0,0.22,0.0
1478,30.0,20.0,600.0,180.0,10.0,15.0,18.0,10,150,0,0.0,1.0,0.0,2.0,1.0,0.22,0.0
1479,30.0,20.0,600.0,180.0,10.0,15.0,19.0,10,150,0,0.0,1.0,0.0,2.0,1.0,0.22,0.0
1480,30.0,20.0,600.0,180.0,10.0,16.0,0.0,10,150,0,0.0,1.0,0.0,2.0,1.0,0.22,0.0
1481,30.0,20.0,600.0,180.0,10.0,16.0,1.0,10,150,0,0.0,1.0,0.0,2.0,1.0,0.22,0.0
1482,30.0,20.0,600.0,180.0,10.0,16.0,2.0,10,150,0,0.0,1.0,0.0,2.0,1.0,0.22,0.0
1483,30.0,20.0,600.0,180.0,10.0,16.0,3.0,10,150,0,0.0,1.0,0.0,2.0,1.0,0.22,0.0
1484,30.0,20.0,600.0,180.0,10.0,16.0,4.0,10,150,0,0.0,1.0,0.0,2.0,1.0,0.22,0.0
1485,30.0,20.0,600.0,180.0,10.0,16.0,5.0,10,150,0,0.0,1.0,0.0,2.0,1.0,0.22,0.0
1486,30.0,20.0,600.0,180.0,10.0,16.0,6.0,10,150,0,0.0,1.0,0.0,2.0,1.0,0.22,0.0
1487,30.0,20.0,600.0,180.0,10.0,16.0,7.0,10,150,0,0.0,1.0,0.0,2.0,1.0,0.22,0.0
1488,30.0,20.0,600.0,180.0,10.0,16.0,8.0,10,150,0,0.0,1.0,0.0,2.0,1.0,0.22,0.0
1489,30.0,20.0,600.0,180.0,10.0,16.0,9.0,10,150,0,0.0,1.0,0.0,2.0,1.0,0.22,0.0
1490,30.0,20.0,600.0,180.0,10.0,16.0,10.0,10,150,0,0.0,1.0,0.0,2.0,1.0,0.22,0.0
1491,30.0,20.0,600.0,180.0,10.0,16.0,11.0,10,150,0,0.0,1.0,0.0,2.0,1.0,0.22,0.0
1492,30.0,20.0,600.0,180.0,10.0,16.0,12.0,10,150,0,0.0,1.0,0.0,2.0,1.0,0.22,0.0
1493,30.0,20.0,600.0,180.0,10.0,16.0,13.0,10,150,0,0.0,1.0,0.0,2.0,1.0,0.22,0.0
1494,30.0,20.0,600.0,180.0,10.0,16.0,14.0,10,150,0,0.0,1.0,0.0,2.0,1.0,0.22,0.0
1495,30.0,20.0,600.0,180.0,10.0,16.0,15.0,10,150,0,0.0,1.0,0.0,2.0,1.0,0.22,0.0
1496,30.0,20.0,600.0,180.0,10.0,16.0,16.0,10,150,0,0.0,1.0,0.0,2.0,1.0,0.22,0.0
1497,30.0,20.0,600.0,180.0,10.0,16.0,17.0,10,150,0,0.0,1.0,0.0,2.0,1.0,0.22,0.0
1498,30.0,20.0,600.0,180.0,10.0,16.0,18.0,10,150,0,0.0,1.0,0.0,2.0,1.0,0.22,0.0
1499,30.0,20.0,600.0,180.0,10.0,16.0,19.0,10,150,0,0.0,1.0,0.0,2.0,1.0,0.22,0.0
1500,30.0,20.0,600.0,180.0,10.0,17.0,0.0,10,150,0,0.0,1.0,0.0,2.0,1.0,0.22,0.0
1501,30.0,20.0,600.0,180.0,10.0,17.0,1.0,10,150,0,0.0,1.0,0.0,2.0,1.0,0.22,0.0
1502,30.0,20.0,600.0,180.0,10.0,17.0,2.0,10,150,0,0.0,1.0,0.0,2.0,1.0,0.22,0.0
1503,30.0,20.0,600.0,180.0,10.0,17.0,3.0,10,150,0,0.0,1.0,0.0,2.0,1.0,0.22,0.0
1504,30.0,20.0,600.0,180.0,10.0,17.0,4.0,10,150,0,0.0,1.0,0.0,2.0,1.0,0.22,0.0
1505,30.0,20.0,600.0,180.0,10.0,17.0,5.0,10,150,0,0.0,1.0,0.0,2.0,1.0,0.22,0.0
1506,30.0,20.0,600.0,180.0,10.0,17.0,6.0,10,150,0,0.0,1.0,0.0,2.0,1.0,0.22,0.0
1507,30.0,20.0,600.0,180.0,10.0,17.0,7.0,10,150,0,0.0,1.0,0.0,2.0,1.0,0.22,0.0
1508,30.0,20.0,600.0,180.0,10.0,17.0,8.0,10,150,0,0.0,0.778,0.0,2.0,1.0,0.22,0.0
1509,30.0,20.0,600.0,180.0,10.0,17.0,9.0,10,150,0,0.0,1.0,0.0,2.0,1.0,0.22,0.0
1510,30.0,20.0,600.0,180.0,10.0,17.0,10.0,10,150,0,0.0,1.0,0.0,2.0,1.0,0.22,0.0
1511,30.0,20.0,600.0,180.0,10.0,17.0,11.0,10,150,0,0.0,1.0,0.0,2.0,1.0,0.22,0.0
1512,30.0,20.0,600.0,180.0,10.0,17.0,12.0,10,150,0,0.0,1.0,0.0,2.0,1.0,0.22,0.0
1513,30.0,20.0,600.0,180.0,10.0,17.0,13.0,10,150,0,0.0,0.744,0.0,2.0,1.0,0.22,0.0
1514,30.0,20.0,600.0,180.0,10.0,17.0,14.0,10,150,0,0.0,1.0,0.0,2.0,1.0,0.22,0.0
1515,30.0,20.0,600.0,180.0,10.0,17.0,15.0,10,150,0,0.0,1.0,0.0,2.0,1.0,0.22,0.0
1516,30.0,20.0,600.0,180.0,10.0,17.0,16.0,10,150,0,0.0,0.627,0.0,2.0,1.0,0.22,0.0
1517,30.0,20.0,600.0,180.0,10.0,17.0,17.0,10,150,0,0.0,1.0,0.0,2.0,1.0,0.22,0.0
1518,30.0,20.0,600.0,180.0,10.0,17.0,18.0,10,150,0,0.0,1.0,0.0,2.0,1.0,0.22,0.0
1519,30.0,20.0,600.0,180.0,10.0,17.0,19.0,10,150,0,0.0,1.0,0.0,2.0,1.0,0.22,0.0
1520,30.0,20.0,600.0,180.0,10.0,18.0,0.0,10,150,0,0.0,1.0,0.0,2.0,1.0,0.22,0.0
1521,30.0,20.0,600.0,180.0,10.0,18.0,1.0,10,150,0,0.0,1.0,0.0,2.0,1.0,0.22,0.0
1522,30.0,20.0,600.0,180.0,10.0,18.0,2.0,10,150,0,0.0,1.0,0.0,2.0,1.0,0.22,0.0
1523,30.0,20.0,600.0,180.0,10.0,18.0,3.0,10,150,0,0.0,1.0,0.0,2.0,1.0,0.22,0.0
1524,30.0,20.0,600.0,180.0,10.0,18.0,4.0,10,150,0,0.0,1.0,0.0,2.0,1.0,0.22,0.0
1525,30.0,20.0,600.0,180.0,10.0,18.0,5.0,10,150,0,0.0,1.0,0.0,2.0,1.0,0.22,0.0
1526,30.0,20.0,600.0,180.0,10.0,18.0,6.0,10,150,0,0.0,1.0,0.0,2.0,1.0,0.22,0.0
1527,30.0,20.0,600.0,180.0,10.0,18.0,7.0,10,150,0,0.0,1.0,0.0,2.0,1.0,0.22,0.0
1528,30.0,20.0,600.0,180.0,10.0,18.0,8.0,10,150,0,0.0,1.0,0.0,2.0,1.0,0.22,0.0
1529,30.0,20.0,600.0,180.0,10.0,18.0,9.0,10,150,0,0.0,1.0,0.0,2.0,1.0,0.22,0.0
1530,30.0,20.0,600.0,180.0,10.0,18.0,10.0,10,150,0,0.0,1.0,0.0,2.0,1.0,0.22,0.0
1531,30.0,20.0,600.0,180.0,10.0,18.0,11.0,10,150,0,0.0,1.0,0.0,2.0,1.0,0.22,0.0
1532,30.0,20.0,600.0,180.0,10.0,18.0,12.0,10,150,0,0.0,0.552,0.0,2.0,1.0,0.22,0.0
1533,30.0,20.0,600.0,180.0,10.0,18.0,13.0,10,150,0,0.0,1.0,0.0,2.0,1.0,0.22,0.0
1534,30.0,20.0,600.0,180.0,10.0,18.0,14.0,10,150,0,0.0,1.0,0.0,2.0,1.0,0.22,0.0
1535,30.0,20.0,600.0,180.0,10.0,18.0,15.0,10,150,0,0.0,1.0,0.0,2.0,1.0,0.22,0.0
1536,30.0,20.0,600.0,180.0,10.0,18.0,16.0,10,150,0,0.0,1.0,0.0,2.0,1.0,0.22,0.0
1537,30.0,20.0,600.0,180.0,10.0,18.0,17.0,10,150,0,0.0,1.0,0.0,2.0,1.0,0.22,0.0
1538,30.0,20.0,600.0,180.0,10.0,18.0,18.0,10,150,0,0.0,1.0,0.0,2.0,1.0,0.22,0.0
1539,30.0,20.0,600.0,180.0,10.0,18.0,19.0,10,150,0,0.0,1.0,0.0,2.0,1.0,0.22,0.0
1540,30.0,20.0,600.0,180.0,10.0,19.0,0.0,10,150,0,0.0,1.0,0.0,2.0,1.0,0.22,0.0
1541,30.0,20.0,600.0,180.0,10.0,19.0,1.0,10,150,0,0.0,0.637,0.0,2.0,1.0,0.22,0.0
1542,30.0,20.0,600.0,180.0,10.0,19.0,2.0,10,150,0,0.0,1.0,0.0,2.0,1.0,0.22,0.0
1543,30.0,20.0,600.0,180.0,10.0,19.0,3.0,10,150,0,0.0,1.0,0.0,2.0,1.0,0.22,0.0
1544,30.0,20.0,600.0,180.0,10.0,19.0,4.0,10,150,0,0.0,1.0,0.0,2.0,1.0,0.22,0.0
1545,30.0,20.0,600.0,180.0,10.0,19.0,5.0,10,150,0,0.0,1.0,0.0,2.0,1.0,0.22,0.0
1546,30.0,20.0,600.0,180.0,10.0,19.0,6.0,10,150,0,0.0,1.0,0.0,2.0,1.0,0.22,0.0
1547,30.0,20.0,600.0,180.0,10.0,19.0,7.0,10,150,0,0.0,1.0,0.0,2.0,1.0,0.22,0.0
1548,30.0,20.0,600.0,180.0,10.0,19.0,8.0,10,150,0,0.0,1.0,0.0,2.0,1.0,0.22,0.0
1549,30.0,20.0,600.0,180.0,10.0,19.0,9.0,10,150,0,0.0,1.0,0.0,2.0,1.0,0.22,0.0
1550,30.0,20.0,600.0,180.0,10.0,19.0,10.0,10,150,0,0.0,1.0,0.0,2.0,1.0,0.22,0.0
1551,30.0,20.0,600.0,180.0,10.0,19.0,11.0,10,150,0,0.0,1.0,0.0,2.0,1.0,0.22,0.0
1552,30.0,20.0,600.0,180.0,10.0,19.0,12.0,10,150,0,0.0,1.0,0.0,2.0,1.0,0.22,0.0
1553,30.0,20.0,600.0,180.0,10.0,19.0,13.0,10,150,0,0.0,1.0,0.0,2.0,1.0,0.22,0.0
1554,30.0,20.0,600.0,180.0,10.0,19.0,14.0,10,150,0,0.0,1.0,0.0,2.0,1.0,0.22,0.0
1555,30.0,20.0,600.0,180.0,10.0,19.0,15.0,10,150,0,0.0,1.0,0.0,2.0,1.0,0.22,0.0
1556,30.0,20.0,600.0,180.0,10.0,19.0,16.0,10,150,0,0.0,1.0,0.0,2.0,1.0,0.22,0.0
1557,30.0,20.0,600.0,180.0,10.0,19.0,17.0,10,150,0,0.0,1.0,0.0,2.0,1.0,0.22,0.0
1558,30.0,20.0,600.0,180.0,10.0,19.0,18.0,10,150,0,0.0,1.0,0.0,2.0,1.0,0.22,0.0
1559,30.0,20.0,600.0,180.0,10.0,19.0,19.0,10,150,0,0.0,1.0,0.0,2.0,1.0,0.22,0.0
1560,30.0,20.0,600.0,180.0,10.0,20.0,0.0,10,150,0,0.0,0.658,0.0,2.0,1.0,0.22,0.0
1561,30.0,20.0,600.0,180.0,10.0,20.0,1.0,10,150,0,0.0,0.652,0.0,2.0,1.0,0.22,0.0
1562,30.0,20.0,600.0,180.0,10.0,20.0,2.0,10,150,0,0.0,0.785,0.0,2.0,1.0,0.22,0.0
1563,30.0,20.0,600.0,180.0,10.0,20.0,3.0,10,150,0,0.0,0.474,0.0,2.0,1.0,0.22,0.0
1564,30.0,20.0,600.0,180.0,10.0,20.0,4.0,10,150,0,0.0,0.604,0.0,2.0,1.0,0.22,0.0
1565,30.0,20.0,600.0,180.0,10.0,20.0,5.0,10,150,0,0.0,0.615,0.0,2.0,1.0,0.22,0.0
1566,30.0,20.0,600.0,180.0,10.0,20.0,6.0,10,150,0,0.0,0.368,0.0,2.0,1.0,0.22,0.0
1567,30.0,20.0,600.0,180.0,10.0,20.0,7.0,10,150,0,0.0,0.609,0.0,2.0,1.0,0.22,0.0
1568,30.0,20.0,600.0,180.0,10.0,20.0,8.0,10,150,0,0.0,0.586,0.0,2.0,1.0,0.22,0.0
1569,30.0,20.0,600.0,180.0,10.0,20.0,9.0,10,150,0,0.0,0.628,0.0,2.0,1.0,0.22,0.0
1570,30.0,20.0,600.0,180.0,10.0,20.0,10.0,10,150,0,0.0,0.315,0.0,2.0,1.0,0.22,0.0
1571,30.0,20.0,600.0,180.0,10.0,20.0,11.0,10,150,0,0.0,0.612,0.0,2.0,1.0,0.22,0.0
1572,30.0,20.0,600.0,180.0,10.0,20.0,12.0,10,150,0,0.0,0.415,0.0,2.0,1.0,0.22,0.0
1573,30.0,20.0,600.0,180.0,10.0,20.0,13.0,10,150,0,0.0,0.453,0.0,2.0,1.0,0.22,0.0
1574,30.0,20.0,600.0,180.0,10.0,20.0,14.0,10,150,0,0.0,0.658,0.0,2.0,1.0,0.22,0.0
1575,30.0,20.0,600.0,180.0,10.0,20.0,15.0,10,150,0,0.0,0.568,0.0,2.0,1.0,0.22,0.0
1576,30.0,20.0,600.0,180.0,10.0,20.0,16.0,10,150,0,0.0,0.524,0.0,2.0,1.0,0.22,0.0
1577,30.0,20.0,600.0,180.0,10.0,20.0,17.0,10,150,0,0.0,0.412,0.0,2.0,1.0,0.22,0.0
1578,30.0,20.0,600.0,180.0,10.0,20.0,18.0,10,150,0,0.0,0.531,0.0,2.0,1.0,0.22,0.0
1579,30.0,20.0,600.0,180.0,10.0,20.0,19.0,10,150,0,0.0,0.525,0.0,2.0,1.0,0.22,0.0
1580,30.0,20.0,600.0,180.0,10.0,21.0,0.0,10,150,0,0.0,0.43,0.0,2.0,1.0,0.22,0.0
1581,30.0,20.0,600.0,180.0,10.0,21.0,1.0,10,150,0,0.0,0.648,0.0,2.0,1.0,0.22,0.0
1582,30.0,20.0,600.0,180.0,10.0,21.0,2.0,10,150,0,0.0,0.391,0.0,2.0,1.0,0.22,0.0
1583,30.0,20.0,600.0,180.0,10.0,21.0,3.0,10,150,0,0.0,0.56,0.0,2.0,1.0,0.22,0.0
1584,30.0,20.0,600.0,180.0,10.0,21.0,4.0,10,150,0,0.0,0.487,0.0,2.0,1.0,0.22,0.0
1585,30.0,20.0,600.0,180.0,10.0,21.0,5.0,10,150,0,0.0,0.539,0.0,2.0,1.0,0.22,0.0
1586,30.0,20.0,600.0,180.0,10.0,21.0,6.0,10,150,0,0.0,0.662,0.0,2.0,1.0,0.22,0.0
1587,30.0,20.0,600.0,180.0,10.0,21.0,7.0,10,150,0,0.0,0.413,0.0,2.0,1.0,0.22,0.0
1588,30.0,20.0,600.0,180.0,10.0,21.0,8.0,10,150,0,0.0,0.483,0.0,2.0,1.0,0.22,0.0
1589,30.0,20.0,600.0,180.0,10.0,21.0,9.0,10,150,0,0.0,0.629,0.0,2.0,1.0,0.22,0.0
1590,30.0,20.0,600.0,180.0,10.0,21.0,10.0,10,150,0,0.0,0.663,0.0,2.0,1.0,0.22,0.0
1591,30.0,20.0,600.0,180.0,10.0,21.0,11.0,10,150,0,0.0,0.634,0.0,2.0,1.0,0.22,0.0
1592,30.0,20.0,600.0,180.0,10.0,21.0,12.0,10,150,0,0.0,0.544,0.0,2.0,1.0,0.22,0.0
1593,30.0,20.0,600.0,180.0,10.0,21.0,13.0,10,150,0,0.0,0.566,0.0,2.0,1.0,0.22,0.0
1594,30.0,20.0,600.0,180.0,10.0,21.0,14.0,10,150,0,0.0,0.665,0.0,2.0,1.0,0.22,0.0
1595,30.0,20.0,600.0,180.0,10.0,21.0,15.0,10,150,0,0.0,0.892,0.0,2.0,1.0,0.22,0.0
1596,30.0,20.0,600.0,180.0,10.0,21.0,16.0,10,150,0,0.0,0.658,0.0,2.0,1.0,0.22,0.0
1597,30.0,20.0,600.0,180.0,10.0,21.0,17.0,10,150,0,0.0,0.317,0.0,2.0,1.0,0.22,0.0
1598,30.0,20.0,600.0,180.0,10.0,21.0,18.0,10,150,0,0.0,0.579,0.0,2.0,1.0,0.22,0.0
1599,30.0,20.0,600.0,180.0,10.0,21.0,19.0,10,150,0,0.0,0.301,0.0,2.0,1.0,0.22,0.0
1600,30.0,20.0,600.0,180.0,10.0,22.0,0.0,10,150,0,0.0,0.56,0.0,2.0,1.0,0.22,0.0
1601,30.0,20.0,600.0,180.0,10.0,22.0,1.0,10,150,0,0.0,0.494,0.0,2.0,1.0,0.22,0.0
1602,30.0,20.0,600.0,180.0,10.0,22.0,2.0,10,150,0,0.0,0.613,0.0,2.0,1.0,0.22,0.0
1603,30.0,20.0,600.0,180.0,10.0,22.0,3.0,10,150,0,0.0,0.301,0.0,2.0,1.0,0.22,0.0
1604,30.0,20.0,600.0,180.0,10.0,22.0,4.0,10,150,0,0.0,0.491,0.0,2.0,1.0,0.22,0.0
1605,30.0,20.0,600.0,180.0,10.0,22.0,5.0,10,150,0,0.0,0.388,0.0,2.0,1.0,0.22,0.0
1606,30.0,20.0,600.0,180.0,10.0,22.0,6.0,10,150,0,0.0,0.429,0.0,2.0,1.0,0.22,0.0
1607,30.0,20.0,600.0,180.0,10.0,22.0,7.0,10,150,0,0.0,0.372,0.0,2.0,1.0,0.22,0.0
1608,30.0,20.0,600.0,180.0,10.0,22.0,8.0,10,150,0,0.0,0.359,0.0,2.0,1.0,0.22,0.0
1609,30.0,20.0,600.0,180.0,10.0,22.0,9.0,10,150,0,0.0,0.536,0.0,2.0,1.0,0.22,0.0
1610,30.0,20.0,600.0,180.0,10.0,22.0,10.0,10,150,0,0.0,0.678,0.0,2.0,1.0,0.22,0.0
1611,30.0,20.0,600.0,180.0,10.0,22.0,11.0,10,150,0,0.0,0.44,0.0,2.0,1.0,0.22,0.0
1612,30.0,20.0,600.0,180.0,10.0,22.0,12.0,10,150,0,0.0,0.468,0.0,2.0,1.0,0.22,0.0
1613,30.0,20.0,600.0,180.0,10.0,22.0,13.0,10,150,0,0.0,0.596,0.0,2.0,1.0,0.22,0.0
1614,30.0,20.0,600.0,180.0,10.0,22.0,14.0,10,150,0,0.0,0.531,0.0,2.0,1.0,0.22,0.0
1615,30.0,20.0,600.0,180.0,10.0,22.0,15.0,10,150,0,0.0,0.549,0.0,2.0,1.0,0.22,0.0
1616,30.0,20.0,600.0,180.0,10.0,22.0,16.0,10,150,0,0.0,0.619,0.0,2.0,1.0,0.22,0.0
1617,30.0,20.0,600.0,180.0,10.0,22.0,17.0,10,150,0,0.0,0.405,0.0,2.0,1.0,0.22,0.0
1618,30.0,20.0,600.0,180.0,10.0,22.0,18.0,10,150,0,0.0,0.544,0.0,2.0,1.0,0.22,0.0
1619,30.0,20.0,600.0,180.0,10.0,22.0,19.0,10,150,0,0.0,0.311,0.0,2.0,1.0,0.22,0.0
1620,30.0,20.0,600.0,180.0,10.0,23.0,0.0,10,150,0,0.0,0.453,0.0,2.0,1.0,0.22,0.0
1621,30.0,20.0,600.0,180.0,10.0,23.0,1.0,10,150,0,0.0,0.459,0.0,2.0,1.0,0.22,0.0
1622,30.0,20.0,600.0,180.0,10.0,23.0,2.0,10,150,0,0.0,0.493,0.0,2.0,1.0,0.22,0.0
1623,30.0,20.0,600.0,180.0,10.0,23.0,3.0,10,150,0,0.0,0.531,0.0,2.0,1.0,0.22,0.0
1624,30.0,20.0,600.0,180.0,10.0,23.0,4.0,10,150,0,0.0,0.47,0.0,2.0,1.0,0.22,0.0
1625,30.0,20.0,600.0,180.0,10.0,23.0,5.0,10,150,0,0.0,0.504,0.0,2.0,1.0,0.22,0.0
1626,30.0,20.0,600.0,180.0,10.0,23.0,6.0,10,150,0,0.0,0.362,0.0,2.0,1.0,0.22,0.0
1627,30.0,20.0,600.0,180.0,10.0,23.0,7.0,10,150,0,0.0,0.528,0.0,2.0,1.0,0.22,0.0
1628,30.0,20.0,600.0,180.0,10.0,23.0,8.0,10,150,0,0.0,0.314,0.0,2.0,1.0,0.22,0.0
1629,30.0,20.0,600.0,180.0,10.0,23.0,9.0,10,150,0,0.0,0.686,0.0,2.0,1.0,0.22,0.0
1630,30.0,20.0,600.0,180.0,10.0,23.0,10.0,10,150,0,0.0,0.63,0.0,2.0,1.0,0.22,0.0
1631,30.0,20.0,600.0,180.0,10.0,23.0,11.0,10,150,0,0.0,0.301,0.0,2.0,1.0,0.22,0.0
1632,30.0,20.0,600.0,180.0,10.0,23.0,12.0,10,150,0,0.0,0.678,0.0,2.0,1.0,0.22,0.0
1633,30.0,20.0,600.0,180.0,10.0,23.0,13.0,10,150,0,0.0,0.476,0.0,2.0,1.0,0.22,0.0
1634,30.0,20.0,600.0,180.0,10.0,23.0,14.0,10,150,0,0.0,0.41,0.0,2.0,1.0,0.22,0.0
1635,30.0,20.0,600.0,180.0,10.0,23.0,15.0,10,150,0,0.0,0.696,0.0,2.0,1.0,0.22,0.0
1636,30.0,20.0,600.0,180.0,10.0,23.0,16.0,10,150,0,0.0,0.442,0.0,2.0,1.0,0.22,0.0
1637,30.0,20.0,600.0,180.0,10.0,23.0,17.0,10,150,0,0.0,0.39,0.0,2.0,1.0,0.22,0.0
1638,30.0,20.0,600.0,180.0,10.0,23.0,18.0,10,150,0,0.0,0.316,0.0,2.0,1.0,0.22,0.0
1639,30.0,20.0,600.0,180.0,10.0,23.0,19.0,10,150,0,0.0,0.304,0.0,2.0,1.0,0.22,0.0
1640,30.0,20.0,600.0,180.0,10.0,24.0,0.0,10,150,0,0.0,0.524,0.0,2.0,1.0,0.22,0.0
1641,30.0,20.0,600.0,180.0,10.0,24.0,1.0,10,150,0,0.0,0.666,0.0,2.0,1.0,0.22,0.0
1642,30.0,20.0,600.0,180.0,10.0,24.0,2.0,10,150,0,0.0,0.658,0.0,2.0,1.0,0.22,0.0
1643,30.0,20.0,600.0,180.0,10.0,24.0,3.0,10,150,0,0.0,0.579,0.0,2.0,1.0,0.22,0.0
1644,30.0,20.0,600.0,180.0,10.0,24.0,4.0,10,150,0,0.0,0.493,0.0,2.0,1.0,0.22,0.0
1645,30.0,20.0,600.0,180.0,10.0,24.0,5.0,10,150,0,0.0,0.51,0.0,2.0,1.0,0.22,0.0
1646,30.0,20.0,600.0,180.0,10.0,24.0,6.0,10,150,0,0.0,0.54,0.0,2.0,1.0,0.22,0.0
1647,30.0,20.0,600.0,180.0,10.0,24.0,7.0,10,150,0,0.0,0.496,0.0,2.0,1.0,0.22,0.0
1648,30.0,20.0,600.0,180.0,10.0,24.0,8.0,10,150,0,0.0,0.437,0.0,2.0,1.0,0.22,0.0
1649,30.0,20.0,600.0,180.0,10.0,24.0,9.0,10,150,0,0.0,0.655,0.0,2.0,1.0,0.22,0.0
1650,30.0,20.0,600.0,180.0,10.0,24.0,10.0,10,150,0,0.0,0.462,0.0,2.0,1.0,0.22,0.0
1651,30.0,20.0,600.0,180.0,10.0,24.0,11.0,10,150,0,0.0,0.589,0.0,2.0,1.0,0.22,0.0
1652,30.0,20.0,600.0,180.0,10.0,24.0,12.0,10,150,0,0.0,0.631,0.0,2.0,1.0,0.22,0.0
1653,30.0,20.0,600.0,180.0,10.0,24.0,13.0,10,150,0,0.0,0.321,0.0,2.0,1.0,0.22,0.0
1654,30.0,20.0,600.0,180.0,10.0,24.0,14.0,10,150,0,0.0,0.321,0.0,2.0,1.0,0.22,0.0
1655,30.0,20.0,600.0,180.0,10.0,24.0,15.0,10,150,0,0.0,0.468,0.0,2.0,1.0,0.22,0.0
1656,30.0,20.0,600.0,180.0,10.0,24.0,16.0,10,150,0,0.0,0.482,0.0,2.0,1.0,0.22,0.0
1657,30.0,20.0,600.0,180.0,10.0,24.0,17.0,10,150,0,0.0,0.443,0.0,2.0,1.0,0.22,0.0
1658,30.0,20.0,600.0,180.0,10.0,24.0,18.0,10,150,0,0.0,0.44,0.0,2.0,1.0,0.22,0.0
1659,30.0,20.0,600.0,180.0,10.0,24.0,19.0,10,150,0,0.0,0.51,0.0,2.0,1.0,0.22,0.0
1660,30.0,20.0,600.0,180.0,10.0,25.0,0.0,10,150,0,0.0,0.525,0.0,2.0,1.0,0.22,0.0
1661,30.0,20.0,600.0,180.0,10.0,25.0,1.0,10,150,0,0.0,0.31,0.0,2.0,1.0,0.22,0.0
1662,30.0,20.0,600.0,180.0,10.0,25.0,2.0,10,150,0,0.0,0.585,0.0,2.0,1.0,0.22,0.0
1663,30.0,20.0,600.0,180.0,10.0,25.0,3.0,10,150,0,0.0,0.578,0.0,2.0,1.0,0.22,0.0
1664,30.0,20.0,600.0,180.0,10.0,25.0,4.0,10,150,0,0.0,0.56,0.0,2.0,1.0,0.22,0.0
1665,30.0,20.0,600.0,180.0,10.0,25.0,5.0,10,150,0,0.0,0.446,0.0,2.0,1.0,0.22,0.0
1666,30.0,20.0,600.0,180.0,10.0,25.0,6.0,10,150,0,0.0,0.492,0.0,2.0,1.0,0.22,0.0
1667,30.0,20.0,600.0,180.0,10.0,25.0,7.0,10,150,0,0.0,0.377,0.0,2.0,1.0,0.22,0.0
1668,30.0,20.0,600.0,180.0,10.0,25.0,8.0,10,150,0,0.0,0.474,0.0,2.0,1.0,0.22,0.0
1669,30.0,20.0,600.0,180.0,10.0,25.0,9.0,10,150,0,0.0,0.498,0.0,2.0,1.0,0.22,0.0
1670,30.0,20.0,600.0,180.0,10.0,25.0,10.0,10,150,0,0.0,0.381,0.0,2.0,1.0,0.22,0.0
1671,30.0,20.0,600.0,180.0,10.0,25.0,11.0,10,150,0,0.0,0.494,0.0,2.0,1.0,0.22,0.0
1672,30.0,20.0,600.0,180.0,10.0,25.0,12.0,10,150,0,0.0,0.661,0.0,2.0,1.0,0.22,0.0
1673,30.0,20.0,600.0,180.0,10.0,25.0,13.0,10,150,0,0.0,0.628,0.0,2.0,1.0,0.22,0.0
1674,30.0,20.0,600.0,180.0,10.0,25.0,14.0,10,150,0,0.0,0.692,0.0,2.0,1.0,0.22,0.0
1675,30.0,20.0,600.0,180.0,10.0,25.0,15.0,10,150,0,0.0,0.551,0.0,2.0,1.0,0.22,0.0
1676,30.0,20.0,600.0,180.0,10.0,25.0,16.0,10,150,0,0.0,0.689,0.0,2.0,1.0,0.22,0.0
1677,30.0,20.0,600.0,180.0,10.0,25.0,17.0,10,150,0,0.0,0.409,0.0,2.0,1.0,0.22,0.0
1678,30.0,20.0,600.0,180.0,10.0,25.0,18.0,10,150,0,0.0,0.661,0.0,2.0,1.0,0.22,0.0
1679,30.0,20.0,600.0,180.0,10.0,25.0,19.0,10,150,0,0.0,0.422,0.0,2.0,1.0,0.22,0.0
1680,30.0,20.0,600.0,180.0,10.0,26.0,0.0,10,150,0,0.0,0.435,0.0,2.0,1.0,0.22,0.0
1681,30.0,20.0,600.0,180.0,10.0,26.0,1.0,10,150,0,0.0,0.324,0.0,2.0,1.0,0.22,0.0
1682,30.0,20.0,600.0,180.0,10.0,26.0,2.0,10,150,0,0.0,0.343,0.0,2.0,1.0,0.22,0.0
1683,30.0,20.0,600.0,180.0,10.0,26.0,3.0,10,150,0,0.0,0.425,0.0,2.0,1.0,0.22,0.0
1684,30.0,20.0,600.0,180.0,10.0,26.0,4.0,10,150,0,0.0,0.444,0.0,2.0,1.0,0.22,0.0
1685,30.0,20.0,600.0,180.0,10.0,26.0,5.0,10,150,0,0.0,0.629,0.0,2.0,1.0,0.22,0.0
1686,30.0,20.0,600.0,180.0,10.0,26.0,6.0,10,150,0,0.0,0.636,0.0,2.0,1.0,0.22,0.0
1687,30.0,20.0,600.0,180.0,10.0,26.0,7.0,10,150,0,0.0,0.509,0.0,2.0,1.0,0.22,0.0
1688,30.0,20.0,600.0,180.0,10.0,26.0,8.0,10,150,0,0.0,0.6,0.0,2.0,1.0,0.22,0.0
1689,30.0,20.0,600.0,180.0,10.0,26.0,9.0,10,150,0,0.0,0.398,0.0,2.0,1.0,0.22,0.0
1690,30.0,20.0,600.0,180.0,10.0,26.0,10.0,10,150,0,0.0,0.505,0.0,2.0,1.0,0.22,0.0
1691,30.0,20.0,600.0,180.0,10.0,26.0,11.0,10,150,0,0.0,0.307,0.0,2.0,1.0,0.22,0.0
1692,30.0,20.0,600.0,180.0,10.0,26.0,12.0,10,150,0,0.0,0.315,0.0,2.0,1.0,0.22,0.0
1693,30.0,20.0,600.0,180.0,10.0,26.0,13.0,10,150,0,0.0,0.583,0.0,2.0,1.0,0.22,0.0
1694,30.0,20.0,600.0,180.0,10.0,26.0,14.0,10,150,0,0.0,0.53,0.0,2.0,1.0,0.22,0.0
1695,30.0,20.0,600.0,180.0,10.0,26.0,15.0,10,150,0,0.0,0.504,0.0,2.0,1.0,0.22,0.0
1696,30.0,20.0,600.0,180.0,10.0,26.0,16.0,10,150,0,0.0,0.333,0.0,2.0,1.0,0.22,0.0
1697,30.0,20.0,600.0,180.0,10.0,26.0,17.0,10,150,0,0.0,0.457,0.0,2.0,1.0,0.22,0.0
1698,30.0,20.0,600.0,180.0,10.0,26.0,18.0,10,150,0,0.0,0.309,0.0,2.0,1.0,0.22,0.0
1699,30.0,20.0,600.0,180.0,10.0,26.0,19.0,10,150,0,0.0,0.61,0.0,2.0,1.0,0.22,0.0
1700,30.0,20.0,600.0,180.0,10.0,27.0,0.0,10,150,0,0.0,0.644,0.0,2.0,1.0,0.22,0.0
1701,30.0,20.0,600.0,180.0,10.0,27.0,1.0,10,150,0,0.0,0.3,0.0,2.0,1.0,0.22,0.0
1702,30.0,20.0,600.0,180.0,10.0,27.0,2.0,10,150,0,0.0,0.477,0.0,2.0,1.0,0.22,0.0
1703,30.0,20.0,600.0,180.0,10.0,27.0,3.0,10,150,0,0.0,0.641,0.0,2.0,1.0,0.22,0.0
1704,30.0,20.0,600.0,180.0,10.0,27.0,4.0,10,150,0,0.0,0.549,0.0,2.0,1.0,0.22,0.0
1705,30.0,20.0,600.0,180.0,10.0,27.0,5.0,10,150,0,0.0,0.63,0.0,2.0,1.0,0.22,0.0
1706,30.0,20.0,600.0,180.0,10.0,27.0,6.0,10,150,0,0.0,0.358,0.0,2.0,1.0,0.22,0.0
1707,30.0,20.0,600.0,180.0,10.0,27.0,7.0,10,150,0,0.0,0.632,0.0,2.0,1.0,0.22,0.0
1708,30.0,20.0,600.0,180.0,10.0,27.0,8.0,10,150,0,0.0,0.398,0.0,2.0,1.0,0.22,0.0
1709,30.0,20.0,600.0,180.0,10.0,27.0,9.0,10,150,0,0.0,0.454,0.0,2.0,1.0,0.22,0.0
1710,30.0,20.0,600.0,180.0,10.0,27.0,10.0,10,150,0,0.0,0.666,0.0,2.0,1.0,0.22,0.0
1711,30.0,20.0,600.0,180.0,10.0,27.0,11.0,10,150,0,0.0,0.349,0.0,2.0,1.0,0.22,0.0
1712,30.0,20.0,600.0,180.0,10.0,27.0,12.0,10,150,0,0.0,0.615,0.0,2.0,1.0,0.22,0.0
1713,30.0,20.0,600.0,180.0,10.0,27.0,13.0,10,150,0,0.0,0.667,0.0,2.0,1.0,0.22,0.0
1714,30.0,20.0,600.0,180.0,10.0,27.0,14.0,10,150,0,0.0,0.49,0.0,2.0,1.0,0.22,0.0
1715,30.0,20.0,600.0,180.0,10.0,27.0,15.0,10,150,0,0.0,0.46,0.0,2.0,1.0,0.22,0.0
1716,30.0,20.0,600.0,180.0,10.0,27.0,16.0,10,150,0,0.0,0.322,0.0,2.0,1.0,0.22,0.0
1717,30.0,20.0,600.0,180.0,10.0,27.0,17.0,10,150,0,0.0,0.434,0.0,2.0,1.0,0.22,0.0
1718,30.0,20.0,600.0,180.0,10.0,27.0,18.0,10,150,0,0.0,0.619,0.0,2.0,1.0,0.22,0.0
1719,30.0,20.0,600.0,180.0,10.0,27.0,19.0,10,150,0,0.0,0.471,0.0,2.0,1.0,0.22,0.0
1720,30.0,20.0,600.0,180.0,10.0,28.0,0.0,10,150,0,0.0,0.616,0.0,2.0,1.0,0.22,0.0
1721,30.0,20.0,600.0,180.0,10.0,28.0,1.0,10,150,0,0.0,0.313,0.0,2.0,1.0,0.22,0.0
1722,30.0,20.0,600.0,180.0,10.0,28.0,2.0,10,150,0,0.0,0.697,0.0,2.0,1.0,0.22,0.0
1723,30.0,20.0,600.0,180.0,10.0,28.0,3.0,10,150,0,0.0,0.507,0.0,2.0,1.0,0.22,0.0
1724,30.0,20.0,600.0,180.0,10.0,28.0,4.0,10,150,0,0.0,0.596,0.0,2.0,1.0,0.22,0.0
1725,30.0,20.0,600.0,180.0,10.0,28.0,5.0,10,150,0,0.0,0.647,0.0,2.0,1.0,0.22,0.0
1726,30.0,20.0,600.0,180.0,10.0,28.0,6.0,10,150,0,0.0,0.363,0.0,2.0,1.0,0.22,0.0
1727,30.0,20.0,600.0,180.0,10.0,28.0,7.0,10,150,0,0.0,0.505,0.0,2.0,1.0,0.22,0.0
1728,30.0,20.0,600.0,180.0,10.0,28.0,8.0,10,150,0,0.0,0.405,0.0,2.0,1.0,0.22,0.0
1729,30.0,20.0,600.0,180.0,10.0,28.0,9.0,10,150,0,0.0,0.446,0.0,2.0,1.0,0.22,0.0
1730,30.0,20.0,600.0,180.0,10.0,28.0,10.0,10,150,0,0.0,0.527,0.0,2.0,1.0,0.22,0.0
1731,30.0,20.0,600.0,180.0,10.0,28.0,11.0,10,150,0,0.0,0.487,0.0,2.0,1.0,0.22,0.0
1732,30.0,20.0,600.0,180.0,10.0,28.0,12.0,10,150,0,0.0,0.563,0.0,2.0,1.0,0.22,0.0
1733,30.0,20.0,600.0,180.0,10.0,28.0,13.0,10,150,0,0.0,0.529,0.0,2.0,1.0,0.22,0.0
1734,30.0,20.0,600.0,180.0,10.0,28.0,14.0,10,150,0,0.0,0.648,0.0,2.0,1.0,0.22,0.0
1735,30.0,20.0,600.0,180.0,10.0,28.0,15.0,10,150,0,0.0,0.345,0.0,2.0,1.0,0.22,0.0
1736,30.0,20.0,600.0,180.0,10.0,28.0,16.0,10,150,0,0.0,0.397,0.0,2.0,1.0,0.22,0.0
1737,30.0,20.0,600.0,180.0,10.0,28.0,17.0,10,150,0,0.0,0.564,0.0,2.0,1.0,0.22,0.0
1738,30.0,20.0,600.0,180.0,10.0,28.0,18.0,10,150,0,0.0,0.696,0.0,2.0,1.0,0.22,0.0
1739,30.0,20.0,600.0,180.0,10.0,28.0,19.0,10,150,0,0.0,0.698,0.0,2.0,1.0,0.22,0.0
1740,30.0,20.0,600.0,180.0,10.0,0.0,0.0,11,165,37.5,528.88,1.0,528.88,2.0,1.0,0.22,232.71
1741,30.0,20.0,600.0,180.0,10.0,0.0,1.0,11,165,37.5,528.88,1.0,528.88,2.0,1.0,0.22,232.71
1742,30.0,20.0,600.0,180.0,10.0,0.0,2.0,11,165,37.5,528.88,1.0,528.88,2.0,1.0,0.22,232.71
1743,30.0,20.0,600.0,180.0,10.0,0.0,3.0,11,165,37.5,528.88,1.0,528.88,2.0,1.0,0.22,232.71
1744,30.0,20.0,600.0,180.0,10.0,0.0,4.0,11,165,37.5,528.88,1.0,528.88,2.0,1.0,0.22,232.71
1745,30.0,20.0,600.0,180.0,10.0,0.0,5.0,11,165,37.5,528.88,1.0,528.88,2.0,1.0,0.22,232.71
1746,30.0,20.0,600.0,180.0,10.0,0.0,6.0,11,165,37.5,528.88,0.865,457.48,2.0,1.0,0.22,201.29
1747,30.0,20.0,600.0,180.0,10.0,0.0,7.0,11,165,37.5,528.88,1.0,528.88,2.0,1.0,0.22,232.71
1748,30.0,20.0,600.0,180.0,10.0,0.0,8.0,11,165,37.5,528.88,1.0,528.88,2.0,1.0,0.22,232.71
1749,30.0,20.0,600.0,180.0,10.0,0.0,9.0,11,165,37.5,528.88,1.0,528.88,2.0,1.0,0.22,232.71
1750,30.0,20.0,600.0,180.0,10.0,0.0,10.0,11,165,37.5,528.88,1.0,528.88,2.0,1.0,0.22,232.71
1751,30.0,20.0,600.0,180.0,10.0,0.0,11.0,11,165,37.5,528.88,1.0,528.88,2.0,1.0,0.22,232.71
1752,30.0,20.0,600.0,180.0,10.0,0.0,12.0,11,165,37.5,528.88,1.0,528.88,2.0,1.0,0.22,232.71
1753,30.0,20.0,600.0,180.0,10.0,0.0,13.0,11,165,37.5,528.88,1.0,528.88,2.0,1.0,0.22,232.71
1754,30.0,20.0,600.0,180.0,10.0,0.0,14.0,11,165,37.5,528.88,1.0,528.88,2.0,1.0,0.22,232.71
1755,30.0,20.0,600.0,180.0,10.0,0.0,15.0,11,165,37.5,528.88,1.0,528.88,2.0,1.0,0.22,232.71
1756,30.0,20.0,600.0,180.0,10.0,0.0,16.0,11,165,37.5,528.88,1.0,528.88,2.0,1.0,0.22,232.71
1757,30.0,20.0,600.0,180.0,10.0,0.0,17.0,11,165,37.5,528.88,1.0,528.88,2.0,1.0,0.22,232.71
1758,30.0,20.0,600.0,180.0,10.0,0.0,18.0,11,165,37.5,528.88,1.0,528.88,2.0,1.0,0.22,232.71
1759,30.0,20.0,600.0,180.0,10.0,0.0,19.0,11,165,37.5,528.88,1.0,528.88,2.0,1.0,0.22,232.71
1760,30.0,20.0,600.0,180.0,10.0,1.0,0.0,11,165,37.5,528.88,1.0,528.88,2.0,1.0,0.22,232.71
1761,30.0,20.0,600.0,180.0,10.0,1.0,1.0,11,165,37.5,528.88,1.0,528.88,2.0,1.0,0.22,232.71
1762,30.0,20.0,600.0,180.0,10.0,1.0,2.0,11,165,37.5,528.88,0.845,446.9,2.0,1.0,0.22,196.64
1763,30.0,20.0,600.0,180.0,10.0,1.0,3.0,11,165,37.5,528.88,1.0,528.88,2.0,1.0,0.22,232.71
1764,30.0,20.0,600.0,180.0,10.0,1.0,4.0,11,165,37.5,528.88,1.0,528.88,2.0,1.0,0.22,232.71
1765,30.0,20.0,600.0,180.0,10.0,1.0,5.0,11,165,37.5,528.88,1.0,528.88,2.0,1.0,0.22,232.71
1766,30.0,20.0,600.0,180.0,10.0,1.0,6.0,11,165,37.5,528.88,1.0,528.88,2.0,1.0,0.22,232.71
1767,30.0,20.0,600.0,180.0,10.0,1.0,7.0,11,165,37.5,528.88,1.0,528.88,2.0,1.0,0.22,232.71
1768,30.0,20.0,600.0,180.0,10.0,1.0,8.0,11,165,37.5,528.88,1.0,528.88,2.0,1.0,0.22,232.71
1769,30.0,20.0,600.0,180.0,10.0,1.0,9.0,11,165,37.5,528.88,1.0,528.88,2.0,1.0,0.22,232.71
1770,30.0,20.0,600.0,180.0,10.0,1.0,10.0,11,165,37.5,528.88,1.0,528.88,2.0,1.0,0.22,232.71
1771,30.0,20.0,600.0,180.0,10.0,1.0,11.0,11,165,37.5,528.88,1.0,528.88,2.0,1.0,0.22,232.71
1772,30.0,20.0,600.0,180.0,10.0,1.0,12.0,11,165,37.5,528.88,1.0,528.88,2.0,1.0,0.22,232.71
1773,30.0,20.0,600.0,180.0,10.0,1.0,13.0,11,165,37.5,528.88,1.0,528.88,2.0,1.0,0.22,232.71
1774,30.0,20.0,600.0,180.0,10.0,1.0,14.0,11,165,37.5,528.88,1.0,528.88,2.0,1.0,0.22,232.71
1775,30.0,20.0,600.0,180.0,10.0,1.0,15.0,11,165,37.5,528.88,1.0,528.88,2.0,1.0,0.22,232.71
1776,30.0,20.0,600.0,180.0,10.0,1.0,16.0,11,165,37.5,528.88,1.0,528.88,2.0,1.0,0.22,232.71
1777,30.0,20.0,600.0,180.0,10.0,1.0,17.0,11,165,37.5,528.88,1.0,528.88,2.0,1.0,0.22,232.71
1778,30.0,20.0,600.0,180.0,10.0,1.0,18.0,11,165,37.5,528.88,1.0,528.88,2.0,1.0,0.22,232.71
1779,30.0,20.0,600.0,180.0,10.0,1.0,19.0,11,165,37.5,528.88,1.0,528.88,2.0,1.0,0.22,232.71
1780,30.0,20.0,600.0,180.0,10.0,2.0,0.0,11,165,37.5,528.88,1.0,528.88,2.0,1.0,0.22,232.71
1781,30.0,20.0,600.0,180.0,10.0,2.0,1.0,11,165,37.5,528.88,1.0,528.88,2.0,1.0,0.22,232.71
1782,30.0,20.0,600.0,180.0,10.0,2.0,2.0,11,165,37.5,528.88,1.0,528.88,2.0,1.0,0.22,232.71
1783,30.0,20.0,600.0,180.0,10.0,2.0,3.0,11,165,37.5,528.88,1.0,528.88,2.0,1.0,0.22,232.71
1784,30.0,20.0,600.0,180.0,10.0,2.0,4.0,11,165,37.5,528.88,1.0,528.88,2.0,1.0,0.22,232.71
1785,30.0,20.0,600.0,180.0,10.0,2.0,5.0,11,165,37.5,528.88,1.0,528.88,2.0,1.0,0.22,232.71
1786,30.0,20.0,600.0,180.0,10.0,2.0,6.0,11,165,37.5,528.88,1.0,528.88,2.0,1.0,0.22,232.71
1787,30.0,20.0,600.0,180.0,10.0,2.0,7.0,11,165,37.5,528.88,1.0,528.88,2.0,1.0,0.22,232.71
1788,30.0,20.0,600.0,180.0,10.0,2.0,8.0,11,165,37.5,528.88,1.0,528.88,2.0,1.0,0.22,232.71
1789,30.0,20.0,600.0,180.0,10.0,2.0,9.0,11,165,37.5,528.88,1.0,528.88,2.0,1.0,0.22,232.71
1790,30.0,20.0,600.0,180.0,10.0,2.0,10.0,11,165,37.5,528.88,1.0,528.88,2.0,1.0,0.22,232.71
1791,30.0,20.0,600.0,180.0,10.0,2.0,11.0,11,165,37.5,528.88,1.0,528.88,2.0,1.0,0.22,232.71
1792,30.0,20.0,600.0,180.0,10.0,2.0,12.0,11,165,37.5,528.88,1.0,528.88,2.0,1.0,0.22,232.71
1793,30.0,20.0,600.0,180.0,10.0,2.0,13.0,11,165,37.5,528.88,1.0,528.88,2.0,1.0,0.22,232.71
1794,30.0,20.0,600.0,180.0,10.0,2.0,14.0,11,165,37.5,528.88,1.0,528.88,2.0,1.0,0.22,232.71
1795,30.0,20.0,600.0,180.0,10.0,2.0,15.0,11,165,37.5,528.88,1.0,528.88,2.0,1.0,0.22,232.71
1796,30.0,20.0,600.0,180.0,10.0,2.0,16.0,11,165,37.5,528.88,1.0,528.88,2.0,1.0,0.22,232.71
1797,30.0,20.0,600.0,180.0,10.0,2.0,17.0,11,165,37.5,528.88,1.0,528.88,2.0,1.0,0.22,232.71
1798,30.0,20.0,600.0,180.0,10.0,2.0,18.0,11,165,37.5,528.88,1.0,528.88,2.0,1.0,0.22,232.71
1799,30.0,20.0,600.0,180.0,10.0,2.0,19.0,11,165,37.5,528.88,1.0,528.88,2.0,1.0,0.22,232.71
1800,30.0,20.0,600.0,180.0,10.0,3.0,0.0,11,165,37.5,528.88,1.0,528.88,2.0,1.0,0.22,232.71
1801,30.0,20.0,600.0,180.0,10.0,3.0,1.0,11,165,37.5,528.88,1.0,528.88,2.0,1.0,0.22,232.71
1802,30.0,20.0,600.0,180.0,10.0,3.0,2.0,11,165,37.5,528.88,1.0,528.88,2.0,1.0,0.22,232.71
1803,30.0,20.0,600.0,180.0,10.0,3.0,3.0,11,165,37.5,528.88,1.0,528.88,2.0,1.0,0.22,232.71
1804,30.0,20.0,600.0,180.0,10.0,3.0,4.0,11,165,37.5,528.88,1.0,528.88,2.0,1.0,0.22,232.71
1805,30.0,20.0,600.0,180.0,10.0,3.0,5.0,11,165,37.5,528.88,1.0,528.88,2.0,1.0,0.22,232.71
1806,30.0,20.0,600.0,180.0,10.0,3.0,6.0,11,165,37.5,528.88,1.0,528.88,2.0,1.0,0.22,232.71
1807,30.0,20.0,600.0,180.0,10.0,3.0,7.0,11,165,37.5,528.88,1.0,528.88,2.0,1.0,0.22,232.71
1808,30.0,20.0,600.0,180.0,10.0,3.0,8.0,11,165,37.5,528.88,0.82,433.68,2.0,1.0,0.22,190.82
1809,30.0,20.0,600.0,180.0,10.0,3.0,9.0,11,165,37.5,528.88,1.0,528.88,2.0,1.0,0.22,232.71
1810,30.0,20.0,600.0,180.0,10.0,3.0,10.0,11,165,37.5,528.88,1.0,528.88,2.0,1.0,0.22,232.71
1811,30.0,20.0,600.0,180.0,10.0,3.0,11.0,11,165,37.5,528.88,1.0,528.88,2.0,1.0,0.22,232.71
1812,30.0,20.0,600.0,180.0,10.0,3.0,12.0,11,165,37.5,528.88,1.0,528.88,2.0,1.0,0.22,232.71
1813,30.0,20.0,600.0,180.0,10.0,3.0,13.0,11,165,37.5,528.88,0.702,371.27,2.0,1.0,0.22,163.36
1814,30.0,20.0,600.0,180.0,10.0,3.0,14.0,11,165,37.5,528.88,1.0,528.88,2.0,1.0,0.22,232.71
1815,30.0,20.0,600.0,180.0,10.0,3.0,15.0,11,165,37.5,528.88,1.0,528.88,2.0,1.0,0.22,232.71
1816,30.0,20.0,600.0,180.0,10.0,3.0,16.0,11,165,37.5,528.88,1.0,528.88,2.0,1.0,0.22,232.71
1817,30.0,20.0,600.0,180.0,10.0,3.0,17.0,11,165,37.5,528.88,0.654,345.89,2.0,1.0,0.22,152.19
1818,30.0,20.0,600.0,180.0,10.0,3.0,18.0,11,165,37.5,528.88,1.0,528.88,2.0,1.0,0.22,232.71
1819,30.0,20.0,600.0,180.0,10.0,3.0,19.0,11,165,37.5,528.88,1.0,528.88,2.0,1.0,0.22,232.71
1820,30.0,20.0,600.0,180.0,10.0,4.0,0.0,11,165,37.5,528.88,1.0,528.88,2.0,1.0,0.22,232.71
1821,30.0,20.0,600.0,180.0,10.0,4.0,1.0,11,165,37.5,528.88,1.0,528.88,2.0,1.0,0.22,232.71
1822,30.0,20.0,600.0,180.0,10.0,4.0,2.0,11,165,37.5,528.88,1.0,528.88,2.0,1.0,0.22,232.71
1823,30.0,20.0,600.0,180.0,10.0,4.0,3.0,11,165,37.5,528.88,1.0,528.88,2.0,1.0,0.22,232.71
1824,30.0,20.0,600.0,180.0,10.0,4.0,4.0,11,165,37.5,528.88,1.0,528.88,2.0,1.0,0.22,232.71
1825,30.0,20.0,600.0,180.0,10.0,4.0,5.0,11,165,37.5,528.88,1.0,528.88,2.0,1.0,0.22,232.71
1826,30.0,20.0,600.0,180.0,10.0,4.0,6.0,11,165,37.5,528.88,1.0,528.88,2.0,1.0,0.22,232.71
1827,30.0,20.0,600.0,180.0,10.0,4.0,7.0,11,165,37.5,528.88,1.0,528.88,2.0,1.0,0.22,232.71
1828,30.0,20.0,600.0,180.0,10.0,4.0,8.0,11,165,37.5,528.88,1.0,528.88,2.0,1.0,0.22,232.71
1829,30.0,20.0,600.0,180.0,10.0,4.0,9.0,11,165,37.5,528.88,1.0,528.88,2.0,1.0,0.22,232.71
1830,30.0,20.0,600.0,180.0,10.0,4.0,10.0,11,165,37.5,528.88,1.0,528.88,2.0,1.0,0.22,232.71
1831,30.0,20.0,600.0,180.0,10.0,4.0,11.0,11,165,37.5,528.88,1.0,528.88,2.0,1.0,0.22,232.71
1832,30.0,20.0,600.0,180.0,10.0,4.0,12.0,11,165,37.5,528.88,1.0,528.88,2.0,1.0,0.22,232.71
1833,30.0,20.0,600.0,180.0,10.0,4.0,13.0,11,165,37.5,528.88,1.0,528.88,2.0,1.0,0.22,232.71
1834,30.0,20.0,600.0,180.0,10.0,4.0,14.0,11,165,37.5,528.88,1.0,528.88,2.0,1.0,0.22,232.71
1835,30.0,20.0,600.0,180.0,10.0,4.0,15.0,11,165,37.5,528.88,1.0,528.88,2.0,1.0,0.22,232.71
1836,30.0,20.0,600.0,180.0,10.0,4.0,16.0,11,165,37.5,528.88,1.0,528.88,2.0,1.0,0.22,232.71
1837,30.0,20.0,600.0,180.0,10.0,4.0,17.0,11,165,37.5,528.88,1.0,528.88,2.0,1.0,0.22,232.71
1838,30.0,20.0,600.0,180.0,10.0,4.0,18.0,11,165,37.5,528.88,1.0,528.88,2.0,1.0,0.22,232.71
1839,30.0,20.0,600.0,180.0,10.0,4.0,19.0,11,165,37.5,528.88,1.0,528.88,2.0,1.0,0.22,232.71
1840,30.0,20.0,600.0,180.0,10.0,5.0,0.0,11,165,37.5,528.88,1.0,528.88,2.0,1.0,0.22,232.71
1841,30.0,20.0,600.0,180.0,10.0,5.0,1.0,11,165,37.5,528.88,1.0,528.88,2.0,1.0,0.22,232.71
1842,30.0,20.0,600.0,180.0,10.0,5.0,2.0,11,165,37.5,528.88,1.0,528.88,2.0,1.0,0.22,232.71
1843,30.0,20.0,600.0,180.0,10.0,5.0,3.0,11,165,37.5,528.88,1.0,528.88,2.0,1.0,0.22,232.71
1844,30.0,20.0,600.0,180.0,10.0,5.0,4.0,11,165,37.5,528.88,1.0,528.88,2.0,1.0,0.22,232.71
1845,30.0,20.0,600.0,180.0,10.0,5.0,5.0,11,165,37.5,528.88,1.0,528.88,2.0,1.0,0.22,232.71
1846,30.0,20.0,600.0,180.0,10.0,5.0,6.0,11,165,37.5,528.88,1.0,528.88,2.0,1.0,0.22,232.71
1847,30.0,20.0,600.0,180.0,10.0,5.0,7.0,11,165,37.5,528.88,1.0,528.88,2.0,1.0,0.22,232.71
1848,30.0,20.0,600.0,180.0,10.0,5.0,8.0,11,165,37.5,528.88,1.0,528.88,2.0,1.0,0.22,232.71
1849,30.0,20.0,600.0,180.0,10.0,5.0,9.0,11,165,37.5,528.88,1.0,528.88,2.0,1.0,0.22,232.71
1850,30.0,20.0,600.0,180.0,10.0,5.0,10.0,11,165,37.5,528.88,1.0,528.88,2.0,1.0,0.22,232.71
1851,30.0,20.0,600.0,180.0,10.0,5.0,11.0,11,165,37.5,528.88,1.0,528.88,2.0,1.0,0.22,232.71
1852,30.0,20.0,600.0,180.0,10.0,5.0,12.0,11,165,37.5,528.88,1.0,528.88,2.0,1.0,0.22,232.71
1853,30.0,20.0,600.0,180.0,10.0,5.0,13.0,11,165,37.5,528.88,1.0,528.88,2.0,1.0,0.22,232.71
1854,30.0,20.0,600.0,180.0,10.0,5.0,14.0,11,165,37.5,528.88,1.0,528.88,2.0,1.0,0.22,232.71
1855,30.0,20.0,600.0,180.0,10.0,5.0,15.0,11,165,37.5,528.88,1.0,528.88,2.0,1.0,0.22,232.71
1856,30.0,20.0,600.0,180.0,10.0,5.0,16.0,11,165,37.5,528.88,1.0,528.88,2.0,1.0,0.22,232.71
1857,30.0,20.0,600.0,180.0,10.0,5.0,17.0,11,165,37.5,528.88,1.0,528.88,2.0,1.0,0.22,232.71
1858,30.0,20.0,600.0,180.0,10.0,5.0,18.0,11,165,37.5,528.88,1.0,528.88,2.0,1.0,0.22,232.71
1859,30.0,20.0,600.0,180.0,10.0,5.0,19.0,11,165,37.5,528.88,1.0,528.88,2.0,1.0,0.22,232.71
1860,30.0,20.0,600.0,180.0,10.0,6.0,0.0,11,165,37.5,528.88,1.0,528.88,2.0,1.0,0.22,232.71
1861,30.0,20.0,600.0,180.0,10.0,6.0,1.0,11,165,37.5,528.88,1.0,528.88,2.0,1.0,0.22,232.71
1862,30.0,20.0,600.0,180.0,10.0,6.0,2.0,11,165,37.5,528.88,1.0,528.88,2.0,1.0,0.22,232.71
1863,30.0,20.0,600.0,180.0,10.0,6.0,3.0,11,165,37.5,528.88,1.0,528.88,2.0,1.0,0.22,232.71
1864,30.0,20.0,600.0,180.0,10.0,6.0,4.0,11,165,37.5,528.88,1.0,528.88,2.0,1.0,0.22,232.71
1865,30.0,20.0,600.0,180.0,10.0,6.0,5.0,11,165,37.5,528.88,1.0,528.88,2.0,1.0,0.22,232.71
1866,30.0,20.0,600.0,180.0,10.0,6.0,6.0,11,165,37.5,528.88,1.0,528.88,2.0,1.0,0.22,232.71
1867,30.0,20.0,600.0,180.0,10.0,6.0,7.0,11,165,37.5,528.88,1.0,528.88,2.0,1.0,0.22,232.71
1868,30.0,20.0,600.0,180.0,10.0,6.0,8.0,11,165,37.5,528.88,0.669,353.82,2.0,1.0,0.22,155.68
1869,30.0,20.0,600.0,180.0,10.0,6.0,9.0,11,165,37.5,528.88,1.0,528.88,2.0,1.0,0.22,232.71
1870,30.0,20.0,600.0,180.0,10.0,6.0,10.0,11,165,37.5,528.88,1.0,528.88,2.0,1.0,0.22,232.71
1871,30.0,20.0,600.0,180.0,10.0,6.0,11.0,11,165,37.5,528.88,1.0,528.88,2.0,1.0,0.22,232.71
1872,30.0,20.0,600.0,180.0,10.0,6.0,12.0,11,165,37.5,528.88,1.0,528.88,2.0,1.0,0.22,232.71
1873,30.0,20.0,600.0,180.0,10.0,6.0,13.0,11,165,37.5,528.88,1.0,528.88,2.0,1.0,0.22,232.71
1874,30.0,20.0,600.0,180.0,10.0,6.0,14.0,11,165,37.5,528.88,1.0,528.88,2.0,1.0,0.22,232.71
1875,30.0,20.0,600.0,180.0,10.0,6.0,15.0,11,165,37.5,528.88,1.0,528.88,2.0,1.0,0.22,232.71
1876,30.0,20.0,600.0,180.0,10.0,6.0,16.0,11,165,37.5,528.88,1.0,528.88,2.0,1.0,0.22,232.71
1877,30.0,20.0,600.0,180.0,10.0,6.0,17.0,11,165,37.5,528.88,1.0,528.88,2.0,1.0,0.22,232.71
1878,30.0,20.0,600.0,180.0,10.0,6.0,18.0,11,165,37.5,528.88,1.0,528.88,2.0,1.0,0.22,232.71
1879,30.0,20.0,600.0,180.0,10.0,6.0,19.0,11,165,37.5,528.88,1.0,528.88,2.0,1.0,0.22,232.71
1880,30.0,20.0,600.0,180.0,10.0,7.0,0.0,11,165,37.5,528.88,1.0,528.88,2.0,1.0,0.22,232.71
1881,30.0,20.0,600.0,180.0,10.0,7.0,1.0,11,165,37.5,528.88,1.0,528.88,2.0,1.0,0.22,232.71
1882,30.0,20.0,600.0,180.0,10.0,7.0,2.0,11,165,37.5,528.88,1.0,528.88,2.0,1.0,0.22,232.71
1883,30.0,20.0,600.0,180.0,10.0,7.0,3.0,11,165,37.5,528.88,1.0,528.88,2.0,1.0,0.22,232.71
1884,30.0,20.0,600.0,180.0,10.0,7.0,4.0,11,165,37.5,528.88,1.0,528.88,2.0,1.0,0.22,232.71
1885,30.0,20.0,600.0,180.0,10.0,7.0,5.0,11,165,37.5,528.88,0.661,349.59,2.0,1.0,0.22,153.82
1886,30.0,20.0,600.0,180.0,10.0,7.0,6.0,11,165,37.5,528.88,1.0,528.88,2.0,1.0,0.22,232.71
1887,30.0,20.0,600.0,180.0,10.0,7.0,7.0,11,165,37.5,528.88,1.0,528.88,2.0,1.0,0.22,232.71
1888,30.0,20.0,600.0,180.0,10.0,7.0,8.0,11,165,37.5,528.88,1.0,528.88,2.0,1.0,0.22,232.71
1889,30.0,20.0,600.0,180.0,10.0,7.0,9.0,11,165,37.5,528.88,1.0,528.88,2.0,1.0,0.22,232.71
1890,30.0,20.0,600.0,180.0,10.0,7.0,10.0,11,165,37.5,528.88,1.0,528.88,2.0,1.0,0.22,232.71
1891,30.0,20.0,600.0,180.0,10.0,7.0,11.0,11,165,37.5,528.88,1.0,528.88,2.0,1.0,0.22,232.71
1892,30.0,20.0,600.0,180.0,10.0,7.0,12.0,11,165,37.5,528.88,1.0,528.88,2.0,1.0,0.22,232.71
1893,30.0,20.0,600.0,180.0,10.0,7.0,13.0,11,165,37.5,528.88,1.0,528.88,2.0,1.0,0.22,232.71
1894,30.0,20.0,600.0,180.0,10.0,7.0,14.0,11,165,37.5,528.88,1.0,528.88,2.0,1.0,0.22,232.71
1895,30.0,20.0,600.0,180.0,10.0,7.0,15.0,11,165,37.5,528.88,1.0,528.88,2.0,1.0,0.22,232.71
1896,30.0,20.0,600.0,180.0,10.0,7.0,16.0,11,165,37.5,528.88,1.0,528.88,2.0,1.0,0.22,232.71
1897,30.0,20.0,600.0,180.0,10.0,7.0,17.0,11,165,37.5,528.88,1.0,528.88,2.0,1.0,0.22,232.71
1898,30.0,20.0,600.0,180.0,10.0,7.0,18.0,11,165,37.5,528.88,1.0,528.88,2.0,1.0,0.22,232.71
1899,30.0,20.0,600.0,180.0,10.0,7.0,19.0,11,165,37.5,528.88,1.0,528.88,2.0,1.0,0.22,232.71
1900,30.0,20.0,600.0,180.0,10.0,8.0,0.0,11,165,37.5,528.88,1.0,528.88,2.0,1.0,0.22,232.71
1901,30.0,20.0,600.0,180.0,10.0,8.0,1.0,11,165,37.5,528.88,1.0,528.88,2.0,1.0,0.22,232.71
1902,30.0,20.0,600.0,180.0,10.0,8.0,2.0,11,165,37.5,528.88,1.0,528.88,2.0,1.0,0.22,232.71
1903,30.0,20.0,600.0,180.0,10.0,8.0,3.0,11,165,37.5,528.88,1.0,528.88,2.0,1.0,0.22,232.71
1904,30.0,20.0,600.0,180.0,10.0,8.0,4.0,11,165,37.5,528.88,1.0,528.88,2.0,1.0,0.22,232.71
1905,30.0,20.0,600.0,180.0,10.0,8.0,5.0,11,165,37.5,528.88,1.0,528.88,2.0,1.0,0.22,232.71
1906,30.0,20.0,600.0,180.0,10.0,8.0,6.0,11,165,37.5,528.88,1.0,528.88,2.0,1.0,0.22,232.71
1907,30.0,20.0,600.0,180.0,10.0,8.0,7.0,11,165,37.5,528.88,1.0,528.88,2.0,1.0,0.22,232.71
1908,30.0,20.0,600.0,180.0,10.0,8.0,8.0,11,165,37.5,528.88,1.0,528.88,2.0,1.0,0.22,232.71
1909,30.0,20.0,600.0,180.0,10.0,8.0,9.0,11,165,37.5,528.88,1.0,528.88,2.0,1.0,0.22,232.71
1910,30.0,20.0,600.0,180.0,10.0,8.0,10.0,11,165,37.5,528.88,1.0,528.88,2.0,1.0,0.22,232.71
1911,30.0,20.0,600.0,180.0,10.0,8.0,11.0,11,165,37.5,528.88,1.0,528.88,2.0,1.0,0.22,232.71
1912,30.0,20.0,600.0,180.0,10.0,8.0,12.0,11,165,37.5,528.88,1.0,528.88,2.0,1.0,0.22,232.71
1913,30.0,20.0,600.0,180.0,10.0,8.0,13.0,11,165,37.5,528.88,1.0,528.88,2.0,1.0,0.22,232.71
1914,30.0,20.0,600.0,180.0,10.0,8.0,14.0,11,165,37.5,528.88,1.0,528.88,2.0,1.0,0.22,232.71
1915,30.0,20.0,600.0,180.0,10.0,8.0,15.0,11,165,37.5,528.88,1.0,528.88,2.0,1.0,0.22,232.71
1916,30.0,20.0,600.0,180.0,10.0,8.0,16.0,11,165,37.5,528.88,1.0,528.88,2.0,1.0,0.22,232.71
1917,30.0,20.0,600.0,180.0,10.0,8.0,17.0,11,165,37.5,528.88,1.0,528.88,2.0,1.0,0.22,232.71
1918,30.0,20.0,600.0,180.0,10.0,8.0,18.0,11,165,37.5,528.88,1.0,528.88,2.0,1.0,0.22,232.71
1919,30.0,20.0,600.0,180.0,10.0,8.0,19.0,11,165,37.5,528.88,1.0,528.88,2.0,1.0,0.22,232.71
1920,30.0,20.0,600.0,180.0,10.0,9.0,0.0,11,165,37.5,528.88,1.0,528.88,2.0,1.0,0.22,232.71
1921,30.0,20.0,600.0,180.0,10.0,9.0,1.0,11,165,37.5,528.88,1.0,528.88,2.0,1.0,0.22,232.71
1922,30.0,20.0,600.0,180.0,10.0,9.0,2.0,11,165,37.5,528.88,1.0,528.88,2.0,1.0,0.22,232.71
1923,30.0,20.0,600.0,180.0,10.0,9.0,3.0,11,165,37.5,528.88,1.0,528.88,2.0,1.0,0.22,232.71
1924,30.0,20.0,600.0,180.0,10.0,9.0,4.0,11,165,37.5,528.88,1.0,528.88,2.0,1.0,0.22,232.71
1925,30.0,20.0,600.0,180.0,10.0,9.0,5.0,11,165,37.5,528.88,1.0,528.88,2.0,1.0,0.22,232.71
1926,30.0,20.0,600.0,180.0,10.0,9.0,6.0,11,165,37.5,528.88,1.0,528.88,2.0,1.0,0.22,232.71
1927,30.0,20.0,600.0,180.0,10.0,9.0,7.0,11,165,37.5,528.88,1.0,528.88,2.0,1.0,0.22,232.71
1928,30.0,20.0,600.0,180.0,10.0,9.0,8.0,11,165,37.5,528.88,0.651,344.3,2.0,1.0,0.22,151.49
1929,30.0,20.0,600.0,180.0,10.0,9.0,9.0,11,165,37.5,528.88,1.0,528.88,2.0,1.0,0.22,232.71
1930,30.0,20.0,600.0,180.0,10.0,9.0,10.0,11,165,37.5,528.88,1.0,528.88,2.0,1.0,0.22,232.71
1931,30.0,20.0,600.0,180.0,10.0,9.0,11.0,11,165,37.5,528.88,1.0,528.88,2.0,1.0,0.22,232.71
1932,30.0,20.0,600.0,180.0,10.0,9.0,12.0,11,165,37.5,528.88,1.0,528.88,2.0,1.0,0.22,232.71
1933,30.0,20.0,600.0,180.0,10.0,9.0,13.0,11,165,37.5,528.88,1.0,528.88,2.0,1.0,0.22,232.71
1934,30.0,20.0,600.0,180.0,10.0,9.0,14.0,11,165,37.5,528.88,1.0,528.88,2.0,1.0,0.22,232.71
1935,30.0,20.0,600.0,180.0,10.0,9.0,15.0,11,165,37.5,528.88,1.0,528.88,2.0,1.0,0.22,232.71
1936,30.0,20.0,600.0,180.0,10.0,9.0,16.0,11,165,37.5,528.88,1.0,528.88,2.0,1.0,0.22,232.71
1937,30.0,20.0,600.0,180.0,10.0,9.0,17.0,11,165,37.5,528.88,1.0,528.88,2.0,1.0,0.22,232.71
1938,30.0,20.0,600.0,180.0,10.0,9.0,18.0,11,165,37.5,528.88,1.0,528.88,2.0,1.0,0.22,232.71
1939,30.0,20.0,600.0,180.0,10.0,9.0,19.0,11,165,37.5,528.88,1.0,528.88,2.0,1.0,0.22,232.71
1940,30.0,20.0,600.0,180.0,10.0,10.0,0.0,11,165,37.5,528.88,1.0,528.88,2.0,1.0,0.22,232.71
1941,30.0,20.0,600.0,180.0,10.0,10.0,1.0,11,165,37.5,528.88,0.618,326.85,2.0,1.0,0.22,143.81
1942,30.0,20.0,600.0,180.0,10.0,10.0,2.0,11,165,37.5,528.88,1.0,528.88,2.0,1.0,0.22,232.71
1943,30.0,20.0,600.0,180.0,10.0,10.0,3.0,11,165,37.5,528.88,1.0,528.88,2.0,1.0,0.22,232.71
1944,30.0,20.0,600.0,180.0,10.0,10.0,4.0,11,165,37.5,528.88,1.0,528.88,2.0,1.0,0.22,232.71
1945,30.0,20.0,600.0,180.0,10.0,10.0,5.0,11,165,37.5,528.88,1.0,528.88,2.0,1.0,0.22,232.71
1946,30.0,20.0,600.0,180.0,10.0,10.0,6.0,11,165,37.5,528.88,1.0,528.88,2.0,1.0,0.22,232.71
1947,30.0,20.0,600.0,180.0,10.0,10.0,7.0,11,165,37.5,528.88,1.0,528.88,2.0,1.0,0.22,232.71
1948,30.0,20.0,600.0,180.0,10.0,10.0,8.0,11,165,37.5,528.88,1.0,528.88,2.0,1.0,0.22,232.71
1949,30.0,20.0,600.0,180.0,10.0,10.0,9.0,11,165,37.5,528.88,1.0,528.88,2.0,1.0,0.22,232.71
1950,30.0,20.0,600.0,180.0,10.0,10.0,10.0,11,165,37.5,528.88,1.0,528.88,2.0,1.0,0.22,232.71
1951,30.0,20.0,600.0,180.0,10.0,10.0,11.0,11,165,37.5,528.88,1.0,528.88,2.0,1.0,0.22,232.71
1952,30.0,20.0,600.0,180.0,10.0,10.0,12.0,11,165,37.5,528.88,1.0,528.88,2.0,1.0,0.22,232.71
1953,30.0,20.0,600.0,180.0,10.0,10.0,13.0,11,165,37.5,528.88,1.0,528.88,2.0,1.0,0.22,232.71
1954,30.0,20.0,600.0,180.0,10.0,10.0,14.0,11,165,37.5,528.88,1.0,528.88,2.0,1.0,0.22,232.71
1955,30.0,20.0,600.0,180.0,10.0,10.0,15.0,11,165,37.5,528.88,1.0,528.88,2.0,1.0,0.22,232.71
1956,30.0,20.0,600.0,180.0,10.0,10.0,16.0,11,165,37.5,528.88,1.0,528.88,2.0,1.0,0.22,232.71
1957,30.0,20.0,600.0,180.0,10.0,10.0,17.0,11,165,37.5,528.88,1.0,528.88,2.0,1.0,0.22,232.71
1958,30.0,20.0,600.0,180.0,10.0,10.0,18.0,11,165,37.5,528.88,1.0,528.88,2.0,1.0,0.22,232.71
1959,30.0,20.0,600.0,180.0,10.0,10.0,19.0,11,165,37.5,528.88,1.0,528.88,2.0,1.0,0.22,232.71
1960,30.0,20.0,600.0,180.0,10.0,11.0,0.0,11,165,37.5,528.88,1.0,528.88,2.0,1.0,0.22,232.71
1961,30.0,20.0,600.0,180.0,10.0,11.0,1.0,11,165,37.5,528.88,1.0,528.88,2.0,1.0,0.22,232.71
1962,30.0,20.0,600.0,180.0,10.0,11.0,2.0,11,165,37.5,528.88,1.0,528.88,2.0,1.0,0.22,232.71
1963,30.0,20.0,600.0,180.0,10.0,11.0,3.0,11,165,37.5,528.88,1.0,528.88,2.0,1.0,0.22,232.71
1964,30.0,20.0,600.0,180.0,10.0,11.0,4.0,11,165,37.5,528.88,1.0,528.88,2.0,1.0,0.22,232.71
1965,30.0,20.0,600.0,180.0,10.0,11.0,5.0,11,165,37.5,528.88,1.0,528.88,2.0,1.0,0.22,232.71
1966,30.0,20.0,600.0,180.0,10.0,11.0,6.0,11,165,37.5,528.88,1.0,528.88,2.0,1.0,0.22,232.71
1967,30.0,20.0,600.0,180.0,10.0,11.0,7.0,11,165,37.5,528.88,1.0,528.88,2.0,1.0,0.22,232.71
1968,30.0,20.0,600.0,180.0,10.0,11.0,8.0,11,165,37.5,528.88,1.0,528.88,2.0,1.0,0.22,232.71
1969,30.0,20.0,600.0,180.0,10.0,11.0,9.0,11,165,37.5,528.88,1.0,528.88,2.0,1.0,0.22,232.71
1970,30.0,20.0,600.0,180.0,10.0,11.0,10.0,11,165,37.5,528.88,1.0,528.88,2.0,1.0,0.22,232.71
1971,30.0,20.0,600.0,180.0,10.0,11.0,11.0,11,165,37.5,528.88,1.0,528.88,2.0,1.0,0.22,232.71
1972,30.0,20.0,600.0,180.0,10.0,11.0,12.0,11,165,37.5,528.88,1.0,528.88,2.0,1.0,0.22,232.71
1973,30.0,20.0,600.0,180.0,10.0,11.0,13.0,11,165,37.5,528.88,1.0,528.88,2.0,1.0,0.22,232.71
1974,30.0,20.0,600.0,180.0,10.0,11.0,14.0,11,165,37.5,528.88,1.0,528.88,2.0,1.0,0.22,232.71
1975,30.0,20.0,600.0,180.0,10.0,11.0,15.0,11,165,37.5,528.88,1.0,528.88,2.0,1.0,0.22,232.71
1976,30.0,20.0,600.0,180.0,10.0,11.0,16.0,11,165,37.5,528.88,1.0,528.88,2.0,1.0,0.22,232.71
1977,30.0,20.0,600.0,180.0,10.0,11.0,17.0,11,165,37.5,528.88,1.0,528.88,2.0,1.0,0.22,232.71
1978,30.0,20.0,600.0,180.0,10.0,11.0,18.0,11,165,37.5,528.88,1.0,528.88,2.0,1.0,0.22,232.71
1979,30.0,20.0,600.0,180.0,10.0,11.0,19.0,11,165,37.5,528.88,1.0,528.88,2.0,1.0,0.22,232.71
1980,30.0,20.0,600.0,180.0,10.0,12.0,0.0,11,165,37.5,528.88,1.0,528.88,2.0,1.0,0.22,232.71
1981,30.0,20.0,600.0,180.0,10.0,12.0,1.0,11,165,37.5,528.88,1.0,528.88,2.0,1.0,0.22,232.71
1982,30.0,20.0,600.0,180.0,10.0,12.0,2.0,11,165,37.5,528.88,1.0,528.88,2.0,1.0,0.22,232.71
1983,30.0,20.0,600.0,180.0,10.0,12.0,3.0,11,165,37.5,528.88,1.0,528.88,2.0,1.0,0.22,232.71
1984,30.0,20.0,600.0,180.0,10.0,12.0,4.0,11,165,37.5,528.88,0.887,469.12,2.0,1.0,0.22,206.41
1985,30.0,20.0,600.0,180.0,10.0,12.0,5.0,11,165,37.5,528.88,1.0,528.88,2.0,1.0,0.22,232.71
1986,30.0,20.0,600.0,180.0,10.0,12.0,6.0,11,165,37.5,528.88,1.0,528.88,2.0,1.0,0.22,232.71
1987,30.0,20.0,600.0,180.0,10.0,12.0,7.0,11,165,37.5,528.88,1.0,528.88,2.0,1.0,0.22,232.71
1988,30.0,20.0,600.0,180.0,10.0,12.0,8.0,11,165,37.5,528.88,1.0,528.88,2.0,1.0,0.22,232.71
1989,30.0,20.0,600.0,180.0,10.0,12.0,9.0,11,165,37.5,528.88,1.0,528.88,2.0,1.0,0.22,232.71
1990,30.0,20.0,600.0,180.0,10.0,12.0,10.0,11,165,37.5,528.88,1.0,528.88,2.0,1.0,0.22,232.71
1991,30.0,20.0,600.0,180.0,10.0,12.0,11.0,11,165,37.5,528.88,1.0,528.88,2.0,1.0,0.22,232.71
1992,30.0,20.0,600.0,180.0,10.0,12.0,12.0,11,165,37.5,528.88,0.627,331.61,2.0,1.0,0.22,145.91
1993,30.0,20.0,600.0,180.0,10.0,12.0,13.0,11,165,37.5,528.88,1.0,528.88,2.0,1.0,0.22,232.71
1994,30.0,20.0,600.0,180.0,10.0,12.0,14.0,11,165,37.5,528.88,1.0,528.88,2.0,1.0,0.22,232.71
1995,30.0,20.0,600.0,180.0,10.0,12.0,15.0,11,165,37.5,528.88,1.0,528.88,2.0,1.0,0.22,232.71
1996,30.0,20.0,600.0,180.0,10.0,12.0,16.0,11,165,37.5,528.88,1.0,528.88,2.0,1.0,0.22,232.71
1997,30.0,20.0,600.0,180.0,10.0,12.0,17.0,11,165,37.5,528.88,1.0,528.88,2.0,1.0,0.22,232.71
1998,30.0,20.0,600.0,180.0,10.0,12.0,18.0,11,165,37.5,528.88,1.0,528.88,2.0,1.0,0.22,232.71
1999,30.0,20.0,600.0,180.0,10.0,12.0,19.0,11,165,37.5,528.88,1.0,528.88,2.0,1.0,0.22,232.71
2000,30.0,20.0,600.0,180.0,10.0,13.0,0.0,11,165,37.5,528.88,1.0,528.88,2.0,1.0,0.22,232.71
2001,30.0,20.0,600.0,180.0,10.0,13.0,1.0,11,165,37.5,528.88,1.0,528.88,2.0,1.0,0.22,232.71
2002,30.0,20.0,600.0,180.0,10.0,13.0,2.0,11,165,37.5,528.88,1.0,528.88,2.0,1.0,0.22,232.71
2003,30.0,20.0,600.0,180.0,10.0,13.0,3.0,11,165,37.5,528.88,1.0,528.88,2.0,1.0,0.22,232.71
2004,30.0,20.0,600.0,180.0,10.0,13.0,4.0,11,165,37.5,528.88,1.0,528.88,2.0,1.0,0.22,232.71
2005,30.0,20.0,600.0,180.0,10.0,13.0,5.0,11,165,37.5,528.88,1.0,528.88,2.0,1.0,0.22,232.71
2006,30.0,20.0,600.0,180.0,10.0,13.0,6.0,11,165,37.5,528.88,1.0,528.88,2.0,1.0,0.22,232.71
2007,30.0,20.0,600.0,180.0,10.0,13.0,7.0,11,165,37.5,528.88,1.0,528.88,2.0,1.0,0.22,232.71
2008,30.0,20.0,600.0,180.0,10.0,13.0,8.0,11,165,37.5,528.88,1.0,528.88,2.0,1.0,0.22,232.71
2009,30.0,20.0,600.0,180.0,10.0,13.0,9.0,11,165,37.5,528.88,1.0,528.88,2.0,1.0,0.22,232.71
2010,30.0,20.0,600.0,180.0,10.0,13.0,10.0,11,165,37.5,528.88,1.0,528.88,2.0,1.0,0.22,232.71
2011,30.0,20.0,600.0,180.0,10.0,13.0,11.0,11,165,37.5,528.88,1.0,528.88,2.0,1.0,0.22,232.71
2012,30.0,20.0,600.0,180.0,10.0,13.0,12.0,11,165,37.5,528.88,0.712,376.56,2.0,1.0,0.22,165.69
2013,30.0,20.0,600.0,180.0,10.0,13.0,13.0,11,165,37.5,528.88,1.0,528.88,2.0,1.0,0.22,232.71
2014,30.0,20.0,600.0,180.0,10.0,13.0,14.0,11,165,37.5,528.88,1.0,528.88,2.0,1.0,0.22,232.71
2015,30.0,20.0,600.0,180.0,10.0,13.0,15.0,11,165,37.5,528.88,1.0,528.88,2.0,1.0,0.22,232.71
2016,30.0,20.0,600.0,180.0,10.0,13.0,16.0,11,165,37.5,528.88,1.0,528.88,2.0,1.0,0.22,232.71
2017,30.0,20.0,600.0,180.0,10.0,13.0,17.0,11,165,37.5,528.88,1.0,528.88,2.0,1.0,0.22,232.71
2018,30.0,20.0,600.0,180.0,10.0,13.0,18.0,11,165,37.5,528.88,1.0,528.88,2.0,1.0,0.22,232.71
2019,30.0,20.0,600.0,180.0,10.0,13.0,19.0,11,165,37.5,528.88,1.0,528.88,2.0,1.0,0.22,232.71
2020,30.0,20.0,600.0,180.0,10.0,14.0,0.0,11,165,37.5,528.88,1.0,528.88,2.0,1.0,0.22,232.71
2021,30.0,20.0,600.0,180.0,10.0,14.0,1.0,11,165,37.5,528.88,1.0,528.88,2.0,1.0,0.22,232.71
2022,30.0,20.0,600.0,180.0,10.0,14.0,2.0,11,165,37.5,528.88,1.0,528.88,2.0,1.0,0.22,232.71
2023,30.0,20.0,600.0,180.0,10.0,14.0,3.0,11,165,37.5,528.88,1.0,528.88,2.0,1.0,0.22,232.71
2024,30.0,20.0,600.0,180.0,10.0,14.0,4.0,11,165,37.5,528.88,1.0,528.88,2.0,1.0,0.22,232.71
2025,30.0,20.0,600.0,180.0,10.0,14.0,5.0,11,165,37.5,528.88,1.0,528.88,2.0,1.0,0.22,232.71
2026,30.0,20.0,600.0,180.0,10.0,14.0,6.0,11,165,37.5,528.88,1.0,528.88,2.0,1.0,0.22,232.71
2027,30.0,20.0,600.0,180.0,10.0,14.0,7.0,11,165,37.5,528.88,1.0,528.88,2.0,1.0,0.22,232.71
2028,30.0,20.0,600.0,180.0,10.0,14.0,8.0,11,165,37.5,528.88,1.0,528.88,2.0,1.0,0.22,232.71
2029,30.0,20.0,600.0,180.0,10.0,14.0,9.0,11,165,37.5,528.88,1.0,528.88,2.0,1.0,0.22,232.71
2030,30.0,20.0,600.0,180.0,10.0,14.0,10.0,11,165,37.5,528.88,1.0,528.88,2.0,1.0,0.22,232.71
2031,30.0,20.0,600.0,180.0,10.0,14.0,11.0,11,165,37.5,528.88,0.648,342.71,2.0,1.0,0.22,150.79
2032,30.0,20.0,600.0,180.0,10.0,14.0,12.0,11,165,37.5,528.88,1.0,528.88,2.0,1.0,0.22,232.71
2033,30.0,20.0,600.0,180.0,10.0,14.0,13.0,11,165,37.5,528.88,1.0,528.88,2.0,1.0,0.22,232.71
2034,30.0,20.0,600.0,180.0,10.0,14.0,14.0,11,165,37.5,528.88,1.0,528.88,2.0,1.0,0.22,232.71
2035,30.0,20.0,600.0,180.0,10.0,14.0,15.0,11,165,37.5,528.88,1.0,528.88,2.0,1.0,0.22,232.71
2036,30.0,20.0,600.0,180.0,10.0,14.0,16.0,11,165,37.5,528.88,1.0,528.88,2.0,1.0,0.22,232.71
2037,30.0,20.0,600.0,180.0,10.0,14.0,17.0,11,165,37.5,528.88,1.0,528.88,2.0,1.0,0.22,232.71
2038,30.0,20.0,600.0,180.0,10.0,14.0,18.0,11,165,37.5,528.88,1.0,528.88,2.0,1.0,0.22,232.71
2039,30.0,20.0,600.0,180.0,10.0,14.0,19.0,11,165,37.5,528.88,1.0,528.88,2.0,1.0,0.22,232.71
2040,30.0,20.0,600.0,180.0,10.0,15.0,0.0,11,165,37.5,528.88,1.0,528.88,2.0,1.0,0.22,232.71
2041,30.0,20.0,600.0,180.0,10.0,15.0,1.0,11,165,37.5,528.88,0.817,432.09,2.0,1.0,0.22,190.12
2042,30.0,20.0,600.0,180.0,10.0,15.0,2.0,11,165,37.5,528.88,1.0,528.88,2.0,1.0,0.22,232.71
2043,30.0,20.0,600.0,180.0,10.0,15.0,3.0,11,165,37.5,528.88,1.0,528.88,2.0,1.0,0.22,232.71
2044,30.0,20.0,600.0,180.0,10.0,15.0,4.0,11,165,37.5,528.88,1.0,528.88,2.0,1.0,0.22,232.71
2045,30.0,20.0,600.0,180.0,10.0,15.0,5.0,11,165,37.5,528.88,1.0,528.88,2.0,1.0,0.22,232.71
2046,30.0,20.0,600.0,180.0,10.0,15.0,6.0,11,165,37.5,528.88,1.0,528.88,2.0,1.0,0.22,232.71
2047,30.0,20.0,600.0,180.0,10.0,15.0,7.0,11,165,37.5,528.88,1.0,528.88,2.0,1.0,0.22,232.71
2048,30.0,20.0,600.0,180.0,10.0,15.0,8.0,11,165,37.5,528.88,1.0,528.88,2.0,1.0,0.22,232.71
2049,30.0,20.0,600.0,180.0,10.0,15.0,9.0,11,165,37.5,528.88,1.0,528.88,2.0,1.0,0.22,232.71
2050,30.0,20.0,600.0,180.0,10.0,15.0,10.0,11,165,37.5,528.88,1.0,528.88,2.0,1.0,0.22,232.71
2051,30.0,20.0,600.0,180.0,10.0,15.0,11.0,11,165,37.5,528.88,1.0,528.88,2.0,1.0,0.22,232.71
2052,30.0,20.0,600.0,180.0,10.0,15.0,12.0,11,165,37.5,528.88,1.0,528.88,2.0,1.0,0.22,232.71
2053,30.0,20.0,600.0,180.0,10.0,15.0,13.0,11,165,37.5,528.88,1.0,528.88,2.0,1.0,0.22,232.71
2054,30.0,20.0,600.0,180.0,10.0,15.0,14.0,11,165,37.5,528.88,1.0,528.88,2.0,1.0,0.22,232.71
2055,30.0,20.0,600.0,180.0,10.0,15.0,15.0,11,165,37.5,528.88,1.0,528.88,2.0,1.0,0.22,232.71
2056,30.0,20.0,600.0,180.0,10.0,15.0,16.0,11,165,37.5,528.88,1.0,528.88,2.0,1.0,0.22,232.71
2057,30.0,20.0,600.0,180.0,10.0,15.0,17.0,11,165,37.5,528.88,1.0,528.88,2.0,1.0,0.22,232.71
2058,30.0,20.0,600.0,180.0,10.0,15.0,18.0,11,165,37.5,528.88,1.0,528.88,2.0,1.0,0.22,232.71
2059,30.0,20.0,600.0,180.0,10.0,15.0,19.0,11,165,37.5,528.88,1.0,528.88,2.0,1.0,0.22,232.71
2060,30.0,20.0,600.0,180.0,10.0,16.0,0.0,11,165,37.5,528.88,1.0,528.88,2.0,1.0,0.22,232.71
2061,30.0,20.0,600.0,180.0,10.0,16.0,1.0,11,165,37.5,528.88,1.0,528.88,2.0,1.0,0.22,232.71
2062,30.0,20.0,600.0,180.0,10.0,16.0,2.0,11,165,37.5,528.88,0.893,472.29,2.0,1.0,0.22,207.81
2063,30.0,20.0,600.0,180.0,10.0,16.0,3.0,11,165,37.5,528.88,1.0,528.88,2.0,1.0,0.22,232.71
2064,30.0,20.0,600.0,180.0,10.0,16.0,4.0,11,165,37.5,528.88,1.0,528.88,2.0,1.0,0.22,232.71
2065,30.0,20.0,600.0,180.0,10.0,16.0,5.0,11,165,37.5,528.88,1.0,528.88,2.0,1.0,0.22,232.71
2066,30.0,20.0,600.0,180.0,10.0,16.0,6.0,11,165,37.5,528.88,1.0,528.88,2.0,1.0,0.22,232.71
2067,30.0,20.0,600.0,180.0,10.0,16.0,7.0,11,165,37.5,528.88,1.0,528.88,2.0,1.0,0.22,232.71
2068,30.0,20.0,600.0,180.0,10.0,16.0,8.0,11,165,37.5,528.88,1.0,528.88,2.0,1.0,0.22,232.71
2069,30.0,20.0,600.0,180.0,10.0,16.0,9.0,11,165,37.5,528.88,1.0,528.88,2.0,1.0,0.22,232.71
2070,30.0,20.0,600.0,180.0,10.0,16.0,10.0,11,165,37.5,528.88,1.0,528.88,2.0,1.0,0.22,232.71
2071,30.0,20.0,600.0,180.0,10.0,16.0,11.0,11,165,37.5,528.88,1.0,528.88,2.0,1.0,0.22,232.71
2072,30.0,20.0,600.0,180.0,10.0,16.0,12.0,11,165,37.5,528.88,1.0,528.88,2.0,1.0,0.22,232.71
2073,30.0,20.0,600.0,180.0,10.0,16.0,13.0,11,165,37.5,528.88,1.0,528.88,2.0,1.0,0.22,232.71
2074,30.0,20.0,600.0,180.0,10.0,16.0,14.0,11,165,37.5,528.88,1.0,528.88,2.0,1.0,0.22,232.71
2075,30.0,20.0,600.0,180.0,10.0,16.0,15.0,11,165,37.5,528.88,1.0,528.88,2.0,1.0,0.22,232.71
2076,30.0,20.0,600.0,180.0,10.0,16.0,16.0,11,165,37.5,528.88,1.0,528.88,2.0,1.0,0.22,232.71
2077,30.0,20.0,600.0,180.0,10.0,16.0,17.0,11,165,37.5,528.88,1.0,528.88,2.0,1.0,0.22,232.71
2078,30.0,20.0,600.0,180.0,10.0,16.0,18.0,11,165,37.5,528.88,1.0,528.88,2.0,1.0,0.22,232.71
2079,30.0,20.0,600.0,180.0,10.0,16.0,19.0,11,165,37.5,528.88,1.0,528.88,2.0,1.0,0.22,232.71
2080,30.0,20.0,600.0,180.0,10.0,17.0,0.0,11,165,37.5,528.88,1.0,528.88,2.0,1.0,0.22,232.71
2081,30.0,20.0,600.0,180.0,10.0,17.0,1.0,11,165,37.5,528.88,1.0,528.88,2.0,1.0,0.22,232.71
2082,30.0,20.0,600.0,180.0,10.0,17.0,2.0,11,165,37.5,528.88,1.0,528.88,2.0,1.0,0.22,232.71
2083,30.0,20.0,600.0,180.0,10.0,17.0,3.0,11,165,37.5,528.88,1.0,528.88,2.0,1.0,0.22,232.71
2084,30.0,20.0,600.0,180.0,10.0,17.0,4.0,11,165,37.5,528.88,1.0,528.88,2.0,1.0,0.22,232.71
2085,30.0,20.0,600.0,180.0,10.0,17.0,5.0,11,165,37.5,528.88,1.0,528.88,2.0,1.0,0.22,232.71
2086,30.0,20.0,600.0,180.0,10.0,17.0,6.0,11,165,37.5,528.88,0.668,353.29,2.0,1.0,0.22,155.45
2087,30.0,20.0,600.0,180.0,10.0,17.0,7.0,11,165,37.5,528.88,1.0,528.88,2.0,1.0,0.22,232.71
2088,30.0,20.0,600.0,180.0,10.0,17.0,8.0,11,165,37.5,528.88,1.0,528.88,2.0,1.0,0.22,232.71
2089,30.0,20.0,600.0,180.0,10.0,17.0,9.0,11,165,37.5,528.88,1.0,528.88,2.0,1.0,0.22,232.71
2090,30.0,20.0,600.0,180.0,10.0,17.0,10.0,11,165,37.5,528.88,1.0,528.88,2.0,1.0,0.22,232.71
2091,30.0,20.0,600.0,180.0,10.0,17.0,11.0,11,165,37.5,528.88,1.0,528.88,2.0,1.0,0.22,232.71
2092,30.0,20.0,600.0,180.0,10.0,17.0,12.0,11,165,37.5,528.88,1.0,528.88,2.0,1.0,0.22,232.71
2093,30.0,20.0,600.0,180.0,10.0,17.0,13.0,11,165,37.5,528.88,1.0,528.88,2.0,1.0,0.22,232.71
2094,30.0,20.0,600.0,180.0,10.0,17.0,14.0,11,165,37.5,528.88,1.0,528.88,2.0,1.0,0.22,232.71
2095,30.0,20.0,600.0,180.0,10.0,17.0,15.0,11,165,37.5,528.88,1.0,528.88,2.0,1.0,0.22,232.71
2096,30.0,20.0,600.0,180.0,10.0,17.0,16.0,11,165,37.5,528.88,1.0,528.88,2.0,1.0,0.22,232.71
2097,30.0,20.0,600.0,180.0,10.0,17.0,17.0,11,165,37.5,528.88,1.0,528.88,2.0,1.0,0.22,232.71
2098,30.0,20.0,600.0,180.0,10.0,17.0,18.0,11,165,37.5,528.88,1.0,528.88,2.0,1.0,0.22,232.71
2099,30.0,20.0,600.0,180.0,10.0,17.0,19.0,11,165,37.5,528.88,1.0,528.88,2.0,1.0,0.22,232.71
2100,30.0,20.0,600.0,180.0,10.0,18.0,0.0,11,165,37.5,528.88,1.0,528.88,2.0,1.0,0.22,232.71
2101,30.0,20.0,600.0,180.0,10.0,18.0,1.0,11,165,37.5,528.88,1.0,528.88,2.0,1.0,0.22,232.71
2102,30.0,20.0,600.0,180.0,10.0,18.0,2.0,11,165,37.5,528.88,1.0,528.88,2.0,1.0,0.22,232.71
2103,30.0,20.0,600.0,180.0,10.0,18.0,3.0,11,165,37.5,528.88,1.0,528.88,2.0,1.0,0.22,232.71
2104,30.0,20.0,600.0,180.0,10.0,18.0,4.0,11,165,37.5,528.88,1.0,528.88,2.0,1.0,0.22,232.71
2105,30.0,20.0,600.0,180.0,10.0,18.0,5.0,11,165,37.5,528.88,1.0,528.88,2.0,1.0,0.22,232.71
2106,30.0,20.0,600.0,180.0,10.0,18.0,6.0,11,165,37.5,528.88,1.0,528.88,2.0,1.0,0.22,232.71
2107,30.0,20.0,600.0,180.0,10.0,18.0,7.0,11,165,37.5,528.88,1.0,528.88,2.0,1.0,0.22,232.71
2108,30.0,20.0,600.0,180.0,10.0,18.0,8.0,11,165,37.5,528.88,1.0,528.88,2.0,1.0,0.22,232.71
2109,30.0,20.0,600.0,180.0,10.0,18.0,9.0,11,165,37.5,528.88,1.0,528.88,2.0,1.0,0.22,232.71
2110,30.0,20.0,600.0,180.0,10.0,18.0,10.0,11,165,37.5,528.88,1.0,528.88,2.0,1.0,0.22,232.71
2111,30.0,20.0,600.0,180.0,10.0,18.0,11.0,11,165,37.5,528.88,1.0,528.88,2.0,1.0,0.22,232.71
2112,30.0,20.0,600.0,180.0,10.0,18.0,12.0,11,165,37.5,528.88,1.0,528.88,2.0,1.0,0.22,232.71
2113,30.0,20.0,600.0,180.0,10.0,18.0,13.0,11,165,37.5,528.88,1.0,528.88,2.0,1.0,0.22,232.71
2114,30.0,20.0,600.0,180.0,10.0,18.0,14.0,11,165,37.5,528.88,1.0,528.88,2.0,1.0,0.22,232.71
2115,30.0,20.0,600.0,180.0,10.0,18.0,15.0,11,165,37.5,528.88,1.0,528.88,2.0,1.0,0.22,232.71
2116,30.0,20.0,600.0,180.0,10.0,18.0,16.0,11,165,37.5,528.88,1.0,528.88,2.0,1.0,0.22,232.71
2117,30.0,20.0,600.0,180.0,10.0,18.0,17.0,11,165,37.5,528.88,0.875,462.77,2.0,1.0,0.22,203.62
2118,30.0,20.0,600.0,180.0,10.0,18.0,18.0,11,165,37.5,528.88,1.0,528.88,2.0,1.0,0.22,232.71
2119,30.0,20.0,600.0,180.0,10.0,18.0,19.0,11,165,37.5,528.88,0.754,398.78,2.0,1.0,0.22,175.46
2120,30.0,20.0,600.0,180.0,10.0,19.0,0.0,11,165,37.5,528.88,1.0,528.88,2.0,1.0,0.22,232.71
2121,30.0,20.0,600.0,180.0,10.0,19.0,1.0,11,165,37.5,528.88,1.0,528.88,2.0,1.0,0.22,232.71
2122,30.0,20.0,600.0,180.0,10.0,19.0,2.0,11,165,37.5,528.88,1.0,528.88,2.0,1.0,0.22,232.71
2123,30.0,20.0,600.0,180.0,10.0,19.0,3.0,11,165,37.5,528.88,1.0,528.88,2.0,1.0,0.22,232.71
2124,30.0,20.0,600.0,180.0,10.0,19.0,4.0,11,165,37.5,528.88,1.0,528.88,2.0,1.0,0.22,232.71
2125,30.0,20.0,600.0,180.0,10.0,19.0,5.0,11,165,37.5,528.88,1.0,528.88,2.0,1.0,0.22,232.71
2126,30.0,20.0,600.0,180.0,10.0,19.0,6.0,11,165,37.5,528.88,1.0,528.88,2.0,1.0,0.22,232.71
2127,30.0,20.0,600.0,180.0,10.0,19.0,7.0,11,165,37.5,528.88,0.826,436.85,2.0,1.0,0.22,192.21
2128,30.0,20.0,600.0,180.0,10.0,19.0,8.0,11,165,37.5,528.88,1.0,528.88,2.0,1.0,0.22,232.71
2129,30.0,20.0,600.0,180.0,10.0,19.0,9.0,11,165,37.5,528.88,1.0,528.88,2.0,1.0,0.22,232.71
2130,30.0,20.0,600.0,180.0,10.0,19.0,10.0,11,165,37.5,528.88,1.0,528.88,2.0,1.0,0.22,232.71
2131,30.0,20.0,600.0,180.0,10.0,19.0,11.0,11,165,37.5,528.88,1.0,528.88,2.0,1.0,0.22,232.71
2132,30.0,20.0,600.0,180.0,10.0,19.0,12.0,11,165,37.5,528.88,1.0,528.88,2.0,1.0,0.22,232.71
2133,30.0,20.0,600.0,180.0,10.0,19.0,13.0,11,165,37.5,528.88,1.0,528.88,2.0,1.0,0.22,232.71
2134,30.0,20.0,600.0,180.0,10.0,19.0,14.0,11,165,37.5,528.88,1.0,528.88,2.0,1.0,0.22,232.71
2135,30.0,20.0,600.0,180.0,10.0,19.0,15.0,11,165,37.5,528.88,1.0,528.88,2.0,1.0,0.22,232.71
2136,30.0,20.0,600.0,180.0,10.0,19.0,16.0,11,165,37.5,528.88,1.0,528.88,2.0,1.0,0.22,232.71
2137,30.0,20.0,600.0,180.0,10.0,19.0,17.0,11,165,37.5,528.88,0.781,413.06,2.0,1.0,0.22,181.75
2138,30.0,20.0,600.0,180.0,10.0,19.0,18.0,11,165,37.5,528.88,1.0,528.88,2.0,1.0,0.22,232.71
2139,30.0,20.0,600.0,180.0,10.0,19.0,19.0,11,165,37.5,528.88,1.0,528.88,2.0,1.0,0.22,232.71
2140,30.0,20.0,600.0,180.0,10.0,20.0,0.0,11,165,37.5,528.88,1.0,528.88,2.0,1.0,0.22,232.71
2141,30.0,20.0,600.0,180.0,10.0,20.0,1.0,11,165,37.5,528.88,1.0,528.88,2.0,1.0,0.22,232.71
2142,30.0,20.0,600.0,180.0,10.0,20.0,2.0,11,165,37.5,528.88,1.0,528.88,2.0,1.0,0.22,232.71
2143,30.0,20.0,600.0,180.0,10.0,20.0,3.0,11,165,37.5,528.88,1.0,528.88,2.0,1.0,0.22,232.71
2144,30.0,20.0,600.0,180.0,10.0,20.0,4.0,11,165,37.5,528.88,1.0,528.88,2.0,1.0,0.22,232.71
2145,30.0,20.0,600.0,180.0,10.0,20.0,5.0,11,165,37.5,528.88,1.0,528.88,2.0,1.0,0.22,232.71
2146,30.0,20.0,600.0,180.0,10.0,20.0,6.0,11,165,37.5,528.88,1.0,528.88,2.0,1.0,0.22,232.71
2147,30.0,20.0,600.0,180.0,10.0,20.0,7.0,11,165,37.5,528.88,1.0,528.88,2.0,1.0,0.22,232.71
2148,30.0,20.0,600.0,180.0,10.0,20.0,8.0,11,165,37.5,528.88,1.0,528.88,2.0,1.0,0.22,232.71
2149,30.0,20.0,600.0,180.0,10.0,20.0,9.0,11,165,37.5,528.88,1.0,528.88,2.0,1.0,0.22,232.71
2150,30.0,20.0,600.0,180.0,10.0,20.0,10.0,11,165,37.5,528.88,1.0,528.88,2.0,1.0,0.22,232.71
2151,30.0,20.0,600.0,180.0,10.0,20.0,11.0,11,165,37.5,528.88,1.0,528.88,2.0,1.0,0.22,232.71
2152,30.0,20.0,600.0,180.0,10.0,20.0,12.0,11,165,37.5,528.88,1.0,528.88,2.0,1.0,0.22,232.71
2153,30.0,20.0,600.0,180.0,10.0,20.0,13.0,11,165,37.5,528.88,1.0,528.88,2.0,1.0,0.22,232.71
2154,30.0,20.0,600.0,180.0,10.0,20.0,14.0,11,165,37.5,528.88,1.0,528.88,2.0,1.0,0.22,232.71
2155,30.0,20.0,600.0,180.0,10.0,20.0,15.0,11,165,37.5,528.88,1.0,528.88,2.0,1.0,0.22,232.71
2156,30.0,20.0,600.0,180.0,10.0,20.0,16.0,11,165,37.5,528.88,0.811,428.92,2.0,1.0,0.22,188.72
2157,30.0,20.0,600.0,180.0,10.0,20.0,17.0,11,165,37.5,528.88,1.0,528.88,2.0,1.0,0.22,232.71
2158,30.0,20.0,600.0,180.0,10.0,20.0,18.0,11,165,37.5,528.88,1.0,528.88,2.0,1.0,0.22,232.71
2159,30.0,20.0,600.0,180.0,10.0,20.0,19.0,11,165,37.5,528.88,1.0,528.88,2.0,1.0,0.22,232.71
2160,30.0,20.0,600.0,180.0,10.0,21.0,0.0,11,165,37.5,528.88,1.0,528.88,2.0,1.0,0.22,232.71
2161,30.0,20.0,600.0,180.0,10.0,21.0,1.0,11,165,37.5,528.88,1.0,528.88,2.0,1.0,0.22,232.71
2162,30.0,20.0,600.0,180.0,10.0,21.0,2.0,11,165,37.5,528.88,1.0,528.88,2.0,1.0,0.22,232.71
2163,30.0,20.0,600.0,180.0,10.0,21.0,3.0,11,165,37.5,528.88,1.0,528.88,2.0,1.0,0.22,232.71
2164,30.0,20.0,600.0,180.0,10.0,21.0,4.0,11,165,37.5,528.88,1.0,528.88,2.0,1.0,0.22,232.71
2165,30.0,20.0,600.0,180.0,10.0,21.0,5.0,11,165,37.5,528.88,1.0,528.88,2.0,1.0,0.22,232.71
2166,30.0,20.0,600.0,180.0,10.0,21.0,6.0,11,165,37.5,528.88,1.0,528.88,2.0,1.0,0.22,232.71
2167,30.0,20.0,600.0,180.0,10.0,21.0,7.0,11,165,37.5,528.88,0.578,305.69,2.0,1.0,0.22,134.5
2168,30.0,20.0,600.0,180.0,10.0,21.0,8.0,11,165,37.5,528.88,1.0,528.88,2.0,1.0,0.22,232.71
2169,30.0,20.0,600.0,180.0,10.0,21.0,9.0,11,165,37.5,528.88,1.0,528.88,2.0,1.0,0.22,232.71
2170,30.0,20.0,600.0,180.0,10.0,21.0,10.0,11,165,37.5,528.88,1.0,528.88,2.0,1.0,0.22,232.71
2171,30.0,20.0,600.0,180.0,10.0,21.0,11.0,11,165,37.5,528.88,1.0,528.88,2.0,1.0,0.22,232.71
2172,30.0,20.0,600.0,180.0,10.0,21.0,12.0,11,165,37.5,528.88,1.0,528.88,2.0,1.0,0.22,232.71
2173,30.0,20.0,600.0,180.0,10.0,21.0,13.0,11,165,37.5,528.88,0.617,326.32,2.0,1.0,0.22,143.58
2174,30.0,20.0,600.0,180.0,10.0,21.0,14.0,11,165,37.5,528.88,1.0,528.88,2.0,1.0,0.22,232.71
2175,30.0,20.0,600.0,180.0,10.0,21.0,15.0,11,165,37.5,528.88,1.0,528.88,2.0,1.0,0.22,232.71
2176,30.0,20.0,600.0,180.0,10.0,21.0,16.0,11,165,37.5,528.88,0.568,300.4,2.0,1.0,0.22,132.18
2177,30.0,20.0,600.0,180.0,10.0,21.0,17.0,11,165,37.5,528.88,1.0,528.88,2.0,1.0,0.22,232.71
2178,30.0,20.0,600.0,180.0,10.0,21.0,18.0,11,165,37.5,528.88,1.0,528.88,2.0,1.0,0.22,232.71
2179,30.0,20.0,600.0,180.0,10.0,21.0,19.0,11,165,37.5,528.88,1.0,528.88,2.0,1.0,0.22,232.71
2180,30.0,20.0,600.0,180.0,10.0,22.0,0.0,11,165,37.5,528.88,1.0,528.88,2.0,1.0,0.22,232.71
2181,30.0,20.0,600.0,180.0,10.0,22.0,1.0,11,165,37.5,528.88,1.0,528.88,2.0,1.0,0.22,232.71
2182,30.0,20.0,600.0,180.0,10.0,22.0,2.0,11,165,37.5,528.88,1.0,528.88,2.0,1.0,0.22,232.71
2183,30.0,20.0,600.0,180.0,10.0,22.0,3.0,11,165,37.5,528.88,1.0,528.88,2.0,1.0,0.22,232.71
2184,30.0,20.0,600.0,180.0,10.0,22.0,4.0,11,165,37.5,528.88,1.0,528.88,2.0,1.0,0.22,232.71
2185,30.0,20.0,600.0,180.0,10.0,22.0,5.0,11,165,37.5,528.88,0.726,383.97,2.0,1.0,0.22,168.95
2186,30.0,20.0,600.0,180.0,10.0,22.0,6.0,11,165,37.5,528.88,1.0,528.88,2.0,1.0,0.22,232.71
2187,30.0,20.0,600.0,180.0,10.0,22.0,7.0,11,165,37.5,528.88,1.0,528.88,2.0,1.0,0.22,232.71
2188,30.0,20.0,600.0,180.0,10.0,22.0,8.0,11,165,37.5,528.88,1.0,528.88,2.0,1.0,0.22,232.71
2189,30.0,20.0,600.0,180.0,10.0,22.0,9.0,11,165,37.5,528.88,1.0,528.88,2.0,1.0,0.22,232.71
2190,30.0,20.0,600.0,180.0,10.0,22.0,10.0,11,165,37.5,528.88,1.0,528.88,2.0,1.0,0.22,232.71
2191,30.0,20.0,600.0,180.0,10.0,22.0,11.0,11,165,37.5,528.88,1.0,528.88,2.0,1.0,0.22,232.71
2192,30.0,20.0,600.0,180.0,10.0,22.0,12.0,11,165,37.5,528.88,1.0,528.88,2.0,1.0,0.22,232.71
2193,30.0,20.0,600.0,180.0,10.0,22.0,13.0,11,165,37.5,528.88,1.0,528.88,2.0,1.0,0.22,232.71
2194,30.0,20.0,600.0,180.0,10.0,22.0,14.0,11,165,37.5,528.88,1.0,528.88,2.0,1.0,0.22,232.71
2195,30.0,20.0,600.0,180.0,10.0,22.0,15.0,11,165,37.5,528.88,1.0,528.88,2.0,1.0,0.22,232.71
2196,30.0,20.0,600.0,180.0,10.0,22.0,16.0,11,165,37.5,528.88,1.0,528.88,2.0,1.0,0.22,232.71
2197,30.0,20.0,600.0,180.0,10.0,22.0,17.0,11,165,37.5,528.88,1.0,528.88,2.0,1.0,0.22,232.71
2198,30.0,20.0,600.0,180.0,10.0,22.0,18.0,11,165,37.5,528.88,1.0,528.88,2.0,1.0,0.22,232.71
2199,30.0,20.0,600.0,180.0,10.0,22.0,19.0,11,165,37.5,528.88,0.633,334.78,2.0,1.0,0.22,147.3
2200,30.0,20.0,600.0,180.0,10.0,23.0,0.0,11,165,37.5,528.88,1.0,528.88,2.0,1.0,0.22,232.71
2201,30.0,20.0,600.0,180.0,10.0,23.0,1.0,11,165,37.5,528.88,1.0,528.88,2.0,1.0,0.22,232.71
2202,30.0,20.0,600.0,180.0,10.0,23.0,2.0,11,165,37.5,528.88,1.0,528.88,2.0,1.0,0.22,232.71
2203,30.0,20.0,600.0,180.0,10.0,23.0,3.0,11,165,37.5,528.88,1.0,528.88,2.0,1.0,0.22,232.71
2204,30.0,20.0,600.0,180.0,10.0,23.0,4.0,11,165,37.5,528.88,1.0,528.88,2.0,1.0,0.22,232.71
2205,30.0,20.0,600.0,180.0,10.0,23.0,5.0,11,165,37.5,528.88,1.0,528.88,2.0,1.0,0.22,232.71
2206,30.0,20.0,600.0,180.0,10.0,23.0,6.0,11,165,37.5,528.88,1.0,528.88,2.0,1.0,0.22,232.71
2207,30.0,20.0,600.0,180.0,10.0,23.0,7.0,11,165,37.5,528.88,1.0,528.88,2.0,1.0,0.22,232.71
2208,30.0,20.0,600.0,180.0,10.0,23.0,8.0,11,165,37.5,528.88,1.0,528.88,2.0,1.0,0.22,232.71
2209,30.0,20.0,600.0,180.0,10.0,23.0,9.0,11,165,37.5,528.88,1.0,528.88,2.0,1.0,0.22,232.71
2210,30.0,20.0,600.0,180.0,10.0,23.0,10.0,11,165,37.5,528.88,1.0,528.88,2.0,1.0,0.22,232.71
2211,30.0,20.0,600.0,180.0,10.0,23.0,11.0,11,165,37.5,528.88,1.0,528.88,2.0,1.0,0.22,232.71
2212,30.0,20.0,600.0,180.0,10.0,23.0,12.0,11,165,37.5,528.88,1.0,528.88,2.0,1.0,0.22,232.71
2213,30.0,20.0,600.0,180.0,10.0,23.0,13.0,11,165,37.5,528.88,1.0,528.88,2.0,1.0,0.22,232.71
2214,30.0,20.0,600.0,180.0,10.0,23.0,14.0,11,165,37.5,528.88,1.0,528.88,2.0,1.0,0.22,232.71
2215,30.0,20.0,600.0,180.0,10.0,23.0,15.0,11,165,37.5,528.88,1.0,528.88,2.0,1.0,0.22,232.71
2216,30.0,20.0,600.0,180.0,10.0,23.0,16.0,11,165,37.5,528.88,1.0,528.88,2.0,1.0,0.22,232.71
2217,30.0,20.0,600.0,180.0,10.0,23.0,17.0,11,165,37.5,528.88,1.0,528.88,2.0,1.0,0.22,232.71
2218,30.0,20.0,600.0,180.0,10.0,23.0,18.0,11,165,37.5,528.88,1.0,528.88,2.0,1.0,0.22,232.71
2219,30.0,20.0,600.0,180.0,10.0,23.0,19.0,11,165,37.5,528.88,1.0,528.88,2.0,1.0,0.22,232.71
2220,30.0,20.0,600.0,180.0,10.0,24.0,0.0,11,165,37.5,528.88,1.0,528.88,2.0,1.0,0.22,232.71
2221,30.0,20.0,600.0,180.0,10.0,24.0,1.0,11,165,37.5,528.88,1.0,528.88,2.0,1.0,0.22,232.71
2222,30.0,20.0,600.0,180.0,10.0,24.0,2.0,11,165,37.5,528.88,1.0,528.88,2.0,1.0,0.22,232.71
2223,30.0,20.0,600.0,180.0,10.0,24.0,3.0,11,165,37.5,528.88,1.0,528.88,2.0,1.0,0.22,232.71
2224,30.0,20.0,600.0,180.0,10.0,24.0,4.0,11,165,37.5,528.88,1.0,528.88,2.0,1.0,0.22,232.71
2225,30.0,20.0,600.0,180.0,10.0,24.0,5.0,11,165,37.5,528.88,1.0,528.88,2.0,1.0,0.22,232.71
2226,30.0,20.0,600.0,180.0,10.0,24.0,6.0,11,165,37.5,528.88,1.0,528.88,2.0,1.0,0.22,232.71
2227,30.0,20.0,600.0,180.0,10.0,24.0,7.0,11,165,37.5,528.88,1.0,528.88,2.0,1.0,0.22,232.71
2228,30.0,20.0,600.0,180.0,10.0,24.0,8.0,11,165,37.5,528.88,1.0,528.88,2.0,1.0,0.22,232.71
2229,30.0,20.0,600.0,180.0,10.0,24.0,9.0,11,165,37.5,528.88,1.0,528.88,2.0,1.0,0.22,232.71
2230,30.0,20.0,600.0,180.0,10.0,24.0,10.0,11,165,37.5,528.88,1.0,528.88,2.0,1.0,0.22,232.71
2231,30.0,20.0,600.0,180.0,10.0,24.0,11.0,11,165,37.5,528.88,1.0,528.88,2.0,1.0,0.22,232.71
2232,30.0,20.0,600.0,180.0,10.0,24.0,12.0,11,165,37.5,528.88,1.0,528.88,2.0,1.0,0.22,232.71
2233,30.0,20.0,600.0,180.0,10.0,24.0,13.0,11,165,37.5,528.88,1.0,528.88,2.0,1.0,0.22,232.71
2234,30.0,20.0,600.0,180.0,10.0,24.0,14.0,11,165,37.5,528.88,1.0,528.88,2.0,1.0,0.22,232.71
2235,30.0,20.0,600.0,180.0,10.0,24.0,15.0,11,165,37.5,528.88,1.0,528.88,2.0,1.0,0.22,232.71
2236,30.0,20.0,600.0,180.0,10.0,24.0,16.0,11,165,37.5,528.88,1.0,528.88,2.0,1.0,0.22,232.71
2237,30.0,20.0,600.0,180.0,10.0,24.0,17.0,11,165,37.5,528.88,1.0,528.88,2.0,1.0,0.22,232.71
2238,30.0,20.0,600.0,180.0,10.0,24.0,18.0,11,165,37.5,528.88,0.724,382.91,2.0,1.0,0.22,168.48
2239,30.0,20.0,600.0,180.0,10.0,24.0,19.0,11,165,37.5,528.88,1.0,528.88,2.0,1.0,0.22,232.71
2240,30.0,20.0,600.0,180.0,10.0,25.0,0.0,11,165,37.5,528.88,1.0,528.88,2.0,1.0,0.22,232.71
2241,30.0,20.0,600.0,180.0,10.0,25.0,1.0,11,165,37.5,528.88,1.0,528.88,2.0,1.0,0.22,232.71
2242,30.0,20.0,600.0,180.0,10.0,25.0,2.0,11,165,37.5,528.88,1.0,528.88,2.0,1.0,0.22,232.71
2243,30.0,20.0,600.0,180.0,10.0,25.0,3.0,11,165,37.5,528.88,1.0,528.88,2.0,1.0,0.22,232.71
2244,30.0,20.0,600.0,180.0,10.0,25.0,4.0,11,165,37.5,528.88,1.0,528.88,2.0,1.0,0.22,232.71
2245,30.0,20.0,600.0,180.0,10.0,25.0,5.0,11,165,37.5,528.88,1.0,528.88,2.0,1.0,0.22,232.71
2246,30.0,20.0,600.0,180.0,10.0,25.0,6.0,11,165,37.5,528.88,1.0,528.88,2.0,1.0,0.22,232.71
2247,30.0,20.0,600.0,180.0,10.0,25.0,7.0,11,165,37.5,528.88,1.0,528.88,2.0,1.0,0.22,232.71
2248,30.0,20.0,600.0,180.0,10.0,25.0,8.0,11,165,37.5,528.88,0.759,401.42,2.0,1.0,0.22,176.62
2249,30.0,20.0,600.0,180.0,10.0,25.0,9.0,11,165,37.5,528.88,1.0,528.88,2.0,1.0,0.22,232.71
2250,30.0,20.0,600.0,180.0,10.0,25.0,10.0,11,165,37.5,528.88,0.644,340.6,2.0,1.0,0.22,149.86
2251,30.0,20.0,600.0,180.0,10.0,25.0,11.0,11,165,37.5,528.88,1.0,528.88,2.0,1.0,0.22,232.71
2252,30.0,20.0,600.0,180.0,10.0,25.0,12.0,11,165,37.5,528.88,1.0,528.88,2.0,1.0,0.22,232.71
2253,30.0,20.0,600.0,180.0,10.0,25.0,13.0,11,165,37.5,528.88,1.0,528.88,2.0,1.0,0.22,232.71
2254,30.0,20.0,600.0,180.0,10.0,25.0,14.0,11,165,37.5,528.88,1.0,528.88,2.0,1.0,0.22,232.71
2255,30.0,20.0,600.0,180.0,10.0,25.0,15.0,11,165,37.5,528.88,0.757,400.36,2.0,1.0,0.22,176.16
2256,30.0,20.0,600.0,180.0,10.0,25.0,16.0,11,165,37.5,528.88,1.0,528.88,2.0,1.0,0.22,232.71
2257,30.0,20.0,600.0,180.0,10.0,25.0,17.0,11,165,37.5,528.88,1.0,528.88,2.0,1.0,0.22,232.71
2258,30.0,20.0,600.0,180.0,10.0,25.0,18.0,11,165,37.5,528.88,1.0,528.88,2.0,1.0,0.22,232.71
2259,30.0,20.0,600.0,180.0,10.0,25.0,19.0,11,165,37.5,528.88,1.0,528.88,2.0,1.0,0.22,232.71
2260,30.0,20.0,600.0,180.0,10.0,26.0,0.0,11,165,37.5,528.88,1.0,528.88,2.0,1.0,0.22,232.71
2261,30.0,20.0,600.0,180.0,10.0,26.0,1.0,11,165,37.5,528.88,1.0,528.88,2.0,1.0,0.22,232.71
2262,30.0,20.0,600.0,180.0,10.0,26.0,2.0,11,165,37.5,528.88,1.0,528.88,2.0,1.0,0.22,232.71
2263,30.0,20.0,600.0,180.0,10.0,26.0,3.0,11,165,37.5,528.88,1.0,528.88,2.0,1.0,0.22,232.71
2264,30.0,20.0,600.0,180.0,10.0,26.0,4.0,11,165,37.5,528.88,1.0,528.88,2.0,1.0,0.22,232.71
2265,30.0,20.0,600.0,180.0,10.0,26.0,5.0,11,165,37.5,528.88,1.0,528.88,2.0,1.0,0.22,232.71
2266,30.0,20.0,600.0,180.0,10.0,26.0,6.0,11,165,37.5,528.88,1.0,528.88,2.0,1.0,0.22,232.71
2267,30.0,20.0,600.0,180.0,10.0,26.0,7.0,11,165,37.5,528.88,1.0,528.88,2.0,1.0,0.22,232.71
2268,30.0,20.0,600.0,180.0,10.0,26.0,8.0,11,165,37.5,528.88,1.0,528.88,2.0,1.0,0.22,232.71
2269,30.0,20.0,600.0,180.0,10.0,26.0,9.0,11,165,37.5,528.88,1.0,528.88,2.0,1.0,0.22,232.71
2270,30.0,20.0,600.0,180.0,10.0,26.0,10.0,11,165,37.5,528.88,1.0,528.88,2.0,1.0,0.22,232.71
2271,30.0,20.0,600.0,180.0,10.0,26.0,11.0,11,165,37.5,528.88,1.0,528.88,2.0,1.0,0.22,232.71
2272,30.0,20.0,600.0,180.0,10.0,26.0,12.0,11,165,37.5,528.88,1.0,528.88,2.0,1.0,0.22,232.71
2273,30.0,20.0,600.0,180.0,10.0,26.0,13.0,11,165,37.5,528.88,1.0,528.88,2.0,1.0,0.22,232.71
2274,30.0,20.0,600.0,180.0,10.0,26.0,14.0,11,165,37.5,528.88,1.0,528.88,2.0,1.0,0.22,232.71
2275,30.0,20.0,600.0,180.0,10.0,26.0,15.0,11,165,37.5,528.88,1.0,528.88,2.0,1.0,0.22,232.71
2276,30.0,20.0,600.0,180.0,10.0,26.0,16.0,11,165,37.5,528.88,1.0,528.88,2.0,1.0,0.22,232.71
2277,30.0,20.0,600.0,180.0,10.0,26.0,17.0,11,165,37.5,528.88,0.779,412.0,2.0,1.0,0.22,181.28
2278,30.0,20.0,600.0,180.0,10.0,26.0,18.0,11,165,37.5,528.88,1.0,528.88,2.0,1.0,0.22,232.71
2279,30.0,20.0,600.0,180.0,10.0,26.0,19.0,11,165,37.5,528.88,1.0,528.88,2.0,1.0,0.22,232.71
2280,30.0,20.0,600.0,180.0,10.0,27.0,0.0,11,165,37.5,528.88,1.0,528.88,2.0,1.0,0.22,232.71
2281,30.0,20.0,600.0,180.0,10.0,27.0,1.0,11,165,37.5,528.88,1.0,528.88,2.0,1.0,0.22,232.71
2282,30.0,20.0,600.0,180.0,10.0,27.0,2.0,11,165,37.5,528.88,1.0,528.88,2.0,1.0,0.22,232.71
2283,30.0,20.0,600.0,180.0,10.0,27.0,3.0,11,165,37.5,528.88,1.0,528.88,2.0,1.0,0.22,232.71
2284,30.0,20.0,600.0,180.0,10.0,27.0,4.0,11,165,37.5,528.88,1.0,528.88,2.0,1.0,0.22,232.71
2285,30.0,20.0,600.0,180.0,10.0,27.0,5.0,11,165,37.5,528.88,1.0,528.88,2.0,1.0,0.22,232.71
2286,30.0,20.0,600.0,180.0,10.0,27.0,6.0,11,165,37.5,528.88,1.0,528.88,2.0,1.0,0.22,232.71
2287,30.0,20.0,600.0,180.0,10.0,27.0,7.0,11,165,37.5,528.88,1.0,528.88,2.0,1.0,0.22,232.71
2288,30.0,20.0,600.0,180.0,10.0,27.0,8.0,11,165,37.5,528.88,1.0,528.88,2.0,1.0,0.22,232.71
2289,30.0,20.0,600.0,180.0,10.0,27.0,9.0,11,165,37.5,528.88,1.0,528.88,2.0,1.0,0.22,232.71
2290,30.0,20.0,600.0,180.0,10.0,27.0,10.0,11,165,37.5,528.88,1.0,528.88,2.0,1.0,0.22,232.71
2291,30.0,20.0,600.0,180.0,10.0,27.0,11.0,11,165,37.5,528.88,1.0,528.88,2.0,1.0,0.22,232.71
2292,30.0,20.0,600.0,180.0,10.0,27.0,12.0,11,165,37.5,528.88,1.0,528.88,2.0,1.0,0.22,232.71
2293,30.0,20.0,600.0,180.0,10.0,27.0,13.0,11,165,37.5,528.88,1.0,528.88,2.0,1.0,0.22,232.71
2294,30.0,20.0,600.0,180.0,10.0,27.0,14.0,11,165,37.5,528.88,1.0,528.88,2.0,1.0,0.22,232.71
2295,30.0,20.0,600.0,180.0,10.0,27.0,15.0,11,165,37.5,528.88,1.0,528.88,2.0,1.0,0.22,232.71
2296,30.0,20.0,600.0,180.0,10.0,27.0,16.0,11,165,37.5,528.88,1.0,528.88,2.0,1.0,0.22,232.71
2297,30.0,20.0,600.0,180.0,10.0,27.0,17.0,11,165,37.5,528.88,1.0,528.88,2.0,1.0,0.22,232.71
2298,30.0,20.0,600.0,180.0,10.0,27.0,18.0,11,165,37.5,528.88,1.0,528.88,2.0,1.0,0.22,232.71
2299,30.0,20.0,600.0,180.0,10.0,27.0,19.0,11,165,37.5,528.88,1.0,528.88,2.0,1.0,0.22,232.71
2300,30.0,20.0,600.0,180.0,10.0,28.0,0.0,11,165,37.5,528.88,1.0,528.88,2.0,1.0,0.22,232.71
2301,30.0,20.0,600.0,180.0,10.0,28.0,1.0,11,165,37.5,528.88,1.0,528.88,2.0,1.0,0.22,232.71
2302,30.0,20.0,600.0,180.0,10.0,28.0,2.0,11,165,37.5,528.88,1.0,528.88,2.0,1.0,0.22,232.71
2303,30.0,20.0,600.0,180.0,10.0,28.0,3.0,11,165,37.5,528.88,1.0,528.88,2.0,1.0,0.22,232.71
2304,30.0,20.0,600.0,180.0,10.0,28.0,4.0,11,165,37.5,528.88,1.0,528.88,2.0,1.0,0.22,232.71
2305,30.0,20.0,600.0,180.0,10.0,28.0,5.0,11,165,37.5,528.88,1.0,528.88,2.0,1.0,0.22,232.71
2306,30.0,20.0,600.0,180.0,10.0,28.0,6.0,11,165,37.5,528.88,1.0,528.88,2.0,1.0,0.22,232.71
2307,30.0,20.0,600.0,180.0,10.0,28.0,7.0,11,165,37.5,528.88,1.0,528.88,2.0,1.0,0.22,232.71
2308,30.0,20.0,600.0,180.0,10.0,28.0,8.0,11,165,37.5,528.88,1.0,528.88,2.0,1.0,0.22,232.71
2309,30.0,20.0,600.0,180.0,10.0,28.0,9.0,11,165,37.5,528.88,1.0,528.88,2.0,1.0,0.22,232.71
2310,30.0,20.0,600.0,180.0,10.0,28.0,10.0,11,165,37.5,528.88,1.0,528.88,2.0,1.0,0.22,232.71
2311,30.0,20.0,600.0,180.0,10.0,28.0,11.0,11,165,37.5,528.88,1.0,528.88,2.0,1.0,0.22,232.71
2312,30.0,20.0,600.0,180.0,10.0,28.0,12.0,11,165,37.5,528.88,1.0,528.88,2.0,1.0,0.22,232.71
2313,30.0,20.0,600.0,180.0,10.0,28.0,13.0,11,165,37.5,528.88,1.0,528.88,2.0,1.0,0.22,232.71
2314,30.0,20.0,600.0,180.0,10.0,28.0,14.0,11,165,37.5,528.88,1.0,528.88,2.0,1.0,0.22,232.71
2315,30.0,20.0,600.0,180.0,10.0,28.0,15.0,11,165,37.5,528.88,1.0,528.88,2.0,1.0,0.22,232.71
2316,30.0,20.0,600.0,180.0,10.0,28.0,16.0,11,165,37.5,528.88,1.0,528.88,2.0,1.0,0.22,232.71
2317,30.0,20.0,600.0,180.0,10.0,28.0,17.0,11,165,37.5,528.88,0.856,452.72,2.0,1.0,0.22,199.2
2318,30.0,20.0,600.0,180.0,10.0,28.0,18.0,11,165,37.5,528.88,1.0,528.88,2.0,1.0,0.22,232.71
2319,30.0,20.0,600.0,180.0,10.0,28.0,19.0,11,165,37.5,528.88,1.0,528.88,2.0,1.0,0.22,232.71
2320,30.0,20.0,600.0,180.0,10.0,0.0,0.0,12,180,90,902.69,1.0,902.69,2.0,1.0,0.22,397.18
2321,30.0,20.0,600.0,180.0,10.0,0.0,1.0,12,180,90,902.69,1.0,902.69,2.0,1.0,0.22,397.18
2322,30.0,20.0,600.0,180.0,10.0,0.0,2.0,12,180,90,902.69,1.0,902.69,2.0,1.0,0.22,397.18
2323,30.0,20.0,600.0,180.0,10.0,0.0,3.0,12,180,90,902.69,1.0,902.69,2.0,1.0,0.22,397.18
2324,30.0,20.0,600.0,180.0,10.0,0.0,4.0,12,180,90,902.69,1.0,902.69,2.0,1.0,0.22,397.18
2325,30.0,20.0,600.0,180.0,10.0,0.0,5.0,12,180,90,902.69,1.0,902.69,2.0,1.0,0.22,397.18
2326,30.0,20.0,600.0,180.0,10.0,0.0,6.0,12,180,90,902.69,1.0,902.69,2.0,1.0,0.22,397.18
2327,30.0,20.0,600.0,180.0,10.0,0.0,7.0,12,180,90,902.69,1.0,902.69,2.0,1.0,0.22,397.18
2328,30.0,20.0,600.0,180.0,10.0,0.0,8.0,12,180,90,902.69,1.0,902.69,2.0,1.0,0.22,397.18
2329,30.0,20.0,600.0,180.0,10.0,0.0,9.0,12,180,90,902.69,1.0,902.69,2.0,1.0,0.22,397.18
2330,30.0,20.0,600.0,180.0,10.0,0.0,10.0,12,180,90,902.69,1.0,902.69,2.0,1.0,0.22,397.18
2331,30.0,20.0,600.0,180.0,10.0,0.0,11.0,12,180,90,902.69,1.0,902.69,2.0,1.0,0.22,397.18
2332,30.0,20.0,600.0,180.0,10.0,0.0,12.0,12,180,90,902.69,1.0,902.69,2.0,1.0,0.22,397.18
2333,30.0,20.0,600.0,180.0,10.0,0.0,13.0,12,180,90,902.69,1.0,902.69,2.0,1.0,0.22,397.18
2334,30.0,20.0,600.0,180.0,10.0,0.0,14.0,12,180,90,902.69,1.0,902.69,2.0,1.0,0.22,397.18
2335,30.0,20.0,600.0,180.0,10.0,0.0,15.0,12,180,90,902.69,1.0,902.69,2.0,1.0,0.22,397.18
2336,30.0,20.0,600.0,180.0,10.0,0.0,16.0,12,180,90,902.69,1.0,902.69,2.0,1.0,0.22,397.18
2337,30.0,20.0,600.0,180.0,10.0,0.0,17.0,12,180,90,902.69,1.0,902.69,2.0,1.0,0.22,397.18
2338,30.0,20.0,600.0,180.0,10.0,0.0,18.0,12,180,90,902.69,1.0,902.69,2.0,1.0,0.22,397.18
2339,30.0,20.0,600.0,180.0,10.0,0.0,19.0,12,180,90,902.69,1.0,902.69,2.0,1.0,0.22,397.18
2340,30.0,20.0,600.0,180.0,10.0,1.0,0.0,12,180,90,902.69,1.0,902.69,2.0,1.0,0.22,397.18
2341,30.0,20.0,600.0,180.0,10.0,1.0,1.0,12,180,90,902.69,1.0,902.69,2.0,1.0,0.22,397.18
2342,30.0,20.0,600.0,180.0,10.0,1.0,2.0,12,180,90,902.69,1.0,902.69,2.0,1.0,0.22,397.18
2343,30.0,20.0,600.0,180.0,10.0,1.0,3.0,12,180,90,902.69,1.0,902.69,2.0,1.0,0.22,397.18
2344,30.0,20.0,600.0,180.0,10.0,1.0,4.0,12,180,90,902.69,1.0,902.69,2.0,1.0,0.22,397.18
2345,30.0,20.0,600.0,180.0,10.0,1.0,5.0,12,180,90,902.69,1.0,902.69,2.0,1.0,0.22,397.18
2346,30.0,20.0,600.0,180.0,10.0,1.0,6.0,12,180,90,902.69,1.0,902.69,2.0,1.0,0.22,397.18
2347,30.0,20.0,600.0,180.0,10.0,1.0,7.0,12,180,90,902.69,1.0,902.69,2.0,1.0,0.22,397.18
2348,30.0,20.0,600.0,180.0,10.0,1.0,8.0,12,180,90,902.69,1.0,902.69,2.0,1.0,0.22,397.18
2349,30.0,20.0,600.0,180.0,10.0,1.0,9.0,12,180,90,902.69,1.0,902.69,2.0,1.0,0.22,397.18
2350,30.0,20.0,600.0,180.0,10.0,1.0,10.0,12,180,90,902.69,1.0,902.69,2.0,1.0,0.22,397.18
2351,30.0,20.0,600.0,180.0,10.0,1.0,11.0,12,180,90,902.69,1.0,902.69,2.0,1.0,0.22,397.18
2352,30.0,20.0,600.0,180.0,10.0,1.0,12.0,12,180,90,902.69,1.0,902.69,2.0,1.0,0.22,397.18
2353,30.0,20.0,600.0,180.0,10.0,1.0,13.0,12,180,90,902.69,1.0,902.69,2.0,1.0,0.22,397.18
2354,30.0,20.0,600.0,180.0,10.0,1.0,14.0,12,180,90,902.69,1.0,902.69,2.0,1.0,0.22,397.18
2355,30.0,20.0,600.0,180.0,10.0,1.0,15.0,12,180,90,902.69,1.0,902.69,2.0,1.0,0.22,397.18
2356,30.0,20.0,600.0,180.0,10.0,1.0,16.0,12,180,90,902.69,1.0,902.69,2.0,1.0,0.22,397.18
2357,30.0,20.0,600.0,180.0,10.0,1.0,17.0,12,180,90,902.69,1.0,902.69,2.0,1.0,0.22,397.18
2358,30.0,20.0,600.0,180.0,10.0,1.0,18.0,12,180,90,902.69,1.0,902.69,2.0,1.0,0.22,397.18
2359,30.0,20.0,600.0,180.0,10.0,1.0,19.0,12,180,90,902.69,1.0,902.69,2.0,1.0,0.22,397.18
2360,30.0,20.0,600.0,180.0,10.0,2.0,0.0,12,180,90,902.69,1.0,902.69,2.0,1.0,0.22,397.18
2361,30.0,20.0,600.0,180.0,10.0,2.0,1.0,12,180,90,902.69,1.0,902.69,2.0,1.0,0.22,397.18
2362,30.0,20.0,600.0,180.0,10.0,2.0,2.0,12,180,90,902.69,1.0,902.69,2.0,1.0,0.22,397.18
2363,30.0,20.0,600.0,180.0,10.0,2.0,3.0,12,180,90,902.69,1.0,902.69,2.0,1.0,0.22,397.18
2364,30.0,20.0,600.0,180.0,10.0,2.0,4.0,12,180,90,902.69,0.523,472.11,2.0,1.0,0.22,207.73
2365,30.0,20.0,600.0,180.0,10.0,2.0,5.0,12,180,90,902.69,1.0,902.69,2.0,1.0,0.22,397.18
2366,30.0,20.0,600.0,180.0,10.0,2.0,6.0,12,180,90,902.69,1.0,902.69,2.0,1.0,0.22,397.18
2367,30.0,20.0,600.0,180.0,10.0,2.0,7.0,12,180,90,902.69,1.0,902.69,2.0,1.0,0.22,397.18
2368,30.0,20.0,600.0,180.0,10.0,2.0,8.0,12,180,90,902.69,1.0,902.69,2.0,1.0,0.22,397.18
2369,30.0,20.0,600.0,180.0,10.0,2.0,9.0,12,180,90,902.69,1.0,902.69,2.0,1.0,0.22,397.18
2370,30.0,20.0,600.0,180.0,10.0,2.0,10.0,12,180,90,902.69,1.0,902.69,2.0,1.0,0.22,397.18
2371,30.0,20.0,600.0,180.0,10.0,2.0,11.0,12,180,90,902.69,1.0,902.69,2.0,1.0,0.22,397.18
2372,30.0,20.0,600.0,180.0,10.0,2.0,12.0,12,180,90,902.69,1.0,902.69,2.0,1.0,0.22,397.18
2373,30.0,20.0,600.0,180.0,10.0,2.0,13.0,12,180,90,902.69,1.0,902.69,2.0,1.0,0.22,397.18
2374,30.0,20.0,600.0,180.0,10.0,2.0,14.0,12,180,90,902.69,0.747,674.31,2.0,1.0,0.22,296.7
2375,30.0,20.0,600.0,180.0,10.0,2.0,15.0,12,180,90,902.69,1.0,902.69,2.0,1.0,0.22,397.18
2376,30.0,20.0,600.0,180.0,10.0,2.0,16.0,12,180,90,902.69,1.0,902.69,2.0,1.0,0.22,397.18
2377,30.0,20.0,600.0,180.0,10.0,2.0,17.0,12,180,90,902.69,1.0,902.69,2.0,1.0,0.22,397.18
2378,30.0,20.0,600.0,180.0,10.0,2.0,18.0,12,180,90,902.69,1.0,902.69,2.0,1.0,0.22,397.18
2379,30.0,20.0,600.0,180.0,10.0,2.0,19.0,12,180,90,902.69,1.0,902.69,2.0,1.0,0.22,397.18
2380,30.0,20.0,600.0,180.0,10.0,3.0,0.0,12,180,90,902.69,1.0,902.69,2.0,1.0,0.22,397.18
2381,30.0,20.0,600.0,180.0,10.0,3.0,1.0,12,180,90,902.69,1.0,902.69,2.0,1.0,0.22,397.18
2382,30.0,20.0,600.0,180.0,10.0,3.0,2.0,12,180,90,902.69,1.0,902.69,2.0,1.0,0.22,397.18
2383,30.0,20.0,600.0,180.0,10.0,3.0,3.0,12,180,90,902.69,1.0,902.69,2.0,1.0,0.22,397.18
2384,30.0,20.0,600.0,180.0,10.0,3.0,4.0,12,180,90,902.69,1.0,902.69,2.0,1.0,0.22,397.18
2385,30.0,20.0,600.0,180.0,10.0,3.0,5.0,12,180,90,902.69,1.0,902.69,2.0,1.0,0.22,397.18
2386,30.0,20.0,600.0,180.0,10.0,3.0,6.0,12,180,90,902.69,1.0,902.69,2.0,1.0,0.22,397.18
2387,30.0,20.0,600.0,180.0,10.0,3.0,7.0,12,180,90,902.69,1.0,902.69,2.0,1.0,0.22,397.18
2388,30.0,20.0,600.0,180.0,10.0,3.0,8.0,12,180,90,902.69,1.0,902.69,2.0,1.0,0.22,397.18
2389,30.0,20.0,600.0,180.0,10.0,3.0,9.0,12,180,90,902.69,1.0,902.69,2.0,1.0,0.22,397.18
2390,30.0,20.0,600.0,180.0,10.0,3.0,10.0,12,180,90,902.69,1.0,902.69,2.0,1.0,0.22,397.18
2391,30.0,20.0,600.0,180.0,10.0,3.0,11.0,12,180,90,902.69,0.609,549.74,2.0,1.0,0.22,241.89
2392,30.0,20.0,600.0,180.0,10.0,3.0,12.0,12,180,90,902.69,1.0,902.69,2.0,1.0,0.22,397.18
2393,30.0,20.0,600.0,180.0,10.0,3.0,13.0,12,180,90,902.69,1.0,902.69,2.0,1.0,0.22,397.18
2394,30.0,20.0,600.0,180.0,10.0,3.0,14.0,12,180,90,902.69,1.0,902.69,2.0,1.0,0.22,397.18
2395,30.0,20.0,600.0,180.0,10.0,3.0,15.0,12,180,90,902.69,1.0,902.69,2.0,1.0,0.22,397.18
2396,30.0,20.0,600.0,180.0,10.0,3.0,16.0,12,180,90,902.69,1.0,902.69,2.0,1.0,0.22,397.18
2397,30.0,20.0,600.0,180.0,10.0,3.0,17.0,12,180,90,902.69,1.0,902.69,2.0,1.0,0.22,397.18
2398,30.0,20.0,600.0,180.0,10.0,3.0,18.0,12,180,90,902.69,1.0,902.69,2.0,1.0,0.22,397.18
2399,30.0,20.0,600.0,180.0,10.0,3.0,19.0,12,180,90,902.69,1.0,902.69,2.0,1.0,0.22,397.18
2400,30.0,20.0,600.0,180.0,10.0,4.0,0.0,12,180,90,902.69,1.0,902.69,2.0,1.0,0.22,397.18
2401,30.0,20.0,600.0,180.0,10.0,4.0,1.0,12,180,90,902.69,1.0,902.69,2.0,1.0,0.22,397.18
2402,30.0,20.0,600.0,180.0,10.0,4.0,2.0,12,180,90,902.69,1.0,902.69,2.0,1.0,0.22,397.18
2403,30.0,20.0,600.0,180.0,10.0,4.0,3.0,12,180,90,902.69,1.0,902.69,2.0,1.0,0.22,397.18
2404,30.0,20.0,600.0,180.0,10.0,4.0,4.0,12,180,90,902.69,1.0,902.69,2.0,1.0,0.22,397.18
2405,30.0,20.0,600.0,180.0,10.0,4.0,5.0,12,180,90,902.69,1.0,902.69,2.0,1.0,0.22,397.18
2406,30.0,20.0,600.0,180.0,10.0,4.0,6.0,12,180,90,902.69,1.0,902.69,2.0,1.0,0.22,397.18
2407,30.0,20.0,600.0,180.0,10.0,4.0,7.0,12,180,90,902.69,1.0,902.69,2.0,1.0,0.22,397.18
2408,30.0,20.0,600.0,180.0,10.0,4.0,8.0,12,180,90,902.69,1.0,902.69,2.0,1.0,0.22,397.18
2409,30.0,20.0,600.0,180.0,10.0,4.0,9.0,12,180,90,902.69,1.0,902.69,2.0,1.0,0.22,397.18
2410,30.0,20.0,600.0,180.0,10.0,4.0,10.0,12,180,90,902.69,1.0,902.69,2.0,1.0,0.22,397.18
2411,30.0,20.0,600.0,180.0,10.0,4.0,11.0,12,180,90,902.69,1.0,902.69,2.0,1.0,0.22,397.18
2412,30.0,20.0,600.0,180.0,10.0,4.0,12.0,12,180,90,902.69,1.0,902.69,2.0,1.0,0.22,397.18
2413,30.0,20.0,600.0,180.0,10.0,4.0,13.0,12,180,90,902.69,1.0,902.69,2.0,1.0,0.22,397.18
2414,30.0,20.0,600.0,180.0,10.0,4.0,14.0,12,180,90,902.69,1.0,902.69,2.0,1.0,0.22,397.18
2415,30.0,20.0,600.0,180.0,10.0,4.0,15.0,12,180,90,902.69,1.0,902.69,2.0,1.0,0.22,397.18
2416,30.0,20.0,600.0,180.0,10.0,4.0,16.0,12,180,90,902.69,1.0,902.69,2.0,1.0,0.22,397.18
2417,30.0,20.0,600.0,180.0,10.0,4.0,17.0,12,180,90,902.69,1.0,902.69,2.0,1.0,0.22,397.18
2418,30.0,20.0,600.0,180.0,10.0,4.0,18.0,12,180,90,902.69,1.0,902.69,2.0,1.0,0.22,397.18
2419,30.0,20.0,600.0,180.0,10.0,4.0,19.0,12,180,90,902.69,1.0,902.69,2.0,1.0,0.22,397.18
2420,30.0,20.0,600.0,180.0,10.0,5.0,0.0,12,180,90,902.69,1.0,902.69,2.0,1.0,0.22,397.18
2421,30.0,20.0,600.0,180.0,10.0,5.0,1.0,12,180,90,902.69,1.0,902.69,2.0,1.0,0.22,397.18
2422,30.0,20.0,600.0,180.0,10.0,5.0,2.0,12,180,90,902.69,1.0,902.69,2.0,1.0,0.22,397.18
2423,30.0,20.0,600.0,180.0,10.0,5.0,3.0,12,180,90,902.69,1.0,902.69,2.0,1.0,0.22,397.18
2424,30.0,20.0,600.0,180.0,10.0,5.0,4.0,12,180,90,902.69,1.0,902.69,2.0,1.0,0.22,397.18
2425,30.0,20.0,600.0,180.0,10.0,5.0,5.0,12,180,90,902.69,1.0,902.69,2.0,1.0,0.22,397.18
2426,30.0,20.0,600.0,180.0,10.0,5.0,6.0,12,180,90,902.69,1.0,902.69,2.0,1.0,0.22,397.18
2427,30.0,20.0,600.0,180.0,10.0,5.0,7.0,12,180,90,902.69,1.0,902.69,2.0,1.0,0.22,397.18
2428,30.0,20.0,600.0,180.0,10.0,5.0,8.0,12,180,90,902.69,1.0,902.69,2.0,1.0,0.22,397.18
2429,30.0,20.0,600.0,180.0,10.0,5.0,9.0,12,180,90,902.69,1.0,902.69,2.0,1.0,0.22,397.18
2430,30.0,20.0,600.0,180.0,10.0,5.0,10.0,12,180,90,902.69,1.0,902.69,2.0,1.0,0.22,397.18
2431,30.0,20.0,600.0,180.0,10.0,5.0,11.0,12,180,90,902.69,1.0,902.69,2.0,1.0,0.22,397.18
2432,30.0,20.0,600.0,180.0,10.0,5.0,12.0,12,180,90,902.69,0.813,733.89,2.0,1.0,0.22,322.91
2433,30.0,20.0,600.0,180.0,10.0,5.0,13.0,12,180,90,902.69,1.0,902.69,2.0,1.0,0.22,397.18
2434,30.0,20.0,600.0,180.0,10.0,5.0,14.0,12,180,90,902.69,1.0,902.69,2.0,1.0,0.22,397.18
2435,30.0,20.0,600.0,180.0,10.0,5.0,15.0,12,180,90,902.69,1.0,902.69,2.0,1.0,0.22,397.18
2436,30.0,20.0,600.0,180.0,10.0,5.0,16.0,12,180,90,902.69,1.0,902.69,2.0,1.0,0.22,397.18
2437,30.0,20.0,600.0,180.0,10.0,5.0,17.0,12,180,90,902.69,1.0,902.69,2.0,1.0,0.22,397.18
2438,30.0,20.0,600.0,180.0,10.0,5.0,18.0,12,180,90,902.69,1.0,902.69,2.0,1.0,0.22,397.18
2439,30.0,20.0,600.0,180.0,10.0,5.0,19.0,12,180,90,902.69,1.0,902.69,2.0,1.0,0.22,397.18
2440,30.0,20.0,600.0,180.0,10.0,6.0,0.0,12,180,90,902.69,1.0,902.69,2.0,1.0,0.22,397.18
2441,30.0,20.0,600.0,180.0,10.0,6.0,1.0,12,180,90,902.69,1.0,902.69,2.0,1.0,0.22,397.18
2442,30.0,20.0,600.0,180.0,10.0,6.0,2.0,12,180,90,902.69,1.0,902.69,2.0,1.0,0.22,397.18
2443,30.0,20.0,600.0,180.0,10.0,6.0,3.0,12,180,90,902.69,1.0,902.69,2.0,1.0,0.22,397.18
2444,30.0,20.0,600.0,180.0,10.0,6.0,4.0,12,180,90,902.69,1.0,902.69,2.0,1.0,0.22,397.18
2445,30.0,20.0,600.0,180.0,10.0,6.0,5.0,12,180,90,902.69,1.0,902.69,2.0,1.0,0.22,397.18
2446,30.0,20.0,600.0,180.0,10.0,6.0,6.0,12,180,90,902.69,1.0,902.69,2.0,1.0,0.22,397.18
2447,30.0,20.0,600.0,180.0,10.0,6.0,7.0,12,180,90,902.69,1.0,902.69,2.0,1.0,0.22,397.18
2448,30.0,20.0,600.0,180.0,10.0,6.0,8.0,12,180,90,902.69,1.0,902.69,2.0,1.0,0.22,397.18
2449,30.0,20.0,600.0,180.0,10.0,6.0,9.0,12,180,90,902.69,1.0,902.69,2.0,1.0,0.22,397.18
2450,30.0,20.0,600.0,180.0,10.0,6.0,10.0,12,180,90,902.69,1.0,902.69,2.0,1.0,0.22,397.18
2451,30.0,20.0,600.0,180.0,10.0,6.0,11.0,12,180,90,902.69,0.63,568.69,2.0,1.0,0.22,250.22
2452,30.0,20.0,600.0,180.0,10.0,6.0,12.0,12,180,90,902.69,0.599,540.71,2.0,1.0,0.22,237.91
2453,30.0,20.0,600.0,180.0,10.0,6.0,13.0,12,180,90,902.69,1.0,902.69,2.0,1.0,0.22,397.18
2454,30.0,20.0,600.0,180.0,10.0,6.0,14.0,12,180,90,902.69,1.0,902.69,2.0,1.0,0.22,397.18
2455,30.0,20.0,600.0,180.0,10.0,6.0,15.0,12,180,90,902.69,1.0,902.69,2.0,1.0,0.22,397.18
2456,30.0,20.0,600.0,180.0,10.0,6.0,16.0,12,180,90,902.69,1.0,902.69,2.0,1.0,0.22,397.18
2457,30.0,20.0,600.0,180.0,10.0,6.0,17.0,12,180,90,902.69,1.0,902.69,2.0,1.0,0.22,397.18
2458,30.0,20.0,600.0,180.0,10.0,6.0,18.0,12,180,90,902.69,1.0,902.69,2.0,1.0,0.22,397.18
2459,30.0,20.0,600.0,180.0,10.0,6.0,19.0,12,180,90,902.69,1.0,902.69,2.0,1.0,0.22,397.18
2460,30.0,20.0,600.0,180.0,10.0,7.0,0.0,12,180,90,902.69,1.0,902.69,2.0,1.0,0.22,397.18
2461,30.0,20.0,600.0,180.0,10.0,7.0,1.0,12,180,90,902.69,1.0,902.69,2.0,1.0,0.22,397.18
2462,30.0,20.0,600.0,180.0,10.0,7.0,2.0,12,180,90,902.69,1.0,902.69,2.0,1.0,0.22,397.18
2463,30.0,20.0,600.0,180.0,10.0,7.0,3.0,12,180,90,902.69,1.0,902.69,2.0,1.0,0.22,397.18
2464,30.0,20.0,600.0,180.0,10.0,7.0,4.0,12,180,90,902.69,1.0,902.69,2.0,1.0,0.22,397.18
2465,30.0,20.0,600.0,180.0,10.0,7.0,5.0,12,180,90,902.69,1.0,902.69,2.0,1.0,0.22,397.18
2466,30.0,20.0,600.0,180.0,10.0,7.0,6.0,12,180,90,902.69,1.0,902.69,2.0,1.0,0.22,397.18
2467,30.0,20.0,600.0,180.0,10.0,7.0,7.0,12,180,90,902.69,1.0,902.69,2.0,1.0,0.22,397.18
2468,30.0,20.0,600.0,180.0,10.0,7.0,8.0,12,180,90,902.69,1.0,902.69,2.0,1.0,0.22,397.18
2469,30.0,20.0,600.0,180.0,10.0,7.0,9.0,12,180,90,902.69,1.0,902.69,2.0,1.0,0.22,397.18
2470,30.0,20.0,600.0,180.0,10.0,7.0,10.0,12,180,90,902.69,1.0,902.69,2.0,1.0,0.22,397.18
2471,30.0,20.0,600.0,180.0,10.0,7.0,11.0,12,180,90,902.69,1.0,902.69,2.0,1.0,0.22,397.18
2472,30.0,20.0,600.0,180.0,10.0,7.0,12.0,12,180,90,902.69,1.0,902.69,2.0,1.0,0.22,397.18
2473,30.0,20.0,600.0,180.0,10.0,7.0,13.0,12,180,90,902.69,1.0,902.69,2.0,1.0,0.22,397.18
2474,30.0,20.0,600.0,180.0,10.0,7.0,14.0,12,180,90,902.69,1.0,902.69,2.0,1.0,0.22,397.18
2475,30.0,20.0,600.0,180.0,10.0,7.0,15.0,12,180,90,902.69,1.0,902.69,2.0,1.0,0.22,397.18
2476,30.0,20.0,600.0,180.0,10.0,7.0,16.0,12,180,90,902.69,1.0,902.69,2.0,1.0,0.22,397.18
2477,30.0,20.0,600.0,180.0,10.0,7.0,17.0,12,180,90,902.69,1.0,902.69,2.0,1.0,0.22,397.18
2478,30.0,20.0,600.0,180.0,10.0,7.0,18.0,12,180,90,902.69,1.0,902.69,2.0,1.0,0.22,397.18
2479,30.0,20.0,600.0,180.0,10.0,7.0,19.0,12,180,90,902.69,1.0,902.69,2.0,1.0,0.22,397.18
2480,30.0,20.0,600.0,180.0,10.0,8.0,0.0,12,180,90,902.69,1.0,902.69,2.0,1.0,0.22,397.18
2481,30.0,20.0,600.0,180.0,10.0,8.0,1.0,12,180,90,902.69,1.0,902.69,2.0,1.0,0.22,397.18
2482,30.0,20.0,600.0,180.0,10.0,8.0,2.0,12,180,90,902.69,1.0,902.69,2.0,1.0,0.22,397.18
2483,30.0,20.0,600.0,180.0,10.0,8.0,3.0,12,180,90,902.69,1.0,902.69,2.0,1.0,0.22,397.18
2484,30.0,20.0,600.0,180.0,10.0,8.0,4.0,12,180,90,902.69,1.0,902.69,2.0,1.0,0.22,397.18
2485,30.0,20.0,600.0,180.0,10.0,8.0,5.0,12,180,90,902.69,0.73,658.96,2.0,1.0,0.22,289.94
2486,30.0,20.0,600.0,180.0,10.0,8.0,6.0,12,180,90,902.69,0.58,523.56,2.0,1.0,0.22,230.37
2487,30.0,20.0,600.0,180.0,10.0,8.0,7.0,12,180,90,902.69,1.0,902.69,2.0,1.0,0.22,397.18
2488,30.0,20.0,600.0,180.0,10.0,8.0,8.0,12,180,90,902.69,1.0,902.69,2.0,1.0,0.22,397.18
2489,30.0,20.0,600.0,180.0,10.0,8.0,9.0,12,180,90,902.69,1.0,902.69,2.0,1.0,0.22,397.18
2490,30.0,20.0,600.0,180.0,10.0,8.0,10.0,12,180,90,902.69,1.0,902.69,2.0,1.0,0.22,397.18
2491,30.0,20.0,600.0,180.0,10.0,8.0,11.0,12,180,90,902.69,1.0,902.69,2.0,1.0,0.22,397.18
2492,30.0,20.0,600.0,180.0,10.0,8.0,12.0,12,180,90,902.69,1.0,902.69,2.0,1.0,0.22,397.18
2493,30.0,20.0,600.0,180.0,10.0,8.0,13.0,12,180,90,902.69,1.0,902.69,2.0,1.0,0.22,397.18
2494,30.0,20.0,600.0,180.0,10.0,8.0,14.0,12,180,90,902.69,1.0,902.69,2.0,1.0,0.22,397.18
2495,30.0,20.0,600.0,180.0,10.0,8.0,15.0,12,180,90,902.69,1.0,902.69,2.0,1.0,0.22,397.18
2496,30.0,20.0,600.0,180.0,10.0,8.0,16.0,12,180,90,902.69,1.0,902.69,2.0,1.0,0.22,397.18
2497,30.0,20.0,600.0,180.0,10.0,8.0,17.0,12,180,90,902.69,1.0,902.69,2.0,1.0,0.22,397.18
2498,30.0,20.0,600.0,180.0,10.0,8.0,18.0,12,180,90,902.69,1.0,902.69,2.0,1.0,0.22,397.18
2499,30.0,20.0,600.0,180.0,10.0,8.0,19.0,12,180,90,902.69,1.0,902.69,2.0,1.0,0.22,397.18
2500,30.0,20.0,600.0,180.0,10.0,9.0,0.0,12,180,90,902.69,1.0,902.69,2.0,1.0,0.22,397.18
2501,30.0,20.0,600.0,180.0,10.0,9.0,1.0,12,180,90,902.69,1.0,902.69,2.0,1.0,0.22,397.18
2502,30.0,20.0,600.0,180.0,10.0,9.0,2.0,12,180,90,902.69,1.0,902.69,2.0,1.0,0.22,397.18
2503,30.0,20.0,600.0,180.0,10.0,9.0,3.0,12,180,90,902.69,1.0,902.69,2.0,1.0,0.22,397.18
2504,30.0,20.0,600.0,180.0,10.0,9.0,4.0,12,180,90,902.69,1.0,902.69,2.0,1.0,0.22,397.18
2505,30.0,20.0,600.0,180.0,10.0,9.0,5.0,12,180,90,902.69,1.0,902.69,2.0,1.0,0.22,397.18
2506,30.0,20.0,600.0,180.0,10.0,9.0,6.0,12,180,90,902.69,1.0,902.69,2.0,1.0,0.22,397.18
2507,30.0,20.0,600.0,180.0,10.0,9.0,7.0,12,180,90,902.69,1.0,902.69,2.0,1.0,0.22,397.18
2508,30.0,20.0,600.0,180.0,10.0,9.0,8.0,12,180,90,902.69,1.0,902.69,2.0,1.0,0.22,397.18
2509,30.0,20.0,600.0,180.0,10.0,9.0,9.0,12,180,90,902.69,1.0,902.69,2.0,1.0,0.22,397.18
2510,30.0,20.0,600.0,180.0,10.0,9.0,10.0,12,180,90,902.69,1.0,902.69,2.0,1.0,0.22,397.18
2511,30.0,20.0,600.0,180.0,10.0,9.0,11.0,12,180,90,902.69,1.0,902.69,2.0,1.0,0.22,397.18
2512,30.0,20.0,600.0,180.0,10.0,9.0,12.0,12,180,90,902.69,1.0,902.69,2.0,1.0,0.22,397.18
2513,30.0,20.0,600.0,180.0,10.0,9.0,13.0,12,180,90,902.69,1.0,902.69,2.0,1.0,0.22,397.18
2514,30.0,20.0,600.0,180.0,10.0,9.0,14.0,12,180,90,902.69,1.0,902.69,2.0,1.0,0.22,397.18
2515,30.0,20.0,600.0,180.0,10.0,9.0,15.0,12,180,90,902.69,1.0,902.69,2.0,1.0,0.22,397.18
2516,30.0,20.0,600.0,180.0,10.0,9.0,16.0,12,180,90,902.69,1.0,902.69,2.0,1.0,0.22,397.18
2517,30.0,20.0,600.0,180.0,10.0,9.0,17.0,12,180,90,902.69,1.0,902.69,2.0,1.0,0.22,397.18
2518,30.0,20.0,600.0,180.0,10.0,9.0,18.0,12,180,90,902.69,1.0,902.69,2.0,1.0,0.22,397.18
2519,30.0,20.0,600.0,180.0,10.0,9.0,19.0,12,180,90,902.69,1.0,902.69,2.0,1.0,0.22,397.18
2520,30.0,20.0,600.0,180.0,10.0,10.0,0.0,12,180,90,902.69,1.0,902.69,2.0,1.0,0.22,397.18
2521,30.0,20.0,600.0,180.0,10.0,10.0,1.0,12,180,90,902.69,1.0,902.69,2.0,1.0,0.22,397.18
2522,30.0,20.0,600.0,180.0,10.0,10.0,2.0,12,180,90,902.69,1.0,902.69,2.0,1.0,0.22,397.18
2523,30.0,20.0,600.0,180.0,10.0,10.0,3.0,12,180,90,902.69,1.0,902.69,2.0,1.0,0.22,397.18
2524,30.0,20.0,600.0,180.0,10.0,10.0,4.0,12,180,90,902.69,1.0,902.69,2.0,1.0,0.22,397.18
2525,30.0,20.0,600.0,180.0,10.0,10.0,5.0,12,180,90,902.69,1.0,902.69,2.0,1.0,0.22,397.18
2526,30.0,20.0,600.0,180.0,10.0,10.0,6.0,12,180,90,902.69,1.0,902.69,2.0,1.0,0.22,397.18
2527,30.0,20.0,600.0,180.0,10.0,10.0,7.0,12,180,90,902.69,1.0,902.69,2.0,1.0,0.22,397.18
2528,30.0,20.0,600.0,180.0,10.0,10.0,8.0,12,180,90,902.69,1.0,902.69,2.0,1.0,0.22,397.18
2529,30.0,20.0,600.0,180.0,10.0,10.0,9.0,12,180,90,902.69,1.0,902.69,2.0,1.0,0.22,397.18
2530,30.0,20.0,600.0,180.0,10.0,10.0,10.0,12,180,90,902.69,0.605,546.13,2.0,1.0,0.22,240.3
2531,30.0,20.0,600.0,180.0,10.0,10.0,11.0,12,180,90,902.69,1.0,902.69,2.0,1.0,0.22,397.18
2532,30.0,20.0,600.0,180.0,10.0,10.0,12.0,12,180,90,902.69,0.854,770.9,2.0,1.0,0.22,339.2
2533,30.0,20.0,600.0,180.0,10.0,10.0,13.0,12,180,90,902.69,1.0,902.69,2.0,1.0,0.22,397.18
2534,30.0,20.0,600.0,180.0,10.0,10.0,14.0,12,180,90,902.69,1.0,902.69,2.0,1.0,0.22,397.18
2535,30.0,20.0,600.0,180.0,10.0,10.0,15.0,12,180,90,902.69,1.0,902.69,2.0,1.0,0.22,397.18
2536,30.0,20.0,600.0,180.0,10.0,10.0,16.0,12,180,90,902.69,1.0,902.69,2.0,1.0,0.22,397.18
2537,30.0,20.0,600.0,180.0,10.0,10.0,17.0,12,180,90,902.69,1.0,902.69,2.0,1.0,0.22,397.18
2538,30.0,20.0,600.0,180.0,10.0,10.0,18.0,12,180,90,902.69,1.0,902.69,2.0,1.0,0.22,397.18
2539,30.0,20.0,600.0,180.0,10.0,10.0,19.0,12,180,90,902.69,1.0,902.69,2.0,1.0,0.22,397.18
2540,30.0,20.0,600.0,180.0,10.0,11.0,0.0,12,180,90,902.69,1.0,902.69,2.0,1.0,0.22,397.18
2541,30.0,20.0,600.0,180.0,10.0,11.0,1.0,12,180,90,902.69,1.0,902.69,2.0,1.0,0.22,397.18
2542,30.0,20.0,600.0,180.0,10.0,11.0,2.0,12,180,90,902.69,1.0,902.69,2.0,1.0,0.22,397.18
2543,30.0,20.0,600.0,180.0,10.0,11.0,3.0,12,180,90,902.69,1.0,902.69,2.0,1.0,0.22,397.18
2544,30.0,20.0,600.0,180.0,10.0,11.0,4.0,12,180,90,902.69,1.0,902.69,2.0,1.0,0.22,397.18
2545,30.0,20.0,600.0,180.0,10.0,11.0,5.0,12,180,90,902.69,1.0,902.69,2.0,1.0,0.22,397.18
2546,30.0,20.0,600.0,180.0,10.0,11.0,6.0,12,180,90,902.69,1.0,902.69,2.0,1.0,0.22,397.18
2547,30.0,20.0,600.0,180.0,10.0,11.0,7.0,12,180,90,902.69,1.0,902.69,2.0,1.0,0.22,397.18
2548,30.0,20.0,600.0,180.0,10.0,11.0,8.0,12,180,90,902.69,1.0,902.69,2.0,1.0,0.22,397.18
2549,30.0,20.0,600.0,180.0,10.0,11.0,9.0,12,180,90,902.69,1.0,902.69,2.0,1.0,0.22,397.18
2550,30.0,20.0,600.0,180.0,10.0,11.0,10.0,12,180,90,902.69,1.0,902.69,2.0,1.0,0.22,397.18
2551,30.0,20.0,600.0,180.0,10.0,11.0,11.0,12,180,90,902.69,1.0,902.69,2.0,1.0,0.22,397.18
2552,30.0,20.0,600.0,180.0,10.0,11.0,12.0,12,180,90,902.69,1.0,902.69,2.0,1.0,0.22,397.18
2553,30.0,20.0,600.0,180.0,10.0,11.0,13.0,12,180,90,902.69,1.0,902.69,2.0,1.0,0.22,397.18
2554,30.0,20.0,600.0,180.0,10.0,11.0,14.0,12,180,90,902.69,1.0,902.69,2.0,1.0,0.22,397.18
2555,30.0,20.0,600.0,180.0,10.0,11.0,15.0,12,180,90,902.69,1.0,902.69,2.0,1.0,0.22,397.18
2556,30.0,20.0,600.0,180.0,10.0,11.0,16.0,12,180,90,902.69,1.0,902.69,2.0,1.0,0.22,397.18
2557,30.0,20.0,600.0,180.0,10.0,11.0,17.0,12,180,90,902.69,1.0,902.69,2.0,1.0,0.22,397.18
2558,30.0,20.0,600.0,180.0,10.0,11.0,18.0,12,180,90,902.69,1.0,902.69,2.0,1.0,0.22,397.18
2559,30.0,20.0,600.0,180.0,10.0,11.0,19.0,12,180,90,902.69,1.0,902.69,2.0,1.0,0.22,397.18
2560,30.0,20.0,600.0,180.0,10.0,12.0,0.0,12,180,90,902.69,1.0,902.69,2.0,1.0,0.22,397.18
2561,30.0,20.0,600.0,180.0,10.0,12.0,1.0,12,180,90,902.69,1.0,902.69,2.0,1.0,0.22,397.18
2562,30.0,20.0,600.0,180.0,10.0,12.0,2.0,12,180,90,902.69,1.0,902.69,2.0,1.0,0.22,397.18
2563,30.0,20.0,600.0,180.0,10.0,12.0,3.0,12,180,90,902.69,1.0,902.69,2.0,1.0,0.22,397.18
2564,30.0,20.0,600.0,180.0,10.0,12.0,4.0,12,180,90,902.69,1.0,902.69,2.0,1.0,0.22,397.18
2565,30.0,20.0,600.0,180.0,10.0,12.0,5.0,12,180,90,902.69,1.0,902.69,2.0,1.0,0.22,397.18
2566,30.0,20.0,600.0,180.0,10.0,12.0,6.0,12,180,90,902.69,0.522,471.2,2.0,1.0,0.22,207.33
2567,30.0,20.0,600.0,180.0,10.0,12.0,7.0,12,180,90,902.69,1.0,902.69,2.0,1.0,0.22,397.18
2568,30.0,20.0,600.0,180.0,10.0,12.0,8.0,12,180,90,902.69,1.0,902.69,2.0,1.0,0.22,397.18
2569,30.0,20.0,600.0,180.0,10.0,12.0,9.0,12,180,90,902.69,1.0,902.69,2.0,1.0,0.22,397.18
2570,30.0,20.0,600.0,180.0,10.0,12.0,10.0,12,180,90,902.69,1.0,902.69,2.0,1.0,0.22,397.18
2571,30.0,20.0,600.0,180.0,10.0,12.0,11.0,12,180,90,902.69,1.0,902.69,2.0,1.0,0.22,397.18
2572,30.0,20.0,600.0,180.0,10.0,12.0,12.0,12,180,90,902.69,1.0,902.69,2.0,1.0,0.22,397.18
2573,30.0,20.0,600.0,180.0,10.0,12.0,13.0,12,180,90,902.69,1.0,902.69,2.0,1.0,0.22,397.18
2574,30.0,20.0,600.0,180.0,10.0,12.0,14.0,12,180,90,902.69,1.0,902.69,2.0,1.0,0.22,397.18
2575,30.0,20.0,600.0,180.0,10.0,12.0,15.0,12,180,90,902.69,1.0,902.69,2.0,1.0,0.22,397.18
2576,30.0,20.0,600.0,180.0,10.0,12.0,16.0,12,180,90,902.69,1.0,902.69,2.0,1.0,0.22,397.18
2577,30.0,20.0,600.0,180.0,10.0,12.0,17.0,12,180,90,902.69,1.0,902.69,2.0,1.0,0.22,397.18
2578,30.0,20.0,600.0,180.0,10.0,12.0,18.0,12,180,90,902.69,1.0,902.69,2.0,1.0,0.22,397.18
2579,30.0,20.0,600.0,180.0,10.0,12.0,19.0,12,180,90,902.69,0.818,738.4,2.0,1.0,0.22,324.9
2580,30.0,20.0,600.0,180.0,10.0,13.0,0.0,12,180,90,902.69,1.0,902.69,2.0,1.0,0.22,397.18
2581,30.0,20.0,600.0,180.0,10.0,13.0,1.0,12,180,90,902.69,1.0,902.69,2.0,1.0,0.22,397.18
2582,30.0,20.0,600.0,180.0,10.0,13.0,2.0,12,180,90,902.69,1.0,902.69,2.0,1.0,0.22,397.18
2583,30.0,20.0,600.0,180.0,10.0,13.0,3.0,12,180,90,902.69,1.0,902.69,2.0,1.0,0.22,397.18
2584,30.0,20.0,600.0,180.0,10.0,13.0,4.0,12,180,90,902.69,1.0,902.69,2.0,1.0,0.22,397.18
2585,30.0,20.0,600.0,180.0,10.0,13.0,5.0,12,180,90,902.69,1.0,902.69,2.0,1.0,0.22,397.18
2586,30.0,20.0,600.0,180.0,10.0,13.0,6.0,12,180,90,902.69,1.0,902.69,2.0,1.0,0.22,397.18
2587,30.0,20.0,600.0,180.0,10.0,13.0,7.0,12,180,90,902.69,1.0,902.69,2.0,1.0,0.22,397.18
2588,30.0,20.0,600.0,180.0,10.0,13.0,8.0,12,180,90,902.69,1.0,902.69,2.0,1.0,0.22,397.18
2589,30.0,20.0,600.0,180.0,10.0,13.0,9.0,12,180,90,902.69,1.0,902.69,2.0,1.0,0.22,397.18
2590,30.0,20.0,600.0,180.0,10.0,13.0,10.0,12,180,90,902.69,1.0,902.69,2.0,1.0,0.22,397.18
2591,30.0,20.0,600.0,180.0,10.0,13.0,11.0,12,180,90,902.69,1.0,902.69,2.0,1.0,0.22,397.18
2592,30.0,20.0,600.0,180.0,10.0,13.0,12.0,12,180,90,902.69,1.0,902.69,2.0,1.0,0.22,397.18
2593,30.0,20.0,600.0,180.0,10.0,13.0,13.0,12,180,90,902.69,1.0,902.69,2.0,1.0,0.22,397.18
2594,30.0,20.0,600.0,180.0,10.0,13.0,14.0,12,180,90,902.69,1.0,902.69,2.0,1.0,0.22,397.18
2595,30.0,20.0,600.0,180.0,10.0,13.0,15.0,12,180,90,902.69,1.0,902.69,2.0,1.0,0.22,397.18
2596,30.0,20.0,600.0,180.0,10.0,13.0,16.0,12,180,90,902.69,1.0,902.69,2.0,1.0,0.22,397.18
2597,30.0,20.0,600.0,180.0,10.0,13.0,17.0,12,180,90,902.69,1.0,902.69,2.0,1.0,0.22,397.18
2598,30.0,20.0,600.0,180.0,10.0,13.0,18.0,12,180,90,902.69,1.0,902.69,2.0,1.0,0.22,397.18
2599,30.0,20.0,600.0,180.0,10.0,13.0,19.0,12,180,90,902.69,1.0,902.69,2.0,1.0,0.22,397.18
2600,30.0,20.0,600.0,180.0,10.0,14.0,0.0,12,180,90,902.69,1.0,902.69,2.0,1.0,0.22,397.18
2601,30.0,20.0,600.0,180.0,10.0,14.0,1.0,12,180,90,902.69,1.0,902.69,2.0,1.0,0.22,397.18
2602,30.0,20.0,600.0,180.0,10.0,14.0,2.0,12,180,90,902.69,1.0,902.69,2.0,1.0,0.22,397.18
2603,30.0,20.0,600.0,180.0,10.0,14.0,3.0,12,180,90,902.69,1.0,902.69,2.0,1.0,0.22,397.18
2604,30.0,20.0,600.0,180.0,10.0,14.0,4.0,12,180,90,902.69,1.0,902.69,2.0,1.0,0.22,397.18
2605,30.0,20.0,600.0,180.0,10.0,14.0,5.0,12,180,90,902.69,1.0,902.69,2.0,1.0,0.22,397.18
2606,30.0,20.0,600.0,180.0,10.0,14.0,6.0,12,180,90,902.69,1.0,902.69,2.0,1.0,0.22,397.18
2607,30.0,20.0,600.0,180.0,10.0,14.0,7.0,12,180,90,902.69,1.0,902.69,2.0,1.0,0.22,397.18
2608,30.0,20.0,600.0,180.0,10.0,14.0,8.0,12,180,90,902.69,1.0,902.69,2.0,1.0,0.22,397.18
2609,30.0,20.0,600.0,180.0,10.0,14.0,9.0,12,180,90,902.69,1.0,902.69,2.0,1.0,0.22,397.18
2610,30.0,20.0,600.0,180.0,10.0,14.0,10.0,12,180,90,902.69,1.0,902.69,2.0,1.0,0.22,397.18
2611,30.0,20.0,600.0,180.0,10.0,14.0,11.0,12,180,90,902.69,1.0,902.69,2.0,1.0,0.22,397.18
2612,30.0,20.0,600.0,180.0,10.0,14.0,12.0,12,180,90,902.69,1.0,902.69,2.0,1.0,0.22,397.18
2613,30.0,20.0,600.0,180.0,10.0,14.0,13.0,12,180,90,902.69,1.0,902.69,2.0,1.0,0.22,397.18
2614,30.0,20.0,600.0,180.0,10.0,14.0,14.0,12,180,90,902.69,1.0,902.69,2.0,1.0,0.22,397.18
2615,30.0,20.0,600.0,180.0,10.0,14.0,15.0,12,180,90,902.69,1.0,902.69,2.0,1.0,0.22,397.18
2616,30.0,20.0,600.0,180.0,10.0,14.0,16.0,12,180,90,902.69,1.0,902.69,2.0,1.0,0.22,397.18
2617,30.0,20.0,600.0,180.0,10.0,14.0,17.0,12,180,90,902.69,1.0,902.69,2.0,1.0,0.22,397.18
2618,30.0,20.0,600.0,180.0,10.0,14.0,18.0,12,180,90,902.69,1.0,902.69,2.0,1.0,0.22,397.18
2619,30.0,20.0,600.0,180.0,10.0,14.0,19.0,12,180,90,902.69,1.0,902.69,2.0,1.0,0.22,397.18
2620,30.0,20.0,600.0,180.0,10.0,15.0,0.0,12,180,90,902.69,1.0,902.69,2.0,1.0,0.22,397.18
2621,30.0,20.0,600.0,180.0,10.0,15.0,1.0,12,180,90,902.69,1.0,902.69,2.0,1.0,0.22,397.18
2622,30.0,20.0,600.0,180.0,10.0,15.0,2.0,12,180,90,902.69,1.0,902.69,2.0,1.0,0.22,397.18
2623,30.0,20.0,600.0,180.0,10.0,15.0,3.0,12,180,90,902.69,1.0,902.69,2.0,1.0,0.22,397.18
2624,30.0,20.0,600.0,180.0,10.0,15.0,4.0,12,180,90,902.69,1.0,902.69,2.0,1.0,0.22,397.18
2625,30.0,20.0,600.0,180.0,10.0,15.0,5.0,12,180,90,902.69,1.0,902.69,2.0,1.0,0.22,397.18
2626,30.0,20.0,600.0,180.0,10.0,15.0,6.0,12,180,90,902.69,1.0,902.69,2.0,1.0,0.22,397.18
2627,30.0,20.0,600.0,180.0,10.0,15.0,7.0,12,180,90,902.69,1.0,902.69,2.0,1.0,0.22,397.18
2628,30.0,20.0,600.0,180.0,10.0,15.0,8.0,12,180,90,902.69,1.0,902.69,2.0,1.0,0.22,397.18
2629,30.0,20.0,600.0,180.0,10.0,15.0,9.0,12,180,90,902.69,1.0,902.69,2.0,1.0,0.22,397.18
2630,30.0,20.0,600.0,180.0,10.0,15.0,10.0,12,180,90,902.69,1.0,902.69,2.0,1.0,0.22,397.18
2631,30.0,20.0,600.0,180.0,10.0,15.0,11.0,12,180,90,902.69,1.0,902.69,2.0,1.0,0.22,397.18
2632,30.0,20.0,600.0,180.0,10.0,15.0,12.0,12,180,90,902.69,1.0,902.69,2.0,1.0,0.22,397.18
2633,30.0,20.0,600.0,180.0,10.0,15.0,13.0,12,180,90,902.69,1.0,902.69,2.0,1.0,0.22,397.18
2634,30.0,20.0,600.0,180.0,10.0,15.0,14.0,12,180,90,902.69,1.0,902.69,2.0,1.0,0.22,397.18
2635,30.0,20.0,600.0,180.0,10.0,15.0,15.0,12,180,90,902.69,0.806,727.57,2.0,1.0,0.22,320.13
2636,30.0,20.0,600.0,180.0,10.0,15.0,16.0,12,180,90,902.69,1.0,902.69,2.0,1.0,0.22,397.18
2637,30.0,20.0,600.0,180.0,10.0,15.0,17.0,12,180,90,902.69,1.0,902.69,2.0,1.0,0.22,397.18
2638,30.0,20.0,600.0,180.0,10.0,15.0,18.0,12,180,90,902.69,0.805,726.67,2.0,1.0,0.22,319.73
2639,30.0,20.0,600.0,180.0,10.0,15.0,19.0,12,180,90,902.69,1.0,902.69,2.0,1.0,0.22,397.18
2640,30.0,20.0,600.0,180.0,10.0,16.0,0.0,12,180,90,902.69,1.0,902.69,2.0,1.0,0.22,397.18
2641,30.0,20.0,600.0,180.0,10.0,16.0,1.0,12,180,90,902.69,1.0,902.69,2.0,1.0,0.22,397.18
2642,30.0,20.0,600.0,180.0,10.0,16.0,2.0,12,180,90,902.69,1.0,902.69,2.0,1.0,0.22,397.18
2643,30.0,20.0,600.0,180.0,10.0,16.0,3.0,12,180,90,902.69,1.0,902.69,2.0,1.0,0.22,397.18
2644,30.0,20.0,600.0,180.0,10.0,16.0,4.0,12,180,90,902.69,1.0,902.69,2.0,1.0,0.22,397.18
2645,30.0,20.0,600.0,180.0,10.0,16.0,5.0,12,180,90,902.69,1.0,902.69,2.0,1.0,0.22,397.18
2646,30.0,20.0,600.0,180.0,10.0,16.0,6.0,12,180,90,902.69,1.0,902.69,2.0,1.0,0.22,397.18
2647,30.0,20.0,600.0,180.0,10.0,16.0,7.0,12,180,90,902.69,1.0,902.69,2.0,1.0,0.22,397.18
2648,30.0,20.0,600.0,180.0,10.0,16.0,8.0,12,180,90,902.69,1.0,902.69,2.0,1.0,0.22,397.18
2649,30.0,20.0,600.0,180.0,10.0,16.0,9.0,12,180,90,902.69,1.0,902.69,2.0,1.0,0.22,397.18
2650,30.0,20.0,600.0,180.0,10.0,16.0,10.0,12,180,90,902.69,0.675,609.32,2.0,1.0,0.22,268.1
2651,30.0,20.0,600.0,180.0,10.0,16.0,11.0,12,180,90,902.69,1.0,902.69,2.0,1.0,0.22,397.18
2652,30.0,20.0,600.0,180.0,10.0,16.0,12.0,12,180,90,902.69,1.0,902.69,2.0,1.0,0.22,397.18
2653,30.0,20.0,600.0,180.0,10.0,16.0,13.0,12,180,90,902.69,1.0,902.69,2.0,1.0,0.22,397.18
2654,30.0,20.0,600.0,180.0,10.0,16.0,14.0,12,180,90,902.69,1.0,902.69,2.0,1.0,0.22,397.18
2655,30.0,20.0,600.0,180.0,10.0,16.0,15.0,12,180,90,902.69,1.0,902.69,2.0,1.0,0.22,397.18
2656,30.0,20.0,600.0,180.0,10.0,16.0,16.0,12,180,90,902.69,1.0,902.69,2.0,1.0,0.22,397.18
2657,30.0,20.0,600.0,180.0,10.0,16.0,17.0,12,180,90,902.69,1.0,902.69,2.0,1.0,0.22,397.18
2658,30.0,20.0,600.0,180.0,10.0,16.0,18.0,12,180,90,902.69,1.0,902.69,2.0,1.0,0.22,397.18
2659,30.0,20.0,600.0,180.0,10.0,16.0,19.0,12,180,90,902.69,1.0,902.69,2.0,1.0,0.22,397.18
2660,30.0,20.0,600.0,180.0,10.0,17.0,0.0,12,180,90,902.69,1.0,902.69,2.0,1.0,0.22,397.18
2661,30.0,20.0,600.0,180.0,10.0,17.0,1.0,12,180,90,902.69,1.0,902.69,2.0,1.0,0.22,397.18
2662,30.0,20.0,600.0,180.0,10.0,17.0,2.0,12,180,90,902.69,1.0,902.69,2.0,1.0,0.22,397.18
2663,30.0,20.0,600.0,180.0,10.0,17.0,3.0,12,180,90,902.69,1.0,902.69,2.0,1.0,0.22,397.18
2664,30.0,20.0,600.0,180.0,10.0,17.0,4.0,12,180,90,902.69,1.0,902.69,2.0,1.0,0.22,397.18
2665,30.0,20.0,600.0,180.0,10.0,17.0,5.0,12,180,90,902.69,1.0,902.69,2.0,1.0,0.22,397.18
2666,30.0,20.0,600.0,180.0,10.0,17.0,6.0,12,180,90,902.69,1.0,902.69,2.0,1.0,0.22,397.18
2667,30.0,20.0,600.0,180.0,10.0,17.0,7.0,12,180,90,902.69,1.0,902.69,2.0,1.0,0.22,397.18
2668,30.0,20.0,600.0,180.0,10.0,17.0,8.0,12,180,90,902.69,1.0,902.69,2.0,1.0,0.22,397.18
2669,30.0,20.0,600.0,180.0,10.0,17.0,9.0,12,180,90,902.69,1.0,902.69,2.0,1.0,0.22,397.18
2670,30.0,20.0,600.0,180.0,10.0,17.0,10.0,12,180,90,902.69,1.0,902.69,2.0,1.0,0.22,397.18
2671,30.0,20.0,600.0,180.0,10.0,17.0,11.0,12,180,90,902.69,1.0,902.69,2.0,1.0,0.22,397.18
2672,30.0,20.0,600.0,180.0,10.0,17.0,12.0,12,180,90,902.69,1.0,902.69,2.0,1.0,0.22,397.18
2673,30.0,20.0,600.0,180.0,10.0,17.0,13.0,12,180,90,902.69,1.0,902.69,2.0,1.0,0.22,397.18
2674,30.0,20.0,600.0,180.0,10.0,17.0,14.0,12,180,90,902.69,1.0,902.69,2.0,1.0,0.22,397.18
2675,30.0,20.0,600.0,180.0,10.0,17.0,15.0,12,180,90,902.69,1.0,902.69,2.0,1.0,0.22,397.18
2676,30.0,20.0,600.0,180.0,10.0,17.0,16.0,12,180,90,902.69,1.0,902.69,2.0,1.0,0.22,397.18
2677,30.0,20.0,600.0,180.0,10.0,17.0,17.0,12,180,90,902.69,1.0,902.69,2.0,1.0,0.22,397.18
2678,30.0,20.0,600.0,180.0,10.0,17.0,18.0,12,180,90,902.69,1.0,902.69,2.0,1.0,0.22,397.18
2679,30.0,20.0,600.0,180.0,10.0,17.0,19.0,12,180,90,902.69,1.0,902.69,2.0,1.0,0.22,397.18
2680,30.0,20.0,600.0,180.0,10.0,18.0,0.0,12,180,90,902.69,1.0,902.69,2.0,1.0,0.22,397.18
2681,30.0,20.0,600.0,180.0,10.0,18.0,1.0,12,180,90,902.69,1.0,902.69,2.0,1.0,0.22,397.18
2682,30.0,20.0,600.0,180.0,10.0,18.0,2.0,12,180,90,902.69,1.0,902.69,2.0,1.0,0.22,397.18
2683,30.0,20.0,600.0,180.0,10.0,18.0,3.0,12,180,90,902.69,1.0,902.69,2.0,1.0,0.22,397.18
2684,30.0,20.0,600.0,180.0,10.0,18.0,4.0,12,180,90,902.69,1.0,902.69,2.0,1.0,0.22,397.18
2685,30.0,20.0,600.0,180.0,10.0,18.0,5.0,12,180,90,902.69,1.0,902.69,2.0,1.0,0.22,397.18
2686,30.0,20.0,600.0,180.0,10.0,18.0,6.0,12,180,90,902.69,1.0,902.69,2.0,1.0,0.22,397.18
2687,30.0,20.0,600.0,180.0,10.0,18.0,7.0,12,180,90,902.69,1.0,902.69,2.0,1.0,0.22,397.18
2688,30.0,20.0,600.0,180.0,10.0,18.0,8.0,12,180,90,902.69,1.0,902.69,2.0,1.0,0.22,397.18
2689,30.0,20.0,600.0,180.0,10.0,18.0,9.0,12,180,90,902.69,1.0,902.69,2.0,1.0,0.22,397.18
2690,30.0,20.0,600.0,180.0,10.0,18.0,10.0,12,180,90,902.69,1.0,902.69,2.0,1.0,0.22,397.18
2691,30.0,20.0,600.0,180.0,10.0,18.0,11.0,12,180,90,902.69,1.0,902.69,2.0,1.0,0.22,397.18
2692,30.0,20.0,600.0,180.0,10.0,18.0,12.0,12,180,90,902.69,1.0,902.69,2.0,1.0,0.22,397.18
2693,30.0,20.0,600.0,180.0,10.0,18.0,13.0,12,180,90,902.69,1.0,902.69,2.0,1.0,0.22,397.18
2694,30.0,20.0,600.0,180.0,10.0,18.0,14.0,12,180,90,902.69,1.0,902.69,2.0,1.0,0.22,397.18
2695,30.0,20.0,600.0,180.0,10.0,18.0,15.0,12,180,90,902.69,1.0,902.69,2.0,1.0,0.22,397.18
2696,30.0,20.0,600.0,180.0,10.0,18.0,16.0,12,180,90,902.69,1.0,902.69,2.0,1.0,0.22,397.18
2697,30.0,20.0,600.0,180.0,10.0,18.0,17.0,12,180,90,902.69,1.0,902.69,2.0,1.0,0.22,397.18
2698,30.0,20.0,600.0,180.0,10.0,18.0,18.0,12,180,90,902.69,1.0,902.69,2.0,1.0,0.22,397.18
2699,30.0,20.0,600.0,180.0,10.0,18.0,19.0,12,180,90,902.69,1.0,902.69,2.0,1.0,0.22,397.18
2700,30.0,20.0,600.0,180.0,10.0,19.0,0.0,12,180,90,902.69,1.0,902.69,2.0,1.0,0.22,397.18
2701,30.0,20.0,600.0,180.0,10.0,19.0,1.0,12,180,90,902.69,1.0,902.69,2.0,1.0,0.22,397.18
2702,30.0,20.0,600.0,180.0,10.0,19.0,2.0,12,180,90,902.69,1.0,902.69,2.0,1.0,0.22,397.18
2703,30.0,20.0,600.0,180.0,10.0,19.0,3.0,12,180,90,902.69,1.0,902.69,2.0,1.0,0.22,397.18
2704,30.0,20.0,600.0,180.0,10.0,19.0,4.0,12,180,90,902.69,1.0,902.69,2.0,1.0,0.22,397.18
2705,30.0,20.0,600.0,180.0,10.0,19.0,5.0,12,180,90,902.69,1.0,902.69,2.0,1.0,0.22,397.18
2706,30.0,20.0,600.0,180.0,10.0,19.0,6.0,12,180,90,902.69,1.0,902.69,2.0,1.0,0.22,397.18
2707,30.0,20.0,600.0,180.0,10.0,19.0,7.0,12,180,90,902.69,1.0,902.69,2.0,1.0,0.22,397.18
2708,30.0,20.0,600.0,180.0,10.0,19.0,8.0,12,180,90,902.69,1.0,902.69,2.0,1.0,0.22,397.18
2709,30.0,20.0,600.0,180.0,10.0,19.0,9.0,12,180,90,902.69,1.0,902.69,2.0,1.0,0.22,397.18
2710,30.0,20.0,600.0,180.0,10.0,19.0,10.0,12,180,90,902.69,1.0,902.69,2.0,1.0,0.22,397.18
2711,30.0,20.0,600.0,180.0,10.0,19.0,11.0,12,180,90,902.69,1.0,902.69,2.0,1.0,0.22,397.18
2712,30.0,20.0,600.0,180.0,10.0,19.0,12.0,12,180,90,902.69,1.0,902.69,2.0,1.0,0.22,397.18
2713,30.0,20.0,600.0,180.0,10.0,19.0,13.0,12,180,90,902.69,1.0,902.69,2.0,1.0,0.22,397.18
2714,30.0,20.0,600.0,180.0,10.0,19.0,14.0,12,180,90,902.69,1.0,902.69,2.0,1.0,0.22,397.18
2715,30.0,20.0,600.0,180.0,10.0,19.0,15.0,12,180,90,902.69,1.0,902.69,2.0,1.0,0.22,397.18
2716,30.0,20.0,600.0,180.0,10.0,19.0,16.0,12,180,90,902.69,1.0,902.69,2.0,1.0,0.22,397.18
2717,30.0,20.0,600.0,180.0,10.0,19.0,17.0,12,180,90,902.69,1.0,902.69,2.0,1.0,0.22,397.18
2718,30.0,20.0,600.0,180.0,10.0,19.0,18.0,12,180,90,902.69,1.0,902.69,2.0,1.0,0.22,397.18
2719,30.0,20.0,600.0,180.0,10.0,19.0,19.0,12,180,90,902.69,1.0,902.69,2.0,1.0,0.22,397.18
2720,30.0,20.0,600.0,180.0,10.0,20.0,0.0,12,180,90,902.69,1.0,902.69,2.0,1.0,0.22,397.18
2721,30.0,20.0,600.0,180.0,10.0,20.0,1.0,12,180,90,902.69,1.0,902.69,2.0,1.0,0.22,397.18
2722,30.0,20.0,600.0,180.0,10.0,20.0,2.0,12,180,90,902.69,1.0,902.69,2.0,1.0,0.22,397.18
2723,30.0,20.0,600.0,180.0,10.0,20.0,3.0,12,180,90,902.69,1.0,902.69,2.0,1.0,0.22,397.18
2724,30.0,20.0,600.0,180.0,10.0,20.0,4.0,12,180,90,902.69,1.0,902.69,2.0,1.0,0.22,397.18
2725,30.0,20.0,600.0,180.0,10.0,20.0,5.0,12,180,90,902.69,1.0,902.69,2.0,1.0,0.22,397.18
2726,30.0,20.0,600.0,180.0,10.0,20.0,6.0,12,180,90,902.69,1.0,902.69,2.0,1.0,0.22,397.18
2727,30.0,20.0,600.0,180.0,10.0,20.0,7.0,12,180,90,902.69,1.0,902.69,2.0,1.0,0.22,397.18
2728,30.0,20.0,600.0,180.0,10.0,20.0,8.0,12,180,90,902.69,1.0,902.69,2.0,1.0,0.22,397.18
2729,30.0,20.0,600.0,180.0,10.0,20.0,9.0,12,180,90,902.69,1.0,902.69,2.0,1.0,0.22,397.18
2730,30.0,20.0,600.0,180.0,10.0,20.0,10.0,12,180,90,902.69,1.0,902.69,2.0,1.0,0.22,397.18
2731,30.0,20.0,600.0,180.0,10.0,20.0,11.0,12,180,90,902.69,1.0,902.69,2.0,1.0,0.22,397.18
2732,30.0,20.0,600.0,180.0,10.0,20.0,12.0,12,180,90,902.69,1.0,902.69,2.0,1.0,0.22,397.18
2733,30.0,20.0,600.0,180.0,10.0,20.0,13.0,12,180,90,902.69,1.0,902.69,2.0,1.0,0.22,397.18
2734,30.0,20.0,600.0,180.0,10.0,20.0,14.0,12,180,90,902.69,1.0,902.69,2.0,1.0,0.22,397.18
2735,30.0,20.0,600.0,180.0,10.0,20.0,15.0,12,180,90,902.69,1.0,902.69,2.0,1.0,0.22,397.18
2736,30.0,20.0,600.0,180.0,10.0,20.0,16.0,12,180,90,902.69,1.0,902.69,2.0,1.0,0.22,397.18
2737,30.0,20.0,600.0,180.0,10.0,20.0,17.0,12,180,90,902.69,1.0,902.69,2.0,1.0,0.22,397.18
2738,30.0,20.0,600.0,180.0,10.0,20.0,18.0,12,180,90,902.69,1.0,902.69,2.0,1.0,0.22,397.18
2739,30.0,20.0,600.0,180.0,10.0,20.0,19.0,12,180,90,902.69,1.0,902.69,2.0,1.0,0.22,397.18
2740,30.0,20.0,600.0,180.0,10.0,21.0,0.0,12,180,90,902.69,1.0,902.69,2.0,1.0,0.22,397.18
2741,30.0,20.0,600.0,180.0,10.0,21.0,1.0,12,180,90,902.69,1.0,902.69,2.0,1.0,0.22,397.18
2742,30.0,20.0,600.0,180.0,10.0,21.0,2.0,12,180,90,902.69,1.0,902.69,2.0,1.0,0.22,397.18
2743,30.0,20.0,600.0,180.0,10.0,21.0,3.0,12,180,90,902.69,1.0,902.69,2.0,1.0,0.22,397.18
2744,30.0,20.0,600.0,180.0,10.0,21.0,4.0,12,180,90,902.69,1.0,902.69,2.0,1.0,0.22,397.18
2745,30.0,20.0,600.0,180.0,10.0,21.0,5.0,12,180,90,902.69,1.0,902.69,2.0,1.0,0.22,397.18
2746,30.0,20.0,600.0,180.0,10.0,21.0,6.0,12,180,90,902.69,0.764,689.66,2.0,1.0,0.22,303.45
2747,30.0,20.0,600.0,180.0,10.0,21.0,7.0,12,180,90,902.69,1.0,902.69,2.0,1.0,0.22,397.18
2748,30.0,20.0,600.0,180.0,10.0,21.0,8.0,12,180,90,902.69,1.0,902.69,2.0,1.0,0.22,397.18
2749,30.0,20.0,600.0,180.0,10.0,21.0,9.0,12,180,90,902.69,1.0,902.69,2.0,1.0,0.22,397.18
2750,30.0,20.0,600.0,180.0,10.0,21.0,10.0,12,180,90,902.69,1.0,902.69,2.0,1.0,0.22,397.18
2751,30.0,20.0,600.0,180.0,10.0,21.0,11.0,12,180,90,902.69,1.0,902.69,2.0,1.0,0.22,397.18
2752,30.0,20.0,600.0,180.0,10.0,21.0,12.0,12,180,90,902.69,1.0,902.69,2.0,1.0,0.22,397.18
2753,30.0,20.0,600.0,180.0,10.0,21.0,13.0,12,180,90,902.69,1.0,902.69,2.0,1.0,0.22,397.18
2754,30.0,20.0,600.0,180.0,10.0,21.0,14.0,12,180,90,902.69,1.0,902.69,2.0,1.0,0.22,397.18
2755,30.0,20.0,600.0,180.0,10.0,21.0,15.0,12,180,90,902.69,1.0,902.69,2.0,1.0,0.22,397.18
2756,30.0,20.0,600.0,180.0,10.0,21.0,16.0,12,180,90,902.69,1.0,902.69,2.0,1.0,0.22,397.18
2757,30.0,20.0,600.0,180.0,10.0,21.0,17.0,12,180,90,902.69,1.0,902.69,2.0,1.0,0.22,397.18
2758,30.0,20.0,600.0,180.0,10.0,21.0,18.0,12,180,90,902.69,1.0,902.69,2.0,1.0,0.22,397.18
2759,30.0,20.0,600.0,180.0,10.0,21.0,19.0,12,180,90,902.69,1.0,902.69,2.0,1.0,0.22,397.18
2760,30.0,20.0,600.0,180.0,10.0,22.0,0.0,12,180,90,902.69,1.0,902.69,2.0,1.0,0.22,397.18
2761,30.0,20.0,600.0,180.0,10.0,22.0,1.0,12,180,90,902.69,1.0,902.69,2.0,1.0,0.22,397.18
2762,30.0,20.0,600.0,180.0,10.0,22.0,2.0,12,180,90,902.69,1.0,902.69,2.0,1.0,0.22,397.18
2763,30.0,20.0,600.0,180.0,10.0,22.0,3.0,12,180,90,902.69,1.0,902.69,2.0,1.0,0.22,397.18
2764,30.0,20.0,600.0,180.0,10.0,22.0,4.0,12,180,90,902.69,1.0,902.69,2.0,1.0,0.22,397.18
2765,30.0,20.0,600.0,180.0,10.0,22.0,5.0,12,180,90,902.69,1.0,902.69,2.0,1.0,0.22,397.18
2766,30.0,20.0,600.0,180.0,10.0,22.0,6.0,12,180,90,902.69,1.0,902.69,2.0,1.0,0.22,397.18
2767,30.0,20.0,600.0,180.0,10.0,22.0,7.0,12,180,90,902.69,1.0,902.69,2.0,1.0,0.22,397.18
2768,30.0,20.0,600.0,180.0,10.0,22.0,8.0,12,180,90,902.69,1.0,902.69,2.0,1.0,0.22,397.18
2769,30.0,20.0,600.0,180.0,10.0,22.0,9.0,12,180,90,902.69,1.0,902.69,2.0,1.0,0.22,397.18
2770,30.0,20.0,600.0,180.0,10.0,22.0,10.0,12,180,90,902.69,1.0,902.69,2.0,1.0,0.22,397.18
2771,30.0,20.0,600.0,180.0,10.0,22.0,11.0,12,180,90,902.69,1.0,902.69,2.0,1.0,0.22,397.18
2772,30.0,20.0,600.0,180.0,10.0,22.0,12.0,12,180,90,902.69,1.0,902.69,2.0,1.0,0.22,397.18
2773,30.0,20.0,600.0,180.0,10.0,22.0,13.0,12,180,90,902.69,1.0,902.69,2.0,1.0,0.22,397.18
2774,30.0,20.0,600.0,180.0,10.0,22.0,14.0,12,180,90,902.69,1.0,902.69,2.0,1.0,0.22,397.18
2775,30.0,20.0,600.0,180.0,10.0,22.0,15.0,12,180,90,902.69,1.0,902.69,2.0,1.0,0.22,397.18
2776,30.0,20.0,600.0,180.0,10.0,22.0,16.0,12,180,90,902.69,1.0,902.69,2.0,1.0,0.22,397.18
2777,30.0,20.0,600.0,180.0,10.0,22.0,17.0,12,180,90,902.69,1.0,902.69,2.0,1.0,0.22,397.18
2778,30.0,20.0,600.0,180.0,10.0,22.0,18.0,12,180,90,902.69,1.0,902.69,2.0,1.0,0.22,397.18
2779,30.0,20.0,600.0,180.0,10.0,22.0,19.0,12,180,90,902.69,1.0,902.69,2.0,1.0,0.22,397.18
2780,30.0,20.0,600.0,180.0,10.0,23.0,0.0,12,180,90,902.69,1.0,902.69,2.0,1.0,0.22,397.18
2781,30.0,20.0,600.0,180.0,10.0,23.0,1.0,12,180,90,902.69,1.0,902.69,2.0,1.0,0.22,397.18
2782,30.0,20.0,600.0,180.0,10.0,23.0,2.0,12,180,90,902.69,1.0,902.69,2.0,1.0,0.22,397.18
2783,30.0,20.0,600.0,180.0,10.0,23.0,3.0,12,180,90,902.69,1.0,902.69,2.0,1.0,0.22,397.18
2784,30.0,20.0,600.0,180.0,10.0,23.0,4.0,12,180,90,902.69,0.598,539.81,2.0,1.0,0.22,237.52
2785,30.0,20.0,600.0,180.0,10.0,23.0,5.0,12,180,90,902.69,0.626,565.08,2.0,1.0,0.22,248.64
2786,30.0,20.0,600.0,180.0,10.0,23.0,6.0,12,180,90,902.69,0.534,482.04,2.0,1.0,0.22,212.1
2787,30.0,20.0,600.0,180.0,10.0,23.0,7.0,12,180,90,902.69,1.0,902.69,2.0,1.0,0.22,397.18
2788,30.0,20.0,600.0,180.0,10.0,23.0,8.0,12,180,90,902.69,1.0,902.69,2.0,1.0,0.22,397.18
2789,30.0,20.0,600.0,180.0,10.0,23.0,9.0,12,180,90,902.69,1.0,902.69,2.0,1.0,0.22,397.18
2790,30.0,20.0,600.0,180.0,10.0,23.0,10.0,12,180,90,902.69,1.0,902.69,2.0,1.0,0.22,397.18
2791,30.0,20.0,600.0,180.0,10.0,23.0,11.0,12,180,90,902.69,1.0,902.69,2.0,1.0,0.22,397.18
2792,30.0,20.0,600.0,180.0,10.0,23.0,12.0,12,180,90,902.69,1.0,902.69,2.0,1.0,0.22,397.18
2793,30.0,20.0,600.0,180.0,10.0,23.0,13.0,12,180,90,902.69,1.0,902.69,2.0,1.0,0.22,397.18
2794,30.0,20.0,600.0,180.0,10.0,23.0,14.0,12,180,90,902.69,1.0,902.69,2.0,1.0,0.22,397.18
2795,30.0,20.0,600.0,180.0,10.0,23.0,15.0,12,180,90,902.69,1.0,902.69,2.0,1.0,0.22,397.18
2796,30.0,20.0,600.0,180.0,10.0,23.0,16.0,12,180,90,902.69,1.0,902.69,2.0,1.0,0.22,397.18
2797,30.0,20.0,600.0,180.0,10.0,23.0,17.0,12,180,90,902.69,1.0,902.69,2.0,1.0,0.22,397.18
2798,30.0,20.0,600.0,180.0,10.0,23.0,18.0,12,180,90,902.69,1.0,902.69,2.0,1.0,0.22,397.18
2799,30.0,20.0,600.0,180.0,10.0,23.0,19.0,12,180,90,902.69,1.0,902.69,2.0,1.0,0.22,397.18
2800,30.0,20.0,600.0,180.0,10.0,24.0,0.0,12,180,90,902.69,1.0,902.69,2.0,1.0,0.22,397.18
2801,30.0,20.0,600.0,180.0,10.0,24.0,1.0,12,180,90,902.69,1.0,902.69,2.0,1.0,0.22,397.18
2802,30.0,20.0,600.0,180.0,10.0,24.0,2.0,12,180,90,902.69,1.0,902.69,2.0,1.0,0.22,397.18
2803,30.0,20.0,600.0,180.0,10.0,24.0,3.0,12,180,90,902.69,1.0,902.69,2.0,1.0,0.22,397.18
2804,30.0,20.0,600.0,180.0,10.0,24.0,4.0,12,180,90,902.69,1.0,902.69,2.0,1.0,0.22,397.18
2805,30.0,20.0,600.0,180.0,10.0,24.0,5.0,12,180,90,902.69,1.0,902.69,2.0,1.0,0.22,397.18
2806,30.0,20.0,600.0,180.0,10.0,24.0,6.0,12,180,90,902.69,1.0,902.69,2.0,1.0,0.22,397.18
2807,30.0,20.0,600.0,180.0,10.0,24.0,7.0,12,180,90,902.69,1.0,902.69,2.0,1.0,0.22,397.18
2808,30.0,20.0,600.0,180.0,10.0,24.0,8.0,12,180,90,902.69,0.702,633.69,2.0,1.0,0.22,278.82
2809,30.0,20.0,600.0,180.0,10.0,24.0,9.0,12,180,90,902.69,1.0,902.69,2.0,1.0,0.22,397.18
2810,30.0,20.0,600.0,180.0,10.0,24.0,10.0,12,180,90,902.69,1.0,902.69,2.0,1.0,0.22,397.18
2811,30.0,20.0,600.0,180.0,10.0,24.0,11.0,12,180,90,902.69,1.0,902.69,2.0,1.0,0.22,397.18
2812,30.0,20.0,600.0,180.0,10.0,24.0,12.0,12,180,90,902.69,1.0,902.69,2.0,1.0,0.22,397.18
2813,30.0,20.0,600.0,180.0,10.0,24.0,13.0,12,180,90,902.69,1.0,902.69,2.0,1.0,0.22,397.18
2814,30.0,20.0,600.0,180.0,10.0,24.0,14.0,12,180,90,902.69,1.0,902.69,2.0,1.0,0.22,397.18
2815,30.0,20.0,600.0,180.0,10.0,24.0,15.0,12,180,90,902.69,0.526,474.81,2.0,1.0,0.22,208.92
2816,30.0,20.0,600.0,180.0,10.0,24.0,16.0,12,180,90,902.69,1.0,902.69,2.0,1.0,0.22,397.18
2817,30.0,20.0,600.0,180.0,10.0,24.0,17.0,12,180,90,902.69,1.0,902.69,2.0,1.0,0.22,397.18
2818,30.0,20.0,600.0,180.0,10.0,24.0,18.0,12,180,90,902.69,1.0,902.69,2.0,1.0,0.22,397.18
2819,30.0,20.0,600.0,180.0,10.0,24.0,19.0,12,180,90,902.69,1.0,902.69,2.0,1.0,0.22,397.18
2820,30.0,20.0,600.0,180.0,10.0,25.0,0.0,12,180,90,902.69,1.0,902.69,2.0,1.0,0.22,397.18
2821,30.0,20.0,600.0,180.0,10.0,25.0,1.0,12,180,90,902.69,1.0,902.69,2.0,1.0,0.22,397.18
2822,30.0,20.0,600.0,180.0,10.0,25.0,2.0,12,180,90,902.69,1.0,902.69,2.0,1.0,0.22,397.18
2823,30.0,20.0,600.0,180.0,10.0,25.0,3.0,12,180,90,902.69,1.0,902.69,2.0,1.0,0.22,397.18
2824,30.0,20.0,600.0,180.0,10.0,25.0,4.0,12,180,90,902.69,1.0,902.69,2.0,1.0,0.22,397.18
2825,30.0,20.0,600.0,180.0,10.0,25.0,5.0,12,180,90,902.69,1.0,902.69,2.0,1.0,0.22,397.18
2826,30.0,20.0,600.0,180.0,10.0,25.0,6.0,12,180,90,902.69,1.0,902.69,2.0,1.0,0.22,397.18
2827,30.0,20.0,600.0,180.0,10.0,25.0,7.0,12,180,90,902.69,1.0,902.69,2.0,1.0,0.22,397.18
2828,30.0,20.0,600.0,180.0,10.0,25.0,8.0,12,180,90,902.69,1.0,902.69,2.0,1.0,0.22,397.18
2829,30.0,20.0,600.0,180.0,10.0,25.0,9.0,12,180,90,902.69,1.0,902.69,2.0,1.0,0.22,397.18
2830,30.0,20.0,600.0,180.0,10.0,25.0,10.0,12,180,90,902.69,1.0,902.69,2.0,1.0,0.22,397.18
2831,30.0,20.0,600.0,180.0,10.0,25.0,11.0,12,180,90,902.69,1.0,902.69,2.0,1.0,0.22,397.18
2832,30.0,20.0,600.0,180.0,10.0,25.0,12.0,12,180,90,902.69,1.0,902.69,2.0,1.0,0.22,397.18
2833,30.0,20.0,600.0,180.0,10.0,25.0,13.0,12,180,90,902.69,1.0,902.69,2.0,1.0,0.22,397.18
2834,30.0,20.0,600.0,180.0,10.0,25.0,14.0,12,180,90,902.69,1.0,902.69,2.0,1.0,0.22,397.18
2835,30.0,20.0,600.0,180.0,10.0,25.0,15.0,12,180,90,902.69,1.0,902.69,2.0,1.0,0.22,397.18
2836,30.0,20.0,600.0,180.0,10.0,25.0,16.0,12,180,90,902.69,0.568,512.73,2.0,1.0,0.22,225.6
2837,30.0,20.0,600.0,180.0,10.0,25.0,17.0,12,180,90,902.69,1.0,902.69,2.0,1.0,0.22,397.18
2838,30.0,20.0,600.0,180.0,10.0,25.0,18.0,12,180,90,902.69,1.0,902.69,2.0,1.0,0.22,397.18
2839,30.0,20.0,600.0,180.0,10.0,25.0,19.0,12,180,90,902.69,1.0,902.69,2.0,1.0,0.22,397.18
2840,30.0,20.0,600.0,180.0,10.0,26.0,0.0,12,180,90,902.69,1.0,902.69,2.0,1.0,0.22,397.18
2841,30.0,20.0,600.0,180.0,10.0,26.0,1.0,12,180,90,902.69,0.609,549.74,2.0,1.0,0.22,241.89
2842,30.0,20.0,600.0,180.0,10.0,26.0,2.0,12,180,90,902.69,1.0,902.69,2.0,1.0,0.22,397.18
2843,30.0,20.0,600.0,180.0,10.0,26.0,3.0,12,180,90,902.69,1.0,902.69,2.0,1.0,0.22,397.18
2844,30.0,20.0,600.0,180.0,10.0,26.0,4.0,12,180,90,902.69,1.0,902.69,2.0,1.0,0.22,397.18
2845,30.0,20.0,600.0,180.0,10.0,26.0,5.0,12,180,90,902.69,1.0,902.69,2.0,1.0,0.22,397.18
2846,30.0,20.0,600.0,180.0,10.0,26.0,6.0,12,180,90,902.69,1.0,902.69,2.0,1.0,0.22,397.18
2847,30.0,20.0,600.0,180.0,10.0,26.0,7.0,12,180,90,902.69,1.0,902.69,2.0,1.0,0.22,397.18
2848,30.0,20.0,600.0,180.0,10.0,26.0,8.0,12,180,90,902.69,1.0,902.69,2.0,1.0,0.22,397.18
2849,30.0,20.0,600.0,180.0,10.0,26.0,9.0,12,180,90,902.69,1.0,902.69,2.0,1.0,0.22,397.18
2850,30.0,20.0,600.0,180.0,10.0,26.0,10.0,12,180,90,902.69,1.0,902.69,2.0,1.0,0.22,397.18
2851,30.0,20.0,600.0,180.0,10.0,26.0,11.0,12,180,90,902.69,1.0,902.69,2.0,1.0,0.22,397.18
2852,30.0,20.0,600.0,180.0,10.0,26.0,12.0,12,180,90,902.69,1.0,902.69,2.0,1.0,0.22,397.18
2853,30.0,20.0,600.0,180.0,10.0,26.0,13.0,12,180,90,902.69,1.0,902.69,2.0,1.0,0.22,397.18
2854,30.0,20.0,600.0,180.0,10.0,26.0,14.0,12,180,90,902.69,1.0,902.69,2.0,1.0,0.22,397.18
2855,30.0,20.0,600.0,180.0,10.0,26.0,15.0,12,180,90,902.69,1.0,902.69,2.0,1.0,0.22,397.18
2856,30.0,20.0,600.0,180.0,10.0,26.0,16.0,12,180,90,902.69,1.0,902.69,2.0,1.0,0.22,397.18
2857,30.0,20.0,600.0,180.0,10.0,26.0,17.0,12,180,90,902.69,1.0,902.69,2.0,1.0,0.22,397.18
2858,30.0,20.0,600.0,180.0,10.0,26.0,18.0,12,180,90,902.69,1.0,902.69,2.0,1.0,0.22,397.18
2859,30.0,20.0,600.0,180.0,10.0,26.0,19.0,12,180,90,902.69,1.0,902.69,2.0,1.0,0.22,397.18
2860,30.0,20.0,600.0,180.0,10.0,27.0,0.0,12,180,90,902.69,1.0,902.69,2.0,1.0,0.22,397.18
2861,30.0,20.0,600.0,180.0,10.0,27.0,1.0,12,180,90,902.69,1.0,902.69,2.0,1.0,0.22,397.18
2862,30.0,20.0,600.0,180.0,10.0,27.0,2.0,12,180,90,902.69,1.0,902.69,2.0,1.0,0.22,397.18
2863,30.0,20.0,600.0,180.0,10.0,27.0,3.0,12,180,90,902.69,1.0,902.69,2.0,1.0,0.22,397.18
2864,30.0,20.0,600.0,180.0,10.0,27.0,4.0,12,180,90,902.69,1.0,902.69,2.0,1.0,0.22,397.18
2865,30.0,20.0,600.0,180.0,10.0,27.0,5.0,12,180,90,902.69,1.0,902.69,2.0,1.0,0.22,397.18
2866,30.0,20.0,600.0,180.0,10.0,27.0,6.0,12,180,90,902.69,1.0,902.69,2.0,1.0,0.22,397.18
2867,30.0,20.0,600.0,180.0,10.0,27.0,7.0,12,180,90,902.69,0.638,575.92,2.0,1.0,0.22,253.4
2868,30.0,20.0,600.0,180.0,10.0,27.0,8.0,12,180,90,902.69,1.0,902.69,2.0,1.0,0.22,397.18
2869,30.0,20.0,600.0,180.0,10.0,27.0,9.0,12,180,90,902.69,1.0,902.69,2.0,1.0,0.22,397.18
2870,30.0,20.0,600.0,180.0,10.0,27.0,10.0,12,180,90,902.69,1.0,902.69,2.0,1.0,0.22,397.18
2871,30.0,20.0,600.0,180.0,10.0,27.0,11.0,12,180,90,902.69,1.0,902.69,2.0,1.0,0.22,397.18
2872,30.0,20.0,600.0,180.0,10.0,27.0,12.0,12,180,90,902.69,1.0,902.69,2.0,1.0,0.22,397.18
2873,30.0,20.0,600.0,180.0,10.0,27.0,13.0,12,180,90,902.69,1.0,902.69,2.0,1.0,0.22,397.18
2874,30.0,20.0,600.0,180.0,10.0,27.0,14.0,12,180,90,902.69,1.0,902.69,2.0,1.0,0.22,397.18
2875,30.0,20.0,600.0,180.0,10.0,27.0,15.0,12,180,90,902.69,1.0,902.69,2.0,1.0,0.22,397.18
2876,30.0,20.0,600.0,180.0,10.0,27.0,16.0,12,180,90,902.69,1.0,902.69,2.0,1.0,0.22,397.18
2877,30.0,20.0,600.0,180.0,10.0,27.0,17.0,12,180,90,902.69,1.0,902.69,2.0,1.0,0.22,397.18
2878,30.0,20.0,600.0,180.0,10.0,27.0,18.0,12,180,90,902.69,1.0,902.69,2.0,1.0,0.22,397.18
2879,30.0,20.0,600.0,180.0,10.0,27.0,19.0,12,180,90,902.69,1.0,902.69,2.0,1.0,0.22,397.18
2880,30.0,20.0,600.0,180.0,10.0,28.0,0.0,12,180,90,902.69,1.0,902.69,2.0,1.0,0.22,397.18
2881,30.0,20.0,600.0,180.0,10.0,28.0,1.0,12,180,90,902.69,0.549,495.58,2.0,1.0,0.22,218.06
2882,30.0,20.0,600.0,180.0,10.0,28.0,2.0,12,180,90,902.69,1.0,902.69,2.0,1.0,0.22,397.18
2883,30.0,20.0,600.0,180.0,10.0,28.0,3.0,12,180,90,902.69,1.0,902.69,2.0,1.0,0.22,397.18
2884,30.0,20.0,600.0,180.0,10.0,28.0,4.0,12,180,90,902.69,1.0,902.69,2.0,1.0,0.22,397.18
2885,30.0,20.0,600.0,180.0,10.0,28.0,5.0,12,180,90,902.69,1.0,902.69,2.0,1.0,0.22,397.18
2886,30.0,20.0,600.0,180.0,10.0,28.0,6.0,12,180,90,902.69,1.0,902.69,2.0,1.0,0.22,397.18
2887,30.0,20.0,600.0,180.0,10.0,28.0,7.0,12,180,90,902.69,1.0,902.69,2.0,1.0,0.22,397.18
2888,30.0,20.0,600.0,180.0,10.0,28.0,8.0,12,180,90,902.69,1.0,902.69,2.0,1.0,0.22,397.18
2889,30.0,20.0,600.0,180.0,10.0,28.0,9.0,12,180,90,902.69,1.0,902.69,2.0,1.0,0.22,397.18
2890,30.0,20.0,600.0,180.0,10.0,28.0,10.0,12,180,90,902.69,1.0,902.69,2.0,1.0,0.22,397.18
2891,30.0,20.0,600.0,180.0,10.0,28.0,11.0,12,180,90,902.69,1.0,902.69,2.0,1.0,0.22,397.18
2892,30.0,20.0,600.0,180.0,10.0,28.0,12.0,12,180,90,902.69,1.0,902.69,2.0,1.0,0.22,397.18
2893,30.0,20.0,600.0,180.0,10.0,28.0,13.0,12,180,90,902.69,1.0,902.69,2.0,1.0,0.22,397.18
2894,30.0,20.0,600.0,180.0,10.0,28.0,14.0,12,180,90,902.69,1.0,902.69,2.0,1.0,0.22,397.18
2895,30.0,20.0,600.0,180.0,10.0,28.0,15.0,12,180,90,902.69,1.0,902.69,2.0,1.0,0.22,397.18
2896,30.0,20.0,600.0,180.0,10.0,28.0,16.0,12,180,90,902.69,1.0,902.69,2.0,1.0,0.22,397.18
2897,30.0,20.0,600.0,180.0,10.0,28.0,17.0,12,180,90,902.69,1.0,902.69,2.0,1.0,0.22,397.18
2898,30.0,20.0,600.0,180.0,10.0,28.0,18.0,12,180,90,902.69,0.757,683.34,2.0,1.0,0.22,300.67
2899,30.0,20.0,600.0,180.0,10.0,28.0,19.0,12,180,90,902.69,1.0,902.69,2.0,1.0,0.22,397.18
2900,30.0,20.0,600.0,180.0,10.0,0.0,0.0,13,195,37.5,487.09,1.0,487.09,2.0,1.0,0.22,214.32
2901,30.0,20.0,600.0,180.0,10.0,0.0,1.0,13,195,37.5,487.09,1.0,487.09,2.0,1.0,0.22,214.32
2902,30.0,20.0,600.0,180.0,10.0,0.0,2.0,13,195,37.5,487.09,1.0,487.09,2.0,1.0,0.22,214.32
2903,30.0,20.0,600.0,180.0,10.0,0.0,3.0,13,195,37.5,487.09,1.0,487.09,2.0,1.0,0.22,214.32
2904,30.0,20.0,600.0,180.0,10.0,0.0,4.0,13,195,37.5,487.09,1.0,487.09,2.0,1.0,0.22,214.32
2905,30.0,20.0,600.0,180.0,10.0,0.0,5.0,13,195,37.5,487.09,1.0,487.09,2.0,1.0,0.22,214.32
2906,30.0,20.0,600.0,180.0,10.0,0.0,6.0,13,195,37.5,487.09,1.0,487.09,2.0,1.0,0.22,214.32
2907,30.0,20.0,600.0,180.0,10.0,0.0,7.0,13,195,37.5,487.09,1.0,487.09,2.0,1.0,0.22,214.32
2908,30.0,20.0,600.0,180.0,10.0,0.0,8.0,13,195,37.5,487.09,1.0,487.09,2.0,1.0,0.22,214.32
2909,30.0,20.0,600.0,180.0,10.0,0.0,9.0,13,195,37.5,487.09,1.0,487.09,2.0,1.0,0.22,214.32
2910,30.0,20.0,600.0,180.0,10.0,0.0,10.0,13,195,37.5,487.09,1.0,487.09,2.0,1.0,0.22,214.32
2911,30.0,20.0,600.0,180.0,10.0,0.0,11.0,13,195,37.5,487.09,1.0,487.09,2.0,1.0,0.22,214.32
2912,30.0,20.0,600.0,180.0,10.0,0.0,12.0,13,195,37.5,487.09,1.0,487.09,2.0,1.0,0.22,214.32
2913,30.0,20.0,600.0,180.0,10.0,0.0,13.0,13,195,37.5,487.09,1.0,487.09,2.0,1.0,0.22,214.32
2914,30.0,20.0,600.0,180.0,10.0,0.0,14.0,13,195,37.5,487.09,1.0,487.09,2.0,1.0,0.22,214.32
2915,30.0,20.0,600.0,180.0,10.0,0.0,15.0,13,195,37.5,487.09,1.0,487.09,2.0,1.0,0.22,214.32
2916,30.0,20.0,600.0,180.0,10.0,0.0,16.0,13,195,37.5,487.09,1.0,487.09,2.0,1.0,0.22,214.32
2917,30.0,20.0,600.0,180.0,10.0,0.0,17.0,13,195,37.5,487.09,1.0,487.09,2.0,1.0,0.22,214.32
2918,30.0,20.0,600.0,180.0,10.0,0.0,18.0,13,195,37.5,487.09,1.0,487.09,2.0,1.0,0.22,214.32
2919,30.0,20.0,600.0,180.0,10.0,0.0,19.0,13,195,37.5,487.09,1.0,487.09,2.0,1.0,0.22,214.32
2920,30.0,20.0,600.0,180.0,10.0,1.0,0.0,13,195,37.5,487.09,1.0,487.09,2.0,1.0,0.22,214.32
2921,30.0,20.0,600.0,180.0,10.0,1.0,1.0,13,195,37.5,487.09,1.0,487.09,2.0,1.0,0.22,214.32
2922,30.0,20.0,600.0,180.0,10.0,1.0,2.0,13,195,37.5,487.09,1.0,487.09,2.0,1.0,0.22,214.32
2923,30.0,20.0,600.0,180.0,10.0,1.0,3.0,13,195,37.5,487.09,1.0,487.09,2.0,1.0,0.22,214.32
2924,30.0,20.0,600.0,180.0,10.0,1.0,4.0,13,195,37.5,487.09,1.0,487.09,2.0,1.0,0.22,214.32
2925,30.0,20.0,600.0,180.0,10.0,1.0,5.0,13,195,37.5,487.09,1.0,487.09,2.0,1.0,0.22,214.32
2926,30.0,20.0,600.0,180.0,10.0,1.0,6.0,13,195,37.5,487.09,1.0,487.09,2.0,1.0,0.22,214.32
2927,30.0,20.0,600.0,180.0,10.0,1.0,7.0,13,195,37.5,487.09,1.0,487.09,2.0,1.0,0.22,214.32
2928,30.0,20.0,600.0,180.0,10.0,1.0,8.0,13,195,37.5,487.09,1.0,487.09,2.0,1.0,0.22,214.32
2929,30.0,20.0,600.0,180.0,10.0,1.0,9.0,13,195,37.5,487.09,1.0,487.09,2.0,1.0,0.22,214.32
2930,30.0,20.0,600.0,180.0,10.0,1.0,10.0,13,195,37.5,487.09,1.0,487.09,2.0,1.0,0.22,214.32
2931,30.0,20.0,600.0,180.0,10.0,1.0,11.0,13,195,37.5,487.09,1.0,487.09,2.0,1.0,0.22,214.32
2932,30.0,20.0,600.0,180.0,10.0,1.0,12.0,13,195,37.5,487.09,1.0,487.09,2.0,1.0,0.22,214.32
2933,30.0,20.0,600.0,180.0,10.0,1.0,13.0,13,195,37.5,487.09,1.0,487.09,2.0,1.0,0.22,214.32
2934,30.0,20.0,600.0,180.0,10.0,1.0,14.0,13,195,37.5,487.09,1.0,487.09,2.0,1.0,0.22,214.32
2935,30.0,20.0,600.0,180.0,10.0,1.0,15.0,13,195,37.5,487.09,1.0,487.09,2.0,1.0,0.22,214.32
2936,30.0,20.0,600.0,180.0,10.0,1.0,16.0,13,195,37.5,487.09,1.0,487.09,2.0,1.0,0.22,214.32
2937,30.0,20.0,600.0,180.0,10.0,1.0,17.0,13,195,37.5,487.09,1.0,487.09,2.0,1.0,0.22,214.32
2938,30.0,20.0,600.0,180.0,10.0,1.0,18.0,13,195,37.5,487.09,1.0,487.09,2.0,1.0,0.22,214.32
2939,30.0,20.0,600.0,180.0,10.0,1.0,19.0,13,195,37.5,487.09,1.0,487.09,2.0,1.0,0.22,214.32
2940,30.0,20.0,600.0,180.0,10.0,2.0,0.0,13,195,37.5,487.09,1.0,487.09,2.0,1.0,0.22,214.32
2941,30.0,20.0,600.0,180.0,10.0,2.0,1.0,13,195,37.5,487.09,1.0,487.09,2.0,1.0,0.22,214.32
2942,30.0,20.0,600.0,180.0,10.0,2.0,2.0,13,195,37.5,487.09,1.0,487.09,2.0,1.0,0.22,214.32
2943,30.0,20.0,600.0,180.0,10.0,2.0,3.0,13,195,37.5,487.09,1.0,487.09,2.0,1.0,0.22,214.32
2944,30.0,20.0,600.0,180.0,10.0,2.0,4.0,13,195,37.5,487.09,1.0,487.09,2.0,1.0,0.22,214.32
2945,30.0,20.0,600.0,180.0,10.0,2.0,5.0,13,195,37.5,487.09,1.0,487.09,2.0,1.0,0.22,214.32
2946,30.0,20.0,600.0,180.0,10.0,2.0,6.0,13,195,37.5,487.09,1.0,487.09,2.0,1.0,0.22,214.32
2947,30.0,20.0,600.0,180.0,10.0,2.0,7.0,13,195,37.5,487.09,1.0,487.09,2.0,1.0,0.22,214.32
2948,30.0,20.0,600.0,180.0,10.0,2.0,8.0,13,195,37.5,487.09,0.687,334.63,2.0,1.0,0.22,147.24
2949,30.0,20.0,600.0,180.0,10.0,2.0,9.0,13,195,37.5,487.09,1.0,487.09,2.0,1.0,0.22,214.32
2950,30.0,20.0,600.0,180.0,10.0,2.0,10.0,13,195,37.5,487.09,1.0,487.09,2.0,1.0,0.22,214.32
2951,30.0,20.0,600.0,180.0,10.0,2.0,11.0,13,195,37.5,487.09,1.0,487.09,2.0,1.0,0.22,214.32
2952,30.0,20.0,600.0,180.0,10.0,2.0,12.0,13,195,37.5,487.09,1.0,487.09,2.0,1.0,0.22,214.32
2953,30.0,20.0,600.0,180.0,10.0,2.0,13.0,13,195,37.5,487.09,0.642,312.71,2.0,1.0,0.22,137.59
2954,30.0,20.0,600.0,180.0,10.0,2.0,14.0,13,195,37.5,487.09,1.0,487.09,2.0,1.0,0.22,214.32
2955,30.0,20.0,600.0,180.0,10.0,2.0,15.0,13,195,37.5,487.09,1.0,487.09,2.0,1.0,0.22,214.32
2956,30.0,20.0,600.0,180.0,10.0,2.0,16.0,13,195,37.5,487.09,1.0,487.09,2.0,1.0,0.22,214.32
2957,30.0,20.0,600.0,180.0,10.0,2.0,17.0,13,195,37.5,487.09,1.0,487.09,2.0,1.0,0.22,214.32
2958,30.0,20.0,600.0,180.0,10.0,2.0,18.0,13,195,37.5,487.09,1.0,487.09,2.0,1.0,0.22,214.32
2959,30.0,20.0,600.0,180.0,10.0,2.0,19.0,13,195,37.5,487.09,1.0,487.09,2.0,1.0,0.22,214.32
2960,30.0,20.0,600.0,180.0,10.0,3.0,0.0,13,195,37.5,487.09,1.0,487.09,2.0,1.0,0.22,214.32
2961,30.0,20.0,600.0,180.0,10.0,3.0,1.0,13,195,37.5,487.09,1.0,487.09,2.0,1.0,0.22,214.32
2962,30.0,20.0,600.0,180.0,10.0,3.0,2.0,13,195,37.5,487.09,1.0,487.09,2.0,1.0,0.22,214.32
2963,30.0,20.0,600.0,180.0,10.0,3.0,3.0,13,195,37.5,487.09,1.0,487.09,2.0,1.0,0.22,214.32
2964,30.0,20.0,600.0,180.0,10.0,3.0,4.0,13,195,37.5,487.09,1.0,487.09,2.0,1.0,0.22,214.32
2965,30.0,20.0,600.0,180.0,10.0,3.0,5.0,13,195,37.5,487.09,1.0,487.09,2.0,1.0,0.22,214.32
2966,30.0,20.0,600.0,180.0,10.0,3.0,6.0,13,195,37.5,487.09,1.0,487.09,2.0,1.0,0.22,214.32
2967,30.0,20.0,600.0,180.0,10.0,3.0,7.0,13,195,37.5,487.09,1.0,487.09,2.0,1.0,0.22,214.32
2968,30.0,20.0,600.0,180.0,10.0,3.0,8.0,13,195,37.5,487.09,1.0,487.09,2.0,1.0,0.22,214.32
2969,30.0,20.0,600.0,180.0,10.0,3.0,9.0,13,195,37.5,487.09,1.0,487.09,2.0,1.0,0.22,214.32
2970,30.0,20.0,600.0,180.0,10.0,3.0,10.0,13,195,37.5,487.09,0.56,272.77,2.0,1.0,0.22,120.02
2971,30.0,20.0,600.0,180.0,10.0,3.0,11.0,13,195,37.5,487.09,0.638,310.76,2.0,1.0,0.22,136.73
2972,30.0,20.0,600.0,180.0,10.0,3.0,12.0,13,195,37.5,487.09,1.0,487.09,2.0,1.0,0.22,214.32
2973,30.0,20.0,600.0,180.0,10.0,3.0,13.0,13,195,37.5,487.09,1.0,487.09,2.0,1.0,0.22,214.32
2974,30.0,20.0,600.0,180.0,10.0,3.0,14.0,13,195,37.5,487.09,1.0,487.09,2.0,1.0,0.22,214.32
2975,30.0,20.0,600.0,180.0,10.0,3.0,15.0,13,195,37.5,487.09,1.0,487.09,2.0,1.0,0.22,214.32
2976,30.0,20.0,600.0,180.0,10.0,3.0,16.0,13,195,37.5,487.09,1.0,487.09,2.0,1.0,0.22,214.32
2977,30.0,20.0,600.0,180.0,10.0,3.0,17.0,13,195,37.5,487.09,1.0,487.09,2.0,1.0,0.22,214.32
2978,30.0,20.0,600.0,180.0,10.0,3.0,18.0,13,195,37.5,487.09,1.0,487.09,2.0,1.0,0.22,214.32
2979,30.0,20.0,600.0,180.0,10.0,3.0,19.0,13,195,37.5,487.09,1.0,487.09,2.0,1.0,0.22,214.32
2980,30.0,20.0,600.0,180.0,10.0,4.0,0.0,13,195,37.5,487.09,1.0,487.09,2.0,1.0,0.22,214.32
2981,30.0,20.0,600.0,180.0,10.0,4.0,1.0,13,195,37.5,487.09,1.0,487.09,2.0,1.0,0.22,214.32
2982,30.0,20.0,600.0,180.0,10.0,4.0,2.0,13,195,37.5,487.09,1.0,487.09,2.0,1.0,0.22,214.32
2983,30.0,20.0,600.0,180.0,10.0,4.0,3.0,13,195,37.5,487.09,1.0,487.09,2.0,1.0,0.22,214.32
2984,30.0,20.0,600.0,180.0,10.0,4.0,4.0,13,195,37.5,487.09,1.0,487.09,2.0,1.0,0.22,214.32
2985,30.0,20.0,600.0,180.0,10.0,4.0,5.0,13,195,37.5,487.09,1.0,487.09,2.0,1.0,0.22,214.32
2986,30.0,20.0,600.0,180.0,10.0,4.0,6.0,13,195,37.5,487.09,1.0,487.09,2.0,1.0,0.22,214.32
2987,30.0,20.0,600.0,180.0,10.0,4.0,7.0,13,195,37.5,487.09,1.0,487.09,2.0,1.0,0.22,214.32
2988,30.0,20.0,600.0,180.0,10.0,4.0,8.0,13,195,37.5,487.09,1.0,487.09,2.0,1.0,0.22,214.32
2989,30.0,20.0,600.0,180.0,10.0,4.0,9.0,13,195,37.5,487.09,1.0,487.09,2.0,1.0,0.22,214.32
2990,30.0,20.0,600.0,180.0,10.0,4.0,10.0,13,195,37.5,487.09,1.0,487.09,2.0,1.0,0.22,214.32
2991,30.0,20.0,600.0,180.0,10.0,4.0,11.0,13,195,37.5,487.09,1.0,487.09,2.0,1.0,0.22,214.32
2992,30.0,20.0,600.0,180.0,10.0,4.0,12.0,13,195,37.5,487.09,1.0,487.09,2.0,1.0,0.22,214.32
2993,30.0,20.0,600.0,180.0,10.0,4.0,13.0,13,195,37.5,487.09,1.0,487.09,2.0,1.0,0.22,214.32
2994,30.0,20.0,600.0,180.0,10.0,4.0,14.0,13,195,37.5,487.09,1.0,487.09,2.0,1.0,0.22,214.32
2995,30.0,20.0,600.0,180.0,10.0,4.0,15.0,13,195,37.5,487.09,1.0,487.09,2.0,1.0,0.22,214.32
2996,30.0,20.0,600.0,180.0,10.0,4.0,16.0,13,195,37.5,487.09,1.0,487.09,2.0,1.0,0.22,214.32
2997,30.0,20.0,600.0,180.0,10.0,4.0,17.0,13,195,37.5,487.09,1.0,487.09,2.0,1.0,0.22,214.32
2998,30.0,20.0,600.0,180.0,10.0,4.0,18.0,13,195,37.5,487.09,1.0,487.09,2.0,1.0,0.22,214.32
2999,30.0,20.0,600.0,180.0,10.0,4.0,19.0,13,195,37.5,487.09,1.0,487.09,2.0,1.0,0.22,214.32
3000,30.0,20.0,600.0,180.0,10.0,5.0,0.0,13,195,37.5,487.09,1.0,487.09,2.0,1.0,0.22,214.32
3001,30.0,20.0,600.0,180.0,10.0,5.0,1.0,13,195,37.5,487.09,0.656,319.53,2.0,1.0,0.22,140.59
3002,30.0,20.0,600.0,180.0,10.0,5.0,2.0,13,195,37.5,487.09,1.0,487.09,2.0,1.0,0.22,214.32
3003,30.0,20.0,600.0,180.0,10.0,5.0,3.0,13,195,37.5,487.09,0.555,270.33,2.0,1.0,0.22,118.95
3004,30.0,20.0,600.0,180.0,10.0,5.0,4.0,13,195,37.5,487.09,1.0,487.09,2.0,1.0,0.22,214.32
3005,30.0,20.0,600.0,180.0,10.0,5.0,5.0,13,195,37.5,487.09,1.0,487.09,2.0,1.0,0.22,214.32
3006,30.0,20.0,600.0,180.0,10.0,5.0,6.0,13,195,37.5,487.09,1.0,487.09,2.0,1.0,0.22,214.32
3007,30.0,20.0,600.0,180.0,10.0,5.0,7.0,13,195,37.5,487.09,1.0,487.09,2.0,1.0,0.22,214.32
3008,30.0,20.0,600.0,180.0,10.0,5.0,8.0,13,195,37.5,487.09,1.0,487.09,2.0,1.0,0.22,214.32
3009,30.0,20.0,600.0,180.0,10.0,5.0,9.0,13,195,37.5,487.09,1.0,487.09,2.0,1.0,0.22,214.32
3010,30.0,20.0,600.0,180.0,10.0,5.0,10.0,13,195,37.5,487.09,1.0,487.09,2.0,1.0,0.22,214.32
3011,30.0,20.0,600.0,180.0,10.0,5.0,11.0,13,195,37.5,487.09,1.0,487.09,2.0,1.0,0.22,214.32
3012,30.0,20.0,600.0,180.0,10.0,5.0,12.0,13,195,37.5,487.09,1.0,487.09,2.0,1.0,0.22,214.32
3013,30.0,20.0,600.0,180.0,10.0,5.0,13.0,13,195,37.5,487.09,1.0,487.09,2.0,1.0,0.22,214.32
3014,30.0,20.0,600.0,180.0,10.0,5.0,14.0,13,195,37.5,487.09,1.0,487.09,2.0,1.0,0.22,214.32
3015,30.0,20.0,600.0,180.0,10.0,5.0,15.0,13,195,37.5,487.09,1.0,487.09,2.0,1.0,0.22,214.32
3016,30.0,20.0,600.0,180.0,10.0,5.0,16.0,13,195,37.5,487.09,1.0,487.09,2.0,1.0,0.22,214.32
3017,30.0,20.0,600.0,180.0,10.0,5.0,17.0,13,195,37.5,487.09,1.0,487.09,2.0,1.0,0.22,214.32
3018,30.0,20.0,600.0,180.0,10.0,5.0,18.0,13,195,37.5,487.09,1.0,487.09,2.0,1.0,0.22,214.32
3019,30.0,20.0,600.0,180.0,10.0,5.0,19.0,13,195,37.5,487.09,1.0,487.09,2.0,1.0,0.22,214.32
3020,30.0,20.0,600.0,180.0,10.0,6.0,0.0,13,195,37.5,487.09,1.0,487.09,2.0,1.0,0.22,214.32
3021,30.0,20.0,600.0,180.0,10.0,6.0,1.0,13,195,37.5,487.09,1.0,487.09,2.0,1.0,0.22,214.32
3022,30.0,20.0,600.0,180.0,10.0,6.0,2.0,13,195,37.5,487.09,1.0,487.09,2.0,1.0,0.22,214.32
3023,30.0,20.0,600.0,180.0,10.0,6.0,3.0,13,195,37.5,487.09,1.0,487.09,2.0,1.0,0.22,214.32
3024,30.0,20.0,600.0,180.0,10.0,6.0,4.0,13,195,37.5,487.09,1.0,487.09,2.0,1.0,0.22,214.32
3025,30.0,20.0,600.0,180.0,10.0,6.0,5.0,13,195,37.5,487.09,1.0,487.09,2.0,1.0,0.22,214.32
3026,30.0,20.0,600.0,180.0,10.0,6.0,6.0,13,195,37.5,487.09,1.0,487.09,2.0,1.0,0.22,214.32
3027,30.0,20.0,600.0,180.0,10.0,6.0,7.0,13,195,37.5,487.09,1.0,487.09,2.0,1.0,0.22,214.32
3028,30.0,20.0,600.0,180.0,10.0,6.0,8.0,13,195,37.5,487.09,1.0,487.09,2.0,1.0,0.22,214.32
3029,30.0,20.0,600.0,180.0,10.0,6.0,9.0,13,195,37.5,487.09,1.0,487.09,2.0,1.0,0.22,214.32
3030,30.0,20.0,600.0,180.0,10.0,6.0,10.0,13,195,37.5,487.09,1.0,487.09,2.0,1.0,0.22,214.32
3031,30.0,20.0,600.0,180.0,10.0,6.0,11.0,13,195,37.5,487.09,1.0,487.09,2.0,1.0,0.22,214.32
3032,30.0,20.0,600.0,180.0,10.0,6.0,12.0,13,195,37.5,487.09,1.0,487.09,2.0,1.0,0.22,214.32
3033,30.0,20.0,600.0,180.0,10.0,6.0,13.0,13,195,37.5,487.09,1.0,487.09,2.0,1.0,0.22,214.32
3034,30.0,20.0,600.0,180.0,10.0,6.0,14.0,13,195,37.5,487.09,1.0,487.09,2.0,1.0,0.22,214.32
3035,30.0,20.0,600.0,180.0,10.0,6.0,15.0,13,195,37.5,487.09,0.671,326.84,2.0,1.0,0.22,143.81
3036,30.0,20.0,600.0,180.0,10.0,6.0,16.0,13,195,37.5,487.09,1.0,487.09,2.0,1.0,0.22,214.32
3037,30.0,20.0,600.0,180.0,10.0,6.0,17.0,13,195,37.5,487.09,1.0,487.09,2.0,1.0,0.22,214.32
3038,30.0,20.0,600.0,180.0,10.0,6.0,18.0,13,195,37.5,487.09,1.0,487.09,2.0,1.0,0.22,214.32
3039,30.0,20.0,600.0,180.0,10.0,6.0,19.0,13,195,37.5,487.09,1.0,487.09,2.0,1.0,0.22,214.32
3040,30.0,20.0,600.0,180.0,10.0,7.0,0.0,13,195,37.5,487.09,1.0,487.09,2.0,1.0,0.22,214.32
3041,30.0,20.0,600.0,180.0,10.0,7.0,1.0,13,195,37.5,487.09,1.0,487.09,2.0,1.0,0.22,214.32
3042,30.0,20.0,600.0,180.0,10.0,7.0,2.0,13,195,37.5,487.09,1.0,487.09,2.0,1.0,0.22,214.32
3043,30.0,20.0,600.0,180.0,10.0,7.0,3.0,13,195,37.5,487.09,1.0,487.09,2.0,1.0,0.22,214.32
3044,30.0,20.0,600.0,180.0,10.0,7.0,4.0,13,195,37.5,487.09,1.0,487.09,2.0,1.0,0.22,214.32
3045,30.0,20.0,600.0,180.0,10.0,7.0,5.0,13,195,37.5,487.09,1.0,487.09,2.0,1.0,0.22,214.32
3046,30.0,20.0,600.0,180.0,10.0,7.0,6.0,13,195,37.5,487.09,1.0,487.09,2.0,1.0,0.22,214.32
3047,30.0,20.0,600.0,180.0,10.0,7.0,7.0,13,195,37.5,487.09,1.0,487.09,2.0,1.0,0.22,214.32
3048,30.0,20.0,600.0,180.0,10.0,7.0,8.0,13,195,37.5,487.09,1.0,487.09,2.0,1.0,0.22,214.32
3049,30.0,20.0,600.0,180.0,10.0,7.0,9.0,13,195,37.5,487.09,1.0,487.09,2.0,1.0,0.22,214.32
3050,30.0,20.0,600.0,180.0,10.0,7.0,10.0,13,195,37.5,487.09,1.0,487.09,2.0,1.0,0.22,214.32
3051,30.0,20.0,600.0,180.0,10.0,7.0,11.0,13,195,37.5,487.09,1.0,487.09,2.0,1.0,0.22,214.32
3052,30.0,20.0,600.0,180.0,10.0,7.0,12.0,13,195,37.5,487.09,1.0,487.09,2.0,1.0,0.22,214.32
3053,30.0,20.0,600.0,180.0,10.0,7.0,13.0,13,195,37.5,487.09,0.623,303.46,2.0,1.0,0.22,133.52
3054,30.0,20.0,600.0,180.0,10.0,7.0,14.0,13,195,37.5,487.09,1.0,487.09,2.0,1.0,0.22,214.32
3055,30.0,20.0,600.0,180.0,10.0,7.0,15.0,13,195,37.5,487.09,1.0,487.09,2.0,1.0,0.22,214.32
3056,30.0,20.0,600.0,180.0,10.0,7.0,16.0,13,195,37.5,487.09,1.0,487.09,2.0,1.0,0.22,214.32
3057,30.0,20.0,600.0,180.0,10.0,7.0,17.0,13,195,37.5,487.09,1.0,487.09,2.0,1.0,0.22,214.32
3058,30.0,20.0,600.0,180.0,10.0,7.0,18.0,13,195,37.5,487.09,1.0,487.09,2.0,1.0,0.22,214.32
3059,30.0,20.0,600.0,180.0,10.0,7.0,19.0,13,195,37.5,487.09,1.0,487.09,2.0,1.0,0.22,214.32
3060,30.0,20.0,600.0,180.0,10.0,8.0,0.0,13,195,37.5,487.09,1.0,487.09,2.0,1.0,0.22,214.32
3061,30.0,20.0,600.0,180.0,10.0,8.0,1.0,13,195,37.5,487.09,1.0,487.09,2.0,1.0,0.22,214.32
3062,30.0,20.0,600.0,180.0,10.0,8.0,2.0,13,195,37.5,487.09,1.0,487.09,2.0,1.0,0.22,214.32
3063,30.0,20.0,600.0,180.0,10.0,8.0,3.0,13,195,37.5,487.09,1.0,487.09,2.0,1.0,0.22,214.32
3064,30.0,20.0,600.0,180.0,10.0,8.0,4.0,13,195,37.5,487.09,1.0,487.09,2.0,1.0,0.22,214.32
3065,30.0,20.0,600.0,180.0,10.0,8.0,5.0,13,195,37.5,487.09,1.0,487.09,2.0,1.0,0.22,214.32
3066,30.0,20.0,600.0,180.0,10.0,8.0,6.0,13,195,37.5,487.09,1.0,487.09,2.0,1.0,0.22,214.32
3067,30.0,20.0,600.0,180.0,10.0,8.0,7.0,13,195,37.5,487.09,1.0,487.09,2.0,1.0,0.22,214.32
3068,30.0,20.0,600.0,180.0,10.0,8.0,8.0,13,195,37.5,487.09,1.0,487.09,2.0,1.0,0.22,214.32
3069,30.0,20.0,600.0,180.0,10.0,8.0,9.0,13,195,37.5,487.09,1.0,487.09,2.0,1.0,0.22,214.32
3070,30.0,20.0,600.0,180.0,10.0,8.0,10.0,13,195,37.5,487.09,0.882,429.61,2.0,1.0,0.22,189.03
3071,30.0,20.0,600.0,180.0,10.0,8.0,11.0,13,195,37.5,487.09,1.0,487.09,2.0,1.0,0.22,214.32
3072,30.0,20.0,600.0,180.0,10.0,8.0,12.0,13,195,37.5,487.09,1.0,487.09,2.0,1.0,0.22,214.32
3073,30.0,20.0,600.0,180.0,10.0,8.0,13.0,13,195,37.5,487.09,1.0,487.09,2.0,1.0,0.22,214.32
3074,30.0,20.0,600.0,180.0,10.0,8.0,14.0,13,195,37.5,487.09,1.0,487.09,2.0,1.0,0.22,214.32
3075,30.0,20.0,600.0,180.0,10.0,8.0,15.0,13,195,37.5,487.09,1.0,487.09,2.0,1.0,0.22,214.32
3076,30.0,20.0,600.0,180.0,10.0,8.0,16.0,13,195,37.5,487.09,1.0,487.09,2.0,1.0,0.22,214.32
3077,30.0,20.0,600.0,180.0,10.0,8.0,17.0,13,195,37.5,487.09,1.0,487.09,2.0,1.0,0.22,214.32
3078,30.0,20.0,600.0,180.0,10.0,8.0,18.0,13,195,37.5,487.09,1.0,487.09,2.0,1.0,0.22,214.32
3079,30.0,20.0,600.0,180.0,10.0,8.0,19.0,13,195,37.5,487.09,1.0,487.09,2.0,1.0,0.22,214.32
3080,30.0,20.0,600.0,180.0,10.0,9.0,0.0,13,195,37.5,487.09,1.0,487.09,2.0,1.0,0.22,214.32
3081,30.0,20.0,600.0,180.0,10.0,9.0,1.0,13,195,37.5,487.09,1.0,487.09,2.0,1.0,0.22,214.32
3082,30.0,20.0,600.0,180.0,10.0,9.0,2.0,13,195,37.5,487.09,1.0,487.09,2.0,1.0,0.22,214.32
3083,30.0,20.0,600.0,180.0,10.0,9.0,3.0,13,195,37.5,487.09,1.0,487.09,2.0,1.0,0.22,214.32
3084,30.0,20.0,600.0,180.0,10.0,9.0,4.0,13,195,37.5,487.09,1.0,487.09,2.0,1.0,0.22,214.32
3085,30.0,20.0,600.0,180.0,10.0,9.0,5.0,13,195,37.5,487.09,1.0,487.09,2.0,1.0,0.22,214.32
3086,30.0,20.0,600.0,180.0,10.0,9.0,6.0,13,195,37.5,487.09,1.0,487.09,2.0,1.0,0.22,214.32
3087,30.0,20.0,600.0,180.0,10.0,9.0,7.0,13,195,37.5,487.09,1.0,487.09,2.0,1.0,0.22,214.32
3088,30.0,20.0,600.0,180.0,10.0,9.0,8.0,13,195,37.5,487.09,1.0,487.09,2.0,1.0,0.22,214.32
3089,30.0,20.0,600.0,180.0,10.0,9.0,9.0,13,195,37.5,487.09,1.0,487.09,2.0,1.0,0.22,214.32
3090,30.0,20.0,600.0,180.0,10.0,9.0,10.0,13,195,37.5,487.09,1.0,487.09,2.0,1.0,0.22,214.32
3091,30.0,20.0,600.0,180.0,10.0,9.0,11.0,13,195,37.5,487.09,1.0,487.09,2.0,1.0,0.22,214.32
3092,30.0,20.0,600.0,180.0,10.0,9.0,12.0,13,195,37.5,487.09,1.0,487.09,2.0,1.0,0.22,214.32
3093,30.0,20.0,600.0,180.0,10.0,9.0,13.0,13,195,37.5,487.09,1.0,487.09,2.0,1.0,0.22,214.32
3094,30.0,20.0,600.0,180.0,10.0,9.0,14.0,13,195,37.5,487.09,1.0,487.09,2.0,1.0,0.22,214.32
3095,30.0,20.0,600.0,180.0,10.0,9.0,15.0,13,195,37.5,487.09,1.0,487.09,2.0,1.0,0.22,214.32
3096,30.0,20.0,600.0,180.0,10.0,9.0,16.0,13,195,37.5,487.09,0.792,385.78,2.0,1.0,0.22,169.74
3097,30.0,20.0,600.0,180.0,10.0,9.0,17.0,13,195,37.5,487.09,1.0,487.09,2.0,1.0,0.22,214.32
3098,30.0,20.0,600.0,180.0,10.0,9.0,18.0,13,195,37.5,487.09,1.0,487.09,2.0,1.0,0.22,214.32
3099,30.0,20.0,600.0,180.0,10.0,9.0,19.0,13,195,37.5,487.09,1.0,487.09,2.0,1.0,0.22,214.32
3100,30.0,20.0,600.0,180.0,10.0,10.0,0.0,13,195,37.5,487.09,1.0,487.09,2.0,1.0,0.22,214.32
3101,30.0,20.0,600.0,180.0,10.0,10.0,1.0,13,195,37.5,487.09,1.0,487.09,2.0,1.0,0.22,214.32
3102,30.0,20.0,600.0,180.0,10.0,10.0,2.0,13,195,37.5,487.09,1.0,487.09,2.0,1.0,0.22,214.32
3103,30.0,20.0,600.0,180.0,10.0,10.0,3.0,13,195,37.5,487.09,1.0,487.09,2.0,1.0,0.22,214.32
3104,30.0,20.0,600.0,180.0,10.0,10.0,4.0,13,195,37.5,487.09,1.0,487.09,2.0,1.0,0.22,214.32
3105,30.0,20.0,600.0,180.0,10.0,10.0,5.0,13,195,37.5,487.09,1.0,487.09,2.0,1.0,0.22,214.32
3106,30.0,20.0,600.0,180.0,10.0,10.0,6.0,13,195,37.5,487.09,1.0,487.09,2.0,1.0,0.22,214.32
3107,30.0,20.0,600.0,180.0,10.0,10.0,7.0,13,195,37.5,487.09,1.0,487.09,2.0,1.0,0.22,214.32
3108,30.0,20.0,600.0,180.0,10.0,10.0,8.0,13,195,37.5,487.09,1.0,487.09,2.0,1.0,0.22,214.32
3109,30.0,20.0,600.0,180.0,10.0,10.0,9.0,13,195,37.5,487.09,1.0,487.09,2.0,1.0,0.22,214.32
3110,30.0,20.0,600.0,180.0,10.0,10.0,10.0,13,195,37.5,487.09,1.0,487.09,2.0,1.0,0.22,214.32
3111,30.0,20.0,600.0,180.0,10.0,10.0,11.0,13,195,37.5,487.09,1.0,487.09,2.0,1.0,0.22,214.32
3112,30.0,20.0,600.0,180.0,10.0,10.0,12.0,13,195,37.5,487.09,1.0,487.09,2.0,1.0,0.22,214.32
3113,30.0,20.0,600.0,180.0,10.0,10.0,13.0,13,195,37.5,487.09,1.0,487.09,2.0,1.0,0.22,214.32
3114,30.0,20.0,600.0,180.0,10.0,10.0,14.0,13,195,37.5,487.09,1.0,487.09,2.0,1.0,0.22,214.32
3115,30.0,20.0,600.0,180.0,10.0,10.0,15.0,13,195,37.5,487.09,1.0,487.09,2.0,1.0,0.22,214.32
3116,30.0,20.0,600.0,180.0,10.0,10.0,16.0,13,195,37.5,487.09,1.0,487.09,2.0,1.0,0.22,214.32
3117,30.0,20.0,600.0,180.0,10.0,10.0,17.0,13,195,37.5,487.09,1.0,487.09,2.0,1.0,0.22,214.32
3118,30.0,20.0,600.0,180.0,10.0,10.0,18.0,13,195,37.5,487.09,1.0,487.09,2.0,1.0,0.22,214.32
3119,30.0,20.0,600.0,180.0,10.0,10.0,19.0,13,195,37.5,487.09,0.767,373.6,2.0,1.0,0.22,164.38
3120,30.0,20.0,600.0,180.0,10.0,11.0,0.0,13,195,37.5,487.09,1.0,487.09,2.0,1.0,0.22,214.32
3121,30.0,20.0,600.0,180.0,10.0,11.0,1.0,13,195,37.5,487.09,1.0,487.09,2.0,1.0,0.22,214.32
3122,30.0,20.0,600.0,180.0,10.0,11.0,2.0,13,195,37.5,487.09,1.0,487.09,2.0,1.0,0.22,214.32
3123,30.0,20.0,600.0,180.0,10.0,11.0,3.0,13,195,37.5,487.09,1.0,487.09,2.0,1.0,0.22,214.32
3124,30.0,20.0,600.0,180.0,10.0,11.0,4.0,13,195,37.5,487.09,1.0,487.09,2.0,1.0,0.22,214.32
3125,30.0,20.0,600.0,180.0,10.0,11.0,5.0,13,195,37.5,487.09,1.0,487.09,2.0,1.0,0.22,214.32
3126,30.0,20.0,600.0,180.0,10.0,11.0,6.0,13,195,37.5,487.09,1.0,487.09,2.0,1.0,0.22,214.32
3127,30.0,20.0,600.0,180.0,10.0,11.0,7.0,13,195,37.5,487.09,1.0,487.09,2.0,1.0,0.22,214.32
3128,30.0,20.0,600.0,180.0,10.0,11.0,8.0,13,195,37.5,487.09,1.0,487.09,2.0,1.0,0.22,214.32
3129,30.0,20.0,600.0,180.0,10.0,11.0,9.0,13,195,37.5,487.09,1.0,487.09,2.0,1.0,0.22,214.32
3130,30.0,20.0,600.0,180.0,10.0,11.0,10.0,13,195,37.5,487.09,1.0,487.09,2.0,1.0,0.22,214.32
3131,30.0,20.0,600.0,180.0,10.0,11.0,11.0,13,195,37.5,487.09,1.0,487.09,2.0,1.0,0.22,214.32
3132,30.0,20.0,600.0,180.0,10.0,11.0,12.0,13,195,37.5,487.09,1.0,487.09,2.0,1.0,0.22,214.32
3133,30.0,20.0,600.0,180.0,10.0,11.0,13.0,13,195,37.5,487.09,1.0,487.09,2.0,1.0,0.22,214.32
3134,30.0,20.0,600.0,180.0,10.0,11.0,14.0,13,195,37.5,487.09,1.0,487.09,2.0,1.0,0.22,214.32
3135,30.0,20.0,600.0,180.0,10.0,11.0,15.0,13,195,37.5,487.09,1.0,487.09,2.0,1.0,0.22,214.32
3136,30.0,20.0,600.0,180.0,10.0,11.0,16.0,13,195,37.5,487.09,1.0,487.09,2.0,1.0,0.22,214.32
3137,30.0,20.0,600.0,180.0,10.0,11.0,17.0,13,195,37.5,487.09,1.0,487.09,2.0,1.0,0.22,214.32
3138,30.0,20.0,600.0,180.0,10.0,11.0,18.0,13,195,37.5,487.09,1.0,487.09,2.0,1.0,0.22,214.32
3139,30.0,20.0,600.0,180.0,10.0,11.0,19.0,13,195,37.5,487.09,0.502,244.52,2.0,1.0,0.22,107.59
3140,30.0,20.0,600.0,180.0,10.0,12.0,0.0,13,195,37.5,487.09,1.0,487.09,2.0,1.0,0.22,214.32
3141,30.0,20.0,600.0,180.0,10.0,12.0,1.0,13,195,37.5,487.09,1.0,487.09,2.0,1.0,0.22,214.32
3142,30.0,20.0,600.0,180.0,10.0,12.0,2.0,13,195,37.5,487.09,1.0,487.09,2.0,1.0,0.22,214.32
3143,30.0,20.0,600.0,180.0,10.0,12.0,3.0,13,195,37.5,487.09,1.0,487.09,2.0,1.0,0.22,214.32
3144,30.0,20.0,600.0,180.0,10.0,12.0,4.0,13,195,37.5,487.09,1.0,487.09,2.0,1.0,0.22,214.32
3145,30.0,20.0,600.0,180.0,10.0,12.0,5.0,13,195,37.5,487.09,1.0,487.09,2.0,1.0,0.22,214.32
3146,30.0,20.0,600.0,180.0,10.0,12.0,6.0,13,195,37.5,487.09,1.0,487.09,2.0,1.0,0.22,214.32
3147,30.0,20.0,600.0,180.0,10.0,12.0,7.0,13,195,37.5,487.09,1.0,487.09,2.0,1.0,0.22,214.32
3148,30.0,20.0,600.0,180.0,10.0,12.0,8.0,13,195,37.5,487.09,1.0,487.09,2.0,1.0,0.22,214.32
3149,30.0,20.0,600.0,180.0,10.0,12.0,9.0,13,195,37.5,487.09,1.0,487.09,2.0,1.0,0.22,214.32
3150,30.0,20.0,600.0,180.0,10.0,12.0,10.0,13,195,37.5,487.09,1.0,487.09,2.0,1.0,0.22,214.32
3151,30.0,20.0,600.0,180.0,10.0,12.0,11.0,13,195,37.5,487.09,1.0,487.09,2.0,1.0,0.22,214.32
3152,30.0,20.0,600.0,180.0,10.0,12.0,12.0,13,195,37.5,487.09,1.0,487.09,2.0,1.0,0.22,214.32
3153,30.0,20.0,600.0,180.0,10.0,12.0,13.0,13,195,37.5,487.09,0.86,418.9,2.0,1.0,0.22,184.32
3154,30.0,20.0,600.0,180.0,10.0,12.0,14.0,13,195,37.5,487.09,1.0,487.09,2.0,1.0,0.22,214.32
3155,30.0,20.0,600.0,180.0,10.0,12.0,15.0,13,195,37.5,487.09,1.0,487.09,2.0,1.0,0.22,214.32
3156,30.0,20.0,600.0,180.0,10.0,12.0,16.0,13,195,37.5,487.09,1.0,487.09,2.0,1.0,0.22,214.32
3157,30.0,20.0,600.0,180.0,10.0,12.0,17.0,13,195,37.5,487.09,1.0,487.09,2.0,1.0,0.22,214.32
3158,30.0,20.0,600.0,180.0,10.0,12.0,18.0,13,195,37.5,487.09,1.0,487.09,2.0,1.0,0.22,214.32
3159,30.0,20.0,600.0,180.0,10.0,12.0,19.0,13,195,37.5,487.09,1.0,487.09,2.0,1.0,0.22,214.32
3160,30.0,20.0,600.0,180.0,10.0,13.0,0.0,13,195,37.5,487.09,1.0,487.09,2.0,1.0,0.22,214.32
3161,30.0,20.0,600.0,180.0,10.0,13.0,1.0,13,195,37.5,487.09,1.0,487.09,2.0,1.0,0.22,214.32
3162,30.0,20.0,600.0,180.0,10.0,13.0,2.0,13,195,37.5,487.09,1.0,487.09,2.0,1.0,0.22,214.32
3163,30.0,20.0,600.0,180.0,10.0,13.0,3.0,13,195,37.5,487.09,1.0,487.09,2.0,1.0,0.22,214.32
3164,30.0,20.0,600.0,180.0,10.0,13.0,4.0,13,195,37.5,487.09,0.664,323.43,2.0,1.0,0.22,142.31
3165,30.0,20.0,600.0,180.0,10.0,13.0,5.0,13,195,37.5,487.09,1.0,487.09,2.0,1.0,0.22,214.32
3166,30.0,20.0,600.0,180.0,10.0,13.0,6.0,13,195,37.5,487.09,1.0,487.09,2.0,1.0,0.22,214.32
3167,30.0,20.0,600.0,180.0,10.0,13.0,7.0,13,195,37.5,487.09,1.0,487.09,2.0,1.0,0.22,214.32
3168,30.0,20.0,600.0,180.0,10.0,13.0,8.0,13,195,37.5,487.09,1.0,487.09,2.0,1.0,0.22,214.32
3169,30.0,20.0,600.0,180.0,10.0,13.0,9.0,13,195,37.5,487.09,1.0,487.09,2.0,1.0,0.22,214.32
3170,30.0,20.0,600.0,180.0,10.0,13.0,10.0,13,195,37.5,487.09,1.0,487.09,2.0,1.0,0.22,214.32
3171,30.0,20.0,600.0,180.0,10.0,13.0,11.0,13,195,37.5,487.09,1.0,487.09,2.0,1.0,0.22,214.32
3172,30.0,20.0,600.0,180.0,10.0,13.0,12.0,13,195,37.5,487.09,1.0,487.09,2.0,1.0,0.22,214.32
3173,30.0,20.0,600.0,180.0,10.0,13.0,13.0,13,195,37.5,487.09,1.0,487.09,2.0,1.0,0.22,214.32
3174,30.0,20.0,600.0,180.0,10.0,13.0,14.0,13,195,37.5,487.09,1.0,487.09,2.0,1.0,0.22,214.32
3175,30.0,20.0,600.0,180.0,10.0,13.0,15.0,13,195,37.5,487.09,1.0,487.09,2.0,1.0,0.22,214.32
3176,30.0,20.0,600.0,180.0,10.0,13.0,16.0,13,195,37.5,487.09,1.0,487.09,2.0,1.0,0.22,214.32
3177,30.0,20.0,600.0,180.0,10.0,13.0,17.0,13,195,37.5,487.09,1.0,487.09,2.0,1.0,0.22,214.32
3178,30.0,20.0,600.0,180.0,10.0,13.0,18.0,13,195,37.5,487.09,1.0,487.09,2.0,1.0,0.22,214.32
3179,30.0,20.0,600.0,180.0,10.0,13.0,19.0,13,195,37.5,487.09,1.0,487.09,2.0,1.0,0.22,214.32
3180,30.0,20.0,600.0,180.0,10.0,14.0,0.0,13,195,37.5,487.09,1.0,487.09,2.0,1.0,0.22,214.32
3181,30.0,20.0,600.0,180.0,10.0,14.0,1.0,13,195,37.5,487.09,0.751,365.8,2.0,1.0,0.22,160.95
3182,30.0,20.0,600.0,180.0,10.0,14.0,2.0,13,195,37.5,487.09,1.0,487.09,2.0,1.0,0.22,214.32
3183,30.0,20.0,600.0,180.0,10.0,14.0,3.0,13,195,37.5,487.09,1.0,487.09,2.0,1.0,0.22,214.32
3184,30.0,20.0,600.0,180.0,10.0,14.0,4.0,13,195,37.5,487.09,1.0,487.09,2.0,1.0,0.22,214.32
3185,30.0,20.0,600.0,180.0,10.0,14.0,5.0,13,195,37.5,487.09,1.0,487.09,2.0,1.0,0.22,214.32
3186,30.0,20.0,600.0,180.0,10.0,14.0,6.0,13,195,37.5,487.09,1.0,487.09,2.0,1.0,0.22,214.32
3187,30.0,20.0,600.0,180.0,10.0,14.0,7.0,13,195,37.5,487.09,1.0,487.09,2.0,1.0,0.22,214.32
3188,30.0,20.0,600.0,180.0,10.0,14.0,8.0,13,195,37.5,487.09,1.0,487.09,2.0,1.0,0.22,214.32
3189,30.0,20.0,600.0,180.0,10.0,14.0,9.0,13,195,37.5,487.09,0.574,279.59,2.0,1.0,0.22,123.02
3190,30.0,20.0,600.0,180.0,10.0,14.0,10.0,13,195,37.5,487.09,1.0,487.09,2.0,1.0,0.22,214.32
3191,30.0,20.0,600.0,180.0,10.0,14.0,11.0,13,195,37.5,487.09,1.0,487.09,2.0,1.0,0.22,214.32
3192,30.0,20.0,600.0,180.0,10.0,14.0,12.0,13,195,37.5,487.09,1.0,487.09,2.0,1.0,0.22,214.32
3193,30.0,20.0,600.0,180.0,10.0,14.0,13.0,13,195,37.5,487.09,1.0,487.09,2.0,1.0,0.22,214.32
3194,30.0,20.0,600.0,180.0,10.0,14.0,14.0,13,195,37.5,487.09,1.0,487.09,2.0,1.0,0.22,214.32
3195,30.0,20.0,600.0,180.0,10.0,14.0,15.0,13,195,37.5,487.09,1.0,487.09,2.0,1.0,0.22,214.32
3196,30.0,20.0,600.0,180.0,10.0,14.0,16.0,13,195,37.5,487.09,1.0,487.09,2.0,1.0,0.22,214.32
3197,30.0,20.0,600.0,180.0,10.0,14.0,17.0,13,195,37.5,487.09,1.0,487.09,2.0,1.0,0.22,214.32
3198,30.0,20.0,600.0,180.0,10.0,14.0,18.0,13,195,37.5,487.09,0.552,268.87,2.0,1.0,0.22,118.3
3199,30.0,20.0,600.0,180.0,10.0,14.0,19.0,13,195,37.5,487.09,1.0,487.09,2.0,1.0,0.22,214.32
3200,30.0,20.0,600.0,180.0,10.0,15.0,0.0,13,195,37.5,487.09,1.0,487.09,2.0,1.0,0.22,214.32
3201,30.0,20.0,600.0,180.0,10.0,15.0,1.0,13,195,37.5,487.09,1.0,487.09,2.0,1.0,0.22,214.32
3202,30.0,20.0,600.0,180.0,10.0,15.0,2.0,13,195,37.5,487.09,1.0,487.09,2.0,1.0,0.22,214.32
3203,30.0,20.0,600.0,180.0,10.0,15.0,3.0,13,195,37.5,487.09,1.0,487.09,2.0,1.0,0.22,214.32
3204,30.0,20.0,600.0,180.0,10.0,15.0,4.0,13,195,37.5,487.09,1.0,487.09,2.0,1.0,0.22,214.32
3205,30.0,20.0,600.0,180.0,10.0,15.0,5.0,13,195,37.5,487.09,1.0,487.09,2.0,1.0,0.22,214.32
3206,30.0,20.0,600.0,180.0,10.0,15.0,6.0,13,195,37.5,487.09,1.0,487.09,2.0,1.0,0.22,214.32
3207,30.0,20.0,600.0,180.0,10.0,15.0,7.0,13,195,37.5,487.09,1.0,487.09,2.0,1.0,0.22,214.32
3208,30.0,20.0,600.0,180.0,10.0,15.0,8.0,13,195,37.5,487.09,1.0,487.09,2.0,1.0,0.22,214.32
3209,30.0,20.0,600.0,180.0,10.0,15.0,9.0,13,195,37.5,487.09,1.0,487.09,2.0,1.0,0.22,214.32
3210,30.0,20.0,600.0,180.0,10.0,15.0,10.0,13,195,37.5,487.09,1.0,487.09,2.0,1.0,0.22,214.32
3211,30.0,20.0,600.0,180.0,10.0,15.0,11.0,13,195,37.5,487.09,1.0,487.09,2.0,1.0,0.22,214.32
3212,30.0,20.0,600.0,180.0,10.0,15.0,12.0,13,195,37.5,487.09,1.0,487.09,2.0,1.0,0.22,214.32
3213,30.0,20.0,600.0,180.0,10.0,15.0,13.0,13,195,37.5,487.09,1.0,487.09,2.0,1.0,0.22,214.32
3214,30.0,20.0,600.0,180.0,10.0,15.0,14.0,13,195,37.5,487.09,1.0,487.09,2.0,1.0,0.22,214.32
3215,30.0,20.0,600.0,180.0,10.0,15.0,15.0,13,195,37.5,487.09,1.0,487.09,2.0,1.0,0.22,214.32
3216,30.0,20.0,600.0,180.0,10.0,15.0,16.0,13,195,37.5,487.09,1.0,487.09,2.0,1.0,0.22,214.32
3217,30.0,20.0,600.0,180.0,10.0,15.0,17.0,13,195,37.5,487.09,1.0,487.09,2.0,1.0,0.22,214.32
3218,30.0,20.0,600.0,180.0,10.0,15.0,18.0,13,195,37.5,487.09,1.0,487.09,2.0,1.0,0.22,214.32
3219,30.0,20.0,600.0,180.0,10.0,15.0,19.0,13,195,37.5,487.09,1.0,487.09,2.0,1.0,0.22,214.32
3220,30.0,20.0,600.0,180.0,10.0,16.0,0.0,13,195,37.5,487.09,1.0,487.09,2.0,1.0,0.22,214.32
3221,30.0,20.0,600.0,180.0,10.0,16.0,1.0,13,195,37.5,487.09,1.0,487.09,2.0,1.0,0.22,214.32
3222,30.0,20.0,600.0,180.0,10.0,16.0,2.0,13,195,37.5,487.09,0.758,369.21,2.0,1.0,0.22,162.45
3223,30.0,20.0,600.0,180.0,10.0,16.0,3.0,13,195,37.5,487.09,1.0,487.09,2.0,1.0,0.22,214.32
3224,30.0,20.0,600.0,180.0,10.0,16.0,4.0,13,195,37.5,487.09,1.0,487.09,2.0,1.0,0.22,214.32
3225,30.0,20.0,600.0,180.0,10.0,16.0,5.0,13,195,37.5,487.09,1.0,487.09,2.0,1.0,0.22,214.32
3226,30.0,20.0,600.0,180.0,10.0,16.0,6.0,13,195,37.5,487.09,1.0,487.09,2.0,1.0,0.22,214.32
3227,30.0,20.0,600.0,180.0,10.0,16.0,7.0,13,195,37.5,487.09,1.0,487.09,2.0,1.0,0.22,214.32
3228,30.0,20.0,600.0,180.0,10.0,16.0,8.0,13,195,37.5,487.09,1.0,487.09,2.0,1.0,0.22,214.32
3229,30.0,20.0,600.0,180.0,10.0,16.0,9.0,13,195,37.5,487.09,1.0,487.09,2.0,1.0,0.22,214.32
3230,30.0,20.0,600.0,180.0,10.0,16.0,10.0,13,195,37.5,487.09,1.0,487.09,2.0,1.0,0.22,214.32
3231,30.0,20.0,600.0,180.0,10.0,16.0,11.0,13,195,37.5,487.09,1.0,487.09,2.0,1.0,0.22,214.32
3232,30.0,20.0,600.0,180.0,10.0,16.0,12.0,13,195,37.5,487.09,0.613,298.59,2.0,1.0,0.22,131.38
3233,30.0,20.0,600.0,180.0,10.0,16.0,13.0,13,195,37.5,487.09,1.0,487.09,2.0,1.0,0.22,214.32
3234,30.0,20.0,600.0,180.0,10.0,16.0,14.0,13,195,37.5,487.09,1.0,487.09,2.0,1.0,0.22,214.32
3235,30.0,20.0,600.0,180.0,10.0,16.0,15.0,13,195,37.5,487.09,1.0,487.09,2.0,1.0,0.22,214.32
3236,30.0,20.0,600.0,180.0,10.0,16.0,16.0,13,195,37.5,487.09,1.0,487.09,2.0,1.0,0.22,214.32
3237,30.0,20.0,600.0,180.0,10.0,16.0,17.0,13,195,37.5,487.09,1.0,487.09,2.0,1.0,0.22,214.32
3238,30.0,20.0,600.0,180.0,10.0,16.0,18.0,13,195,37.5,487.09,1.0,487.09,2.0,1.0,0.22,214.32
3239,30.0,20.0,600.0,180.0,10.0,16.0,19.0,13,195,37.5,487.09,1.0,487.09,2.0,1.0,0.22,214.32
3240,30.0,20.0,600.0,180.0,10.0,17.0,0.0,13,195,37.5,487.09,1.0,487.09,2.0,1.0,0.22,214.32
3241,30.0,20.0,600.0,180.0,10.0,17.0,1.0,13,195,37.5,487.09,1.0,487.09,2.0,1.0,0.22,214.32
3242,30.0,20.0,600.0,180.0,10.0,17.0,2.0,13,195,37.5,487.09,1.0,487.09,2.0,1.0,0.22,214.32
3243,30.0,20.0,600.0,180.0,10.0,17.0,3.0,13,195,37.5,487.09,1.0,487.09,2.0,1.0,0.22,214.32
3244,30.0,20.0,600.0,180.0,10.0,17.0,4.0,13,195,37.5,487.09,1.0,487.09,2.0,1.0,0.22,214.32
3245,30.0,20.0,600.0,180.0,10.0,17.0,5.0,13,195,37.5,487.09,1.0,487.09,2.0,1.0,0.22,214.32
3246,30.0,20.0,600.0,180.0,10.0,17.0,6.0,13,195,37.5,487.09,1.0,487.09,2.0,1.0,0.22,214.32
3247,30.0,20.0,600.0,180.0,10.0,17.0,7.0,13,195,37.5,487.09,1.0,487.09,2.0,1.0,0.22,214.32
3248,30.0,20.0,600.0,180.0,10.0,17.0,8.0,13,195,37.5,487.09,1.0,487.09,2.0,1.0,0.22,214.32
3249,30.0,20.0,600.0,180.0,10.0,17.0,9.0,13,195,37.5,487.09,1.0,487.09,2.0,1.0,0.22,214.32
3250,30.0,20.0,600.0,180.0,10.0,17.0,10.0,13,195,37.5,487.09,1.0,487.09,2.0,1.0,0.22,214.32
3251,30.0,20.0,600.0,180.0,10.0,17.0,11.0,13,195,37.5,487.09,1.0,487.09,2.0,1.0,0.22,214.32
3252,30.0,20.0,600.0,180.0,10.0,17.0,12.0,13,195,37.5,487.09,1.0,487.09,2.0,1.0,0.22,214.32
3253,30.0,20.0,600.0,180.0,10.0,17.0,13.0,13,195,37.5,487.09,1.0,487.09,2.0,1.0,0.22,214.32
3254,30.0,20.0,600.0,180.0,10.0,17.0,14.0,13,195,37.5,487.09,1.0,487.09,2.0,1.0,0.22,214.32
3255,30.0,20.0,600.0,180.0,10.0,17.0,15.0,13,195,37.5,487.09,1.0,487.09,2.0,1.0,0.22,214.32
3256,30.0,20.0,600.0,180.0,10.0,17.0,16.0,13,195,37.5,487.09,1.0,487.09,2.0,1.0,0.22,214.32
3257,30.0,20.0,600.0,180.0,10.0,17.0,17.0,13,195,37.5,487.09,1.0,487.09,2.0,1.0,0.22,214.32
3258,30.0,20.0,600.0,180.0,10.0,17.0,18.0,13,195,37.5,487.09,0.621,302.48,2.0,1.0,0.22,133.09
3259,30.0,20.0,600.0,180.0,10.0,17.0,19.0,13,195,37.5,487.09,1.0,487.09,2.0,1.0,0.22,214.32
3260,30.0,20.0,600.0,180.0,10.0,18.0,0.0,13,195,37.5,487.09,1.0,487.09,2.0,1.0,0.22,214.32
3261,30.0,20.0,600.0,180.0,10.0,18.0,1.0,13,195,37.5,487.09,1.0,487.09,2.0,1.0,0.22,214.32
3262,30.0,20.0,600.0,180.0,10.0,18.0,2.0,13,195,37.5,487.09,1.0,487.09,2.0,1.0,0.22,214.32
3263,30.0,20.0,600.0,180.0,10.0,18.0,3.0,13,195,37.5,487.09,1.0,487.09,2.0,1.0,0.22,214.32
3264,30.0,20.0,600.0,180.0,10.0,18.0,4.0,13,195,37.5,487.09,1.0,487.09,2.0,1.0,0.22,214.32
3265,30.0,20.0,600.0,180.0,10.0,18.0,5.0,13,195,37.5,487.09,1.0,487.09,2.0,1.0,0.22,214.32
3266,30.0,20.0,600.0,180.0,10.0,18.0,6.0,13,195,37.5,487.09,1.0,487.09,2.0,1.0,0.22,214.32
3267,30.0,20.0,600.0,180.0,10.0,18.0,7.0,13,195,37.5,487.09,1.0,487.09,2.0,1.0,0.22,214.32
3268,30.0,20.0,600.0,180.0,10.0,18.0,8.0,13,195,37.5,487.09,1.0,487.09,2.0,1.0,0.22,214.32
3269,30.0,20.0,600.0,180.0,10.0,18.0,9.0,13,195,37.5,487.09,1.0,487.09,2.0,1.0,0.22,214.32
3270,30.0,20.0,600.0,180.0,10.0,18.0,10.0,13,195,37.5,487.09,1.0,487.09,2.0,1.0,0.22,214.32
3271,30.0,20.0,600.0,180.0,10.0,18.0,11.0,13,195,37.5,487.09,1.0,487.09,2.0,1.0,0.22,214.32
3272,30.0,20.0,600.0,180.0,10.0,18.0,12.0,13,195,37.5,487.09,1.0,487.09,2.0,1.0,0.22,214.32
3273,30.0,20.0,600.0,180.0,10.0,18.0,13.0,13,195,37.5,487.09,1.0,487.09,2.0,1.0,0.22,214.32
3274,30.0,20.0,600.0,180.0,10.0,18.0,14.0,13,195,37.5,487.09,1.0,487.09,2.0,1.0,0.22,214.32
3275,30.0,20.0,600.0,180.0,10.0,18.0,15.0,13,195,37.5,487.09,1.0,487.09,2.0,1.0,0.22,214.32
3276,30.0,20.0,600.0,180.0,10.0,18.0,16.0,13,195,37.5,487.09,1.0,487.09,2.0,1.0,0.22,214.32
3277,30.0,20.0,600.0,180.0,10.0,18.0,17.0,13,195,37.5,487.09,1.0,487.09,2.0,1.0,0.22,214.32
3278,30.0,20.0,600.0,180.0,10.0,18.0,18.0,13,195,37.5,487.09,1.0,487.09,2.0,1.0,0.22,214.32
3279,30.0,20.0,600.0,180.0,10.0,18.0,19.0,13,195,37.5,487.09,1.0,487.09,2.0,1.0,0.22,214.32
3280,30.0,20.0,600.0,180.0,10.0,19.0,0.0,13,195,37.5,487.09,1.0,487.09,2.0,1.0,0.22,214.32
3281,30.0,20.0,600.0,180.0,10.0,19.0,1.0,13,195,37.5,487.09,1.0,487.09,2.0,1.0,0.22,214.32
3282,30.0,20.0,600.0,180.0,10.0,19.0,2.0,13,195,37.5,487.09,1.0,487.09,2.0,1.0,0.22,214.32
3283,30.0,20.0,600.0,180.0,10.0,19.0,3.0,13,195,37.5,487.09,1.0,487.09,2.0,1.0,0.22,214.32
3284,30.0,20.0,600.0,180.0,10.0,19.0,4.0,13,195,37.5,487.09,1.0,487.09,2.0,1.0,0.22,214.32
3285,30.0,20.0,600.0,180.0,10.0,19.0,5.0,13,195,37.5,487.09,1.0,487.09,2.0,1.0,0.22,214.32
3286,30.0,20.0,600.0,180.0,10.0,19.0,6.0,13,195,37.5,487.09,1.0,487.09,2.0,1.0,0.22,214.32
3287,30.0,20.0,600.0,180.0,10.0,19.0,7.0,13,195,37.5,487.09,1.0,487.09,2.0,1.0,0.22,214.32
3288,30.0,20.0,600.0,180.0,10.0,19.0,8.0,13,195,37.5,487.09,1.0,487.09,2.0,1.0,0.22,214.32
3289,30.0,20.0,600.0,180.0,10.0,19.0,9.0,13,195,37.5,487.09,1.0,487.09,2.0,1.0,0.22,214.32
3290,30.0,20.0,600.0,180.0,10.0,19.0,10.0,13,195,37.5,487.09,1.0,487.09,2.0,1.0,0.22,214.32
3291,30.0,20.0,600.0,180.0,10.0,19.0,11.0,13,195,37.5,487.09,1.0,487.09,2.0,1.0,0.22,214.32
3292,30.0,20.0,600.0,180.0,10.0,19.0,12.0,13,195,37.5,487.09,1.0,487.09,2.0,1.0,0.22,214.32
3293,30.0,20.0,600.0,180.0,10.0,19.0,13.0,13,195,37.5,487.09,1.0,487.09,2.0,1.0,0.22,214.32
3294,30.0,20.0,600.0,180.0,10.0,19.0,14.0,13,195,37.5,487.09,1.0,487.09,2.0,1.0,0.22,214.32
3295,30.0,20.0,600.0,180.0,10.0,19.0,15.0,13,195,37.5,487.09,1.0,487.09,2.0,1.0,0.22,214.32
3296,30.0,20.0,600.0,180.0,10.0,19.0,16.0,13,195,37.5,487.09,1.0,487.09,2.0,1.0,0.22,214.32
3297,30.0,20.0,600.0,180.0,10.0,19.0,17.0,13,195,37.5,487.09,1.0,487.09,2.0,1.0,0.22,214.32
3298,30.0,20.0,600.0,180.0,10.0,19.0,18.0,13,195,37.5,487.09,1.0,487.09,2.0,1.0,0.22,214.32
3299,30.0,20.0,600.0,180.0,10.0,19.0,19.0,13,195,37.5,487.09,1.0,487.09,2.0,1.0,0.22,214.32
3300,30.0,20.0,600.0,180.0,10.0,20.0,0.0,13,195,37.5,487.09,1.0,487.09,2.0,1.0,0.22,214.32
3301,30.0,20.0,600.0,180.0,10.0,20.0,1.0,13,195,37.5,487.09,0.571,278.13,2.0,1.0,0.22,122.38
3302,30.0,20.0,600.0,180.0,10.0,20.0,2.0,13,195,37.5,487.09,1.0,487.09,2.0,1.0,0.22,214.32
3303,30.0,20.0,600.0,180.0,10.0,20.0,3.0,13,195,37.5,487.09,1.0,487.09,2.0,1.0,0.22,214.32
3304,30.0,20.0,600.0,180.0,10.0,20.0,4.0,13,195,37.5,487.09,1.0,487.09,2.0,1.0,0.22,214.32
3305,30.0,20.0,600.0,180.0,10.0,20.0,5.0,13,195,37.5,487.09,1.0,487.09,2.0,1.0,0.22,214.32
3306,30.0,20.0,600.0,180.0,10.0,20.0,6.0,13,195,37.5,487.09,1.0,487.09,2.0,1.0,0.22,214.32
3307,30.0,20.0,600.0,180.0,10.0,20.0,7.0,13,195,37.5,487.09,1.0,487.09,2.0,1.0,0.22,214.32
3308,30.0,20.0,600.0,180.0,10.0,20.0,8.0,13,195,37.5,487.09,1.0,487.09,2.0,1.0,0.22,214.32
3309,30.0,20.0,600.0,180.0,10.0,20.0,9.0,13,195,37.5,487.09,1.0,487.09,2.0,1.0,0.22,214.32
3310,30.0,20.0,600.0,180.0,10.0,20.0,10.0,13,195,37.5,487.09,1.0,487.09,2.0,1.0,0.22,214.32
3311,30.0,20.0,600.0,180.0,10.0,20.0,11.0,13,195,37.5,487.09,1.0,487.09,2.0,1.0,0.22,214.32
3312,30.0,20.0,600.0,180.0,10.0,20.0,12.0,13,195,37.5,487.09,1.0,487.09,2.0,1.0,0.22,214.32
3313,30.0,20.0,600.0,180.0,10.0,20.0,13.0,13,195,37.5,487.09,1.0,487.09,2.0,1.0,0.22,214.32
3314,30.0,20.0,600.0,180.0,10.0,20.0,14.0,13,195,37.5,487.09,1.0,487.09,2.0,1.0,0.22,214.32
3315,30.0,20.0,600.0,180.0,10.0,20.0,15.0,13,195,37.5,487.09,1.0,487.09,2.0,1.0,0.22,214.32
3316,30.0,20.0,600.0,180.0,10.0,20.0,16.0,13,195,37.5,487.09,1.0,487.09,2.0,1.0,0.22,214.32
3317,30.0,20.0,600.0,180.0,10.0,20.0,17.0,13,195,37.5,487.09,1.0,487.09,2.0,1.0,0.22,214.32
3318,30.0,20.0,600.0,180.0,10.0,20.0,18.0,13,195,37.5,487.09,1.0,487.09,2.0,1.0,0.22,214.32
3319,30.0,20.0,600.0,180.0,10.0,20.0,19.0,13,195,37.5,487.09,1.0,487.09,2.0,1.0,0.22,214.32
3320,30.0,20.0,600.0,180.0,10.0,21.0,0.0,13,195,37.5,487.09,1.0,487.09,2.0,1.0,0.22,214.32
3321,30.0,20.0,600.0,180.0,10.0,21.0,1.0,13,195,37.5,487.09,1.0,487.09,2.0,1.0,0.22,214.32
3322,30.0,20.0,600.0,180.0,10.0,21.0,2.0,13,195,37.5,487.09,1.0,487.09,2.0,1.0,0.22,214.32
3323,30.0,20.0,600.0,180.0,10.0,21.0,3.0,13,195,37.5,487.09,1.0,487.09,2.0,1.0,0.22,214.32
3324,30.0,20.0,600.0,180.0,10.0,21.0,4.0,13,195,37.5,487.09,1.0,487.09,2.0,1.0,0.22,214.32
3325,30.0,20.0,600.0,180.0,10.0,21.0,5.0,13,195,37.5,487.09,1.0,487.09,2.0,1.0,0.22,214.32
3326,30.0,20.0,600.0,180.0,10.0,21.0,6.0,13,195,37.5,487.09,1.0,487.09,2.0,1.0,0.22,214.32
3327,30.0,20.0,600.0,180.0,10.0,21.0,7.0,13,195,37.5,487.09,1.0,487.09,2.0,1.0,0.22,214.32
3328,30.0,20.0,600.0,180.0,10.0,21.0,8.0,13,195,37.5,487.09,1.0,487.09,2.0,1.0,0.22,214.32
3329,30.0,20.0,600.0,180.0,10.0,21.0,9.0,13,195,37.5,487.09,1.0,487.09,2.0,1.0,0.22,214.32
3330,30.0,20.0,600.0,180.0,10.0,21.0,10.0,13,195,37.5,487.09,1.0,487.09,2.0,1.0,0.22,214.32
3331,30.0,20.0,600.0,180.0,10.0,21.0,11.0,13,195,37.5,487.09,1.0,487.09,2.0,1.0,0.22,214.32
3332,30.0,20.0,600.0,180.0,10.0,21.0,12.0,13,195,37.5,487.09,1.0,487.09,2.0,1.0,0.22,214.32
3333,30.0,20.0,600.0,180.0,10.0,21.0,13.0,13,195,37.5,487.09,1.0,487.09,2.0,1.0,0.22,214.32
3334,30.0,20.0,600.0,180.0,10.0,21.0,14.0,13,195,37.5,487.09,1.0,487.09,2.0,1.0,0.22,214.32
3335,30.0,20.0,600.0,180.0,10.0,21.0,15.0,13,195,37.5,487.09,1.0,487.09,2.0,1.0,0.22,214.32
3336,30.0,20.0,600.0,180.0,10.0,21.0,16.0,13,195,37.5,487.09,1.0,487.09,2.0,1.0,0.22,214.32
3337,30.0,20.0,600.0,180.0,10.0,21.0,17.0,13,195,37.5,487.09,0.616,300.05,2.0,1.0,0.22,132.02
3338,30.0,20.0,600.0,180.0,10.0,21.0,18.0,13,195,37.5,487.09,1.0,487.09,2.0,1.0,0.22,214.32
3339,30.0,20.0,600.0,180.0,10.0,21.0,19.0,13,195,37.5,487.09,1.0,487.09,2.0,1.0,0.22,214.32
3340,30.0,20.0,600.0,180.0,10.0,22.0,0.0,13,195,37.5,487.09,1.0,487.09,2.0,1.0,0.22,214.32
3341,30.0,20.0,600.0,180.0,10.0,22.0,1.0,13,195,37.5,487.09,1.0,487.09,2.0,1.0,0.22,214.32
3342,30.0,20.0,600.0,180.0,10.0,22.0,2.0,13,195,37.5,487.09,1.0,487.09,2.0,1.0,0.22,214.32
3343,30.0,20.0,600.0,180.0,10.0,22.0,3.0,13,195,37.5,487.09,1.0,487.09,2.0,1.0,0.22,214.32
3344,30.0,20.0,600.0,180.0,10.0,22.0,4.0,13,195,37.5,487.09,1.0,487.09,2.0,1.0,0.22,214.32
3345,30.0,20.0,600.0,180.0,10.0,22.0,5.0,13,195,37.5,487.09,1.0,487.09,2.0,1.0,0.22,214.32
3346,30.0,20.0,600.0,180.0,10.0,22.0,6.0,13,195,37.5,487.09,1.0,487.09,2.0,1.0,0.22,214.32
3347,30.0,20.0,600.0,180.0,10.0,22.0,7.0,13,195,37.5,487.09,1.0,487.09,2.0,1.0,0.22,214.32
3348,30.0,20.0,600.0,180.0,10.0,22.0,8.0,13,195,37.5,487.09,1.0,487.09,2.0,1.0,0.22,214.32
3349,30.0,20.0,600.0,180.0,10.0,22.0,9.0,13,195,37.5,487.09,1.0,487.09,2.0,1.0,0.22,214.32
3350,30.0,20.0,600.0,180.0,10.0,22.0,10.0,13,195,37.5,487.09,1.0,487.09,2.0,1.0,0.22,214.32
3351,30.0,20.0,600.0,180.0,10.0,22.0,11.0,13,195,37.5,487.09,1.0,487.09,2.0,1.0,0.22,214.32
3352,30.0,20.0,600.0,180.0,10.0,22.0,12.0,13,195,37.5,487.09,1.0,487.09,2.0,1.0,0.22,214.32
3353,30.0,20.0,600.0,180.0,10.0,22.0,13.0,13,195,37.5,487.09,1.0,487.09,2.0,1.0,0.22,214.32
3354,30.0,20.0,600.0,180.0,10.0,22.0,14.0,13,195,37.5,487.09,1.0,487.09,2.0,1.0,0.22,214.32
3355,30.0,20.0,600.0,180.0,10.0,22.0,15.0,13,195,37.5,487.09,1.0,487.09,2.0,1.0,0.22,214.32
3356,30.0,20.0,600.0,180.0,10.0,22.0,16.0,13,195,37.5,487.09,1.0,487.09,2.0,1.0,0.22,214.32
3357,30.0,20.0,600.0,180.0,10.0,22.0,17.0,13,195,37.5,487.09,1.0,487.09,2.0,1.0,0.22,214.32
3358,30.0,20.0,600.0,180.0,10.0,22.0,18.0,13,195,37.5,487.09,1.0,487.09,2.0,1.0,0.22,214.32
3359,30.0,20.0,600.0,180.0,10.0,22.0,19.0,13,195,37.5,487.09,1.0,487.09,2.0,1.0,0.22,214.32
3360,30.0,20.0,600.0,180.0,10.0,23.0,0.0,13,195,37.5,487.09,1.0,487.09,2.0,1.0,0.22,214.32
3361,30.0,20.0,600.0,180.0,10.0,23.0,1.0,13,195,37.5,487.09,0.858,417.92,2.0,1.0,0.22,183.88
3362,30.0,20.0,600.0,180.0,10.0,23.0,2.0,13,195,37.5,487.09,1.0,487.09,2.0,1.0,0.22,214.32
3363,30.0,20.0,600.0,180.0,10.0,23.0,3.0,13,195,37.5,487.09,1.0,487.09,2.0,1.0,0.22,214.32
3364,30.0,20.0,600.0,180.0,10.0,23.0,4.0,13,195,37.5,487.09,1.0,487.09,2.0,1.0,0.22,214.32
3365,30.0,20.0,600.0,180.0,10.0,23.0,5.0,13,195,37.5,487.09,1.0,487.09,2.0,1.0,0.22,214.32
3366,30.0,20.0,600.0,180.0,10.0,23.0,6.0,13,195,37.5,487.09,1.0,487.09,2.0,1.0,0.22,214.32
3367,30.0,20.0,600.0,180.0,10.0,23.0,7.0,13,195,37.5,487.09,1.0,487.09,2.0,1.0,0.22,214.32
3368,30.0,20.0,600.0,180.0,10.0,23.0,8.0,13,195,37.5,487.09,1.0,487.09,2.0,1.0,0.22,214.32
3369,30.0,20.0,600.0,180.0,10.0,23.0,9.0,13,195,37.5,487.09,1.0,487.09,2.0,1.0,0.22,214.32
3370,30.0,20.0,600.0,180.0,10.0,23.0,10.0,13,195,37.5,487.09,1.0,487.09,2.0,1.0,0.22,214.32
3371,30.0,20.0,600.0,180.0,10.0,23.0,11.0,13,195,37.5,487.09,1.0,487.09,2.0,1.0,0.22,214.32
3372,30.0,20.0,600.0,180.0,10.0,23.0,12.0,13,195,37.5,487.09,1.0,487.09,2.0,1.0,0.22,214.32
3373,30.0,20.0,600.0,180.0,10.0,23.0,13.0,13,195,37.5,487.09,1.0,487.09,2.0,1.0,0.22,214.32
3374,30.0,20.0,600.0,180.0,10.0,23.0,14.0,13,195,37.5,487.09,1.0,487.09,2.0,1.0,0.22,214.32
3375,30.0,20.0,600.0,180.0,10.0,23.0,15.0,13,195,37.5,487.09,1.0,487.09,2.0,1.0,0.22,214.32
3376,30.0,20.0,600.0,180.0,10.0,23.0,16.0,13,195,37.5,487.09,1.0,487.09,2.0,1.0,0.22,214.32
3377,30.0,20.0,600.0,180.0,10.0,23.0,17.0,13,195,37.5,487.09,1.0,487.09,2.0,1.0,0.22,214.32
3378,30.0,20.0,600.0,180.0,10.0,23.0,18.0,13,195,37.5,487.09,1.0,487.09,2.0,1.0,0.22,214.32
3379,30.0,20.0,600.0,180.0,10.0,23.0,19.0,13,195,37.5,487.09,0.673,327.81,2.0,1.0,0.22,144.24
3380,30.0,20.0,600.0,180.0,10.0,24.0,0.0,13,195,37.5,487.09,1.0,487.09,2.0,1.0,0.22,214.32
3381,30.0,20.0,600.0,180.0,10.0,24.0,1.0,13,195,37.5,487.09,1.0,487.09,2.0,1.0,0.22,214.32
3382,30.0,20.0,600.0,180.0,10.0,24.0,2.0,13,195,37.5,487.09,1.0,487.09,2.0,1.0,0.22,214.32
3383,30.0,20.0,600.0,180.0,10.0,24.0,3.0,13,195,37.5,487.09,1.0,487.09,2.0,1.0,0.22,214.32
3384,30.0,20.0,600.0,180.0,10.0,24.0,4.0,13,195,37.5,487.09,1.0,487.09,2.0,1.0,0.22,214.32
3385,30.0,20.0,600.0,180.0,10.0,24.0,5.0,13,195,37.5,487.09,1.0,487.09,2.0,1.0,0.22,214.32
3386,30.0,20.0,600.0,180.0,10.0,24.0,6.0,13,195,37.5,487.09,1.0,487.09,2.0,1.0,0.22,214.32
3387,30.0,20.0,600.0,180.0,10.0,24.0,7.0,13,195,37.5,487.09,1.0,487.09,2.0,1.0,0.22,214.32
3388,30.0,20.0,600.0,180.0,10.0,24.0,8.0,13,195,37.5,487.09,1.0,487.09,2.0,1.0,0.22,214.32
3389,30.0,20.0,600.0,180.0,10.0,24.0,9.0,13,195,37.5,487.09,1.0,487.09,2.0,1.0,0.22,214.32
3390,30.0,20.0,600.0,180.0,10.0,24.0,10.0,13,195,37.5,487.09,1.0,487.09,2.0,1.0,0.22,214.32
3391,30.0,20.0,600.0,180.0,10.0,24.0,11.0,13,195,37.5,487.09,1.0,487.09,2.0,1.0,0.22,214.32
3392,30.0,20.0,600.0,180.0,10.0,24.0,12.0,13,195,37.5,487.09,1.0,487.09,2.0,1.0,0.22,214.32
3393,30.0,20.0,600.0,180.0,10.0,24.0,13.0,13,195,37.5,487.09,1.0,487.09,2.0,1.0,0.22,214.32
3394,30.0,20.0,600.0,180.0,10.0,24.0,14.0,13,195,37.5,487.09,1.0,487.09,2.0,1.0,0.22,214.32
3395,30.0,20.0,600.0,180.0,10.0,24.0,15.0,13,195,37.5,487.09,1.0,487.09,2.0,1.0,0.22,214.32
3396,30.0,20.0,600.0,180.0,10.0,24.0,16.0,13,195,37.5,487.09,1.0,487.09,2.0,1.0,0.22,214.32
3397,30.0,20.0,600.0,180.0,10.0,24.0,17.0,13,195,37.5,487.09,1.0,487.09,2.0,1.0,0.22,214.32
3398,30.0,20.0,600.0,180.0,10.0,24.0,18.0,13,195,37.5,487.09,1.0,487.09,2.0,1.0,0.22,214.32
3399,30.0,20.0,600.0,180.0,10.0,24.0,19.0,13,195,37.5,487.09,1.0,487.09,2.0,1.0,0.22,214.32
3400,30.0,20.0,600.0,180.0,10.0,25.0,0.0,13,195,37.5,487.09,1.0,487.09,2.0,1.0,0.22,214.32
3401,30.0,20.0,600.0,180.0,10.0,25.0,1.0,13,195,37.5,487.09,1.0,487.09,2.0,1.0,0.22,214.32
3402,30.0,20.0,600.0,180.0,10.0,25.0,2.0,13,195,37.5,487.09,1.0,487.09,2.0,1.0,0.22,214.32
3403,30.0,20.0,600.0,180.0,10.0,25.0,3.0,13,195,37.5,487.09,1.0,487.09,2.0,1.0,0.22,214.32
3404,30.0,20.0,600.0,180.0,10.0,25.0,4.0,13,195,37.5,487.09,1.0,487.09,2.0,1.0,0.22,214.32
3405,30.0,20.0,600.0,180.0,10.0,25.0,5.0,13,195,37.5,487.09,1.0,487.09,2.0,1.0,0.22,214.32
3406,30.0,20.0,600.0,180.0,10.0,25.0,6.0,13,195,37.5,487.09,1.0,487.09,2.0,1.0,0.22,214.32
3407,30.0,20.0,600.0,180.0,10.0,25.0,7.0,13,195,37.5,487.09,1.0,487.09,2.0,1.0,0.22,214.32
3408,30.0,20.0,600.0,180.0,10.0,25.0,8.0,13,195,37.5,487.09,1.0,487.09,2.0,1.0,0.22,214.32
3409,30.0,20.0,600.0,180.0,10.0,25.0,9.0,13,195,37.5,487.09,1.0,487.09,2.0,1.0,0.22,214.32
3410,30.0,20.0,600.0,180.0,10.0,25.0,10.0,13,195,37.5,487.09,1.0,487.09,2.0,1.0,0.22,214.32
3411,30.0,20.0,600.0,180.0,10.0,25.0,11.0,13,195,37.5,487.09,1.0,487.09,2.0,1.0,0.22,214.32
3412,30.0,20.0,600.0,180.0,10.0,25.0,12.0,13,195,37.5,487.09,0.724,352.65,2.0,1.0,0.22,155.17
3413,30.0,20.0,600.0,180.0,10.0,25.0,13.0,13,195,37.5,487.09,1.0,487.09,2.0,1.0,0.22,214.32
3414,30.0,20.0,600.0,180.0,10.0,25.0,14.0,13,195,37.5,487.09,0.716,348.76,2.0,1.0,0.22,153.45
3415,30.0,20.0,600.0,180.0,10.0,25.0,15.0,13,195,37.5,487.09,1.0,487.09,2.0,1.0,0.22,214.32
3416,30.0,20.0,600.0,180.0,10.0,25.0,16.0,13,195,37.5,487.09,0.685,333.66,2.0,1.0,0.22,146.81
3417,30.0,20.0,600.0,180.0,10.0,25.0,17.0,13,195,37.5,487.09,1.0,487.09,2.0,1.0,0.22,214.32
3418,30.0,20.0,600.0,180.0,10.0,25.0,18.0,13,195,37.5,487.09,1.0,487.09,2.0,1.0,0.22,214.32
3419,30.0,20.0,600.0,180.0,10.0,25.0,19.0,13,195,37.5,487.09,1.0,487.09,2.0,1.0,0.22,214.32
3420,30.0,20.0,600.0,180.0,10.0,26.0,0.0,13,195,37.5,487.09,1.0,487.09,2.0,1.0,0.22,214.32
3421,30.0,20.0,600.0,180.0,10.0,26.0,1.0,13,195,37.5,487.09,1.0,487.09,2.0,1.0,0.22,214.32
3422,30.0,20.0,600.0,180.0,10.0,26.0,2.0,13,195,37.5,487.09,1.0,487.09,2.0,1.0,0.22,214.32
3423,30.0,20.0,600.0,180.0,10.0,26.0,3.0,13,195,37.5,487.09,1.0,487.09,2.0,1.0,0.22,214.32
3424,30.0,20.0,600.0,180.0,10.0,26.0,4.0,13,195,37.5,487.09,1.0,487.09,2.0,1.0,0.22,214.32
3425,30.0,20.0,600.0,180.0,10.0,26.0,5.0,13,195,37.5,487.09,1.0,487.09,2.0,1.0,0.22,214.32
3426,30.0,20.0,600.0,180.0,10.0,26.0,6.0,13,195,37.5,487.09,1.0,487.09,2.0,1.0,0.22,214.32
3427,30.0,20.0,600.0,180.0,10.0,26.0,7.0,13,195,37.5,487.09,1.0,487.09,2.0,1.0,0.22,214.32
3428,30.0,20.0,600.0,180.0,10.0,26.0,8.0,13,195,37.5,487.09,1.0,487.09,2.0,1.0,0.22,214.32
3429,30.0,20.0,600.0,180.0,10.0,26.0,9.0,13,195,37.5,487.09,1.0,487.09,2.0,1.0,0.22,214.32
3430,30.0,20.0,600.0,180.0,10.0,26.0,10.0,13,195,37.5,487.09,1.0,487.09,2.0,1.0,0.22,214.32
3431,30.0,20.0,600.0,180.0,10.0,26.0,11.0,13,195,37.5,487.09,1.0,487.09,2.0,1.0,0.22,214.32
3432,30.0,20.0,600.0,180.0,10.0,26.0,12.0,13,195,37.5,487.09,1.0,487.09,2.0,1.0,0.22,214.32
3433,30.0,20.0,600.0,180.0,10.0,26.0,13.0,13,195,37.5,487.09,1.0,487.09,2.0,1.0,0.22,214.32
3434,30.0,20.0,600.0,180.0,10.0,26.0,14.0,13,195,37.5,487.09,0.687,334.63,2.0,1.0,0.22,147.24
3435,30.0,20.0,600.0,180.0,10.0,26.0,15.0,13,195,37.5,487.09,1.0,487.09,2.0,1.0,0.22,214.32
3436,30.0,20.0,600.0,180.0,10.0,26.0,16.0,13,195,37.5,487.09,1.0,487.09,2.0,1.0,0.22,214.32
3437,30.0,20.0,600.0,180.0,10.0,26.0,17.0,13,195,37.5,487.09,1.0,487.09,2.0,1.0,0.22,214.32
3438,30.0,20.0,600.0,180.0,10.0,26.0,18.0,13,195,37.5,487.09,1.0,487.09,2.0,1.0,0.22,214.32
3439,30.0,20.0,600.0,180.0,10.0,26.0,19.0,13,195,37.5,487.09,1.0,487.09,2.0,1.0,0.22,214.32
3440,30.0,20.0,600.0,180.0,10.0,27.0,0.0,13,195,37.5,487.09,1.0,487.09,2.0,1.0,0.22,214.32
3441,30.0,20.0,600.0,180.0,10.0,27.0,1.0,13,195,37.5,487.09,1.0,487.09,2.0,1.0,0.22,214.32
3442,30.0,20.0,600.0,180.0,10.0,27.0,2.0,13,195,37.5,487.09,1.0,487.09,2.0,1.0,0.22,214.32
3443,30.0,20.0,600.0,180.0,10.0,27.0,3.0,13,195,37.5,487.09,1.0,487.09,2.0,1.0,0.22,214.32
3444,30.0,20.0,600.0,180.0,10.0,27.0,4.0,13,195,37.5,487.09,1.0,487.09,2.0,1.0,0.22,214.32
3445,30.0,20.0,600.0,180.0,10.0,27.0,5.0,13,195,37.5,487.09,0.821,399.9,2.0,1.0,0.22,175.96
3446,30.0,20.0,600.0,180.0,10.0,27.0,6.0,13,195,37.5,487.09,1.0,487.09,2.0,1.0,0.22,214.32
3447,30.0,20.0,600.0,180.0,10.0,27.0,7.0,13,195,37.5,487.09,1.0,487.09,2.0,1.0,0.22,214.32
3448,30.0,20.0,600.0,180.0,10.0,27.0,8.0,13,195,37.5,487.09,1.0,487.09,2.0,1.0,0.22,214.32
3449,30.0,20.0,600.0,180.0,10.0,27.0,9.0,13,195,37.5,487.09,1.0,487.09,2.0,1.0,0.22,214.32
3450,30.0,20.0,600.0,180.0,10.0,27.0,10.0,13,195,37.5,487.09,1.0,487.09,2.0,1.0,0.22,214.32
3451,30.0,20.0,600.0,180.0,10.0,27.0,11.0,13,195,37.5,487.09,1.0,487.09,2.0,1.0,0.22,214.32
3452,30.0,20.0,600.0,180.0,10.0,27.0,12.0,13,195,37.5,487.09,1.0,487.09,2.0,1.0,0.22,214.32
3453,30.0,20.0,600.0,180.0,10.0,27.0,13.0,13,195,37.5,487.09,1.0,487.09,2.0,1.0,0.22,214.32
3454,30.0,20.0,600.0,180.0,10.0,27.0,14.0,13,195,37.5,487.09,1.0,487.09,2.0,1.0,0.22,214.32
3455,30.0,20.0,600.0,180.0,10.0,27.0,15.0,13,195,37.5,487.09,1.0,487.09,2.0,1.0,0.22,214.32
3456,30.0,20.0,600.0,180.0,10.0,27.0,16.0,13,195,37.5,487.09,1.0,487.09,2.0,1.0,0.22,214.32
3457,30.0,20.0,600.0,180.0,10.0,27.0,17.0,13,195,37.5,487.09,1.0,487.09,2.0,1.0,0.22,214.32
3458,30.0,20.0,600.0,180.0,10.0,27.0,18.0,13,195,37.5,487.09,1.0,487.09,2.0,1.0,0.22,214.32
3459,30.0,20.0,600.0,180.0,10.0,27.0,19.0,13,195,37.5,487.09,1.0,487.09,2.0,1.0,0.22,214.32
3460,30.0,20.0,600.0,180.0,10.0,28.0,0.0,13,195,37.5,487.09,1.0,487.09,2.0,1.0,0.22,214.32
3461,30.0,20.0,600.0,180.0,10.0,28.0,1.0,13,195,37.5,487.09,1.0,487.09,2.0,1.0,0.22,214.32
3462,30.0,20.0,600.0,180.0,10.0,28.0,2.0,13,195,37.5,487.09,1.0,487.09,2.0,1.0,0.22,214.32
3463,30.0,20.0,600.0,180.0,10.0,28.0,3.0,13,195,37.5,487.09,1.0,487.09,2.0,1.0,0.22,214.32
3464,30.0,20.0,600.0,180.0,10.0,28.0,4.0,13,195,37.5,487.09,1.0,487.09,2.0,1.0,0.22,214.32
3465,30.0,20.0,600.0,180.0,10.0,28.0,5.0,13,195,37.5,487.09,1.0,487.09,2.0,1.0,0.22,214.32
3466,30.0,20.0,600.0,180.0,10.0,28.0,6.0,13,195,37.5,487.09,1.0,487.09,2.0,1.0,0.22,214.32
3467,30.0,20.0,600.0,180.0,10.0,28.0,7.0,13,195,37.5,487.09,1.0,487.09,2.0,1.0,0.22,214.32
3468,30.0,20.0,600.0,180.0,10.0,28.0,8.0,13,195,37.5,487.09,1.0,487.09,2.0,1.0,0.22,214.32
3469,30.0,20.0,600.0,180.0,10.0,28.0,9.0,13,195,37.5,487.09,1.0,487.09,2.0,1.0,0.22,214.32
3470,30.0,20.0,600.0,180.0,10.0,28.0,10.0,13,195,37.5,487.09,1.0,487.09,2.0,1.0,0.22,214.32
3471,30.0,20.0,600.0,180.0,10.0,28.0,11.0,13,195,37.5,487.09,1.0,487.09,2.0,1.0,0.22,214.32
3472,30.0,20.0,600.0,180.0,10.0,28.0,12.0,13,195,37.5,487.09,1.0,487.09,2.0,1.0,0.22,214.32
3473,30.0,20.0,600.0,180.0,10.0,28.0,13.0,13,195,37.5,487.09,1.0,487.09,2.0,1.0,0.22,214.32
3474,30.0,20.0,600.0,180.0,10.0,28.0,14.0,13,195,37.5,487.09,1.0,487.09,2.0,1.0,0.22,214.32
3475,30.0,20.0,600.0,180.0,10.0,28.0,15.0,13,195,37.5,487.09,1.0,487.09,2.0,1.0,0.22,214.32
3476,30.0,20.0,600.0,180.0,10.0,28.0,16.0,13,195,37.5,487.09,1.0,487.09,2.0,1.0,0.22,214.32
3477,30.0,20.0,600.0,180.0,10.0,28.0,17.0,13,195,37.5,487.09,1.0,487.09,2.0,1.0,0.22,214.32
3478,30.0,20.0,600.0,180.0,10.0,28.0,18.0,13,195,37.5,487.09,1.0,487.09,2.0,1.0,0.22,214.32
3479,30.0,20.0,600.0,180.0,10.0,28.0,19.0,13,195,37.5,487.09,1.0,487.09,2.0,1.0,0.22,214.32
3480,30.0,20.0,600.0,180.0,10.0,0.0,0.0,14,210,0,0.0,1.0,0.0,2.0,1.0,0.22,0.0
3481,30.0,20.0,600.0,180.0,10.0,0.0,1.0,14,210,0,0.0,1.0,0.0,2.0,1.0,0.22,0.0
3482,30.0,20.0,600.0,180.0,10.0,0.0,2.0,14,210,0,0.0,1.0,0.0,2.0,1.0,0.22,0.0
3483,30.0,20.0,600.0,180.0,10.0,0.0,3.0,14,210,0,0.0,1.0,0.0,2.0,1.0,0.22,0.0
3484,30.0,20.0,600.0,180.0,10.0,0.0,4.0,14,210,0,0.0,1.0,0.0,2.0,1.0,0.22,0.0
3485,30.0,20.0,600.0,180.0,10.0,0.0,5.0,14,210,0,0.0,1.0,0.0,2.0,1.0,0.22,0.0
3486,30.0,20.0,600.0,180.0,10.0,0.0,6.0,14,210,0,0.0,1.0,0.0,2.0,1.0,0.22,0.0
3487,30.0,20.0,600.0,180.0,10.0,0.0,7.0,14,210,0,0.0,1.0,0.0,2.0,1.0,0.22,0.0
3488,30.0,20.0,600.0,180.0,10.0,0.0,8.0,14,210,0,0.0,1.0,0.0,2.0,1.0,0.22,0.0
3489,30.0,20.0,600.0,180.0,10.0,0.0,9.0,14,210,0,0.0,1.0,0.0,2.0,1.0,0.22,0.0
3490,30.0,20.0,600.0,180.0,10.0,0.0,10.0,14,210,0,0.0,1.0,0.0,2.0,1.0,0.22,0.0
3491,30.0,20.0,600.0,180.0,10.0,0.0,11.0,14,210,0,0.0,0.66,0.0,2.0,1.0,0.22,0.0
3492,30.0,20.0,600.0,180.0,10.0,0.0,12.0,14,210,0,0.0,1.0,0.0,2.0,1.0,0.22,0.0
3493,30.0,20.0,600.0,180.0,10.0,0.0,13.0,14,210,0,0.0,1.0,0.0,2.0,1.0,0.22,0.0
3494,30.0,20.0,600.0,180.0,10.0,0.0,14.0,14,210,0,0.0,1.0,0.0,2.0,1.0,0.22,0.0
3495,30.0,20.0,600.0,180.0,10.0,0.0,15.0,14,210,0,0.0,1.0,0.0,2.0,1.0,0.22,0.0
3496,30.0,20.0,600.0,180.0,10.0,0.0,16.0,14,210,0,0.0,1.0,0.0,2.0,1.0,0.22,0.0
3497,30.0,20.0,600.0,180.0,10.0,0.0,17.0,14,210,0,0.0,1.0,0.0,2.0,1.0,0.22,0.0
3498,30.0,20.0,600.0,180.0,10.0,0.0,18.0,14,210,0,0.0,1.0,0.0,2.0,1.0,0.22,0.0
3499,30.0,20.0,600.0,180.0,10.0,0.0,19.0,14,210,0,0.0,1.0,0.0,2.0,1.0,0.22,0.0
3500,30.0,20.0,600.0,180.0,10.0,1.0,0.0,14,210,0,0.0,1.0,0.0,2.0,1.0,0.22,0.0
3501,30.0,20.0,600.0,180.0,10.0,1.0,1.0,14,210,0,0.0,0.595,0.0,2.0,1.0,0.22,0.0
3502,30.0,20.0,600.0,180.0,10.0,1.0,2.0,14,210,0,0.0,1.0,0.0,2.0,1.0,0.22,0.0
3503,30.0,20.0,600.0,180.0,10.0,1.0,3.0,14,210,0,0.0,1.0,0.0,2.0,1.0,0.22,0.0
3504,30.0,20.0,600.0,180.0,10.0,1.0,4.0,14,210,0,0.0,0.542,0.0,2.0,1.0,0.22,0.0
3505,30.0,20.0,600.0,180.0,10.0,1.0,5.0,14,210,0,0.0,1.0,0.0,2.0,1.0,0.22,0.0
3506,30.0,20.0,600.0,180.0,10.0,1.0,6.0,14,210,0,0.0,1.0,0.0,2.0,1.0,0.22,0.0
3507,30.0,20.0,600.0,180.0,10.0,1.0,7.0,14,210,0,0.0,1.0,0.0,2.0,1.0,0.22,0.0
3508,30.0,20.0,600.0,180.0,10.0,1.0,8.0,14,210,0,0.0,1.0,0.0,2.0,1.0,0.22,0.0
3509,30.0,20.0,600.0,180.0,10.0,1.0,9.0,14,210,0,0.0,1.0,0.0,2.0,1.0,0.22,0.0
3510,30.0,20.0,600.0,180.0,10.0,1.0,10.0,14,210,0,0.0,1.0,0.0,2.0,1.0,0.22,0.0
3511,30.0,20.0,600.0,180.0,10.0,1.0,11.0,14,210,0,0.0,1.0,0.0,2.0,1.0,0.22,0.0
3512,30.0,20.0,600.0,180.0,10.0,1.0,12.0,14,210,0,0.0,1.0,0.0,2.0,1.0,0.22,0.0
3513,30.0,20.0,600.0,180.0,10.0,1.0,13.0,14,210,0,0.0,1.0,0.0,2.0,1.0,0.22,0.0
3514,30.0,20.0,600.0,180.0,10.0,1.0,14.0,14,210,0,0.0,1.0,0.0,2.0,1.0,0.22,0.0
3515,30.0,20.0,600.0,180.0,10.0,1.0,15.0,14,210,0,0.0,1.0,0.0,2.0,1.0,0.22,0.0
3516,30.0,20.0,600.0,180.0,10.0,1.0,16.0,14,210,0,0.0,1.0,0.0,2.0,1.0,0.22,0.0
3517,30.0,20.0,600.0,180.0,10.0,1.0,17.0,14,210,0,0.0,1.0,0.0,2.0,1.0,0.22,0.0
3518,30.0,20.0,600.0,180.0,10.0,1.0,18.0,14,210,0,0.0,1.0,0.0,2.0,1.0,0.22,0.0
3519,30.0,20.0,600.0,180.0,10.0,1.0,19.0,14,210,0,0.0,1.0,0.0,2.0,1.0,0.22,0.0
3520,30.0,20.0,600.0,180.0,10.0,2.0,0.0,14,210,0,0.0,1.0,0.0,2.0,1.0,0.22,0.0
3521,30.0,20.0,600.0,180.0,10.0,2.0,1.0,14,210,0,0.0,1.0,0.0,2.0,1.0,0.22,0.0
3522,30.0,20.0,600.0,180.0,10.0,2.0,2.0,14,210,0,0.0,1.0,0.0,2.0,1.0,0.22,0.0
3523,30.0,20.0,600.0,180.0,10.0,2.0,3.0,14,210,0,0.0,1.0,0.0,2.0,1.0,0.22,0.0
3524,30.0,20.0,600.0,180.0,10.0,2.0,4.0,14,210,0,0.0,1.0,0.0,2.0,1.0,0.22,0.0
3525,30.0,20.0,600.0,180.0,10.0,2.0,5.0,14,210,0,0.0,1.0,0.0,2.0,1.0,0.22,0.0
3526,30.0,20.0,600.0,180.0,10.0,2.0,6.0,14,210,0,0.0,1.0,0.0,2.0,1.0,0.22,0.0
3527,30.0,20.0,600.0,180.0,10.0,2.0,7.0,14,210,0,0.0,1.0,0.0,2.0,1.0,0.22,0.0
3528,30.0,20.0,600.0,180.0,10.0,2.0,8.0,14,210,0,0.0,0.776,0.0,2.0,1.0,0.22,0.0
3529,30.0,20.0,600.0,180.0,10.0,2.0,9.0,14,210,0,0.0,1.0,0.0,2.0,1.0,0.22,0.0
3530,30.0,20.0,600.0,180.0,10.0,2.0,10.0,14,210,0,0.0,0.798,0.0,2.0,1.0,0.22,0.0
3531,30.0,20.0,600.0,180.0,10.0,2.0,11.0,14,210,0,0.0,1.0,0.0,2.0,1.0,0.22,0.0
3532,30.0,20.0,600.0,180.0,10.0,2.0,12.0,14,210,0,0.0,1.0,0.0,2.0,1.0,0.22,0.0
3533,30.0,20.0,600.0,180.0,10.0,2.0,13.0,14,210,0,0.0,1.0,0.0,2.0,1.0,0.22,0.0
3534,30.0,20.0,600.0,180.0,10.0,2.0,14.0,14,210,0,0.0,1.0,0.0,2.0,1.0,0.22,0.0
3535,30.0,20.0,600.0,180.0,10.0,2.0,15.0,14,210,0,0.0,0.512,0.0,2.0,1.0,0.22,0.0
3536,30.0,20.0,600.0,180.0,10.0,2.0,16.0,14,210,0,0.0,1.0,0.0,2.0,1.0,0.22,0.0
3537,30.0,20.0,600.0,180.0,10.0,2.0,17.0,14,210,0,0.0,1.0,0.0,2.0,1.0,0.22,0.0
3538,30.0,20.0,600.0,180.0,10.0,2.0,18.0,14,210,0,0.0,1.0,0.0,2.0,1.0,0.22,0.0
3539,30.0,20.0,600.0,180.0,10.0,2.0,19.0,14,210,0,0.0,1.0,0.0,2.0,1.0,0.22,0.0
3540,30.0,20.0,600.0,180.0,10.0,3.0,0.0,14,210,0,0.0,0.891,0.0,2.0,1.0,0.22,0.0
3541,30.0,20.0,600.0,180.0,10.0,3.0,1.0,14,210,0,0.0,1.0,0.0,2.0,1.0,0.22,0.0
3542,30.0,20.0,600.0,180.0,10.0,3.0,2.0,14,210,0,0.0,1.0,0.0,2.0,1.0,0.22,0.0
3543,30.0,20.0,600.0,180.0,10.0,3.0,3.0,14,210,0,0.0,1.0,0.0,2.0,1.0,0.22,0.0
3544,30.0,20.0,600.0,180.0,10.0,3.0,4.0,14,210,0,0.0,1.0,0.0,2.0,1.0,0.22,0.0
3545,30.0,20.0,600.0,180.0,10.0,3.0,5.0,14,210,0,0.0,1.0,0.0,2.0,1.0,0.22,0.0
3546,30.0,20.0,600.0,180.0,10.0,3.0,6.0,14,210,0,0.0,1.0,0.0,2.0,1.0,0.22,0.0
3547,30.0,20.0,600.0,180.0,10.0,3.0,7.0,14,210,0,0.0,1.0,0.0,2.0,1.0,0.22,0.0
3548,30.0,20.0,600.0,180.0,10.0,3.0,8.0,14,210,0,0.0,1.0,0.0,2.0,1.0,0.22,0.0
3549,30.0,20.0,600.0,180.0,10.0,3.0,9.0,14,210,0,0.0,1.0,0.0,2.0,1.0,0.22,0.0
3550,30.0,20.0,600.0,180.0,10.0,3.0,10.0,14,210,0,0.0,1.0,0.0,2.0,1.0,0.22,0.0
3551,30.0,20.0,600.0,180.0,10.0,3.0,11.0,14,210,0,0.0,1.0,0.0,2.0,1.0,0.22,0.0
3552,30.0,20.0,600.0,180.0,10.0,3.0,12.0,14,210,0,0.0,1.0,0.0,2.0,1.0,0.22,0.0
3553,30.0,20.0,600.0,180.0,10.0,3.0,13.0,14,210,0,0.0,1.0,0.0,2.0,1.0,0.22,0.0
3554,30.0,20.0,600.0,180.0,10.0,3.0,14.0,14,210,0,0.0,1.0,0.0,2.0,1.0,0.22,0.0
3555,30.0,20.0,600.0,180.0,10.0,3.0,15.0,14,210,0,0.0,1.0,0.0,2.0,1.0,0.22,0.0
3556,30.0,20.0,600.0,180.0,10.0,3.0,16.0,14,210,0,0.0,1.0,0.0,2.0,1.0,0.22,0.0
3557,30.0,20.0,600.0,180.0,10.0,3.0,17.0,14,210,0,0.0,1.0,0.0,2.0,1.0,0.22,0.0
3558,30.0,20.0,600.0,180.0,10.0,3.0,18.0,14,210,0,0.0,1.0,0.0,2.0,1.0,0.22,0.0
3559,30.0,20.0,600.0,180.0,10.0,3.0,19.0,14,210,0,0.0,1.0,0.0,2.0,1.0,0.22,0.0
3560,30.0,20.0,600.0,180.0,10.0,4.0,0.0,14,210,0,0.0,1.0,0.0,2.0,1.0,0.22,0.0
3561,30.0,20.0,600.0,180.0,10.0,4.0,1.0,14,210,0,0.0,0.512,0.0,2.0,1.0,0.22,0.0
3562,30.0,20.0,600.0,180.0,10.0,4.0,2.0,14,210,0,0.0,1.0,0.0,2.0,1.0,0.22,0.0
3563,30.0,20.0,600.0,180.0,10.0,4.0,3.0,14,210,0,0.0,1.0,0.0,2.0,1.0,0.22,0.0
3564,30.0,20.0,600.0,180.0,10.0,4.0,4.0,14,210,0,0.0,1.0,0.0,2.0,1.0,0.22,0.0
3565,30.0,20.0,600.0,180.0,10.0,4.0,5.0,14,210,0,0.0,1.0,0.0,2.0,1.0,0.22,0.0
3566,30.0,20.0,600.0,180.0,10.0,4.0,6.0,14,210,0,0.0,1.0,0.0,2.0,1.0,0.22,0.0
3567,30.0,20.0,600.0,180.0,10.0,4.0,7.0,14,210,0,0.0,1.0,0.0,2.0,1.0,0.22,0.0
3568,30.0,20.0,600.0,180.0,10.0,4.0,8.0,14,210,0,0.0,1.0,0.0,2.0,1.0,0.22,0.0
3569,30.0,20.0,600.0,180.0,10.0,4.0,9.0,14,210,0,0.0,1.0,0.0,2.0,1.0,0.22,0.0
3570,30.0,20.0,600.0,180.0,10.0,4.0,10.0,14,210,0,0.0,1.0,0.0,2.0,1.0,0.22,0.0
3571,30.0,20.0,600.0,180.0,10.0,4.0,11.0,14,210,0,0.0,1.0,0.0,2.0,1.0,0.22,0.0
3572,30.0,20.0,600.0,180.0,10.0,4.0,12.0,14,210,0,0.0,1.0,0.0,2.0,1.0,0.22,0.0
3573,30.0,20.0,600.0,180.0,10.0,4.0,13.0,14,210,0,0.0,1.0,0.0,2.0,1.0,0.22,0.0
3574,30.0,20.0,600.0,180.0,10.0,4.0,14.0,14,210,0,0.0,1.0,0.0,2.0,1.0,0.22,0.0
3575,30.0,20.0,600.0,180.0,10.0,4.0,15.0,14,210,0,0.0,1.0,0.0,2.0,1.0,0.22,0.0
3576,30.0,20.0,600.0,180.0,10.0,4.0,16.0,14,210,0,0.0,1.0,0.0,2.0,1.0,0.22,0.0
3577,30.0,20.0,600.0,180.0,10.0,4.0,17.0,14,210,0,0.0,1.0,0.0,2.0,1.0,0.22,0.0
3578,30.0,20.0,600.0,180.0,10.0,4.0,18.0,14,210,0,0.0,1.0,0.0,2.0,1.0,0.22,0.0
3579,30.0,20.0,600.0,180.0,10.0,4.0,19.0,14,210,0,0.0,1.0,0.0,2.0,1.0,0.22,0.0
3580,30.0,20.0,600.0,180.0,10.0,5.0,0.0,14,210,0,0.0,1.0,0.0,2.0,1.0,0.22,0.0
3581,30.0,20.0,600.0,180.0,10.0,5.0,1.0,14,210,0,0.0,1.0,0.0,2.0,1.0,0.22,0.0
3582,30.0,20.0,600.0,180.0,10.0,5.0,2.0,14,210,0,0.0,1.0,0.0,2.0,1.0,0.22,0.0
3583,30.0,20.0,600.0,180.0,10.0,5.0,3.0,14,210,0,0.0,1.0,0.0,2.0,1.0,0.22,0.0
3584,30.0,20.0,600.0,180.0,10.0,5.0,4.0,14,210,0,0.0,1.0,0.0,2.0,1.0,0.22,0.0
3585,30.0,20.0,600.0,180.0,10.0,5.0,5.0,14,210,0,0.0,1.0,0.0,2.0,1.0,0.22,0.0
3586,30.0,20.0,600.0,180.0,10.0,5.0,6.0,14,210,0,0.0,1.0,0.0,2.0,1.0,0.22,0.0
3587,30.0,20.0,600.0,180.0,10.0,5.0,7.0,14,210,0,0.0,0.744,0.0,2.0,1.0,0.22,0.0
3588,30.0,20.0,600.0,180.0,10.0,5.0,8.0,14,210,0,0.0,1.0,0.0,2.0,1.0,0.22,0.0
3589,30.0,20.0,600.0,180.0,10.0,5.0,9.0,14,210,0,0.0,1.0,0.0,2.0,1.0,0.22,0.0
3590,30.0,20.0,600.0,180.0,10.0,5.0,10.0,14,210,0,0.0,1.0,0.0,2.0,1.0,0.22,0.0
3591,30.0,20.0,600.0,180.0,10.0,5.0,11.0,14,210,0,0.0,1.0,0.0,2.0,1.0,0.22,0.0
3592,30.0,20.0,600.0,180.0,10.0,5.0,12.0,14,210,0,0.0,1.0,0.0,2.0,1.0,0.22,0.0
3593,30.0,20.0,600.0,180.0,10.0,5.0,13.0,14,210,0,0.0,1.0,0.0,2.0,1.0,0.22,0.0
3594,30.0,20.0,600.0,180.0,10.0,5.0,14.0,14,210,0,0.0,1.0,0.0,2.0,1.0,0.22,0.0
3595,30.0,20.0,600.0,180.0,10.0,5.0,15.0,14,210,0,0.0,1.0,0.0,2.0,1.0,0.22,0.0
3596,30.0,20.0,600.0,180.0,10.0,5.0,16.0,14,210,0,0.0,1.0,0.0,2.0,1.0,0.22,0.0
3597,30.0,20.0,600.0,180.0,10.0,5.0,17.0,14,210,0,0.0,1.0,0.0,2.0,1.0,0.22,0.0
3598,30.0,20.0,600.0,180.0,10.0,5.0,18.0,14,210,0,0.0,1.0,0.0,2.0,1.0,0.22,0.0
3599,30.0,20.0,600.0,180.0,10.0,5.0,19.0,14,210,0,0.0,1.0,0.0,2.0,1.0,0.22,0.0
3600,30.0,20.0,600.0,180.0,10.0,6.0,0.0,14,210,0,0.0,1.0,0.0,2.0,1.0,0.22,0.0
3601,30.0,20.0,600.0,180.0,10.0,6.0,1.0,14,210,0,0.0,1.0,0.0,2.0,1.0,0.22,0.0
3602,30.0,20.0,600.0,180.0,10.0,6.0,2.0,14,210,0,0.0,1.0,0.0,2.0,1.0,0.22,0.0
3603,30.0,20.0,600.0,180.0,10.0,6.0,3.0,14,210,0,0.0,1.0,0.0,2.0,1.0,0.22,0.0
3604,30.0,20.0,600.0,180.0,10.0,6.0,4.0,14,210,0,0.0,1.0,0.0,2.0,1.0,0.22,0.0
3605,30.0,20.0,600.0,180.0,10.0,6.0,5.0,14,210,0,0.0,1.0,0.0,2.0,1.0,0.22,0.0
3606,30.0,20.0,600.0,180.0,10.0,6.0,6.0,14,210,0,0.0,1.0,0.0,2.0,1.0,0.22,0.0
3607,30.0,20.0,600.0,180.0,10.0,6.0,7.0,14,210,0,0.0,1.0,0.0,2.0,1.0,0.22,0.0
3608,30.0,20.0,600.0,180.0,10.0,6.0,8.0,14,210,0,0.0,1.0,0.0,2.0,1.0,0.22,0.0
3609,30.0,20.0,600.0,180.0,10.0,6.0,9.0,14,210,0,0.0,1.0,0.0,2.0,1.0,0.22,0.0
3610,30.0,20.0,600.0,180.0,10.0,6.0,10.0,14,210,0,0.0,1.0,0.0,2.0,1.0,0.22,0.0
3611,30.0,20.0,600.0,180.0,10.0,6.0,11.0,14,210,0,0.0,1.0,0.0,2.0,1.0,0.22,0.0
3612,30.0,20.0,600.0,180.0,10.0,6.0,12.0,14,210,0,0.0,1.0,0.0,2.0,1.0,0.22,0.0
3613,30.0,20.0,600.0,180.0,10.0,6.0,13.0,14,210,0,0.0,1.0,0.0,2.0,1.0,0.22,0.0
3614,30.0,20.0,600.0,180.0,10.0,6.0,14.0,14,210,0,0.0,1.0,0.0,2.0,1.0,0.22,0.0
3615,30.0,20.0,600.0,180.0,10.0,6.0,15.0,14,210,0,0.0,1.0,0.0,2.0,1.0,0.22,0.0
3616,30.0,20.0,600.0,180.0,10.0,6.0,16.0,14,210,0,0.0,1.0,0.0,2.0,1.0,0.22,0.0
3617,30.0,20.0,600.0,180.0,10.0,6.0,17.0,14,210,0,0.0,1.0,0.0,2.0,1.0,0.22,0.0
3618,30.0,20.0,600.0,180.0,10.0,6.0,18.0,14,210,0,0.0,1.0,0.0,2.0,1.0,0.22,0.0
3619,30.0,20.0,600.0,180.0,10.0,6.0,19.0,14,210,0,0.0,1.0,0.0,2.0,1.0,0.22,0.0
3620,30.0,20.0,600.0,180.0,10.0,7.0,0.0,14,210,0,0.0,0.603,0.0,2.0,1.0,0.22,0.0
3621,30.0,20.0,600.0,180.0,10.0,7.0,1.0,14,210,0,0.0,1.0,0.0,2.0,1.0,0.22,0.0
3622,30.0,20.0,600.0,180.0,10.0,7.0,2.0,14,210,0,0.0,1.0,0.0,2.0,1.0,0.22,0.0
3623,30.0,20.0,600.0,180.0,10.0,7.0,3.0,14,210,0,0.0,1.0,0.0,2.0,1.0,0.22,0.0
3624,30.0,20.0,600.0,180.0,10.0,7.0,4.0,14,210,0,0.0,1.0,0.0,2.0,1.0,0.22,0.0
3625,30.0,20.0,600.0,180.0,10.0,7.0,5.0,14,210,0,0.0,1.0,0.0,2.0,1.0,0.22,0.0
3626,30.0,20.0,600.0,180.0,10.0,7.0,6.0,14,210,0,0.0,1.0,0.0,2.0,1.0,0.22,0.0
3627,30.0,20.0,600.0,180.0,10.0,7.0,7.0,14,210,0,0.0,0.743,0.0,2.0,1.0,0.22,0.0
3628,30.0,20.0,600.0,180.0,10.0,7.0,8.0,14,210,0,0.0,1.0,0.0,2.0,1.0,0.22,0.0
3629,30.0,20.0,600.0,180.0,10.0,7.0,9.0,14,210,0,0.0,1.0,0.0,2.0,1.0,0.22,0.0
3630,30.0,20.0,600.0,180.0,10.0,7.0,10.0,14,210,0,0.0,1.0,0.0,2.0,1.0,0.22,0.0
3631,30.0,20.0,600.0,180.0,10.0,7.0,11.0,14,210,0,0.0,1.0,0.0,2.0,1.0,0.22,0.0
3632,30.0,20.0,600.0,180.0,10.0,7.0,12.0,14,210,0,0.0,1.0,0.0,2.0,1.0,0.22,0.0
3633,30.0,20.0,600.0,180.0,10.0,7.0,13.0,14,210,0,0.0,1.0,0.0,2.0,1.0,0.22,0.0
3634,30.0,20.0,600.0,180.0,10.0,7.0,14.0,14,210,0,0.0,1.0,0.0,2.0,1.0,0.22,0.0
3635,30.0,20.0,600.0,180.0,10.0,7.0,15.0,14,210,0,0.0,1.0,0.0,2.0,1.0,0.22,0.0
3636,30.0,20.0,600.0,180.0,10.0,7.0,16.0,14,210,0,0.0,0.591,0.0,2.0,1.0,0.22,0.0
3637,30.0,20.0,600.0,180.0,10.0,7.0,17.0,14,210,0,0.0,1.0,0.0,2.0,1.0,0.22,0.0
3638,30.0,20.0,600.0,180.0,10.0,7.0,18.0,14,210,0,0.0,1.0,0.0,2.0,1.0,0.22,0.0
3639,30.0,20.0,600.0,180.0,10.0,7.0,19.0,14,210,0,0.0,1.0,0.0,2.0,1.0,0.22,0.0
3640,30.0,20.0,600.0,180.0,10.0,8.0,0.0,14,210,0,0.0,1.0,0.0,2.0,1.0,0.22,0.0
3641,30.0,20.0,600.0,180.0,10.0,8.0,1.0,14,210,0,0.0,1.0,0.0,2.0,1.0,0.22,0.0
3642,30.0,20.0,600.0,180.0,10.0,8.0,2.0,14,210,0,0.0,1.0,0.0,2.0,1.0,0.22,0.0
3643,30.0,20.0,600.0,180.0,10.0,8.0,3.0,14,210,0,0.0,1.0,0.0,2.0,1.0,0.22,0.0
3644,30.0,20.0,600.0,180.0,10.0,8.0,4.0,14,210,0,0.0,1.0,0.0,2.0,1.0,0.22,0.0
3645,30.0,20.0,600.0,180.0,10.0,8.0,5.0,14,210,0,0.0,1.0,0.0,2.0,1.0,0.22,0.0
3646,30.0,20.0,600.0,180.0,10.0,8.0,6.0,14,210,0,0.0,1.0,0.0,2.0,1.0,0.22,0.0
3647,30.0,20.0,600.0,180.0,10.0,8.0,7.0,14,210,0,0.0,1.0,0.0,2.0,1.0,0.22,0.0
3648,30.0,20.0,600.0,180.0,10.0,8.0,8.0,14,210,0,0.0,1.0,0.0,2.0,1.0,0.22,0.0
3649,30.0,20.0,600.0,180.0,10.0,8.0,9.0,14,210,0,0.0,1.0,0.0,2.0,1.0,0.22,0.0
3650,30.0,20.0,600.0,180.0,10.0,8.0,10.0,14,210,0,0.0,1.0,0.0,2.0,1.0,0.22,0.0
3651,30.0,20.0,600.0,180.0,10.0,8.0,11.0,14,210,0,0.0,1.0,0.0,2.0,1.0,0.22,0.0
3652,30.0,20.0,600.0,180.0,10.0,8.0,12.0,14,210,0,0.0,1.0,0.0,2.0,1.0,0.22,0.0
3653,30.0,20.0,600.0,180.0,10.0,8.0,13.0,14,210,0,0.0,1.0,0.0,2.0,1.0,0.22,0.0
3654,30.0,20.0,600.0,180.0,10.0,8.0,14.0,14,210,0,0.0,1.0,0.0,2.0,1.0,0.22,0.0
3655,30.0,20.0,600.0,180.0,10.0,8.0,15.0,14,210,0,0.0,1.0,0.0,2.0,1.0,0.22,0.0
3656,30.0,20.0,600.0,180.0,10.0,8.0,16.0,14,210,0,0.0,1.0,0.0,2.0,1.0,0.22,0.0
3657,30.0,20.0,600.0,180.0,10.0,8.0,17.0,14,210,0,0.0,1.0,0.0,2.0,1.0,0.22,0.0
3658,30.0,20.0,600.0,180.0,10.0,8.0,18.0,14,210,0,0.0,1.0,0.0,2.0,1.0,0.22,0.0
3659,30.0,20.0,600.0,180.0,10.0,8.0,19.0,14,210,0,0.0,1.0,0.0,2.0,1.0,0.22,0.0
3660,30.0,20.0,600.0,180.0,10.0,9.0,0.0,14,210,0,0.0,1.0,0.0,2.0,1.0,0.22,0.0
3661,30.0,20.0,600.0,180.0,10.0,9.0,1.0,14,210,0,0.0,1.0,0.0,2.0,1.0,0.22,0.0
3662,30.0,20.0,600.0,180.0,10.0,9.0,2.0,14,210,0,0.0,1.0,0.0,2.0,1.0,0.22,0.0
3663,30.0,20.0,600.0,180.0,10.0,9.0,3.0,14,210,0,0.0,1.0,0.0,2.0,1.0,0.22,0.0
3664,30.0,20.0,600.0,180.0,10.0,9.0,4.0,14,210,0,0.0,1.0,0.0,2.0,1.0,0.22,0.0
3665,30.0,20.0,600.0,180.0,10.0,9.0,5.0,14,210,0,0.0,1.0,0.0,2.0,1.0,0.22,0.0
3666,30.0,20.0,600.0,180.0,10.0,9.0,6.0,14,210,0,0.0,1.0,0.0,2.0,1.0,0.22,0.0
3667,30.0,20.0,600.0,180.0,10.0,9.0,7.0,14,210,0,0.0,1.0,0.0,2.0,1.0,0.22,0.0
3668,30.0,20.0,600.0,180.0,10.0,9.0,8.0,14,210,0,0.0,1.0,0.0,2.0,1.0,0.22,0.0
3669,30.0,20.0,600.0,180.0,10.0,9.0,9.0,14,210,0,0.0,1.0,0.0,2.0,1.0,0.22,0.0
3670,30.0,20.0,600.0,180.0,10.0,9.0,10.0,14,210,0,0.0,1.0,0.0,2.0,1.0,0.22,0.0
3671,30.0,20.0,600.0,180.0,10.0,9.0,11.0,14,210,0,0.0,1.0,0.0,2.0,1.0,0.22,0.0
3672,30.0,20.0,600.0,180.0,10.0,9.0,12.0,14,210,0,0.0,1.0,0.0,2.0,1.0,0.22,0.0
3673,30.0,20.0,600.0,180.0,10.0,9.0,13.0,14,210,0,0.0,1.0,0.0,2.0,1.0,0.22,0.0
3674,30.0,20.0,600.0,180.0,10.0,9.0,14.0,14,210,0,0.0,1.0,0.0,2.0,1.0,0.22,0.0
3675,30.0,20.0,600.0,180.0,10.0,9.0,15.0,14,210,0,0.0,1.0,0.0,2.0,1.0,0.22,0.0
3676,30.0,20.0,600.0,180.0,10.0,9.0,16.0,14,210,0,0.0,1.0,0.0,2.0,1.0,0.22,0.0
3677,30.0,20.0,600.0,180.0,10.0,9.0,17.0,14,210,0,0.0,1.0,0.0,2.0,1.0,0.22,0.0
3678,30.0,20.0,600.0,180.0,10.0,9.0,18.0,14,210,0,0.0,1.0,0.0,2.0,1.0,0.22,0.0
3679,30.0,20.0,600.0,180.0,10.0,9.0,19.0,14,210,0,0.0,1.0,0.0,2.0,1.0,0.22,0.0
3680,30.0,20.0,600.0,180.0,10.0,10.0,0.0,14,210,0,0.0,1.0,0.0,2.0,1.0,0.22,0.0
3681,30.0,20.0,600.0,180.0,10.0,10.0,1.0,14,210,0,0.0,1.0,0.0,2.0,1.0,0.22,0.0
3682,30.0,20.0,600.0,180.0,10.0,10.0,2.0,14,210,0,0.0,1.0,0.0,2.0,1.0,0.22,0.0
3683,30.0,20.0,600.0,180.0,10.0,10.0,3.0,14,210,0,0.0,1.0,0.0,2.0,1.0,0.22,0.0
3684,30.0,20.0,600.0,180.0,10.0,10.0,4.0,14,210,0,0.0,1.0,0.0,2.0,1.0,0.22,0.0
3685,30.0,20.0,600.0,180.0,10.0,10.0,5.0,14,210,0,0.0,0.847,0.0,2.0,1.0,0.22,0.0
3686,30.0,20.0,600.0,180.0,10.0,10.0,6.0,14,210,0,0.0,1.0,0.0,2.0,1.0,0.22,0.0
3687,30.0,20.0,600.0,180.0,10.0,10.0,7.0,14,210,0,0.0,1.0,0.0,2.0,1.0,0.22,0.0
3688,30.0,20.0,600.0,180.0,10.0,10.0,8.0,14,210,0,0.0,1.0,0.0,2.0,1.0,0.22,0.0
3689,30.0,20.0,600.0,180.0,10.0,10.0,9.0,14,210,0,0.0,1.0,0.0,2.0,1.0,0.22,0.0
3690,30.0,20.0,600.0,180.0,10.0,10.0,10.0,14,210,0,0.0,1.0,0.0,2.0,1.0,0.22,0.0
3691,30.0,20.0,600.0,180.0,10.0,10.0,11.0,14,210,0,0.0,1.0,0.0,2.0,1.0,0.22,0.0
3692,30.0,20.0,600.0,180.0,10.0,10.0,12.0,14,210,0,0.0,1.0,0.0,2.0,1.0,0.22,0.0
3693,30.0,20.0,600.0,180.0,10.0,10.0,13.0,14,210,0,0.0,1.0,0.0,2.0,1.0,0.22,0.0
3694,30.0,20.0,600.0,180.0,10.0,10.0,14.0,14,210,0,0.0,1.0,0.0,2.0,1.0,0.22,0.0
3695,30.0,20.0,600.0,180.0,10.0,10.0,15.0,14,210,0,0.0,1.0,0.0,2.0,1.0,0.22,0.0
3696,30.0,20.0,600.0,180.0,10.0,10.0,16.0,14,210,0,0.0,1.0,0.0,2.0,1.0,0.22,0.0
3697,30.0,20.0,600.0,180.0,10.0,10.0,17.0,14,210,0,0.0,1.0,0.0,2.0,1.0,0.22,0.0
3698,30.0,20.0,600.0,180.0,10.0,10.0,18.0,14,210,0,0.0,1.0,0.0,2.0,1.0,0.22,0.0
3699,30.0,20.0,600.0,180.0,10.0,10.0,19.0,14,210,0,0.0,1.0,0.0,2.0,1.0,0.22,0.0
3700,30.0,20.0,600.0,180.0,10.0,11.0,0.0,14,210,0,0.0,1.0,0.0,2.0,1.0,0.22,0.0
3701,30.0,20.0,600.0,180.0,10.0,11.0,1.0,14,210,0,0.0,1.0,0.0,2.0,1.0,0.22,0.0
3702,30.0,20.0,600.0,180.0,10.0,11.0,2.0,14,210,0,0.0,1.0,0.0,2.0,1.0,0.22,0.0
3703,30.0,20.0,600.0,180.0,10.0,11.0,3.0,14,210,0,0.0,1.0,0.0,2.0,1.0,0.22,0.0
3704,30.0,20.0,600.0,180.0,10.0,11.0,4.0,14,210,0,0.0,1.0,0.0,2.0,1.0,0.22,0.0
3705,30.0,20.0,600.0,180.0,10.0,11.0,5.0,14,210,0,0.0,1.0,0.0,2.0,1.0,0.22,0.0
3706,30.0,20.0,600.0,180.0,10.0,11.0,6.0,14,210,0,0.0,1.0,0.0,2.0,1.0,0.22,0.0
3707,30.0,20.0,600.0,180.0,10.0,11.0,7.0,14,210,0,0.0,1.0,0.0,2.0,1.0,0.22,0.0
3708,30.0,20.0,600.0,180.0,10.0,11.0,8.0,14,210,0,0.0,1.0,0.0,2.0,1.0,0.22,0.0
3709,30.0,20.0,600.0,180.0,10.0,11.0,9.0,14,210,0,0.0,1.0,0.0,2.0,1.0,0.22,0.0
3710,30.0,20.0,600.0,180.0,10.0,11.0,10.0,14,210,0,0.0,1.0,0.0,2.0,1.0,0.22,0.0
3711,30.0,20.0,600.0,180.0,10.0,11.0,11.0,14,210,0,0.0,1.0,0.0,2.0,1.0,0.22,0.0
3712,30.0,20.0,600.0,180.0,10.0,11.0,12.0,14,210,0,0.0,1.0,0.0,2.0,1.0,0.22,0.0
3713,30.0,20.0,600.0,180.0,10.0,11.0,13.0,14,210,0,0.0,1.0,0.0,2.0,1.0,0.22,0.0
3714,30.0,20.0,600.0,180.0,10.0,11.0,14.0,14,210,0,0.0,1.0,0.0,2.0,1.0,0.22,0.0
3715,30.0,20.0,600.0,180.0,10.0,11.0,15.0,14,210,0,0.0,1.0,0.0,2.0,1.0,0.22,0.0
3716,30.0,20.0,600.0,180.0,10.0,11.0,16.0,14,210,0,0.0,1.0,0.0,2.0,1.0,0.22,0.0
3717,30.0,20.0,600.0,180.0,10.0,11.0,17.0,14,210,0,0.0,1.0,0.0,2.0,1.0,0.22,0.0
3718,30.0,20.0,600.0,180.0,10.0,11.0,18.0,14,210,0,0.0,1.0,0.0,2.0,1.0,0.22,0.0
3719,30.0,20.0,600.0,180.0,10.0,11.0,19.0,14,210,0,0.0,1.0,0.0,2.0,1.0,0.22,0.0
3720,30.0,20.0,600.0,180.0,10.0,12.0,0.0,14,210,0,0.0,1.0,0.0,2.0,1.0,0.22,0.0
3721,30.0,20.0,600.0,180.0,10.0,12.0,1.0,14,210,0,0.0,1.0,0.0,2.0,1.0,0.22,0.0
3722,30.0,20.0,600.0,180.0,10.0,12.0,2.0,14,210,0,0.0,1.0,0.0,2.0,1.0,0.22,0.0
3723,30.0,20.0,600.0,180.0,10.0,12.0,3.0,14,210,0,0.0,1.0,0.0,2.0,1.0,0.22,0.0
3724,30.0,20.0,600.0,180.0,10.0,12.0,4.0,14,210,0,0.0,1.0,0.0,2.0,1.0,0.22,0.0
3725,30.0,20.0,600.0,180.0,10.0,12.0,5.0,14,210,0,0.0,1.0,0.0,2.0,1.0,0.22,0.0
3726,30.0,20.0,600.0,180.0,10.0,12.0,6.0,14,210,0,0.0,1.0,0.0,2.0,1.0,0.22,0.0
3727,30.0,20.0,600.0,180.0,10.0,12.0,7.0,14,210,0,0.0,1.0,0.0,2.0,1.0,0.22,0.0
3728,30.0,20.0,600.0,180.0,10.0,12.0,8.0,14,210,0,0.0,1.0,0.0,2.0,1.0,0.22,0.0
3729,30.0,20.0,600.0,180.0,10.0,12.0,9.0,14,210,0,0.0,1.0,0.0,2.0,1.0,0.22,0.0
3730,30.0,20.0,600.0,180.0,10.0,12.0,10.0,14,210,0,0.0,1.0,0.0,2.0,1.0,0.22,0.0
3731,30.0,20.0,600.0,180.0,10.0,12.0,11.0,14,210,0,0.0,1.0,0.0,2.0,1.0,0.22,0.0
3732,30.0,20.0,600.0,180.0,10.0,12.0,12.0,14,210,0,0.0,1.0,0.0,2.0,1.0,0.22,0.0
3733,30.0,20.0,600.0,180.0,10.0,12.0,13.0,14,210,0,0.0,1.0,0.0,2.0,1.0,0.22,0.0
3734,30.0,20.0,600.0,180.0,10.0,12.0,14.0,14,210,0,0.0,1.0,0.0,2.0,1.0,0.22,0.0
3735,30.0,20.0,600.0,180.0,10.0,12.0,15.0,14,210,0,0.0,1.0,0.0,2.0,1.0,0.22,0.0
3736,30.0,20.0,600.0,180.0,10.0,12.0,16.0,14,210,0,0.0,1.0,0.0,2.0,1.0,0.22,0.0
3737,30.0,20.0,600.0,180.0,10.0,12.0,17.0,14,210,0,0.0,1.0,0.0,2.0,1.0,0.22,0.0
3738,30.0,20.0,600.0,180.0,10.0,12.0,18.0,14,210,0,0.0,0.875,0.0,2.0,1.0,0.22,0.0
3739,30.0,20.0,600.0,180.0,10.0,12.0,19.0,14,210,0,0.0,1.0,0.0,2.0,1.0,0.22,0.0
3740,30.0,20.0,600.0,180.0,10.0,13.0,0.0,14,210,0,0.0,1.0,0.0,2.0,1.0,0.22,0.0
3741,30.0,20.0,600.0,180.0,10.0,13.0,1.0,14,210,0,0.0,1.0,0.0,2.0,1.0,0.22,0.0
3742,30.0,20.0,600.0,180.0,10.0,13.0,2.0,14,210,0,0.0,1.0,0.0,2.0,1.0,0.22,0.0
3743,30.0,20.0,600.0,180.0,10.0,13.0,3.0,14,210,0,0.0,1.0,0.0,2.0,1.0,0.22,0.0
3744,30.0,20.0,600.0,180.0,10.0,13.0,4.0,14,210,0,0.0,1.0,0.0,2.0,1.0,0.22,0.0
3745,30.0,20.0,600.0,180.0,10.0,13.0,5.0,14,210,0,0.0,1.0,0.0,2.0,1.0,0.22,0.0
3746,30.0,20.0,600.0,180.0,10.0,13.0,6.0,14,210,0,0.0,1.0,0.0,2.0,1.0,0.22,0.0
3747,30.0,20.0,600.0,180.0,10.0,13.0,7.0,14,210,0,0.0,1.0,0.0,2.0,1.0,0.22,0.0
3748,30.0,20.0,600.0,180.0,10.0,13.0,8.0,14,210,0,0.0,1.0,0.0,2.0,1.0,0.22,0.0
3749,30.0,20.0,600.0,180.0,10.0,13.0,9.0,14,210,0,0.0,1.0,0.0,2.0,1.0,0.22,0.0
3750,30.0,20.0,600.0,180.0,10.0,13.0,10.0,14,210,0,0.0,1.0,0.0,2.0,1.0,0.22,0.0
3751,30.0,20.0,600.0,180.0,10.0,13.0,11.0,14,210,0,0.0,1.0,0.0,2.0,1.0,0.22,0.0
3752,30.0,20.0,600.0,180.0,10.0,13.0,12.0,14,210,0,0.0,1.0,0.0,2.0,1.0,0.22,0.0
3753,30.0,20.0,600.0,180.0,10.0,13.0,13.0,14,210,0,0.0,1.0,0.0,2.0,1.0,0.22,0.0
3754,30.0,20.0,600.0,180.0,10.0,13.0,14.0,14,210,0,0.0,1.0,0.0,2.0,1.0,0.22,0.0
3755,30.0,20.0,600.0,180.0,10.0,13.0,15.0,14,210,0,0.0,1.0,0.0,2.0,1.0,0.22,0.0
3756,30.0,20.0,600.0,180.0,10.0,13.0,16.0,14,210,0,0.0,1.0,0.0,2.0,1.0,0.22,0.0
3757,30.0,20.0,600.0,180.0,10.0,13.0,17.0,14,210,0,0.0,1.0,0.0,2.0,1.0,0.22,0.0
3758,30.0,20.0,600.0,180.0,10.0,13.0,18.0,14,210,0,0.0,1.0,0.0,2.0,1.0,0.22,0.0
3759,30.0,20.0,600.0,180.0,10.0,13.0,19.0,14,210,0,0.0,1.0,0.0,2.0,1.0,0.22,0.0
3760,30.0,20.0,600.0,180.0,10.0,14.0,0.0,14,210,0,0.0,1.0,0.0,2.0,1.0,0.22,0.0
3761,30.0,20.0,600.0,180.0,10.0,14.0,1.0,14,210,0,0.0,1.0,0.0,2.0,1.0,0.22,0.0
3762,30.0,20.0,600.0,180.0,10.0,14.0,2.0,14,210,0,0.0,1.0,0.0,2.0,1.0,0.22,0.0
3763,30.0,20.0,600.0,180.0,10.0,14.0,3.0,14,210,0,0.0,1.0,0.0,2.0,1.0,0.22,0.0
3764,30.0,20.0,600.0,180.0,10.0,14.0,4.0,14,210,0,0.0,1.0,0.0,2.0,1.0,0.22,0.0
3765,30.0,20.0,600.0,180.0,10.0,14.0,5.0,14,210,0,0.0,1.0,0.0,2.0,1.0,0.22,0.0
3766,30.0,20.0,600.0,180.0,10.0,14.0,6.0,14,210,0,0.0,1.0,0.0,2.0,1.0,0.22,0.0
3767,30.0,20.0,600.0,180.0,10.0,14.0,7.0,14,210,0,0.0,1.0,0.0,2.0,1.0,0.22,0.0
3768,30.0,20.0,600.0,180.0,10.0,14.0,8.0,14,210,0,0.0,1.0,0.0,2.0,1.0,0.22,0.0
3769,30.0,20.0,600.0,180.0,10.0,14.0,9.0,14,210,0,0.0,1.0,0.0,2.0,1.0,0.22,0.0
3770,30.0,20.0,600.0,180.0,10.0,14.0,10.0,14,210,0,0.0,1.0,0.0,2.0,1.0,0.22,0.0
3771,30.0,20.0,600.0,180.0,10.0,14.0,11.0,14,210,0,0.0,1.0,0.0,2.0,1.0,0.22,0.0
3772,30.0,20.0,600.0,180.0,10.0,14.0,12.0,14,210,0,0.0,1.0,0.0,2.0,1.0,0.22,0.0
3773,30.0,20.0,600.0,180.0,10.0,14.0,13.0,14,210,0,0.0,1.0,0.0,2.0,1.0,0.22,0.0
3774,30.0,20.0,600.0,180.0,10.0,14.0,14.0,14,210,0,0.0,1.0,0.0,2.0,1.0,0.22,0.0
3775,30.0,20.0,600.0,180.0,10.0,14.0,15.0,14,210,0,0.0,1.0,0.0,2.0,1.0,0.22,0.0
3776,30.0,20.0,600.0,180.0,10.0,14.0,16.0,14,210,0,0.0,1.0,0.0,2.0,1.0,0.22,0.0
3777,30.0,20.0,600.0,180.0,10.0,14.0,17.0,14,210,0,0.0,1.0,0.0,2.0,1.0,0.22,0.0
3778,30.0,20.0,600.0,180.0,10.0,14.0,18.0,14,210,0,0.0,1.0,0.0,2.0,1.0,0.22,0.0
3779,30.0,20.0,600.0,180.0,10.0,14.0,19.0,14,210,0,0.0,1.0,0.0,2.0,1.0,0.22,0.0
3780,30.0,20.0,600.0,180.0,10.0,15.0,0.0,14,210,0,0.0,1.0,0.0,2.0,1.0,0.22,0.0
3781,30.0,20.0,600.0,180.0,10.0,15.0,1.0,14,210,0,0.0,1.0,0.0,2.0,1.0,0.22,0.0
3782,30.0,20.0,600.0,180.0,10.0,15.0,2.0,14,210,0,0.0,1.0,0.0,2.0,1.0,0.22,0.0
3783,30.0,20.0,600.0,180.0,10.0,15.0,3.0,14,210,0,0.0,1.0,0.0,2.0,1.0,0.22,0.0
3784,30.0,20.0,600.0,180.0,10.0,15.0,4.0,14,210,0,0.0,1.0,0.0,2.0,1.0,0.22,0.0
3785,30.0,20.0,600.0,180.0,10.0,15.0,5.0,14,210,0,0.0,1.0,0.0,2.0,1.0,0.22,0.0
3786,30.0,20.0,600.0,180.0,10.0,15.0,6.0,14,210,0,0.0,1.0,0.0,2.0,1.0,0.22,0.0
3787,30.0,20.0,600.0,180.0,10.0,15.0,7.0,14,210,0,0.0,1.0,0.0,2.0,1.0,0.22,0.0
3788,30.0,20.0,600.0,180.0,10.0,15.0,8.0,14,210,0,0.0,1.0,0.0,2.0,1.0,0.22,0.0
3789,30.0,20.0,600.0,180.0,10.0,15.0,9.0,14,210,0,0.0,1.0,0.0,2.0,1.0,0.22,0.0
3790,30.0,20.0,600.0,180.0,10.0,15.0,10.0,14,210,0,0.0,1.0,0.0,2.0,1.0,0.22,0.0
3791,30.0,20.0,600.0,180.0,10.0,15.0,11.0,14,210,0,0.0,1.0,0.0,2.0,1.0,0.22,0.0
3792,30.0,20.0,600.0,180.0,10.0,15.0,12.0,14,210,0,0.0,1.0,0.0,2.0,1.0,0.22,0.0
3793,30.0,20.0,600.0,180.0,10.0,15.0,13.0,14,210,0,0.0,1.0,0.0,2.0,1.0,0.22,0.0
3794,30.0,20.0,600.0,180.0,10.0,15.0,14.0,14,210,0,0.0,1.0,0.0,2.0,1.0,0.22,0.0
3795,30.0,20.0,600.0,180.0,10.0,15.0,15.0,14,210,0,0.0,1.0,0.0,2.0,1.0,0.22,0.0
3796,30.0,20.0,600.0,180.0,10.0,15.0,16.0,14,210,0,0.0,1.0,0.0,2.0,1.0,0.22,0.0
3797,30.0,20.0,600.0,180.0,10.0,15.0,17.0,14,210,0,0.0,1.0,0.0,2.0,1.0,0.22,0.0
3798,30.0,20.0,600.0,180.0,10.0,15.0,18.0,14,210,0,0.0,1.0,0.0,2.0,1.0,0.22,0.0
3799,30.0,20.0,600.0,180.0,10.0,15.0,19.0,14,210,0,0.0,1.0,0.0,2.0,1.0,0.22,0.0
3800,30.0,20.0,600.0,180.0,10.0,16.0,0.0,14,210,0,0.0,1.0,0.0,2.0,1.0,0.22,0.0
3801,30.0,20.0,600.0,180.0,10.0,16.0,1.0,14,210,0,0.0,1.0,0.0,2.0,1.0,0.22,0.0
3802,30.0,20.0,600.0,180.0,10.0,16.0,2.0,14,210,0,0.0,1.0,0.0,2.0,1.0,0.22,0.0
3803,30.0,20.0,600.0,180.0,10.0,16.0,3.0,14,210,0,0.0,1.0,0.0,2.0,1.0,0.22,0.0
3804,30.0,20.0,600.0,180.0,10.0,16.0,4.0,14,210,0,0.0,1.0,0.0,2.0,1.0,0.22,0.0
3805,30.0,20.0,600.0,180.0,10.0,16.0,5.0,14,210,0,0.0,0.636,0.0,2.0,1.0,0.22,0.0
3806,30.0,20.0,600.0,180.0,10.0,16.0,6.0,14,210,0,0.0,0.728,0.0,2.0,1.0,0.22,0.0
3807,30.0,20.0,600.0,180.0,10.0,16.0,7.0,14,210,0,0.0,1.0,0.0,2.0,1.0,0.22,0.0
3808,30.0,20.0,600.0,180.0,10.0,16.0,8.0,14,210,0,0.0,1.0,0.0,2.0,1.0,0.22,0.0
3809,30.0,20.0,600.0,180.0,10.0,16.0,9.0,14,210,0,0.0,1.0,0.0,2.0,1.0,0.22,0.0
3810,30.0,20.0,600.0,180.0,10.0,16.0,10.0,14,210,0,0.0,1.0,0.0,2.0,1.0,0.22,0.0
3811,30.0,20.0,600.0,180.0,10.0,16.0,11.0,14,210,0,0.0,1.0,0.0,2.0,1.0,0.22,0.0
3812,30.0,20.0,600.0,180.0,10.0,16.0,12.0,14,210,0,0.0,1.0,0.0,2.0,1.0,0.22,0.0
3813,30.0,20.0,600.0,180.0,10.0,16.0,13.0,14,210,0,0.0,1.0,0.0,2.0,1.0,0.22,0.0
3814,30.0,20.0,600.0,180.0,10.0,16.0,14.0,14,210,0,0.0,1.0,0.0,2.0,1.0,0.22,0.0
3815,30.0,20.0,600.0,180.0,10.0,16.0,15.0,14,210,0,0.0,1.0,0.0,2.0,1.0,0.22,0.0
3816,30.0,20.0,600.0,180.0,10.0,16.0,16.0,14,210,0,0.0,1.0,0.0,2.0,1.0,0.22,0.0
3817,30.0,20.0,600.0,180.0,10.0,16.0,17.0,14,210,0,0.0,1.0,0.0,2.0,1.0,0.22,0.0
3818,30.0,20.0,600.0,180.0,10.0,16.0,18.0,14,210,0,0.0,1.0,0.0,2.0,1.0,0.22,0.0
3819,30.0,20.0,600.0,180.0,10.0,16.0,19.0,14,210,0,0.0,0.579,0.0,2.0,1.0,0.22,0.0
3820,30.0,20.0,600.0,180.0,10.0,17.0,0.0,14,210,0,0.0,1.0,0.0,2.0,1.0,0.22,0.0
3821,30.0,20.0,600.0,180.0,10.0,17.0,1.0,14,210,0,0.0,1.0,0.0,2.0,1.0,0.22,0.0
3822,30.0,20.0,600.0,180.0,10.0,17.0,2.0,14,210,0,0.0,1.0,0.0,2.0,1.0,0.22,0.0
3823,30.0,20.0,600.0,180.0,10.0,17.0,3.0,14,210,0,0.0,1.0,0.0,2.0,1.0,0.22,0.0
3824,30.0,20.0,600.0,180.0,10.0,17.0,4.0,14,210,0,0.0,1.0,0.0,2.0,1.0,0.22,0.0
3825,30.0,20.0,600.0,180.0,10.0,17.0,5.0,14,210,0,0.0,1.0,0.0,2.0,1.0,0.22,0.0
3826,30.0,20.0,600.0,180.0,10.0,17.0,6.0,14,210,0,0.0,1.0,0.0,2.0,1.0,0.22,0.0
3827,30.0,20.0,600.0,180.0,10.0,17.0,7.0,14,210,0,0.0,1.0,0.0,2.0,1.0,0.22,0.0
3828,30.0,20.0,600.0,180.0,10.0,17.0,8.0,14,210,0,0.0,1.0,0.0,2.0,1.0,0.22,0.0
3829,30.0,20.0,600.0,180.0,10.0,17.0,9.0,14,210,0,0.0,1.0,0.0,2.0,1.0,0.22,0.0
3830,30.0,20.0,600.0,180.0,10.0,17.0,10.0,14,210,0,0.0,1.0,0.0,2.0,1.0,0.22,0.0
3831,30.0,20.0,600.0,180.0,10.0,17.0,11.0,14,210,0,0.0,1.0,0.0,2.0,1.0,0.22,0.0
3832,30.0,20.0,600.0,180.0,10.0,17.0,12.0,14,210,0,0.0,1.0,0.0,2.0,1.0,0.22,0.0
3833,30.0,20.0,600.0,180.0,10.0,17.0,13.0,14,210,0,0.0,1.0,0.0,2.0,1.0,0.22,0.0
3834,30.0,20.0,600.0,180.0,10.0,17.0,14.0,14,210,0,0.0,1.0,0.0,2.0,1.0,0.22,0.0
3835,30.0,20.0,600.0,180.0,10.0,17.0,15.0,14,210,0,0.0,1.0,0.0,2.0,1.0,0.22,0.0
3836,30.0,20.0,600.0,180.0,10.0,17.0,16.0,14,210,0,0.0,1.0,0.0,2.0,1.0,0.22,0.0
3837,30.0,20.0,600.0,180.0,10.0,17.0,17.0,14,210,0,0.0,0.748,0.0,2.0,1.0,0.22,0.0
3838,30.0,20.0,600.0,180.0,10.0,17.0,18.0,14,210,0,0.0,1.0,0.0,2.0,1.0,0.22,0.0
3839,30.0,20.0,600.0,180.0,10.0,17.0,19.0,14,210,0,0.0,1.0,0.0,2.0,1.0,0.22,0.0
3840,30.0,20.0,600.0,180.0,10.0,18.0,0.0,14,210,0,0.0,1.0,0.0,2.0,1.0,0.22,0.0
3841,30.0,20.0,600.0,180.0,10.0,18.0,1.0,14,210,0,0.0,1.0,0.0,2.0,1.0,0.22,0.0
3842,30.0,20.0,600.0,180.0,10.0,18.0,2.0,14,210,0,0.0,1.0,0.0,2.0,1.0,0.22,0.0
3843,30.0,20.0,600.0,180.0,10.0,18.0,3.0,14,210,0,0.0,0.873,0.0,2.0,1.0,0.22,0.0
3844,30.0,20.0,600.0,180.0,10.0,18.0,4.0,14,210,0,0.0,1.0,0.0,2.0,1.0,0.22,0.0
3845,30.0,20.0,600.0,180.0,10.0,18.0,5.0,14,210,0,0.0,1.0,0.0,2.0,1.0,0.22,0.0
3846,30.0,20.0,600.0,180.0,10.0,18.0,6.0,14,210,0,0.0,1.0,0.0,2.0,1.0,0.22,0.0
3847,30.0,20.0,600.0,180.0,10.0,18.0,7.0,14,210,0,0.0,1.0,0.0,2.0,1.0,0.22,0.0
3848,30.0,20.0,600.0,180.0,10.0,18.0,8.0,14,210,0,0.0,1.0,0.0,2.0,1.0,0.22,0.0
3849,30.0,20.0,600.0,180.0,10.0,18.0,9.0,14,210,0,0.0,1.0,0.0,2.0,1.0,0.22,0.0
3850,30.0,20.0,600.0,180.0,10.0,18.0,10.0,14,210,0,0.0,1.0,0.0,2.0,1.0,0.22,0.0
3851,30.0,20.0,600.0,180.0,10.0,18.0,11.0,14,210,0,0.0,1.0,0.0,2.0,1.0,0.22,0.0
3852,30.0,20.0,600.0,180.0,10.0,18.0,12.0,14,210,0,0.0,1.0,0.0,2.0,1.0,0.22,0.0
3853,30.0,20.0,600.0,180.0,10.0,18.0,13.0,14,210,0,0.0,1.0,0.0,2.0,1.0,0.22,0.0
3854,30.0,20.0,600.0,180.0,10.0,18.0,14.0,14,210,0,0.0,1.0,0.0,2.0,1.0,0.22,0.0
3855,30.0,20.0,600.0,180.0,10.0,18.0,15.0,14,210,0,0.0,1.0,0.0,2.0,1.0,0.22,0.0
3856,30.0,20.0,600.0,180.0,10.0,18.0,16.0,14,210,0,0.0,1.0,0.0,2.0,1.0,0.22,0.0
3857,30.0,20.0,600.0,180.0,10.0,18.0,17.0,14,210,0,0.0,1.0,0.0,2.0,1.0,0.22,0.0
3858,30.0,20.0,600.0,180.0,10.0,18.0,18.0,14,210,0,0.0,1.0,0.0,2.0,1.0,0.22,0.0
3859,30.0,20.0,600.0,180.0,10.0,18.0,19.0,14,210,0,0.0,1.0,0.0,2.0,1.0,0.22,0.0
3860,30.0,20.0,600.0,180.0,10.0,19.0,0.0,14,210,0,0.0,1.0,0.0,2.0,1.0,0.22,0.0
3861,30.0,20.0,600.0,180.0,10.0,19.0,1.0,14,210,0,0.0,1.0,0.0,2.0,1.0,0.22,0.0
3862,30.0,20.0,600.0,180.0,10.0,19.0,2.0,14,210,0,0.0,1.0,0.0,2.0,1.0,0.22,0.0
3863,30.0,20.0,600.0,180.0,10.0,19.0,3.0,14,210,0,0.0,1.0,0.0,2.0,1.0,0.22,0.0
3864,30.0,20.0,600.0,180.0,10.0,19.0,4.0,14,210,0,0.0,1.0,0.0,2.0,1.0,0.22,0.0
3865,30.0,20.0,600.0,180.0,10.0,19.0,5.0,14,210,0,0.0,1.0,0.0,2.0,1.0,0.22,0.0
3866,30.0,20.0,600.0,180.0,10.0,19.0,6.0,14,210,0,0.0,1.0,0.0,2.0,1.0,0.22,0.0
3867,30.0,20.0,600.0,180.0,10.0,19.0,7.0,14,210,0,0.0,1.0,0.0,2.0,1.0,0.22,0.0
3868,30.0,20.0,600.0,180.0,10.0,19.0,8.0,14,210,0,0.0,1.0,0.0,2.0,1.0,0.22,0.0
3869,30.0,20.0,600.0,180.0,10.0,19.0,9.0,14,210,0,0.0,1.0,0.0,2.0,1.0,0.22,0.0
3870,30.0,20.0,600.0,180.0,10.0,19.0,10.0,14,210,0,0.0,1.0,0.0,2.0,1.0,0.22,0.0
3871,30.0,20.0,600.0,180.0,10.0,19.0,11.0,14,210,0,0.0,1.0,0.0,2.0,1.0,0.22,0.0
3872,30.0,20.0,600.0,180.0,10.0,19.0,12.0,14,210,0,0.0,1.0,0.0,2.0,1.0,0.22,0.0
3873,30.0,20.0,600.0,180.0,10.0,19.0,13.0,14,210,0,0.0,1.0,0.0,2.0,1.0,0.22,0.0
3874,30.0,20.0,600.0,180.0,10.0,19.0,14.0,14,210,0,0.0,1.0,0.0,2.0,1.0,0.22,0.0
3875,30.0,20.0,600.0,180.0,10.0,19.0,15.0,14,210,0,0.0,1.0,0.0,2.0,1.0,0.22,0.0
3876,30.0,20.0,600.0,180.0,10.0,19.0,16.0,14,210,0,0.0,1.0,0.0,2.0,1.0,0.22,0.0
3877,30.0,20.0,600.0,180.0,10.0,19.0,17.0,14,210,0,0.0,1.0,0.0,2.0,1.0,0.22,0.0
3878,30.0,20.0,600.0,180.0,10.0,19.0,18.0,14,210,0,0.0,1.0,0.0,2.0,1.0,0.22,0.0
3879,30.0,20.0,600.0,180.0,10.0,19.0,19.0,14,210,0,0.0,1.0,0.0,2.0,1.0,0.22,0.0
3880,30.0,20.0,600.0,180.0,10.0,20.0,0.0,14,210,0,0.0,0.571,0.0,2.0,1.0,0.22,0.0
3881,30.0,20.0,600.0,180.0,10.0,20.0,1.0,14,210,0,0.0,1.0,0.0,2.0,1.0,0.22,0.0
3882,30.0,20.0,600.0,180.0,10.0,20.0,2.0,14,210,0,0.0,1.0,0.0,2.0,1.0,0.22,0.0
3883,30.0,20.0,600.0,180.0,10.0,20.0,3.0,14,210,0,0.0,1.0,0.0,2.0,1.0,0.22,0.0
3884,30.0,20.0,600.0,180.0,10.0,20.0,4.0,14,210,0,0.0,1.0,0.0,2.0,1.0,0.22,0.0
3885,30.0,20.0,600.0,180.0,10.0,20.0,5.0,14,210,0,0.0,1.0,0.0,2.0,1.0,0.22,0.0
3886,30.0,20.0,600.0,180.0,10.0,20.0,6.0,14,210,0,0.0,1.0,0.0,2.0,1.0,0.22,0.0
3887,30.0,20.0,600.0,180.0,10.0,20.0,7.0,14,210,0,0.0,1.0,0.0,2.0,1.0,0.22,0.0
3888,30.0,20.0,600.0,180.0,10.0,20.0,8.0,14,210,0,0.0,1.0,0.0,2.0,1.0,0.22,0.0
3889,30.0,20.0,600.0,180.0,10.0,20.0,9.0,14,210,0,0.0,1.0,0.0,2.0,1.0,0.22,0.0
3890,30.0,20.0,600.0,180.0,10.0,20.0,10.0,14,210,0,0.0,1.0,0.0,2.0,1.0,0.22,0.0
3891,30.0,20.0,600.0,180.0,10.0,20.0,11.0,14,210,0,0.0,1.0,0.0,2.0,1.0,0.22,0.0
3892,30.0,20.0,600.0,180.0,10.0,20.0,12.0,14,210,0,0.0,1.0,0.0,2.0,1.0,0.22,0.0
3893,30.0,20.0,600.0,180.0,10.0,20.0,13.0,14,210,0,0.0,1.0,0.0,2.0,1.0,0.22,0.0
3894,30.0,20.0,600.0,180.0,10.0,20.0,14.0,14,210,0,0.0,1.0,0.0,2.0,1.0,0.22,0.0
3895,30.0,20.0,600.0,180.0,10.0,20.0,15.0,14,210,0,0.0,1.0,0.0,2.0,1.0,0.22,0.0
3896,30.0,20.0,600.0,180.0,10.0,20.0,16.0,14,210,0,0.0,1.0,0.0,2.0,1.0,0.22,0.0
3897,30.0,20.0,600.0,180.0,10.0,20.0,17.0,14,210,0,0.0,1.0,0.0,2.0,1.0,0.22,0.0
3898,30.0,20.0,600.0,180.0,10.0,20.0,18.0,14,210,0,0.0,1.0,0.0,2.0,1.0,0.22,0.0
3899,30.0,20.0,600.0,180.0,10.0,20.0,19.0,14,210,0,0.0,1.0,0.0,2.0,1.0,0.22,0.0
3900,30.0,20.0,600.0,180.0,10.0,21.0,0.0,14,210,0,0.0,0.861,0.0,2.0,1.0,0.22,0.0
3901,30.0,20.0,600.0,180.0,10.0,21.0,1.0,14,210,0,0.0,1.0,0.0,2.0,1.0,0.22,0.0
3902,30.0,20.0,600.0,180.0,10.0,21.0,2.0,14,210,0,0.0,1.0,0.0,2.0,1.0,0.22,0.0
3903,30.0,20.0,600.0,180.0,10.0,21.0,3.0,14,210,0,0.0,1.0,0.0,2.0,1.0,0.22,0.0
3904,30.0,20.0,600.0,180.0,10.0,21.0,4.0,14,210,0,0.0,1.0,0.0,2.0,1.0,0.22,0.0
3905,30.0,20.0,600.0,180.0,10.0,21.0,5.0,14,210,0,0.0,1.0,0.0,2.0,1.0,0.22,0.0
3906,30.0,20.0,600.0,180.0,10.0,21.0,6.0,14,210,0,0.0,1.0,0.0,2.0,1.0,0.22,0.0
3907,30.0,20.0,600.0,180.0,10.0,21.0,7.0,14,210,0,0.0,1.0,0.0,2.0,1.0,0.22,0.0
3908,30.0,20.0,600.0,180.0,10.0,21.0,8.0,14,210,0,0.0,1.0,0.0,2.0,1.0,0.22,0.0
3909,30.0,20.0,600.0,180.0,10.0,21.0,9.0,14,210,0,0.0,1.0,0.0,2.0,1.0,0.22,0.0
3910,30.0,20.0,600.0,180.0,10.0,21.0,10.0,14,210,0,0.0,1.0,0.0,2.0,1.0,0.22,0.0
3911,30.0,20.0,600.0,180.0,10.0,21.0,11.0,14,210,0,0.0,1.0,0.0,2.0,1.0,0.22,0.0
3912,30.0,20.0,600.0,180.0,10.0,21.0,12.0,14,210,0,0.0,1.0,0.0,2.0,1.0,0.22,0.0
3913,30.0,20.0,600.0,180.0,10.0,21.0,13.0,14,210,0,0.0,0.616,0.0,2.0,1.0,0.22,0.0
3914,30.0,20.0,600.0,180.0,10.0,21.0,14.0,14,210,0,0.0,1.0,0.0,2.0,1.0,0.22,0.0
3915,30.0,20.0,600.0,180.0,10.0,21.0,15.0,14,210,0,0.0,1.0,0.0,2.0,1.0,0.22,0.0
3916,30.0,20.0,600.0,180.0,10.0,21.0,16.0,14,210,0,0.0,0.505,0.0,2.0,1.0,0.22,0.0
3917,30.0,20.0,600.0,180.0,10.0,21.0,17.0,14,210,0,0.0,1.0,0.0,2.0,1.0,0.22,0.0
3918,30.0,20.0,600.0,180.0,10.0,21.0,18.0,14,210,0,0.0,1.0,0.0,2.0,1.0,0.22,0.0
3919,30.0,20.0,600.0,180.0,10.0,21.0,19.0,14,210,0,0.0,1.0,0.0,2.0,1.0,0.22,0.0
3920,30.0,20.0,600.0,180.0,10.0,22.0,0.0,14,210,0,0.0,1.0,0.0,2.0,1.0,0.22,0.0
3921,30.0,20.0,600.0,180.0,10.0,22.0,1.0,14,210,0,0.0,1.0,0.0,2.0,1.0,0.22,0.0
3922,30.0,20.0,600.0,180.0,10.0,22.0,2.0,14,210,0,0.0,1.0,0.0,2.0,1.0,0.22,0.0
3923,30.0,20.0,600.0,180.0,10.0,22.0,3.0,14,210,0,0.0,1.0,0.0,2.0,1.0,0.22,0.0
3924,30.0,20.0,600.0,180.0,10.0,22.0,4.0,14,210,0,0.0,1.0,0.0,2.0,1.0,0.22,0.0
3925,30.0,20.0,600.0,180.0,10.0,22.0,5.0,14,210,0,0.0,1.0,0.0,2.0,1.0,0.22,0.0
3926,30.0,20.0,600.0,180.0,10.0,22.0,6.0,14,210,0,0.0,1.0,0.0,2.0,1.0,0.22,0.0
3927,30.0,20.0,600.0,180.0,10.0,22.0,7.0,14,210,0,0.0,1.0,0.0,2.0,1.0,0.22,0.0
3928,30.0,20.0,600.0,180.0,10.0,22.0,8.0,14,210,0,0.0,1.0,0.0,2.0,1.0,0.22,0.0
3929,30.0,20.0,600.0,180.0,10.0,22.0,9.0,14,210,0,0.0,1.0,0.0,2.0,1.0,0.22,0.0
3930,30.0,20.0,600.0,180.0,10.0,22.0,10.0,14,210,0,0.0,1.0,0.0,2.0,1.0,0.22,0.0
3931,30.0,20.0,600.0,180.0,10.0,22.0,11.0,14,210,0,0.0,1.0,0.0,2.0,1.0,0.22,0.0
3932,30.0,20.0,600.0,180.0,10.0,22.0,12.0,14,210,0,0.0,1.0,0.0,2.0,1.0,0.22,0.0
3933,30.0,20.0,600.0,180.0,10.0,22.0,13.0,14,210,0,0.0,1.0,0.0,2.0,1.0,0.22,0.0
3934,30.0,20.0,600.0,180.0,10.0,22.0,14.0,14,210,0,0.0,1.0,0.0,2.0,1.0,0.22,0.0
3935,30.0,20.0,600.0,180.0,10.0,22.0,15.0,14,210,0,0.0,1.0,0.0,2.0,1.0,0.22,0.0
3936,30.0,20.0,600.0,180.0,10.0,22.0,16.0,14,210,0,0.0,1.0,0.0,2.0,1.0,0.22,0.0
3937,30.0,20.0,600.0,180.0,10.0,22.0,17.0,14,210,0,0.0,1.0,0.0,2.0,1.0,0.22,0.0
3938,30.0,20.0,600.0,180.0,10.0,22.0,18.0,14,210,0,0.0,1.0,0.0,2.0,1.0,0.22,0.0
3939,30.0,20.0,600.0,180.0,10.0,22.0,19.0,14,210,0,0.0,1.0,0.0,2.0,1.0,0.22,0.0
3940,30.0,20.0,600.0,180.0,10.0,23.0,0.0,14,210,0,0.0,1.0,0.0,2.0,1.0,0.22,0.0
3941,30.0,20.0,600.0,180.0,10.0,23.0,1.0,14,210,0,0.0,1.0,0.0,2.0,1.0,0.22,0.0
3942,30.0,20.0,600.0,180.0,10.0,23.0,2.0,14,210,0,0.0,1.0,0.0,2.0,1.0,0.22,0.0
3943,30.0,20.0,600.0,180.0,10.0,23.0,3.0,14,210,0,0.0,1.0,0.0,2.0,1.0,0.22,0.0
3944,30.0,20.0,600.0,180.0,10.0,23.0,4.0,14,210,0,0.0,1.0,0.0,2.0,1.0,0.22,0.0
3945,30.0,20.0,600.0,180.0,10.0,23.0,5.0,14,210,0,0.0,1.0,0.0,2.0,1.0,0.22,0.0
3946,30.0,20.0,600.0,180.0,10.0,23.0,6.0,14,210,0,0.0,1.0,0.0,2.0,1.0,0.22,0.0
3947,30.0,20.0,600.0,180.0,10.0,23.0,7.0,14,210,0,0.0,1.0,0.0,2.0,1.0,0.22,0.0
3948,30.0,20.0,600.0,180.0,10.0,23.0,8.0,14,210,0,0.0,1.0,0.0,2.0,1.0,0.22,0.0
3949,30.0,20.0,600.0,180.0,10.0,23.0,9.0,14,210,0,0.0,1.0,0.0,2.0,1.0,0.22,0.0
3950,30.0,20.0,600.0,180.0,10.0,23.0,10.0,14,210,0,0.0,1.0,0.0,2.0,1.0,0.22,0.0
3951,30.0,20.0,600.0,180.0,10.0,23.0,11.0,14,210,0,0.0,0.716,0.0,2.0,1.0,0.22,0.0
3952,30.0,20.0,600.0,180.0,10.0,23.0,12.0,14,210,0,0.0,1.0,0.0,2.0,1.0,0.22,0.0
3953,30.0,20.0,600.0,180.0,10.0,23.0,13.0,14,210,0,0.0,1.0,0.0,2.0,1.0,0.22,0.0
3954,30.0,20.0,600.0,180.0,10.0,23.0,14.0,14,210,0,0.0,1.0,0.0,2.0,1.0,0.22,0.0
3955,30.0,20.0,600.0,180.0,10.0,23.0,15.0,14,210,0,0.0,1.0,0.0,2.0,1.0,0.22,0.0
3956,30.0,20.0,600.0,180.0,10.0,23.0,16.0,14,210,0,0.0,1.0,0.0,2.0,1.0,0.22,0.0
3957,30.0,20.0,600.0,180.0,10.0,23.0,17.0,14,210,0,0.0,1.0,0.0,2.0,1.0,0.22,0.0
3958,30.0,20.0,600.0,180.0,10.0,23.0,18.0,14,210,0,0.0,1.0,0.0,2.0,1.0,0.22,0.0
3959,30.0,20.0,600.0,180.0,10.0,23.0,19.0,14,210,0,0.0,1.0,0.0,2.0,1.0,0.22,0.0
3960,30.0,20.0,600.0,180.0,10.0,24.0,0.0,14,210,0,0.0,1.0,0.0,2.0,1.0,0.22,0.0
3961,30.0,20.0,600.0,180.0,10.0,24.0,1.0,14,210,0,0.0,1.0,0.0,2.0,1.0,0.22,0.0
3962,30.0,20.0,600.0,180.0,10.0,24.0,2.0,14,210,0,0.0,1.0,0.0,2.0,1.0,0.22,0.0
3963,30.0,20.0,600.0,180.0,10.0,24.0,3.0,14,210,0,0.0,1.0,0.0,2.0,1.0,0.22,0.0
3964,30.0,20.0,600.0,180.0,10.0,24.0,4.0,14,210,0,0.0,1.0,0.0,2.0,1.0,0.22,0.0
3965,30.0,20.0,600.0,180.0,10.0,24.0,5.0,14,210,0,0.0,1.0,0.0,2.0,1.0,0.22,0.0
3966,30.0,20.0,600.0,180.0,10.0,24.0,6.0,14,210,0,0.0,1.0,0.0,2.0,1.0,0.22,0.0
3967,30.0,20.0,600.0,180.0,10.0,24.0,7.0,14,210,0,0.0,1.0,0.0,2.0,1.0,0.22,0.0
3968,30.0,20.0,600.0,180.0,10.0,24.0,8.0,14,210,0,0.0,1.0,0.0,2.0,1.0,0.22,0.0
3969,30.0,20.0,600.0,180.0,10.0,24.0,9.0,14,210,0,0.0,1.0,0.0,2.0,1.0,0.22,0.0
3970,30.0,20.0,600.0,180.0,10.0,24.0,10.0,14,210,0,0.0,1.0,0.0,2.0,1.0,0.22,0.0
3971,30.0,20.0,600.0,180.0,10.0,24.0,11.0,14,210,0,0.0,1.0,0.0,2.0,1.0,0.22,0.0
3972,30.0,20.0,600.0,180.0,10.0,24.0,12.0,14,210,0,0.0,1.0,0.0,2.0,1.0,0.22,0.0
3973,30.0,20.0,600.0,180.0,10.0,24.0,13.0,14,210,0,0.0,1.0,0.0,2.0,1.0,0.22,0.0
3974,30.0,20.0,600.0,180.0,10.0,24.0,14.0,14,210,0,0.0,1.0,0.0,2.0,1.0,0.22,0.0
3975,30.0,20.0,600.0,180.0,10.0,24.0,15.0,14,210,0,0.0,1.0,0.0,2.0,1.0,0.22,0.0
3976,30.0,20.0,600.0,180.0,10.0,24.0,16.0,14,210,0,0.0,1.0,0.0,2.0,1.0,0.22,0.0
3977,30.0,20.0,600.0,180.0,10.0,24.0,17.0,14,210,0,0.0,1.0,0.0,2.0,1.0,0.22,0.0
3978,30.0,20.0,600.0,180.0,10.0,24.0,18.0,14,210,0,0.0,1.0,0.0,2.0,1.0,0.22,0.0
3979,30.0,20.0,600.0,180.0,10.0,24.0,19.0,14,210,0,0.0,0.64,0.0,2.0,1.0,0.22,0.0
3980,30.0,20.0,600.0,180.0,10.0,25.0,0.0,14,210,0,0.0,1.0,0.0,2.0,1.0,0.22,0.0
3981,30.0,20.0,600.0,180.0,10.0,25.0,1.0,14,210,0,0.0,0.708,0.0,2.0,1.0,0.22,0.0
3982,30.0,20.0,600.0,180.0,10.0,25.0,2.0,14,210,0,0.0,1.0,0.0,2.0,1.0,0.22,0.0
3983,30.0,20.0,600.0,180.0,10.0,25.0,3.0,14,210,0,0.0,1.0,0.0,2.0,1.0,0.22,0.0
3984,30.0,20.0,600.0,180.0,10.0,25.0,4.0,14,210,0,0.0,1.0,0.0,2.0,1.0,0.22,0.0
3985,30.0,20.0,600.0,180.0,10.0,25.0,5.0,14,210,0,0.0,1.0,0.0,2.0,1.0,0.22,0.0
3986,30.0,20.0,600.0,180.0,10.0,25.0,6.0,14,210,0,0.0,1.0,0.0,2.0,1.0,0.22,0.0
3987,30.0,20.0,600.0,180.0,10.0,25.0,7.0,14,210,0,0.0,1.0,0.0,2.0,1.0,0.22,0.0
3988,30.0,20.0,600.0,180.0,10.0,25.0,8.0,14,210,0,0.0,1.0,0.0,2.0,1.0,0.22,0.0
3989,30.0,20.0,600.0,180.0,10.0,25.0,9.0,14,210,0,0.0,1.0,0.0,2.0,1.0,0.22,0.0
3990,30.0,20.0,600.0,180.0,10.0,25.0,10.0,14,210,0,0.0,1.0,0.0,2.0,1.0,0.22,0.0
3991,30.0,20.0,600.0,180.0,10.0,25.0,11.0,14,210,0,0.0,1.0,0.0,2.0,1.0,0.22,0.0
3992,30.0,20.0,600.0,180.0,10.0,25.0,12.0,14,210,0,0.0,1.0,0.0,2.0,1.0,0.22,0.0
3993,30.0,20.0,600.0,180.0,10.0,25.0,13.0,14,210,0,0.0,1.0,0.0,2.0,1.0,0.22,0.0
3994,30.0,20.0,600.0,180.0,10.0,25.0,14.0,14,210,0,0.0,1.0,0.0,2.0,1.0,0.22,0.0
3995,30.0,20.0,600.0,180.0,10.0,25.0,15.0,14,210,0,0.0,1.0,0.0,2.0,1.0,0.22,0.0
3996,30.0,20.0,600.0,180.0,10.0,25.0,16.0,14,210,0,0.0,1.0,0.0,2.0,1.0,0.22,0.0
3997,30.0,20.0,600.0,180.0,10.0,25.0,17.0,14,210,0,0.0,1.0,0.0,2.0,1.0,0.22,0.0
3998,30.0,20.0,600.0,180.0,10.0,25.0,18.0,14,210,0,0.0,1.0,0.0,2.0,1.0,0.22,0.0
3999,30.0,20.0,600.0,180.0,10.0,25.0,19.0,14,210,0,0.0,1.0,0.0,2.0,1.0,0.22,0.0
4000,30.0,20.0,600.0,180.0,10.0,26.0,0.0,14,210,0,0.0,1.0,0.0,2.0,1.0,0.22,0.0
4001,30.0,20.0,600.0,180.0,10.0,26.0,1.0,14,210,0,0.0,1.0,0.0,2.0,1.0,0.22,0.0
4002,30.0,20.0,600.0,180.0,10.0,26.0,2.0,14,210,0,0.0,1.0,0.0,2.0,1.0,0.22,0.0
4003,30.0,20.0,600.0,180.0,10.0,26.0,3.0,14,210,0,0.0,0.891,0.0,2.0,1.0,0.22,0.0
4004,30.0,20.0,600.0,180.0,10.0,26.0,4.0,14,210,0,0.0,1.0,0.0,2.0,1.0,0.22,0.0
4005,30.0,20.0,600.0,180.0,10.0,26.0,5.0,14,210,0,0.0,1.0,0.0,2.0,1.0,0.22,0.0
4006,30.0,20.0,600.0,180.0,10.0,26.0,6.0,14,210,0,0.0,1.0,0.0,2.0,1.0,0.22,0.0
4007,30.0,20.0,600.0,180.0,10.0,26.0,7.0,14,210,0,0.0,1.0,0.0,2.0,1.0,0.22,0.0
4008,30.0,20.0,600.0,180.0,10.0,26.0,8.0,14,210,0,0.0,1.0,0.0,2.0,1.0,0.22,0.0
4009,30.0,20.0,600.0,180.0,10.0,26.0,9.0,14,210,0,0.0,1.0,0.0,2.0,1.0,0.22,0.0
4010,30.0,20.0,600.0,180.0,10.0,26.0,10.0,14,210,0,0.0,1.0,0.0,2.0,1.0,0.22,0.0
4011,30.0,20.0,600.0,180.0,10.0,26.0,11.0,14,210,0,0.0,1.0,0.0,2.0,1.0,0.22,0.0
4012,30.0,20.0,600.0,180.0,10.0,26.0,12.0,14,210,0,0.0,1.0,0.0,2.0,1.0,0.22,0.0
4013,30.0,20.0,600.0,180.0,10.0,26.0,13.0,14,210,0,0.0,1.0,0.0,2.0,1.0,0.22,0.0
4014,30.0,20.0,600.0,180.0,10.0,26.0,14.0,14,210,0,0.0,1.0,0.0,2.0,1.0,0.22,0.0
4015,30.0,20.0,600.0,180.0,10.0,26.0,15.0,14,210,0,0.0,1.0,0.0,2.0,1.0,0.22,0.0
4016,30.0,20.0,600.0,180.0,10.0,26.0,16.0,14,210,0,0.0,1.0,0.0,2.0,1.0,0.22,0.0
4017,30.0,20.0,600.0,180.0,10.0,26.0,17.0,14,210,0,0.0,1.0,0.0,2.0,1.0,0.22,0.0
4018,30.0,20.0,600.0,180.0,10.0,26.0,18.0,14,210,0,0.0,1.0,0.0,2.0,1.0,0.22,0.0
4019,30.0,20.0,600.0,180.0,10.0,26.0,19.0,14,210,0,0.0,1.0,0.0,2.0,1.0,0.22,0.0
4020,30.0,20.0,600.0,180.0,10.0,27.0,0.0,14,210,0,0.0,1.0,0.0,2.0,1.0,0.22,0.0
4021,30.0,20.0,600.0,180.0,10.0,27.0,1.0,14,210,0,0.0,1.0,0.0,2.0,1.0,0.22,0.0
4022,30.0,20.0,600.0,180.0,10.0,27.0,2.0,14,210,0,0.0,1.0,0.0,2.0,1.0,0.22,0.0
4023,30.0,20.0,600.0,180.0,10.0,27.0,3.0,14,210,0,0.0,1.0,0.0,2.0,1.0,0.22,0.0
4024,30.0,20.0,600.0,180.0,10.0,27.0,4.0,14,210,0,0.0,1.0,0.0,2.0,1.0,0.22,0.0
4025,30.0,20.0,600.0,180.0,10.0,27.0,5.0,14,210,0,0.0,1.0,0.0,2.0,1.0,0.22,0.0
4026,30.0,20.0,600.0,180.0,10.0,27.0,6.0,14,210,0,0.0,1.0,0.0,2.0,1.0,0.22,0.0
4027,30.0,20.0,600.0,180.0,10.0,27.0,7.0,14,210,0,0.0,1.0,0.0,2.0,1.0,0.22,0.0
4028,30.0,20.0,600.0,180.0,10.0,27.0,8.0,14,210,0,0.0,0.751,0.0,2.0,1.0,0.22,0.0
4029,30.0,20.0,600.0,180.0,10.0,27.0,9.0,14,210,0,0.0,1.0,0.0,2.0,1.0,0.22,0.0
4030,30.0,20.0,600.0,180.0,10.0,27.0,10.0,14,210,0,0.0,1.0,0.0,2.0,1.0,0.22,0.0
4031,30.0,20.0,600.0,180.0,10.0,27.0,11.0,14,210,0,0.0,1.0,0.0,2.0,1.0,0.22,0.0
4032,30.0,20.0,600.0,180.0,10.0,27.0,12.0,14,210,0,0.0,1.0,0.0,2.0,1.0,0.22,0.0
4033,30.0,20.0,600.0,180.0,10.0,27.0,13.0,14,210,0,0.0,1.0,0.0,2.0,1.0,0.22,0.0
4034,30.0,20.0,600.0,180.0,10.0,27.0,14.0,14,210,0,0.0,1.0,0.0,2.0,1.0,0.22,0.0
4035,30.0,20.0,600.0,180.0,10.0,27.0,15.0,14,210,0,0.0,1.0,0.0,2.0,1.0,0.22,0.0
4036,30.0,20.0,600.0,180.0,10.0,27.0,16.0,14,210,0,0.0,1.0,0.0,2.0,1.0,0.22,0.0
4037,30.0,20.0,600.0,180.0,10.0,27.0,17.0,14,210,0,0.0,1.0,0.0,2.0,1.0,0.22,0.0
4038,30.0,20.0,600.0,180.0,10.0,27.0,18.0,14,210,0,0.0,1.0,0.0,2.0,1.0,0.22,0.0
4039,30.0,20.0,600.0,180.0,10.0,27.0,19.0,14,210,0,0.0,1.0,0.0,2.0,1.0,0.22,0.0
4040,30.0,20.0,600.0,180.0,10.0,28.0,0.0,14,210,0,0.0,1.0,0.0,2.0,1.0,0.22,0.0
4041,30.0,20.0,600.0,180.0,10.0,28.0,1.0,14,210,0,0.0,1.0,0.0,2.0,1.0,0.22,0.0
4042,30.0,20.0,600.0,180.0,10.0,28.0,2.0,14,210,0,0.0,1.0,0.0,2.0,1.0,0.22,0.0
4043,30.0,20.0,600.0,180.0,10.0,28.0,3.0,14,210,0,0.0,1.0,0.0,2.0,1.0,0.22,0.0
4044,30.0,20.0,600.0,180.0,10.0,28.0,4.0,14,210,0,0.0,1.0,0.0,2.0,1.0,0.22,0.0
4045,30.0,20.0,600.0,180.0,10.0,28.0,5.0,14,210,0,0.0,1.0,0.0,2.0,1.0,0.22,0.0
4046,30.0,20.0,600.0,180.0,10.0,28.0,6.0,14,210,0,0.0,1.0,0.0,2.0,1.0,0.22,0.0
4047,30.0,20.0,600.0,180.0,10.0,28.0,7.0,14,210,0,0.0,1.0,0.0,2.0,1.0,0.22,0.0
4048,30.0,20.0,600.0,180.0,10.0,28.0,8.0,14,210,0,0.0,1.0,0.0,2.0,1.0,0.22,0.0
4049,30.0,20.0,600.0,180.0,10.0,28.0,9.0,14,210,0,0.0,1.0,0.0,2.0,1.0,0.22,0.0
4050,30.0,20.0,600.0,180.0,10.0,28.0,10.0,14,210,0,0.0,1.0,0.0,2.0,1.0,0.22,0.0
4051,30.0,20.0,600.0,180.0,10.0,28.0,11.0,14,210,0,0.0,1.0,0.0,2.0,1.0,0.22,0.0
4052,30.0,20.0,600.0,180.0,10.0,28.0,12.0,14,210,0,0.0,1.0,0.0,2.0,1.0,0.22,0.0
4053,30.0,20.0,600.0,180.0,10.0,28.0,13.0,14,210,0,0.0,1.0,0.0,2.0,1.0,0.22,0.0
4054,30.0,20.0,600.0,180.0,10.0,28.0,14.0,14,210,0,0.0,1.0,0.0,2.0,1.0,0.22,0.0
4055,30.0,20.0,600.0,180.0,10.0,28.0,15.0,14,210,0,0.0,1.0,0.0,2.0,1.0,0.22,0.0
4056,30.0,20.0,600.0,180.0,10.0,28.0,16.0,14,210,0,0.0,1.0,0.0,2.0,1.0,0.22,0.0
4057,30.0,20.0,600.0,180.0,10.0,28.0,17.0,14,210,0,0.0,1.0,0.0,2.0,1.0,0.22,0.0
4058,30.0,20.0,600.0,180.0,10.0,28.0,18.0,14,210,0,0.0,1.0,0.0,2.0,1.0,0.22,0.0
4059,30.0,20.0,600.0,180.0,10.0,28.0,19.0,14,210,0,0.0,1.0,0.0,2.0,1.0,0.22,0.0
4060,30.0,20.0,600.0,180.0,10.0,0.0,0.0,15,225,0,0.0,0.477,0.0,2.0,1.0,0.22,0.0
4061,30.0,20.0,600.0,180.0,10.0,0.0,1.0,15,225,0,0.0,0.555,0.0,2.0,1.0,0.22,0.0
4062,30.0,20.0,600.0,180.0,10.0,0.0,2.0,15,225,0,0.0,0.358,0.0,2.0,1.0,0.22,0.0
4063,30.0,20.0,600.0,180.0,10.0,0.0,3.0,15,225,0,0.0,0.596,0.0,2.0,1.0,0.22,0.0
4064,30.0,20.0,600.0,180.0,10.0,0.0,4.0,15,225,0,0.0,0.619,0.0,2.0,1.0,0.22,0.0
4065,30.0,20.0,600.0,180.0,10.0,0.0,5.0,15,225,0,0.0,0.643,0.0,2.0,1.0,0.22,0.0
4066,30.0,20.0,600.0,180.0,10.0,0.0,6.0,15,225,0,0.0,0.483,0.0,2.0,1.0,0.22,0.0
4067,30.0,20.0,600.0,180.0,10.0,0.0,7.0,15,225,0,0.0,0.412,0.0,2.0,1.0,0.22,0.0
4068,30.0,20.0,600.0,180.0,10.0,0.0,8.0,15,225,0,0.0,0.525,0.0,2.0,1.0,0.22,0.0
4069,30.0,20.0,600.0,180.0,10.0,0.0,9.0,15,225,0,0.0,0.566,0.0,2.0,1.0,0.22,0.0
4070,30.0,20.0,600.0,180.0,10.0,0.0,10.0,15,225,0,0.0,0.486,0.0,2.0,1.0,0.22,0.0
4071,30.0,20.0,600.0,180.0,10.0,0.0,11.0,15,225,0,0.0,0.608,0.0,2.0,1.0,0.22,0.0
4072,30.0,20.0,600.0,180.0,10.0,0.0,12.0,15,225,0,0.0,0.646,0.0,2.0,1.0,0.22,0.0
4073,30.0,20.0,600.0,180.0,10.0,0.0,13.0,15,225,0,0.0,0.415,0.0,2.0,1.0,0.22,0.0
4074,30.0,20.0,600.0,180.0,10.0,0.0,14.0,15,225,0,0.0,0.699,0.0,2.0,1.0,0.22,0.0
4075,30.0,20.0,600.0,180.0,10.0,0.0,15.0,15,225,0,0.0,0.504,0.0,2.0,1.0,0.22,0.0
4076,30.0,20.0,600.0,180.0,10.0,0.0,16.0,15,225,0,0.0,0.465,0.0,2.0,1.0,0.22,0.0
4077,30.0,20.0,600.0,180.0,10.0,0.0,17.0,15,225,0,0.0,0.551,0.0,2.0,1.0,0.22,0.0
4078,30.0,20.0,600.0,180.0,10.0,0.0,18.0,15,225,0,0.0,0.37,0.0,2.0,1.0,0.22,0.0
4079,30.0,20.0,600.0,180.0,10.0,0.0,19.0,15,225,0,0.0,0.485,0.0,2.0,1.0,0.22,0.0
4080,30.0,20.0,600.0,180.0,10.0,1.0,0.0,15,225,0,0.0,0.421,0.0,2.0,1.0,0.22,0.0
4081,30.0,20.0,600.0,180.0,10.0,1.0,1.0,15,225,0,0.0,0.661,0.0,2.0,1.0,0.22,0.0
4082,30.0,20.0,600.0,180.0,10.0,1.0,2.0,15,225,0,0.0,0.557,0.0,2.0,1.0,0.22,0.0
4083,30.0,20.0,600.0,180.0,10.0,1.0,3.0,15,225,0,0.0,0.356,0.0,2.0,1.0,0.22,0.0
4084,30.0,20.0,600.0,180.0,10.0,1.0,4.0,15,225,0,0.0,0.603,0.0,2.0,1.0,0.22,0.0
4085,30.0,20.0,600.0,180.0,10.0,1.0,5.0,15,225,0,0.0,0.629,0.0,2.0,1.0,0.22,0.0
4086,30.0,20.0,600.0,180.0,10.0,1.0,6.0,15,225,0,0.0,0.539,0.0,2.0,1.0,0.22,0.0
4087,30.0,20.0,600.0,180.0,10.0,1.0,7.0,15,225,0,0.0,0.429,0.0,2.0,1.0,0.22,0.0
4088,30.0,20.0,600.0,180.0,10.0,1.0,8.0,15,225,0,0.0,0.477,0.0,2.0,1.0,0.22,0.0
4089,30.0,20.0,600.0,180.0,10.0,1.0,9.0,15,225,0,0.0,0.587,0.0,2.0,1.0,0.22,0.0
4090,30.0,20.0,600.0,180.0,10.0,1.0,10.0,15,225,0,0.0,0.376,0.0,2.0,1.0,0.22,0.0
4091,30.0,20.0,600.0,180.0,10.0,1.0,11.0,15,225,0,0.0,0.603,0.0,2.0,1.0,0.22,0.0
4092,30.0,20.0,600.0,180.0,10.0,1.0,12.0,15,225,0,0.0,0.381,0.0,2.0,1.0,0.22,0.0
4093,30.0,20.0,600.0,180.0,10.0,1.0,13.0,15,225,0,0.0,0.551,0.0,2.0,1.0,0.22,0.0
4094,30.0,20.0,600.0,180.0,10.0,1.0,14.0,15,225,0,0.0,0.366,0.0,2.0,1.0,0.22,0.0
4095,30.0,20.0,600.0,180.0,10.0,1.0,15.0,15,225,0,0.0,0.337,0.0,2.0,1.0,0.22,0.0
4096,30.0,20.0,600.0,180.0,10.0,1.0,16.0,15,225,0,0.0,0.61,0.0,2.0,1.0,0.22,0.0
4097,30.0,20.0,600.0,180.0,10.0,1.0,17.0,15,225,0,0.0,0.391,0.0,2.0,1.0,0.22,0.0
4098,30.0,20.0,600.0,180.0,10.0,1.0,18.0,15,225,0,0.0,0.317,0.0,2.0,1.0,0.22,0.0
4099,30.0,20.0,600.0,180.0,10.0,1.0,19.0,15,225,0,0.0,0.421,0.0,2.0,1.0,0.22,0.0
4100,30.0,20.0,600.0,180.0,10.0,2.0,0.0,15,225,0,0.0,0.609,0.0,2.0,1.0,0.22,0.0
4101,30.0,20.0,600.0,180.0,10.0,2.0,1.0,15,225,0,0.0,0.467,0.0,2.0,1.0,0.22,0.0
4102,30.0,20.0,600.0,180.0,10.0,2.0,2.0,15,225,0,0.0,0.647,0.0,2.0,1.0,0.22,0.0
4103,30.0,20.0,600.0,180.0,10.0,2.0,3.0,15,225,0,0.0,0.35,0.0,2.0,1.0,0.22,0.0
4104,30.0,20.0,600.0,180.0,10.0,2.0,4.0,15,225,0,0.0,0.367,0.0,2.0,1.0,0.22,0.0
4105,30.0,20.0,600.0,180.0,10.0,2.0,5.0,15,225,0,0.0,0.398,0.0,2.0,1.0,0.22,0.0
4106,30.0,20.0,600.0,180.0,10.0,2.0,6.0,15,225,0,0.0,0.304,0.0,2.0,1.0,0.22,0.0
4107,30.0,20.0,600.0,180.0,10.0,2.0,7.0,15,225,0,0.0,0.663,0.0,2.0,1.0,0.22,0.0
4108,30.0,20.0,600.0,180.0,10.0,2.0,8.0,15,225,0,0.0,0.603,0.0,2.0,1.0,0.22,0.0
4109,30.0,20.0,600.0,180.0,10.0,2.0,9.0,15,225,0,0.0,0.512,0.0,2.0,1.0,0.22,0.0
4110,30.0,20.0,600.0,180.0,10.0,2.0,10.0,15,225,0,0.0,0.648,0.0,2.0,1.0,0.22,0.0
4111,30.0,20.0,600.0,180.0,10.0,2.0,11.0,15,225,0,0.0,0.636,0.0,2.0,1.0,0.22,0.0
4112,30.0,20.0,600.0,180.0,10.0,2.0,12.0,15,225,0,0.0,0.348,0.0,2.0,1.0,0.22,0.0
4113,30.0,20.0,600.0,180.0,10.0,2.0,13.0,15,225,0,0.0,0.634,0.0,2.0,1.0,0.22,0.0
4114,30.0,20.0,600.0,180.0,10.0,2.0,14.0,15,225,0,0.0,0.596,0.0,2.0,1.0,0.22,0.0
4115,30.0,20.0,600.0,180.0,10.0,2.0,15.0,15,225,0,0.0,0.617,0.0,2.0,1.0,0.22,0.0
4116,30.0,20.0,600.0,180.0,10.0,2.0,16.0,15,225,0,0.0,0.31,0.0,2.0,1.0,0.22,0.0
4117,30.0,20.0,600.0,180.0,10.0,2.0,17.0,15,225,0,0.0,0.439,0.0,2.0,1.0,0.22,0.0
4118,30.0,20.0,600.0,180.0,10.0,2.0,18.0,15,225,0,0.0,0.442,0.0,2.0,1.0,0.22,0.0
4119,30.0,20.0,600.0,180.0,10.0,2.0,19.0,15,225,0,0.0,0.586,0.0,2.0,1.0,0.22,0.0
4120,30.0,20.0,600.0,180.0,10.0,3.0,0.0,15,225,0,0.0,0.602,0.0,2.0,1.0,0.22,0.0
4121,30.0,20.0,600.0,180.0,10.0,3.0,1.0,15,225,0,0.0,0.39,0.0,2.0,1.0,0.22,0.0
4122,30.0,20.0,600.0,180.0,10.0,3.0,2.0,15,225,0,0.0,0.532,0.0,2.0,1.0,0.22,0.0
4123,30.0,20.0,600.0,180.0,10.0,3.0,3.0,15,225,0,0.0,0.347,0.0,2.0,1.0,0.22,0.0
4124,30.0,20.0,600.0,180.0,10.0,3.0,4.0,15,225,0,0.0,0.501,0.0,2.0,1.0,0.22,0.0
4125,30.0,20.0,600.0,180.0,10.0,3.0,5.0,15,225,0,0.0,0.58,0.0,2.0,1.0,0.22,0.0
4126,30.0,20.0,600.0,180.0,10.0,3.0,6.0,15,225,0,0.0,0.655,0.0,2.0,1.0,0.22,0.0
4127,30.0,20.0,600.0,180.0,10.0,3.0,7.0,15,225,0,0.0,0.61,0.0,2.0,1.0,0.22,0.0
4128,30.0,20.0,600.0,180.0,10.0,3.0,8.0,15,225,0,0.0,0.634,0.0,2.0,1.0,0.22,0.0
4129,30.0,20.0,600.0,180.0,10.0,3.0,9.0,15,225,0,0.0,0.495,0.0,2.0,1.0,0.22,0.0
4130,30.0,20.0,600.0,180.0,10.0,3.0,10.0,15,225,0,0.0,0.603,0.0,2.0,1.0,0.22,0.0
4131,30.0,20.0,600.0,180.0,10.0,3.0,11.0,15,225,0,0.0,0.449,0.0,2.0,1.0,0.22,0.0
4132,30.0,20.0,600.0,180.0,10.0,3.0,12.0,15,225,0,0.0,0.38,0.0,2.0,1.0,0.22,0.0
4133,30.0,20.0,600.0,180.0,10.0,3.0,13.0,15,225,0,0.0,0.309,0.0,2.0,1.0,0.22,0.0
4134,30.0,20.0,600.0,180.0,10.0,3.0,14.0,15,225,0,0.0,0.516,0.0,2.0,1.0,0.22,0.0
4135,30.0,20.0,600.0,180.0,10.0,3.0,15.0,15,225,0,0.0,0.574,0.0,2.0,1.0,0.22,0.0
4136,30.0,20.0,600.0,180.0,10.0,3.0,16.0,15,225,0,0.0,0.662,0.0,2.0,1.0,0.22,0.0
4137,30.0,20.0,600.0,180.0,10.0,3.0,17.0,15,225,0,0.0,0.453,0.0,2.0,1.0,0.22,0.0
4138,30.0,20.0,600.0,180.0,10.0,3.0,18.0,15,225,0,0.0,0.329,0.0,2.0,1.0,0.22,0.0
4139,30.0,20.0,600.0,180.0,10.0,3.0,19.0,15,225,0,0.0,0.471,0.0,2.0,1.0,0.22,0.0
4140,30.0,20.0,600.0,180.0,10.0,4.0,0.0,15,225,0,0.0,0.527,0.0,2.0,1.0,0.22,0.0
4141,30.0,20.0,600.0,180.0,10.0,4.0,1.0,15,225,0,0.0,0.387,0.0,2.0,1.0,0.22,0.0
4142,30.0,20.0,600.0,180.0,10.0,4.0,2.0,15,225,0,0.0,0.611,0.0,2.0,1.0,0.22,0.0
4143,30.0,20.0,600.0,180.0,10.0,4.0,3.0,15,225,0,0.0,0.598,0.0,2.0,1.0,0.22,0.0
4144,30.0,20.0,600.0,180.0,10.0,4.0,4.0,15,225,0,0.0,0.506,0.0,2.0,1.0,0.22,0.0
4145,30.0,20.0,600.0,180.0,10.0,4.0,5.0,15,225,0,0.0,0.388,0.0,2.0,1.0,0.22,0.0
4146,30.0,20.0,600.0,180.0,10.0,4.0,6.0,15,225,0,0.0,0.653,0.0,2.0,1.0,0.22,0.0
4147,30.0,20.0,600.0,180.0,10.0,4.0,7.0,15,225,0,0.0,0.492,0.0,2.0,1.0,0.22,0.0
4148,30.0,20.0,600.0,180.0,10.0,4.0,8.0,15,225,0,0.0,0.409,0.0,2.0,1.0,0.22,0.0
4149,30.0,20.0,600.0,180.0,10.0,4.0,9.0,15,225,0,0.0,0.391,0.0,2.0,1.0,0.22,0.0
4150,30.0,20.0,600.0,180.0,10.0,4.0,10.0,15,225,0,0.0,0.594,0.0,2.0,1.0,0.22,0.0
4151,30.0,20.0,600.0,180.0,10.0,4.0,11.0,15,225,0,0.0,0.32,0.0,2.0,1.0,0.22,0.0
4152,30.0,20.0,600.0,180.0,10.0,4.0,12.0,15,225,0,0.0,0.407,0.0,2.0,1.0,0.22,0.0
4153,30.0,20.0,600.0,180.0,10.0,4.0,13.0,15,225,0,0.0,0.522,0.0,2.0,1.0,0.22,0.0
4154,30.0,20.0,600.0,180.0,10.0,4.0,14.0,15,225,0,0.0,0.619,0.0,2.0,1.0,0.22,0.0
4155,30.0,20.0,600.0,180.0,10.0,4.0,15.0,15,225,0,0.0,0.426,0.0,2.0,1.0,0.22,0.0
4156,30.0,20.0,600.0,180.0,10.0,4.0,16.0,15,225,0,0.0,0.588,0.0,2.0,1.0,0.22,0.0
4157,30.0,20.0,600.0,180.0,10.0,4.0,17.0,15,225,0,0.0,0.661,0.0,2.0,1.0,0.22,0.0
4158,30.0,20.0,600.0,180.0,10.0,4.0,18.0,15,225,0,0.0,0.552,0.0,2.0,1.0,0.22,0.0
4159,30.0,20.0,600.0,180.0,10.0,4.0,19.0,15,225,0,0.0,0.544,0.0,2.0,1.0,0.22,0.0
4160,30.0,20.0,600.0,180.0,10.0,5.0,0.0,15,225,0,0.0,0.488,0.0,2.0,1.0,0.22,0.0
4161,30.0,20.0,600.0,180.0,10.0,5.0,1.0,15,225,0,0.0,0.513,0.0,2.0,1.0,0.22,0.0
4162,30.0,20.0,600.0,180.0,10.0,5.0,2.0,15,225,0,0.0,0.392,0.0,2.0,1.0,0.22,0.0
4163,30.0,20.0,600.0,180.0,10.0,5.0,3.0,15,225,0,0.0,0.661,0.0,2.0,1.0,0.22,0.0
4164,30.0,20.0,600.0,180.0,10.0,5.0,4.0,15,225,0,0.0,0.647,0.0,2.0,1.0,0.22,0.0
4165,30.0,20.0,600.0,180.0,10.0,5.0,5.0,15,225,0,0.0,0.537,0.0,2.0,1.0,0.22,0.0
4166,30.0,20.0,600.0,180.0,10.0,5.0,6.0,15,225,0,0.0,0.504,0.0,2.0,1.0,0.22,0.0
4167,30.0,20.0,600.0,180.0,10.0,5.0,7.0,15,225,0,0.0,0.476,0.0,2.0,1.0,0.22,0.0
4168,30.0,20.0,600.0,180.0,10.0,5.0,8.0,15,225,0,0.0,0.74,0.0,2.0,1.0,0.22,0.0
4169,30.0,20.0,600.0,180.0,10.0,5.0,9.0,15,225,0,0.0,0.673,0.0,2.0,1.0,0.22,0.0
4170,30.0,20.0,600.0,180.0,10.0,5.0,10.0,15,225,0,0.0,0.637,0.0,2.0,1.0,0.22,0.0
4171,30.0,20.0,600.0,180.0,10.0,5.0,11.0,15,225,0,0.0,0.57,0.0,2.0,1.0,0.22,0.0
4172,30.0,20.0,600.0,180.0,10.0,5.0,12.0,15,225,0,0.0,0.659,0.0,2.0,1.0,0.22,0.0
4173,30.0,20.0,600.0,180.0,10.0,5.0,13.0,15,225,0,0.0,0.352,0.0,2.0,1.0,0.22,0.0
4174,30.0,20.0,600.0,180.0,10.0,5.0,14.0,15,225,0,0.0,0.364,0.0,2.0,1.0,0.22,0.0
4175,30.0,20.0,600.0,180.0,10.0,5.0,15.0,15,225,0,0.0,0.666,0.0,2.0,1.0,0.22,0.0
4176,30.0,20.0,600.0,180.0,10.0,5.0,16.0,15,225,0,0.0,0.634,0.0,2.0,1.0,0.22,0.0
4177,30.0,20.0,600.0,180.0,10.0,5.0,17.0,15,225,0,0.0,0.483,0.0,2.0,1.0,0.22,0.0
4178,30.0,20.0,600.0,180.0,10.0,5.0,18.0,15,225,0,0.0,0.53,0.0,2.0,1.0,0.22,0.0
4179,30.0,20.0,600.0,180.0,10.0,5.0,19.0,15,225,0,0.0,0.334,0.0,2.0,1.0,0.22,0.0
4180,30.0,20.0,600.0,180.0,10.0,6.0,0.0,15,225,0,0.0,0.437,0.0,2.0,1.0,0.22,0.0
4181,30.0,20.0,600.0,180.0,10.0,6.0,1.0,15,225,0,0.0,0.673,0.0,2.0,1.0,0.22,0.0
4182,30.0,20.0,600.0,180.0,10.0,6.0,2.0,15,225,0,0.0,0.405,0.0,2.0,1.0,0.22,0.0
4183,30.0,20.0,600.0,180.0,10.0,6.0,3.0,15,225,0,0.0,0.759,0.0,2.0,1.0,0.22,0.0
4184,30.0,20.0,600.0,180.0,10.0,6.0,4.0,15,225,0,0.0,0.399,0.0,2.0,1.0,0.22,0.0
4185,30.0,20.0,600.0,180.0,10.0,6.0,5.0,15,225,0,0.0,0.597,0.0,2.0,1.0,0.22,0.0
4186,30.0,20.0,600.0,180.0,10.0,6.0,6.0,15,225,0,0.0,0.306,0.0,2.0,1.0,0.22,0.0
4187,30.0,20.0,600.0,180.0,10.0,6.0,7.0,15,225,0,0.0,0.7,0.0,2.0,1.0,0.22,0.0
4188,30.0,20.0,600.0,180.0,10.0,6.0,8.0,15,225,0,0.0,0.663,0.0,2.0,1.0,0.22,0.0
4189,30.0,20.0,600.0,180.0,10.0,6.0,9.0,15,225,0,0.0,0.362,0.0,2.0,1.0,0.22,0.0
4190,30.0,20.0,600.0,180.0,10.0,6.0,10.0,15,225,0,0.0,0.487,0.0,2.0,1.0,0.22,0.0
4191,30.0,20.0,600.0,180.0,10.0,6.0,11.0,15,225,0,0.0,0.378,0.0,2.0,1.0,0.22,0.0
4192,30.0,20.0,600.0,180.0,10.0,6.0,12.0,15,225,0,0.0,0.561,0.0,2.0,1.0,0.22,0.0
4193,30.0,20.0,600.0,180.0,10.0,6.0,13.0,15,225,0,0.0,0.582,0.0,2.0,1.0,0.22,0.0
4194,30.0,20.0,600.0,180.0,10.0,6.0,14.0,15,225,0,0.0,0.408,0.0,2.0,1.0,0.22,0.0
4195,30.0,20.0,600.0,180.0,10.0,6.0,15.0,15,225,0,0.0,0.695,0.0,2.0,1.0,0.22,0.0
4196,30.0,20.0,600.0,180.0,10.0,6.0,16.0,15,225,0,0.0,0.595,0.0,2.0,1.0,0.22,0.0
4197,30.0,20.0,600.0,180.0,10.0,6.0,17.0,15,225,0,0.0,0.669,0.0,2.0,1.0,0.22,0.0
4198,30.0,20.0,600.0,180.0,10.0,6.0,18.0,15,225,0,0.0,0.672,0.0,2.0,1.0,0.22,0.0
4199,30.0,20.0,600.0,180.0,10.0,6.0,19.0,15,225,0,0.0,0.595,0.0,2.0,1.0,0.22,0.0
4200,30.0,20.0,600.0,180.0,10.0,7.0,0.0,15,225,0,0.0,0.377,0.0,2.0,1.0,0.22,0.0
4201,30.0,20.0,600.0,180.0,10.0,7.0,1.0,15,225,0,0.0,0.455,0.0,2.0,1.0,0.22,0.0
4202,30.0,20.0,600.0,180.0,10.0,7.0,2.0,15,225,0,0.0,0.686,0.0,2.0,1.0,0.22,0.0
4203,30.0,20.0,600.0,180.0,10.0,7.0,3.0,15,225,0,0.0,0.361,0.0,2.0,1.0,0.22,0.0
4204,30.0,20.0,600.0,180.0,10.0,7.0,4.0,15,225,0,0.0,0.423,0.0,2.0,1.0,0.22,0.0
4205,30.0,20.0,600.0,180.0,10.0,7.0,5.0,15,225,0,0.0,0.521,0.0,2.0,1.0,0.22,0.0
4206,30.0,20.0,600.0,180.0,10.0,7.0,6.0,15,225,0,0.0,0.43,0.0,2.0,1.0,0.22,0.0
4207,30.0,20.0,600.0,180.0,10.0,7.0,7.0,15,225,0,0.0,0.383,0.0,2.0,1.0,0.22,0.0
4208,30.0,20.0,600.0,180.0,10.0,7.0,8.0,15,225,0,0.0,0.656,0.0,2.0,1.0,0.22,0.0
4209,30.0,20.0,600.0,180.0,10.0,7.0,9.0,15,225,0,0.0,0.597,0.0,2.0,1.0,0.22,0.0
4210,30.0,20.0,600.0,180.0,10.0,7.0,10.0,15,225,0,0.0,0.6,0.0,2.0,1.0,0.22,0.0
4211,30.0,20.0,600.0,180.0,10.0,7.0,11.0,15,225,0,0.0,0.677,0.0,2.0,1.0,0.22,0.0
4212,30.0,20.0,600.0,180.0,10.0,7.0,12.0,15,225,0,0.0,0.459,0.0,2.0,1.0,0.22,0.0
4213,30.0,20.0,600.0,180.0,10.0,7.0,13.0,15,225,0,0.0,0.353,0.0,2.0,1.0,0.22,0.0
4214,30.0,20.0,600.0,180.0,10.0,7.0,14.0,15,225,0,0.0,0.464,0.0,2.0,1.0,0.22,0.0
4215,30.0,20.0,600.0,180.0,10.0,7.0,15.0,15,225,0,0.0,0.65,0.0,2.0,1.0,0.22,0.0
4216,30.0,20.0,600.0,180.0,10.0,7.0,16.0,15,225,0,0.0,0.327,0.0,2.0,1.0,0.22,0.0
4217,30.0,20.0,600.0,180.0,10.0,7.0,17.0,15,225,0,0.0,0.415,0.0,2.0,1.0,0.22,0.0
4218,30.0,20.0,600.0,180.0,10.0,7.0,18.0,15,225,0,0.0,0.513,0.0,2.0,1.0,0.22,0.0
4219,30.0,20.0,600.0,180.0,10.0,7.0,19.0,15,225,0,0.0,0.606,0.0,2.0,1.0,0.22,0.0
4220,30.0,20.0,600.0,180.0,10.0,8.0,0.0,15,225,0,0.0,0.614,0.0,2.0,1.0,0.22,0.0
4221,30.0,20.0,600.0,180.0,10.0,8.0,1.0,15,225,0,0.0,0.486,0.0,2.0,1.0,0.22,0.0
4222,30.0,20.0,600.0,180.0,10.0,8.0,2.0,15,225,0,0.0,0.526,0.0,2.0,1.0,0.22,0.0
4223,30.0,20.0,600.0,180.0,10.0,8.0,3.0,15,225,0,0.0,0.371,0.0,2.0,1.0,0.22,0.0
4224,30.0,20.0,600.0,180.0,10.0,8.0,4.0,15,225,0,0.0,0.414,0.0,2.0,1.0,0.22,0.0
4225,30.0,20.0,600.0,180.0,10.0,8.0,5.0,15,225,0,0.0,0.655,0.0,2.0,1.0,0.22,0.0
4226,30.0,20.0,600.0,180.0,10.0,8.0,6.0,15,225,0,0.0,0.437,0.0,2.0,1.0,0.22,0.0
4227,30.0,20.0,600.0,180.0,10.0,8.0,7.0,15,225,0,0.0,0.608,0.0,2.0,1.0,0.22,0.0
4228,30.0,20.0,600.0,180.0,10.0,8.0,8.0,15,225,0,0.0,0.367,0.0,2.0,1.0,0.22,0.0
4229,30.0,20.0,600.0,180.0,10.0,8.0,9.0,15,225,0,0.0,0.409,0.0,2.0,1.0,0.22,0.0
4230,30.0,20.0,600.0,180.0,10.0,8.0,10.0,15,225,0,0.0,0.632,0.0,2.0,1.0,0.22,0.0
4231,30.0,20.0,600.0,180.0,10.0,8.0,11.0,15,225,0,0.0,0.462,0.0,2.0,1.0,0.22,0.0
4232,30.0,20.0,600.0,180.0,10.0,8.0,12.0,15,225,0,0.0,0.339,0.0,2.0,1.0,0.22,0.0
4233,30.0,20.0,600.0,180.0,10.0,8.0,13.0,15,225,0,0.0,0.41,0.0,2.0,1.0,0.22,0.0
4234,30.0,20.0,600.0,180.0,10.0,8.0,14.0,15,225,0,0.0,0.697,0.0,2.0,1.0,0.22,0.0
4235,30.0,20.0,600.0,180.0,10.0,8.0,15.0,15,225,0,0.0,0.421,0.0,2.0,1.0,0.22,0.0
4236,30.0,20.0,600.0,180.0,10.0,8.0,16.0,15,225,0,0.0,0.578,0.0,2.0,1.0,0.22,0.0
4237,30.0,20.0,600.0,180.0,10.0,8.0,17.0,15,225,0,0.0,0.515,0.0,2.0,1.0,0.22,0.0
4238,30.0,20.0,600.0,180.0,10.0,8.0,18.0,15,225,0,0.0,0.691,0.0,2.0,1.0,0.22,0.0
4239,30.0,20.0,600.0,180.0,10.0,8.0,19.0,15,225,0,0.0,0.628,0.0,2.0,1.0,0.22,0.0
4240,30.0,20.0,600.0,180.0,10.0,9.0,0.0,15,225,0,0.0,0.302,0.0,2.0,1.0,0.22,0.0
4241,30.0,20.0,600.0,180.0,10.0,9.0,1.0,15,225,0,0.0,0.451,0.0,2.0,1.0,0.22,0.0
4242,30.0,20.0,600.0,180.0,10.0,9.0,2.0,15,225,0,0.0,0.643,0.0,2.0,1.0,0.22,0.0
4243,30.0,20.0,600.0,180.0,10.0,9.0,3.0,15,225,0,0.0,0.841,0.0,2.0,1.0,0.22,0.0
4244,30.0,20.0,600.0,180.0,10.0,9.0,4.0,15,225,0,0.0,0.659,0.0,2.0,1.0,0.22,0.0
4245,30.0,20.0,600.0,180.0,10.0,9.0,5.0,15,225,0,0.0,0.355,0.0,2.0,1.0,0.22,0.0
4246,30.0,20.0,600.0,180.0,10.0,9.0,6.0,15,225,0,0.0,0.404,0.0,2.0,1.0,0.22,0.0
4247,30.0,20.0,600.0,180.0,10.0,9.0,7.0,15,225,0,0.0,0.554,0.0,2.0,1.0,0.22,0.0
4248,30.0,20.0,600.0,180.0,10.0,9.0,8.0,15,225,0,0.0,0.642,0.0,2.0,1.0,0.22,0.0
4249,30.0,20.0,600.0,180.0,10.0,9.0,9.0,15,225,0,0.0,0.682,0.0,2.0,1.0,0.22,0.0
4250,30.0,20.0,600.0,180.0,10.0,9.0,10.0,15,225,0,0.0,0.393,0.0,2.0,1.0,0.22,0.0
4251,30.0,20.0,600.0,180.0,10.0,9.0,11.0,15,225,0,0.0,0.418,0.0,2.0,1.0,0.22,0.0
4252,30.0,20.0,600.0,180.0,10.0,9.0,12.0,15,225,0,0.0,0.417,0.0,2.0,1.0,0.22,0.0
4253,30.0,20.0,600.0,180.0,10.0,9.0,13.0,15,225,0,0.0,0.462,0.0,2.0,1.0,0.22,0.0
4254,30.0,20.0,600.0,180.0,10.0,9.0,14.0,15,225,0,0.0,0.431,0.0,2.0,1.0,0.22,0.0
4255,30.0,20.0,600.0,180.0,10.0,9.0,15.0,15,225,0,0.0,0.564,0.0,2.0,1.0,0.22,0.0
4256,30.0,20.0,600.0,180.0,10.0,9.0,16.0,15,225,0,0.0,0.52,0.0,2.0,1.0,0.22,0.0
4257,30.0,20.0,600.0,180.0,10.0,9.0,17.0,15,225,0,0.0,0.676,0.0,2.0,1.0,0.22,0.0
4258,30.0,20.0,600.0,180.0,10.0,9.0,18.0,15,225,0,0.0,0.459,0.0,2.0,1.0,0.22,0.0
4259,30.0,20.0,600.0,180.0,10.0,9.0,19.0,15,225,0,0.0,0.388,0.0,2.0,1.0,0.22,0.0
4260,30.0,20.0,600.0,180.0,10.0,10.0,0.0,15,225,0,0.0,0.643,0.0,2.0,1.0,0.22,0.0
4261,30.0,20.0,600.0,180.0,10.0,10.0,1.0,15,225,0,0.0,0.536,0.0,2.0,1.0,0.22,0.0
4262,30.0,20.0,600.0,180.0,10.0,10.0,2.0,15,225,0,0.0,0.303,0.0,2.0,1.0,0.22,0.0
4263,30.0,20.0,600.0,180.0,10.0,10.0,3.0,15,225,0,0.0,0.484,0.0,2.0,1.0,0.22,0.0
4264,30.0,20.0,600.0,180.0,10.0,10.0,4.0,15,225,0,0.0,0.311,0.0,2.0,1.0,0.22,0.0
4265,30.0,20.0,600.0,180.0,10.0,10.0,5.0,15,225,0,0.0,0.572,0.0,2.0,1.0,0.22,0.0
4266,30.0,20.0,600.0,180.0,10.0,10.0,6.0,15,225,0,0.0,0.364,0.0,2.0,1.0,0.22,0.0
4267,30.0,20.0,600.0,180.0,10.0,10.0,7.0,15,225,0,0.0,0.538,0.0,2.0,1.0,0.22,0.0
4268,30.0,20.0,600.0,180.0,10.0,10.0,8.0,15,225,0,0.0,0.383,0.0,2.0,1.0,0.22,0.0
4269,30.0,20.0,600.0,180.0,10.0,10.0,9.0,15,225,0,0.0,0.466,0.0,2.0,1.0,0.22,0.0
4270,30.0,20.0,600.0,180.0,10.0,10.0,10.0,15,225,0,0.0,0.546,0.0,2.0,1.0,0.22,0.0
4271,30.0,20.0,600.0,180.0,10.0,10.0,11.0,15,225,0,0.0,0.551,0.0,2.0,1.0,0.22,0.0
4272,30.0,20.0,600.0,180.0,10.0,10.0,12.0,15,225,0,0.0,0.532,0.0,2.0,1.0,0.22,0.0
4273,30.0,20.0,600.0,180.0,10.0,10.0,13.0,15,225,0,0.0,0.695,0.0,2.0,1.0,0.22,0.0
4274,30.0,20.0,600.0,180.0,10.0,10.0,14.0,15,225,0,0.0,0.345,0.0,2.0,1.0,0.22,0.0
4275,30.0,20.0,600.0,180.0,10.0,10.0,15.0,15,225,0,0.0,0.405,0.0,2.0,1.0,0.22,0.0
4276,30.0,20.0,600.0,180.0,10.0,10.0,16.0,15,225,0,0.0,0.37,0.0,2.0,1.0,0.22,0.0
4277,30.0,20.0,600.0,180.0,10.0,10.0,17.0,15,225,0,0.0,0.329,0.0,2.0,1.0,0.22,0.0
4278,30.0,20.0,600.0,180.0,10.0,10.0,18.0,15,225,0,0.0,0.491,0.0,2.0,1.0,0.22,0.0
4279,30.0,20.0,600.0,180.0,10.0,10.0,19.0,15,225,0,0.0,0.358,0.0,2.0,1.0,0.22,0.0
4280,30.0,20.0,600.0,180.0,10.0,11.0,0.0,15,225,0,0.0,1.0,0.0,2.0,1.0,0.22,0.0
4281,30.0,20.0,600.0,180.0,10.0,11.0,1.0,15,225,0,0.0,1.0,0.0,2.0,1.0,0.22,0.0
4282,30.0,20.0,600.0,180.0,10.0,11.0,2.0,15,225,0,0.0,0.815,0.0,2.0,1.0,0.22,0.0
4283,30.0,20.0,600.0,180.0,10.0,11.0,3.0,15,225,0,0.0,1.0,0.0,2.0,1.0,0.22,0.0
4284,30.0,20.0,600.0,180.0,10.0,11.0,4.0,15,225,0,0.0,1.0,0.0,2.0,1.0,0.22,0.0
4285,30.0,20.0,600.0,180.0,10.0,11.0,5.0,15,225,0,0.0,1.0,0.0,2.0,1.0,0.22,0.0
4286,30.0,20.0,600.0,180.0,10.0,11.0,6.0,15,225,0,0.0,1.0,0.0,2.0,1.0,0.22,0.0
4287,30.0,20.0,600.0,180.0,10.0,11.0,7.0,15,225,0,0.0,1.0,0.0,2.0,1.0,0.22,0.0
4288,30.0,20.0,600.0,180.0,10.0,11.0,8.0,15,225,0,0.0,1.0,0.0,2.0,1.0,0.22,0.0
4289,30.0,20.0,600.0,180.0,10.0,11.0,9.0,15,225,0,0.0,1.0,0.0,2.0,1.0,0.22,0.0
4290,30.0,20.0,600.0,180.0,10.0,11.0,10.0,15,225,0,0.0,1.0,0.0,2.0,1.0,0.22,0.0
4291,30.0,20.0,600.0,180.0,10.0,11.0,11.0,15,225,0,0.0,1.0,0.0,2.0,1.0,0.22,0.0
4292,30.0,20.0,600.0,180.0,10.0,11.0,12.0,15,225,0,0.0,1.0,0.0,2.0,1.0,0.22,0.0
4293,30.0,20.0,600.0,180.0,10.0,11.0,13.0,15,225,0,0.0,1.0,0.0,2.0,1.0,0.22,0.0
4294,30.0,20.0,600.0,180.0,10.0,11.0,14.0,15,225,0,0.0,1.0,0.0,2.0,1.0,0.22,0.0
4295,30.0,20.0,600.0,180.0,10.0,11.0,15.0,15,225,0,0.0,1.0,0.0,2.0,1.0,0.22,0.0
4296,30.0,20.0,600.0,180.0,10.0,11.0,16.0,15,225,0,0.0,1.0,0.0,2.0,1.0,0.22,0.0
4297,30.0,20.0,600.0,180.0,10.0,11.0,17.0,15,225,0,0.0,1.0,0.0,2.0,1.0,0.22,0.0
4298,30.0,20.0,600.0,180.0,10.0,11.0,18.0,15,225,0,0.0,1.0,0.0,2.0,1.0,0.22,0.0
4299,30.0,20.0,600.0,180.0,10.0,11.0,19.0,15,225,0,0.0,1.0,0.0,2.0,1.0,0.22,0.0
4300,30.0,20.0,600.0,180.0,10.0,12.0,0.0,15,225,0,0.0,1.0,0.0,2.0,1.0,0.22,0.0
4301,30.0,20.0,600.0,180.0,10.0,12.0,1.0,15,225,0,0.0,1.0,0.0,2.0,1.0,0.22,0.0
4302,30.0,20.0,600.0,180.0,10.0,12.0,2.0,15,225,0,0.0,1.0,0.0,2.0,1.0,0.22,0.0
4303,30.0,20.0,600.0,180.0,10.0,12.0,3.0,15,225,0,0.0,1.0,0.0,2.0,1.0,0.22,0.0
4304,30.0,20.0,600.0,180.0,10.0,12.0,4.0,15,225,0,0.0,0.665,0.0,2.0,1.0,0.22,0.0
4305,30.0,20.0,600.0,180.0,10.0,12.0,5.0,15,225,0,0.0,1.0,0.0,2.0,1.0,0.22,0.0
4306,30.0,20.0,600.0,180.0,10.0,12.0,6.0,15,225,0,0.0,1.0,0.0,2.0,1.0,0.22,0.0
4307,30.0,20.0,600.0,180.0,10.0,12.0,7.0,15,225,0,0.0,1.0,0.0,2.0,1.0,0.22,0.0
4308,30.0,20.0,600.0,180.0,10.0,12.0,8.0,15,225,0,0.0,1.0,0.0,2.0,1.0,0.22,0.0
4309,30.0,20.0,600.0,180.0,10.0,12.0,9.0,15,225,0,0.0,1.0,0.0,2.0,1.0,0.22,0.0
4310,30.0,20.0,600.0,180.0,10.0,12.0,10.0,15,225,0,0.0,1.0,0.0,2.0,1.0,0.22,0.0
4311,30.0,20.0,600.0,180.0,10.0,12.0,11.0,15,225,0,0.0,1.0,0.0,2.0,1.0,0.22,0.0
4312,30.0,20.0,600.0,180.0,10.0,12.0,12.0,15,225,0,0.0,1.0,0.0,2.0,1.0,0.22,0.0
4313,30.0,20.0,600.0,180.0,10.0,12.0,13.0,15,225,0,0.0,1.0,0.0,2.0,1.0,0.22,0.0
4314,30.0,20.0,600.0,180.0,10.0,12.0,14.0,15,225,0,0.0,1.0,0.0,2.0,1.0,0.22,0.0
4315,30.0,20.0,600.0,180.0,10.0,12.0,15.0,15,225,0,0.0,1.0,0.0,2.0,1.0,0.22,0.0
4316,30.0,20.0,600.0,180.0,10.0,12.0,16.0,15,225,0,0.0,1.0,0.0,2.0,1.0,0.22,0.0
4317,30.0,20.0,600.0,180.0,10.0,12.0,17.0,15,225,0,0.0,1.0,0.0,2.0,1.0,0.22,0.0
4318,30.0,20.0,600.0,180.0,10.0,12.0,18.0,15,225,0,0.0,1.0,0.0,2.0,1.0,0.22,0.0
4319,30.0,20.0,600.0,180.0,10.0,12.0,19.0,15,225,0,0.0,1.0,0.0,2.0,1.0,0.22,0.0
4320,30.0,20.0,600.0,180.0,10.0,13.0,0.0,15,225,0,0.0,1.0,0.0,2.0,1.0,0.22,0.0
4321,30.0,20.0,600.0,180.0,10.0,13.0,1.0,15,225,0,0.0,1.0,0.0,2.0,1.0,0.22,0.0
4322,30.0,20.0,600.0,180.0,10.0,13.0,2.0,15,225,0,0.0,1.0,0.0,2.0,1.0,0.22,0.0
4323,30.0,20.0,600.0,180.0,10.0,13.0,3.0,15,225,0,0.0,1.0,0.0,2.0,1.0,0.22,0.0
4324,30.0,20.0,600.0,180.0,10.0,13.0,4.0,15,225,0,0.0,1.0,0.0,2.0,1.0,0.22,0.0
4325,30.0,20.0,600.0,180.0,10.0,13.0,5.0,15,225,0,0.0,1.0,0.0,2.0,1.0,0.22,0.0
4326,30.0,20.0,600.0,180.0,10.0,13.0,6.0,15,225,0,0.0,1.0,0.0,2.0,1.0,0.22,0.0
4327,30.0,20.0,600.0,180.0,10.0,13.0,7.0,15,225,0,0.0,1.0,0.0,2.0,1.0,0.22,0.0
4328,30.0,20.0,600.0,180.0,10.0,13.0,8.0,15,225,0,0.0,1.0,0.0,2.0,1.0,0.22,0.0
4329,30.0,20.0,600.0,180.0,10.0,13.0,9.0,15,225,0,0.0,1.0,0.0,2.0,1.0,0.22,0.0
4330,30.0,20.0,600.0,180.0,10.0,13.0,10.0,15,225,0,0.0,1.0,0.0,2.0,1.0,0.22,0.0
4331,30.0,20.0,600.0,180.0,10.0,13.0,11.0,15,225,0,0.0,1.0,0.0,2.0,1.0,0.22,0.0
4332,30.0,20.0,600.0,180.0,10.0,13.0,12.0,15,225,0,0.0,1.0,0.0,2.0,1.0,0.22,0.0
4333,30.0,20.0,600.0,180.0,10.0,13.0,13.0,15,225,0,0.0,1.0,0.0,2.0,1.0,0.22,0.0
4334,30.0,20.0,600.0,180.0,10.0,13.0,14.0,15,225,0,0.0,1.0,0.0,2.0,1.0,0.22,0.0
4335,30.0,20.0,600.0,180.0,10.0,13.0,15.0,15,225,0,0.0,1.0,0.0,2.0,1.0,0.22,0.0
4336,30.0,20.0,600.0,180.0,10.0,13.0,16.0,15,225,0,0.0,1.0,0.0,2.0,1.0,0.22,0.0
4337,30.0,20.0,600.0,180.0,10.0,13.0,17.0,15,225,0,0.0,1.0,0.0,2.0,1.0,0.22,0.0
4338,30.0,20.0,600.0,180.0,10.0,13.0,18.0,15,225,0,0.0,1.0,0.0,2.0,1.0,0.22,0.0
4339,30.0,20.0,600.0,180.0,10.0,13.0,19.0,15,225,0,0.0,0.772,0.0,2.0,1.0,0.22,0.0
4340,30.0,20.0,600.0,180.0,10.0,14.0,0.0,15,225,0,0.0,1.0,0.0,2.0,1.0,0.22,0.0
4341,30.0,20.0,600.0,180.0,10.0,14.0,1.0,15,225,0,0.0,1.0,0.0,2.0,1.0,0.22,0.0
4342,30.0,20.0,600.0,180.0,10.0,14.0,2.0,15,225,0,0.0,1.0,0.0,2.0,1.0,0.22,0.0
4343,30.0,20.0,600.0,180.0,10.0,14.0,3.0,15,225,0,0.0,1.0,0.0,2.0,1.0,0.22,0.0
4344,30.0,20.0,600.0,180.0,10.0,14.0,4.0,15,225,0,0.0,1.0,0.0,2.0,1.0,0.22,0.0
4345,30.0,20.0,600.0,180.0,10.0,14.0,5.0,15,225,0,0.0,1.0,0.0,2.0,1.0,0.22,0.0
4346,30.0,20.0,600.0,180.0,10.0,14.0,6.0,15,225,0,0.0,1.0,0.0,2.0,1.0,0.22,0.0
4347,30.0,20.0,600.0,180.0,10.0,14.0,7.0,15,225,0,0.0,1.0,0.0,2.0,1.0,0.22,0.0
4348,30.0,20.0,600.0,180.0,10.0,14.0,8.0,15,225,0,0.0,1.0,0.0,2.0,1.0,0.22,0.0
4349,30.0,20.0,600.0,180.0,10.0,14.0,9.0,15,225,0,0.0,1.0,0.0,2.0,1.0,0.22,0.0
4350,30.0,20.0,600.0,180.0,10.0,14.0,10.0,15,225,0,0.0,1.0,0.0,2.0,1.0,0.22,0.0
4351,30.0,20.0,600.0,180.0,10.0,14.0,11.0,15,225,0,0.0,1.0,0.0,2.0,1.0,0.22,0.0
4352,30.0,20.0,600.0,180.0,10.0,14.0,12.0,15,225,0,0.0,0.625,0.0,2.0,1.0,0.22,0.0
4353,30.0,20.0,600.0,180.0,10.0,14.0,13.0,15,225,0,0.0,1.0,0.0,2.0,1.0,0.22,0.0
4354,30.0,20.0,600.0,180.0,10.0,14.0,14.0,15,225,0,0.0,1.0,0.0,2.0,1.0,0.22,0.0
4355,30.0,20.0,600.0,180.0,10.0,14.0,15.0,15,225,0,0.0,1.0,0.0,2.0,1.0,0.22,0.0
4356,30.0,20.0,600.0,180.0,10.0,14.0,16.0,15,225,0,0.0,1.0,0.0,2.0,1.0,0.22,0.0
4357,30.0,20.0,600.0,180.0,10.0,14.0,17.0,15,225,0,0.0,1.0,0.0,2.0,1.0,0.22,0.0
4358,30.0,20.0,600.0,180.0,10.0,14.0,18.0,15,225,0,0.0,1.0,0.0,2.0,1.0,0.22,0.0
4359,30.0,20.0,600.0,180.0,10.0,14.0,19.0,15,225,0,0.0,1.0,0.0,2.0,1.0,0.22,0.0
4360,30.0,20.0,600.0,180.0,10.0,15.0,0.0,15,225,0,0.0,1.0,0.0,2.0,1.0,0.22,0.0
4361,30.0,20.0,600.0,180.0,10.0,15.0,1.0,15,225,0,0.0,1.0,0.0,2.0,1.0,0.22,0.0
4362,30.0,20.0,600.0,180.0,10.0,15.0,2.0,15,225,0,0.0,1.0,0.0,2.0,1.0,0.22,0.0
4363,30.0,20.0,600.0,180.0,10.0,15.0,3.0,15,225,0,0.0,1.0,0.0,2.0,1.0,0.22,0.0
4364,30.0,20.0,600.0,180.0,10.0,15.0,4.0,15,225,0,0.0,1.0,0.0,2.0,1.0,0.22,0.0
4365,30.0,20.0,600.0,180.0,10.0,15.0,5.0,15,225,0,0.0,1.0,0.0,2.0,1.0,0.22,0.0
4366,30.0,20.0,600.0,180.0,10.0,15.0,6.0,15,225,0,0.0,1.0,0.0,2.0,1.0,0.22,0.0
4367,30.0,20.0,600.0,180.0,10.0,15.0,7.0,15,225,0,0.0,1.0,0.0,2.0,1.0,0.22,0.0
4368,30.0,20.0,600.0,180.0,10.0,15.0,8.0,15,225,0,0.0,1.0,0.0,2.0,1.0,0.22,0.0
4369,30.0,20.0,600.0,180.0,10.0,15.0,9.0,15,225,0,0.0,1.0,0.0,2.0,1.0,0.22,0.0
4370,30.0,20.0,600.0,180.0,10.0,15.0,10.0,15,225,0,0.0,1.0,0.0,2.0,1.0,0.22,0.0
4371,30.0,20.0,600.0,180.0,10.0,15.0,11.0,15,225,0,0.0,1.0,0.0,2.0,1.0,0.22,0.0
4372,30.0,20.0,600.0,180.0,10.0,15.0,12.0,15,225,0,0.0,0.745,0.0,2.0,1.0,0.22,0.0
4373,30.0,20.0,600.0,180.0,10.0,15.0,13.0,15,225,0,0.0,1.0,0.0,2.0,1.0,0.22,0.0
4374,30.0,20.0,600.0,180.0,10.0,15.0,14.0,15,225,0,0.0,1.0,0.0,2.0,1.0,0.22,0.0
4375,30.0,20.0,600.0,180.0,10.0,15.0,15.0,15,225,0,0.0,0.854,0.0,2.0,1.0,0.22,0.0
4376,30.0,20.0,600.0,180.0,10.0,15.0,16.0,15,225,0,0.0,1.0,0.0,2.0,1.0,0.22,0.0
4377,30.0,20.0,600.0,180.0,10.0,15.0,17.0,15,225,0,0.0,1.0,0.0,2.0,1.0,0.22,0.0
4378,30.0,20.0,600.0,180.0,10.0,15.0,18.0,15,225,0,0.0,0.76,0.0,2.0,1.0,0.22,0.0
4379,30.0,20.0,600.0,180.0,10.0,15.0,19.0,15,225,0,0.0,1.0,0.0,2.0,1.0,0.22,0.0
4380,30.0,20.0,600.0,180.0,10.0,16.0,0.0,15,225,0,0.0,1.0,0.0,2.0,1.0,0.22,0.0
4381,30.0,20.0,600.0,180.0,10.0,16.0,1.0,15,225,0,0.0,1.0,0.0,2.0,1.0,0.22,0.0
4382,30.0,20.0,600.0,180.0,10.0,16.0,2.0,15,225,0,0.0,1.0,0.0,2.0,1.0,0.22,0.0
4383,30.0,20.0,600.0,180.0,10.0,16.0,3.0,15,225,0,0.0,1.0,0.0,2.0,1.0,0.22,0.0
4384,30.0,20.0,600.0,180.0,10.0,16.0,4.0,15,225,0,0.0,1.0,0.0,2.0,1.0,0.22,0.0
4385,30.0,20.0,600.0,180.0,10.0,16.0,5.0,15,225,0,0.0,1.0,0.0,2.0,1.0,0.22,0.0
4386,30.0,20.0,600.0,180.0,10.0,16.0,6.0,15,225,0,0.0,1.0,0.0,2.0,1.0,0.22,0.0
4387,30.0,20.0,600.0,180.0,10.0,16.0,7.0,15,225,0,0.0,1.0,0.0,2.0,1.0,0.22,0.0
4388,30.0,20.0,600.0,180.0,10.0,16.0,8.0,15,225,0,0.0,1.0,0.0,2.0,1.0,0.22,0.0
4389,30.0,20.0,600.0,180.0,10.0,16.0,9.0,15,225,0,0.0,1.0,0.0,2.0,1.0,0.22,0.0
4390,30.0,20.0,600.0,180.0,10.0,16.0,10.0,15,225,0,0.0,1.0,0.0,2.0,1.0,0.22,0.0
4391,30.0,20.0,600.0,180.0,10.0,16.0,11.0,15,225,0,0.0,1.0,0.0,2.0,1.0,0.22,0.0
4392,30.0,20.0,600.0,180.0,10.0,16.0,12.0,15,225,0,0.0,1.0,0.0,2.0,1.0,0.22,0.0
4393,30.0,20.0,600.0,180.0,10.0,16.0,13.0,15,225,0,0.0,0.731,0.0,2.0,1.0,0.22,0.0
4394,30.0,20.0,600.0,180.0,10.0,16.0,14.0,15,225,0,0.0,1.0,0.0,2.0,1.0,0.22,0.0
4395,30.0,20.0,600.0,180.0,10.0,16.0,15.0,15,225,0,0.0,1.0,0.0,2.0,1.0,0.22,0.0
4396,30.0,20.0,600.0,180.0,10.0,16.0,16.0,15,225,0,0.0,1.0,0.0,2.0,1.0,0.22,0.0
4397,30.0,20.0,600.0,180.0,10.0,16.0,17.0,15,225,0,0.0,1.0,0.0,2.0,1.0,0.22,0.0
4398,30.0,20.0,600.0,180.0,10.0,16.0,18.0,15,225,0,0.0,1.0,0.0,2.0,1.0,0.22,0.0
4399,30.0,20.0,600.0,180.0,10.0,16.0,19.0,15,225,0,0.0,1.0,0.0,2.0,1.0,0.22,0.0
4400,30.0,20.0,600.0,180.0,10.0,17.0,0.0,15,225,0,0.0,1.0,0.0,2.0,1.0,0.22,0.0
4401,30.0,20.0,600.0,180.0,10.0,17.0,1.0,15,225,0,0.0,1.0,0.0,2.0,1.0,0.22,0.0
4402,30.0,20.0,600.0,180.0,10.0,17.0,2.0,15,225,0,0.0,1.0,0.0,2.0,1.0,0.22,0.0
4403,30.0,20.0,600.0,180.0,10.0,17.0,3.0,15,225,0,0.0,1.0,0.0,2.0,1.0,0.22,0.0
4404,30.0,20.0,600.0,180.0,10.0,17.0,4.0,15,225,0,0.0,1.0,0.0,2.0,1.0,0.22,0.0
4405,30.0,20.0,600.0,180.0,10.0,17.0,5.0,15,225,0,0.0,1.0,0.0,2.0,1.0,0.22,0.0
4406,30.0,20.0,600.0,180.0,10.0,17.0,6.0,15,225,0,0.0,1.0,0.0,2.0,1.0,0.22,0.0
4407,30.0,20.0,600.0,180.0,10.0,17.0,7.0,15,225,0,0.0,1.0,0.0,2.0,1.0,0.22,0.0
4408,30.0,20.0,600.0,180.0,10.0,17.0,8.0,15,225,0,0.0,1.0,0.0,2.0,1.0,0.22,0.0
4409,30.0,20.0,600.0,180.0,10.0,17.0,9.0,15,225,0,0.0,1.0,0.0,2.0,1.0,0.22,0.0
4410,30.0,20.0,600.0,180.0,10.0,17.0,10.0,15,225,0,0.0,1.0,0.0,2.0,1.0,0.22,0.0
4411,30.0,20.0,600.0,180.0,10.0,17.0,11.0,15,225,0,0.0,1.0,0.0,2.0,1.0,0.22,0.0
4412,30.0,20.0,600.0,180.0,10.0,17.0,12.0,15,225,0,0.0,1.0,0.0,2.0,1.0,0.22,0.0
4413,30.0,20.0,600.0,180.0,10.0,17.0,13.0,15,225,0,0.0,1.0,0.0,2.0,1.0,0.22,0.0
4414,30.0,20.0,600.0,180.0,10.0,17.0,14.0,15,225,0,0.0,1.0,0.0,2.0,1.0,0.22,0.0
4415,30.0,20.0,600.0,180.0,10.0,17.0,15.0,15,225,0,0.0,1.0,0.0,2.0,1.0,0.22,0.0
4416,30.0,20.0,600.0,180.0,10.0,17.0,16.0,15,225,0,0.0,1.0,0.0,2.0,1.0,0.22,0.0
4417,30.0,20.0,600.0,180.0,10.0,17.0,17.0,15,225,0,0.0,1.0,0.0,2.0,1.0,0.22,0.0
4418,30.0,20.0,600.0,180.0,10.0,17.0,18.0,15,225,0,0.0,1.0,0.0,2.0,1.0,0.22,0.0
4419,30.0,20.0,600.0,180.0,10.0,17.0,19.0,15,225,0,0.0,1.0,0.0,2.0,1.0,0.22,0.0
4420,30.0,20.0,600.0,180.0,10.0,18.0,0.0,15,225,0,0.0,1.0,0.0,2.0,1.0,0.22,0.0
4421,30.0,20.0,600.0,180.0,10.0,18.0,1.0,15,225,0,0.0,1.0,0.0,2.0,1.0,0.22,0.0
4422,30.0,20.0,600.0,180.0,10.0,18.0,2.0,15,225,0,0.0,1.0,0.0,2.0,1.0,0.22,0.0
4423,30.0,20.0,600.0,180.0,10.0,18.0,3.0,15,225,0,0.0,1.0,0.0,2.0,1.0,0.22,0.0
4424,30.0,20.0,600.0,180.0,10.0,18.0,4.0,15,225,0,0.0,1.0,0.0,2.0,1.0,0.22,0.0
4425,30.0,20.0,600.0,180.0,10.0,18.0,5.0,15,225,0,0.0,1.0,0.0,2.0,1.0,0.22,0.0
4426,30.0,20.0,600.0,180.0,10.0,18.0,6.0,15,225,0,0.0,1.0,0.0,2.0,1.0,0.22,0.0
4427,30.0,20.0,600.0,180.0,10.0,18.0,7.0,15,225,0,0.0,1.0,0.0,2.0,1.0,0.22,0.0
4428,30.0,20.0,600.0,180.0,10.0,18.0,8.0,15,225,0,0.0,1.0,0.0,2.0,1.0,0.22,0.0
4429,30.0,20.0,600.0,180.0,10.0,18.0,9.0,15,225,0,0.0,1.0,0.0,2.0,1.0,0.22,0.0
4430,30.0,20.0,600.0,180.0,10.0,18.0,10.0,15,225,0,0.0,1.0,0.0,2.0,1.0,0.22,0.0
4431,30.0,20.0,600.0,180.0,10.0,18.0,11.0,15,225,0,0.0,1.0,0.0,2.0,1.0,0.22,0.0
4432,30.0,20.0,600.0,180.0,10.0,18.0,12.0,15,225,0,0.0,0.699,0.0,2.0,1.0,0.22,0.0
4433,30.0,20.0,600.0,180.0,10.0,18.0,13.0,15,225,0,0.0,1.0,0.0,2.0,1.0,0.22,0.0
4434,30.0,20.0,600.0,180.0,10.0,18.0,14.0,15,225,0,0.0,1.0,0.0,2.0,1.0,0.22,0.0
4435,30.0,20.0,600.0,180.0,10.0,18.0,15.0,15,225,0,0.0,1.0,0.0,2.0,1.0,0.22,0.0
4436,30.0,20.0,600.0,180.0,10.0,18.0,16.0,15,225,0,0.0,1.0,0.0,2.0,1.0,0.22,0.0
4437,30.0,20.0,600.0,180.0,10.0,18.0,17.0,15,225,0,0.0,1.0,0.0,2.0,1.0,0.22,0.0
4438,30.0,20.0,600.0,180.0,10.0,18.0,18.0,15,225,0,0.0,1.0,0.0,2.0,1.0,0.22,0.0
4439,30.0,20.0,600.0,180.0,10.0,18.0,19.0,15,225,0,0.0,1.0,0.0,2.0,1.0,0.22,0.0
4440,30.0,20.0,600.0,180.0,10.0,19.0,0.0,15,225,0,0.0,1.0,0.0,2.0,1.0,0.22,0.0
4441,30.0,20.0,600.0,180.0,10.0,19.0,1.0,15,225,0,0.0,1.0,0.0,2.0,1.0,0.22,0.0
4442,30.0,20.0,600.0,180.0,10.0,19.0,2.0,15,225,0,0.0,1.0,0.0,2.0,1.0,0.22,0.0
4443,30.0,20.0,600.0,180.0,10.0,19.0,3.0,15,225,0,0.0,1.0,0.0,2.0,1.0,0.22,0.0
4444,30.0,20.0,600.0,180.0,10.0,19.0,4.0,15,225,0,0.0,1.0,0.0,2.0,1.0,0.22,0.0
4445,30.0,20.0,600.0,180.0,10.0,19.0,5.0,15,225,0,0.0,1.0,0.0,2.0,1.0,0.22,0.0
4446,30.0,20.0,600.0,180.0,10.0,19.0,6.0,15,225,0,0.0,1.0,0.0,2.0,1.0,0.22,0.0
4447,30.0,20.0,600.0,180.0,10.0,19.0,7.0,15,225,0,0.0,1.0,0.0,2.0,1.0,0.22,0.0
4448,30.0,20.0,600.0,180.0,10.0,19.0,8.0,15,225,0,0.0,1.0,0.0,2.0,1.0,0.22,0.0
4449,30.0,20.0,600.0,180.0,10.0,19.0,9.0,15,225,0,0.0,1.0,0.0,2.0,1.0,0.22,0.0
4450,30.0,20.0,600.0,180.0,10.0,19.0,10.0,15,225,0,0.0,1.0,0.0,2.0,1.0,0.22,0.0
4451,30.0,20.0,600.0,180.0,10.0,19.0,11.0,15,225,0,0.0,1.0,0.0,2.0,1.0,0.22,0.0
4452,30.0,20.0,600.0,180.0,10.0,19.0,12.0,15,225,0,0.0,1.0,0.0,2.0,1.0,0.22,0.0
4453,30.0,20.0,600.0,180.0,10.0,19.0,13.0,15,225,0,0.0,1.0,0.0,2.0,1.0,0.22,0.0
4454,30.0,20.0,600.0,180.0,10.0,19.0,14.0,15,225,0,0.0,1.0,0.0,2.0,1.0,0.22,0.0
4455,30.0,20.0,600.0,180.0,10.0,19.0,15.0,15,225,0,0.0,1.0,0.0,2.0,1.0,0.22,0.0
4456,30.0,20.0,600.0,180.0,10.0,19.0,16.0,15,225,0,0.0,1.0,0.0,2.0,1.0,0.22,0.0
4457,30.0,20.0,600.0,180.0,10.0,19.0,17.0,15,225,0,0.0,1.0,0.0,2.0,1.0,0.22,0.0
4458,30.0,20.0,600.0,180.0,10.0,19.0,18.0,15,225,0,0.0,1.0,0.0,2.0,1.0,0.22,0.0
4459,30.0,20.0,600.0,180.0,10.0,19.0,19.0,15,225,0,0.0,1.0,0.0,2.0,1.0,0.22,0.0
4460,30.0,20.0,600.0,180.0,10.0,20.0,0.0,15,225,0,0.0,1.0,0.0,2.0,1.0,0.22,0.0
4461,30.0,20.0,600.0,180.0,10.0,20.0,1.0,15,225,0,0.0,1.0,0.0,2.0,1.0,0.22,0.0
4462,30.0,20.0,600.0,180.0,10.0,20.0,2.0,15,225,0,0.0,1.0,0.0,2.0,1.0,0.22,0.0
4463,30.0,20.0,600.0,180.0,10.0,20.0,3.0,15,225,0,0.0,1.0,0.0,2.0,1.0,0.22,0.0
4464,30.0,20.0,600.0,180.0,10.0,20.0,4.0,15,225,0,0.0,1.0,0.0,2.0,1.0,0.22,0.0
4465,30.0,20.0,600.0,180.0,10.0,20.0,5.0,15,225,0,0.0,1.0,0.0,2.0,1.0,0.22,0.0
4466,30.0,20.0,600.0,180.0,10.0,20.0,6.0,15,225,0,0.0,1.0,0.0,2.0,1.0,0.22,0.0
4467,30.0,20.0,600.0,180.0,10.0,20.0,7.0,15,225,0,0.0,1.0,0.0,2.0,1.0,0.22,0.0
4468,30.0,20.0,600.0,180.0,10.0,20.0,8.0,15,225,0,0.0,1.0,0.0,2.0,1.0,0.22,0.0
4469,30.0,20.0,600.0,180.0,10.0,20.0,9.0,15,225,0,0.0,0.607,0.0,2.0,1.0,0.22,0.0
4470,30.0,20.0,600.0,180.0,10.0,20.0,10.0,15,225,0,0.0,1.0,0.0,2.0,1.0,0.22,0.0
4471,30.0,20.0,600.0,180.0,10.0,20.0,11.0,15,225,0,0.0,1.0,0.0,2.0,1.0,0.22,0.0
4472,30.0,20.0,600.0,180.0,10.0,20.0,12.0,15,225,0,0.0,1.0,0.0,2.0,1.0,0.22,0.0
4473,30.0,20.0,600.0,180.0,10.0,20.0,13.0,15,225,0,0.0,1.0,0.0,2.0,1.0,0.22,0.0
4474,30.0,20.0,600.0,180.0,10.0,20.0,14.0,15,225,0,0.0,1.0,0.0,2.0,1.0,0.22,0.0
4475,30.0,20.0,600.0,180.0,10.0,20.0,15.0,15,225,0,0.0,1.0,0.0,2.0,1.0,0.22,0.0
4476,30.0,20.0,600.0,180.0,10.0,20.0,16.0,15,225,0,0.0,0.712,0.0,2.0,1.0,0.22,0.0
4477,30.0,20.0,600.0,180.0,10.0,20.0,17.0,15,225,0,0.0,1.0,0.0,2.0,1.0,0.22,0.0
4478,30.0,20.0,600.0,180.0,10.0,20.0,18.0,15,225,0,0.0,1.0,0.0,2.0,1.0,0.22,0.0
4479,30.0,20.0,600.0,180.0,10.0,20.0,19.0,15,225,0,0.0,1.0,0.0,2.0,1.0,0.22,0.0
4480,30.0,20.0,600.0,180.0,10.0,21.0,0.0,15,225,0,0.0,1.0,0.0,2.0,1.0,0.22,0.0
4481,30.0,20.0,600.0,180.0,10.0,21.0,1.0,15,225,0,0.0,1.0,0.0,2.0,1.0,0.22,0.0
4482,30.0,20.0,600.0,180.0,10.0,21.0,2.0,15,225,0,0.0,1.0,0.0,2.0,1.0,0.22,0.0
4483,30.0,20.0,600.0,180.0,10.0,21.0,3.0,15,225,0,0.0,1.0,0.0,2.0,1.0,0.22,0.0
4484,30.0,20.0,600.0,180.0,10.0,21.0,4.0,15,225,0,0.0,1.0,0.0,2.0,1.0,0.22,0.0
4485,30.0,20.0,600.0,180.0,10.0,21.0,5.0,15,225,0,0.0,0.543,0.0,2.0,1.0,0.22,0.0
4486,30.0,20.0,600.0,180.0,10.0,21.0,6.0,15,225,0,0.0,0.689,0.0,2.0,1.0,0.22,0.0
4487,30.0,20.0,600.0,180.0,10.0,21.0,7.0,15,225,0,0.0,0.516,0.0,2.0,1.0,0.22,0.0
4488,30.0,20.0,600.0,180.0,10.0,21.0,8.0,15,225,0,0.0,1.0,0.0,2.0,1.0,0.22,0.0
4489,30.0,20.0,600.0,180.0,10.0,21.0,9.0,15,225,0,0.0,1.0,0.0,2.0,1.0,0.22,0.0
4490,30.0,20.0,600.0,180.0,10.0,21.0,10.0,15,225,0,0.0,1.0,0.0,2.0,1.0,0.22,0.0
4491,30.0,20.0,600.0,180.0,10.0,21.0,11.0,15,225,0,0.0,1.0,0.0,2.0,1.0,0.22,0.0
4492,30.0,20.0,600.0,180.0,10.0,21.0,12.0,15,225,0,0.0,1.0,0.0,2.0,1.0,0.22,0.0
4493,30.0,20.0,600.0,180.0,10.0,21.0,13.0,15,225,0,0.0,1.0,0.0,2.0,1.0,0.22,0.0
4494,30.0,20.0,600.0,180.0,10.0,21.0,14.0,15,225,0,0.0,1.0,0.0,2.0,1.0,0.22,0.0
4495,30.0,20.0,600.0,180.0,10.0,21.0,15.0,15,225,0,0.0,1.0,0.0,2.0,1.0,0.22,0.0
4496,30.0,20.0,600.0,180.0,10.0,21.0,16.0,15,225,0,0.0,1.0,0.0,2.0,1.0,0.22,0.0
4497,30.0,20.0,600.0,180.0,10.0,21.0,17.0,15,225,0,0.0,1.0,0.0,2.0,1.0,0.22,0.0
4498,30.0,20.0,600.0,180.0,10.0,21.0,18.0,15,225,0,0.0,1.0,0.0,2.0,1.0,0.22,0.0
4499,30.0,20.0,600.0,180.0,10.0,21.0,19.0,15,225,0,0.0,1.0,0.0,2.0,1.0,0.22,0.0
4500,30.0,20.0,600.0,180.0,10.0,22.0,0.0,15,225,0,0.0,1.0,0.0,2.0,1.0,0.22,0.0
4501,30.0,20.0,600.0,180.0,10.0,22.0,1.0,15,225,0,0.0,1.0,0.0,2.0,1.0,0.22,0.0
4502,30.0,20.0,600.0,180.0,10.0,22.0,2.0,15,225,0,0.0,1.0,0.0,2.0,1.0,0.22,0.0
4503,30.0,20.0,600.0,180.0,10.0,22.0,3.0,15,225,0,0.0,0.823,0.0,2.0,1.0,0.22,0.0
4504,30.0,20.0,600.0,180.0,10.0,22.0,4.0,15,225,0,0.0,1.0,0.0,2.0,1.0,0.22,0.0
4505,30.0,20.0,600.0,180.0,10.0,22.0,5.0,15,225,0,0.0,1.0,0.0,2.0,1.0,0.22,0.0
4506,30.0,20.0,600.0,180.0,10.0,22.0,6.0,15,225,0,0.0,1.0,0.0,2.0,1.0,0.22,0.0
4507,30.0,20.0,600.0,180.0,10.0,22.0,7.0,15,225,0,0.0,1.0,0.0,2.0,1.0,0.22,0.0
4508,30.0,20.0,600.0,180.0,10.0,22.0,8.0,15,225,0,0.0,1.0,0.0,2.0,1.0,0.22,0.0
4509,30.0,20.0,600.0,180.0,10.0,22.0,9.0,15,225,0,0.0,1.0,0.0,2.0,1.0,0.22,0.0
4510,30.0,20.0,600.0,180.0,10.0,22.0,10.0,15,225,0,0.0,1.0,0.0,2.0,1.0,0.22,0.0
4511,30.0,20.0,600.0,180.0,10.0,22.0,11.0,15,225,0,0.0,1.0,0.0,2.0,1.0,0.22,0.0
4512,30.0,20.0,600.0,180.0,10.0,22.0,12.0,15,225,0,0.0,1.0,0.0,2.0,1.0,0.22,0.0
4513,30.0,20.0,600.0,180.0,10.0,22.0,13.0,15,225,0,0.0,1.0,0.0,2.0,1.0,0.22,0.0
4514,30.0,20.0,600.0,180.0,10.0,22.0,14.0,15,225,0,0.0,1.0,0.0,2.0,1.0,0.22,0.0
4515,30.0,20.0,600.0,180.0,10.0,22.0,15.0,15,225,0,0.0,1.0,0.0,2.0,1.0,0.22,0.0
4516,30.0,20.0,600.0,180.0,10.0,22.0,16.0,15,225,0,0.0,1.0,0.0,2.0,1.0,0.22,0.0
4517,30.0,20.0,600.0,180.0,10.0,22.0,17.0,15,225,0,0.0,1.0,0.0,2.0,1.0,0.22,0.0
4518,30.0,20.0,600.0,180.0,10.0,22.0,18.0,15,225,0,0.0,1.0,0.0,2.0,1.0,0.22,0.0
4519,30.0,20.0,600.0,180.0,10.0,22.0,19.0,15,225,0,0.0,1.0,0.0,2.0,1.0,0.22,0.0
4520,30.0,20.0,600.0,180.0,10.0,23.0,0.0,15,225,0,0.0,1.0,0.0,2.0,1.0,0.22,0.0
4521,30.0,20.0,600.0,180.0,10.0,23.0,1.0,15,225,0,0.0,1.0,0.0,2.0,1.0,0.22,0.0
4522,30.0,20.0,600.0,180.0,10.0,23.0,2.0,15,225,0,0.0,1.0,0.0,2.0,1.0,0.22,0.0
4523,30.0,20.0,600.0,180.0,10.0,23.0,3.0,15,225,0,0.0,1.0,0.0,2.0,1.0,0.22,0.0
4524,30.0,20.0,600.0,180.0,10.0,23.0,4.0,15,225,0,0.0,1.0,0.0,2.0,1.0,0.22,0.0
4525,30.0,20.0,600.0,180.0,10.0,23.0,5.0,15,225,0,0.0,1.0,0.0,2.0,1.0,0.22,0.0
4526,30.0,20.0,600.0,180.0,10.0,23.0,6.0,15,225,0,0.0,1.0,0.0,2.0,1.0,0.22,0.0
4527,30.0,20.0,600.0,180.0,10.0,23.0,7.0,15,225,0,0.0,1.0,0.0,2.0,1.0,0.22,0.0
4528,30.0,20.0,600.0,180.0,10.0,23.0,8.0,15,225,0,0.0,1.0,0.0,2.0,1.0,0.22,0.0
4529,30.0,20.0,600.0,180.0,10.0,23.0,9.0,15,225,0,0.0,1.0,0.0,2.0,1.0,0.22,0.0
4530,30.0,20.0,600.0,180.0,10.0,23.0,10.0,15,225,0,0.0,1.0,0.0,2.0,1.0,0.22,0.0
4531,30.0,20.0,600.0,180.0,10.0,23.0,11.0,15,225,0,0.0,1.0,0.0,2.0,1.0,0.22,0.0
4532,30.0,20.0,600.0,180.0,10.0,23.0,12.0,15,225,0,0.0,1.0,0.0,2.0,1.0,0.22,0.0
4533,30.0,20.0,600.0,180.0,10.0,23.0,13.0,15,225,0,0.0,1.0,0.0,2.0,1.0,0.22,0.0
4534,30.0,20.0,600.0,180.0,10.0,23.0,14.0,15,225,0,0.0,1.0,0.0,2.0,1.0,0.22,0.0
4535,30.0,20.0,600.0,180.0,10.0,23.0,15.0,15,225,0,0.0,1.0,0.0,2.0,1.0,0.22,0.0
4536,30.0,20.0,600.0,180.0,10.0,23.0,16.0,15,225,0,0.0,1.0,0.0,2.0,1.0,0.22,0.0
4537,30.0,20.0,600.0,180.0,10.0,23.0,17.0,15,225,0,0.0,1.0,0.0,2.0,1.0,0.22,0.0
4538,30.0,20.0,600.0,180.0,10.0,23.0,18.0,15,225,0,0.0,1.0,0.0,2.0,1.0,0.22,0.0
4539,30.0,20.0,600.0,180.0,10.0,23.0,19.0,15,225,0,0.0,1.0,0.0,2.0,1.0,0.22,0.0
4540,30.0,20.0,600.0,180.0,10.0,24.0,0.0,15,225,0,0.0,1.0,0.0,2.0,1.0,0.22,0.0
4541,30.0,20.0,600.0,180.0,10.0,24.0,1.0,15,225,0,0.0,1.0,0.0,2.0,1.0,0.22,0.0
4542,30.0,20.0,600.0,180.0,10.0,24.0,2.0,15,225,0,0.0,1.0,0.0,2.0,1.0,0.22,0.0
4543,30.0,20.0,600.0,180.0,10.0,24.0,3.0,15,225,0,0.0,1.0,0.0,2.0,1.0,0.22,0.0
4544,30.0,20.0,600.0,180.0,10.0,24.0,4.0,15,225,0,0.0,1.0,0.0,2.0,1.0,0.22,0.0
4545,30.0,20.0,600.0,180.0,10.0,24.0,5.0,15,225,0,0.0,1.0,0.0,2.0,1.0,0.22,0.0
4546,30.0,20.0,600.0,180.0,10.0,24.0,6.0,15,225,0,0.0,1.0,0.0,2.0,1.0,0.22,0.0
4547,30.0,20.0,600.0,180.0,10.0,24.0,7.0,15,225,0,0.0,1.0,0.0,2.0,1.0,0.22,0.0
4548,30.0,20.0,600.0,180.0,10.0,24.0,8.0,15,225,0,0.0,1.0,0.0,2.0,1.0,0.22,0.0
4549,30.0,20.0,600.0,180.0,10.0,24.0,9.0,15,225,0,0.0,1.0,0.0,2.0,1.0,0.22,0.0
4550,30.0,20.0,600.0,180.0,10.0,24.0,10.0,15,225,0,0.0,1.0,0.0,2.0,1.0,0.22,0.0
4551,30.0,20.0,600.0,180.0,10.0,24.0,11.0,15,225,0,0.0,1.0,0.0,2.0,1.0,0.22,0.0
4552,30.0,20.0,600.0,180.0,10.0,24.0,12.0,15,225,0,0.0,1.0,0.0,2.0,1.0,0.22,0.0
4553,30.0,20.0,600.0,180.0,10.0,24.0,13.0,15,225,0,0.0,1.0,0.0,2.0,1.0,0.22,0.0
4554,30.0,20.0,600.0,180.0,10.0,24.0,14.0,15,225,0,0.0,0.83,0.0,2.0,1.0,0.22,0.0
4555,30.0,20.0,600.0,180.0,10.0,24.0,15.0,15,225,0,0.0,1.0,0.0,2.0,1.0,0.22,0.0
4556,30.0,20.0,600.0,180.0,10.0,24.0,16.0,15,225,0,0.0,1.0,0.0,2.0,1.0,0.22,0.0
4557,30.0,20.0,600.0,180.0,10.0,24.0,17.0,15,225,0,0.0,1.0,0.0,2.0,1.0,0.22,0.0
4558,30.0,20.0,600.0,180.0,10.0,24.0,18.0,15,225,0,0.0,1.0,0.0,2.0,1.0,0.22,0.0
4559,30.0,20.0,600.0,180.0,10.0,24.0,19.0,15,225,0,0.0,1.0,0.0,2.0,1.0,0.22,0.0
4560,30.0,20.0,600.0,180.0,10.0,25.0,0.0,15,225,0,0.0,1.0,0.0,2.0,1.0,0.22,0.0
4561,30.0,20.0,600.0,180.0,10.0,25.0,1.0,15,225,0,0.0,1.0,0.0,2.0,1.0,0.22,0.0
4562,30.0,20.0,600.0,180.0,10.0,25.0,2.0,15,225,0,0.0,1.0,0.0,2.0,1.0,0.22,0.0
4563,30.0,20.0,600.0,180.0,10.0,25.0,3.0,15,225,0,0.0,1.0,0.0,2.0,1.0,0.22,0.0
4564,30.0,20.0,600.0,180.0,10.0,25.0,4.0,15,225,0,0.0,1.0,0.0,2.0,1.0,0.22,0.0
4565,30.0,20.0,600.0,180.0,10.0,25.0,5.0,15,225,0,0.0,1.0,0.0,2.0,1.0,0.22,0.0
4566,30.0,20.0,600.0,180.0,10.0,25.0,6.0,15,225,0,0.0,1.0,0.0,2.0,1.0,0.22,0.0
4567,30.0,20.0,600.0,180.0,10.0,25.0,7.0,15,225,0,0.0,1.0,0.0,2.0,1.0,0.22,0.0
4568,30.0,20.0,600.0,180.0,10.0,25.0,8.0,15,225,0,0.0,1.0,0.0,2.0,1.0,0.22,0.0
4569,30.0,20.0,600.0,180.0,10.0,25.0,9.0,15,225,0,0.0,1.0,0.0,2.0,1.0,0.22,0.0
4570,30.0,20.0,600.0,180.0,10.0,25.0,10.0,15,225,0,0.0,1.0,0.0,2.0,1.0,0.22,0.0
4571,30.0,20.0,600.0,180.0,10.0,25.0,11.0,15,225,0,0.0,1.0,0.0,2.0,1.0,0.22,0.0
4572,30.0,20.0,600.0,180.0,10.0,25.0,12.0,15,225,0,0.0,1.0,0.0,2.0,1.0,0.22,0.0
4573,30.0,20.0,600.0,180.0,10.0,25.0,13.0,15,225,0,0.0,1.0,0.0,2.0,1.0,0.22,0.0
4574,30.0,20.0,600.0,180.0,10.0,25.0,14.0,15,225,0,0.0,1.0,0.0,2.0,1.0,0.22,0.0
4575,30.0,20.0,600.0,180.0,10.0,25.0,15.0,15,225,0,0.0,1.0,0.0,2.0,1.0,0.22,0.0
4576,30.0,20.0,600.0,180.0,10.0,25.0,16.0,15,225,0,0.0,1.0,0.0,2.0,1.0,0.22,0.0
4577,30.0,20.0,600.0,180.0,10.0,25.0,17.0,15,225,0,0.0,1.0,0.0,2.0,1.0,0.22,0.0
4578,30.0,20.0,600.0,180.0,10.0,25.0,18.0,15,225,0,0.0,1.0,0.0,2.0,1.0,0.22,0.0
4579,30.0,20.0,600.0,180.0,10.0,25.0,19.0,15,225,0,0.0,1.0,0.0,2.0,1.0,0.22,0.0
4580,30.0,20.0,600.0,180.0,10.0,26.0,0.0,15,225,0,0.0,1.0,0.0,2.0,1.0,0.22,0.0
4581,30.0,20.0,600.0,180.0,10.0,26.0,1.0,15,225,0,0.0,1.0,0.0,2.0,1.0,0.22,0.0
4582,30.0,20.0,600.0,180.0,10.0,26.0,2.0,15,225,0,0.0,1.0,0.0,2.0,1.0,0.22,0.0
4583,30.0,20.0,600.0,180.0,10.0,26.0,3.0,15,225,0,0.0,1.0,0.0,2.0,1.0,0.22,0.0
4584,30.0,20.0,600.0,180.0,10.0,26.0,4.0,15,225,0,0.0,1.0,0.0,2.0,1.0,0.22,0.0
4585,30.0,20.0,600.0,180.0,10.0,26.0,5.0,15,225,0,0.0,1.0,0.0,2.0,1.0,0.22,0.0
4586,30.0,20.0,600.0,180.0,10.0,26.0,6.0,15,225,0,0.0,1.0,0.0,2.0,1.0,0.22,0.0
4587,30.0,20.0,600.0,180.0,10.0,26.0,7.0,15,225,0,0.0,1.0,0.0,2.0,1.0,0.22,0.0
4588,30.0,20.0,600.0,180.0,10.0,26.0,8.0,15,225,0,0.0,1.0,0.0,2.0,1.0,0.22,0.0
4589,30.0,20.0,600.0,180.0,10.0,26.0,9.0,15,225,0,0.0,1.0,0.0,2.0,1.0,0.22,0.0
4590,30.0,20.0,600.0,180.0,10.0,26.0,10.0,15,225,0,0.0,1.0,0.0,2.0,1.0,0.22,0.0
4591,30.0,20.0,600.0,180.0,10.0,26.0,11.0,15,225,0,0.0,1.0,0.0,2.0,1.0,0.22,0.0
4592,30.0,20.0,600.0,180.0,10.0,26.0,12.0,15,225,0,0.0,1.0,0.0,2.0,1.0,0.22,0.0
4593,30.0,20.0,600.0,180.0,10.0,26.0,13.0,15,225,0,0.0,1.0,0.0,2.0,1.0,0.22,0.0
4594,30.0,20.0,600.0,180.0,10.0,26.0,14.0,15,225,0,0.0,1.0,0.0,2.0,1.0,0.22,0.0
4595,30.0,20.0,600.0,180.0,10.0,26.0,15.0,15,225,0,0.0,1.0,0.0,2.0,1.0,0.22,0.0
4596,30.0,20.0,600.0,180.0,10.0,26.0,16.0,15,225,0,0.0,1.0,0.0,2.0,1.0,0.22,0.0
4597,30.0,20.0,600.0,180.0,10.0,26.0,17.0,15,225,0,0.0,1.0,0.0,2.0,1.0,0.22,0.0
4598,30.0,20.0,600.0,180.0,10.0,26.0,18.0,15,225,0,0.0,1.0,0.0,2.0,1.0,0.22,0.0
4599,30.0,20.0,600.0,180.0,10.0,26.0,19.0,15,225,0,0.0,1.0,0.0,2.0,1.0,0.22,0.0
4600,30.0,20.0,600.0,180.0,10.0,27.0,0.0,15,225,0,0.0,1.0,0.0,2.0,1.0,0.22,0.0
4601,30.0,20.0,600.0,180.0,10.0,27.0,1.0,15,225,0,0.0,1.0,0.0,2.0,1.0,0.22,0.0
4602,30.0,20.0,600.0,180.0,10.0,27.0,2.0,15,225,0,0.0,1.0,0.0,2.0,1.0,0.22,0.0
4603,30.0,20.0,600.0,180.0,10.0,27.0,3.0,15,225,0,0.0,1.0,0.0,2.0,1.0,0.22,0.0
4604,30.0,20.0,600.0,180.0,10.0,27.0,4.0,15,225,0,0.0,1.0,0.0,2.0,1.0,0.22,0.0
4605,30.0,20.0,600.0,180.0,10.0,27.0,5.0,15,225,0,0.0,1.0,0.0,2.0,1.0,0.22,0.0
4606,30.0,20.0,600.0,180.0,10.0,27.0,6.0,15,225,0,0.0,1.0,0.0,2.0,1.0,0.22,0.0
4607,30.0,20.0,600.0,180.0,10.0,27.0,7.0,15,225,0,0.0,1.0,0.0,2.0,1.0,0.22,0.0
4608,30.0,20.0,600.0,180.0,10.0,27.0,8.0,15,225,0,0.0,1.0,0.0,2.0,1.0,0.22,0.0
4609,30.0,20.0,600.0,180.0,10.0,27.0,9.0,15,225,0,0.0,1.0,0.0,2.0,1.0,0.22,0.0
4610,30.0,20.0,600.0,180.0,10.0,27.0,10.0,15,225,0,0.0,1.0,0.0,2.0,1.0,0.22,0.0
4611,30.0,20.0,600.0,180.0,10.0,27.0,11.0,15,225,0,0.0,1.0,0.0,2.0,1.0,0.22,0.0
4612,30.0,20.0,600.0,180.0,10.0,27.0,12.0,15,225,0,0.0,1.0,0.0,2.0,1.0,0.22,0.0
4613,30.0,20.0,600.0,180.0,10.0,27.0,13.0,15,225,0,0.0,1.0,0.0,2.0,1.0,0.22,0.0
4614,30.0,20.0,600.0,180.0,10.0,27.0,14.0,15,225,0,0.0,1.0,0.0,2.0,1.0,0.22,0.0
4615,30.0,20.0,600.0,180.0,10.0,27.0,15.0,15,225,0,0.0,1.0,0.0,2.0,1.0,0.22,0.0
4616,30.0,20.0,600.0,180.0,10.0,27.0,16.0,15,225,0,0.0,1.0,0.0,2.0,1.0,0.22,0.0
4617,30.0,20.0,600.0,180.0,10.0,27.0,17.0,15,225,0,0.0,1.0,0.0,2.0,1.0,0.22,0.0
4618,30.0,20.0,600.0,180.0,10.0,27.0,18.0,15,225,0,0.0,1.0,0.0,2.0,1.0,0.22,0.0
4619,30.0,20.0,600.0,180.0,10.0,27.0,19.0,15,225,0,0.0,1.0,0.0,2.0,1.0,0.22,0.0
4620,30.0,20.0,600.0,180.0,10.0,28.0,0.0,15,225,0,0.0,1.0,0.0,2.0,1.0,0.22,0.0
4621,30.0,20.0,600.0,180.0,10.0,28.0,1.0,15,225,0,0.0,1.0,0.0,2.0,1.0,0.22,0.0
4622,30.0,20.0,600.0,180.0,10.0,28.0,2.0,15,225,0,0.0,1.0,0.0,2.0,1.0,0.22,0.0
4623,30.0,20.0,600.0,180.0,10.0,28.0,3.0,15,225,0,0.0,1.0,0.0,2.0,1.0,0.22,0.0
4624,30.0,20.0,600.0,180.0,10.0,28.0,4.0,15,225,0,0.0,1.0,0.0,2.0,1.0,0.22,0.0
4625,30.0,20.0,600.0,180.0,10.0,28.0,5.0,15,225,0,0.0,1.0,0.0,2.0,1.0,0.22,0.0
4626,30.0,20.0,600.0,180.0,10.0,28.0,6.0,15,225,0,0.0,1.0,0.0,2.0,1.0,0.22,0.0
4627,30.0,20.0,600.0,180.0,10.0,28.0,7.0,15,225,0,0.0,1.0,0.0,2.0,1.0,0.22,0.0
4628,30.0,20.0,600.0,180.0,10.0,28.0,8.0,15,225,0,0.0,1.0,0.0,2.0,1.0,0.22,0.0
4629,30.0,20.0,600.0,180.0,10.0,28.0,9.0,15,225,0,0.0,1.0,0.0,2.0,1.0,0.22,0.0
4630,30.0,20.0,600.0,180.0,10.0,28.0,10.0,15,225,0,0.0,1.0,0.0,2.0,1.0,0.22,0.0
4631,30.0,20.0,600.0,180.0,10.0,28.0,11.0,15,225,0,0.0,1.0,0.0,2.0,1.0,0.22,0.0
4632,30.0,20.0,600.0,180.0,10.0,28.0,12.0,15,225,0,0.0,1.0,0.0,2.0,1.0,0.22,0.0
4633,30.0,20.0,600.0,180.0,10.0,28.0,13.0,15,225,0,0.0,1.0,0.0,2.0,1.0,0.22,0.0
4634,30.0,20.0,600.0,180.0,10.0,28.0,14.0,15,225,0,0.0,1.0,0.0,2.0,1.0,0.22,0.0
4635,30.0,20.0,600.0,180.0,10.0,28.0,15.0,15,225,0,0.0,1.0,0.0,2.0,1.0,0.22,0.0
4636,30.0,20.0,600.0,180.0,10.0,28.0,16.0,15,225,0,0.0,1.0,0.0,2.0,1.0,0.22,0.0
4637,30.0,20.0,600.0,180.0,10.0,28.0,17.0,15,225,0,0.0,1.0,0.0,2.0,1.0,0.22,0.0
4638,30.0,20.0,600.0,180.0,10.0,28.0,18.0,15,225,0,0.0,1.0,0.0,2.0,1.0,0.22,0.0
4639,30.0,20.0,600.0,180.0,10.0,28.0,19.0,15,225,0,0.0,1.0,0.0,2.0,1.0,0.22,0.0
4640,30.0,20.0,600.0,180.0,10.0,0.0,0.0,16,240,0,0.0,0.664,0.0,2.0,1.0,0.22,0.0
4641,30.0,20.0,600.0,180.0,10.0,0.0,1.0,16,240,0,0.0,0.669,0.0,2.0,1.0,0.22,0.0
4642,30.0,20.0,600.0,180.0,10.0,0.0,2.0,16,240,0,0.0,0.611,0.0,2.0,1.0,0.22,0.0
4643,30.0,20.0,600.0,180.0,10.0,0.0,3.0,16,240,0,0.0,0.67,0.0,2.0,1.0,0.22,0.0
4644,30.0,20.0,600.0,180.0,10.0,0.0,4.0,16,240,0,0.0,0.59,0.0,2.0,1.0,0.22,0.0
4645,30.0,20.0,600.0,180.0,10.0,0.0,5.0,16,240,0,0.0,0.697,0.0,2.0,1.0,0.22,0.0
4646,30.0,20.0,600.0,180.0,10.0,0.0,6.0,16,240,0,0.0,0.433,0.0,2.0,1.0,0.22,0.0
4647,30.0,20.0,600.0,180.0,10.0,0.0,7.0,16,240,0,0.0,0.496,0.0,2.0,1.0,0.22,0.0
4648,30.0,20.0,600.0,180.0,10.0,0.0,8.0,16,240,0,0.0,0.681,0.0,2.0,1.0,0.22,0.0
4649,30.0,20.0,600.0,180.0,10.0,0.0,9.0,16,240,0,0.0,0.592,0.0,2.0,1.0,0.22,0.0
4650,30.0,20.0,600.0,180.0,10.0,0.0,10.0,16,240,0,0.0,0.436,0.0,2.0,1.0,0.22,0.0
4651,30.0,20.0,600.0,180.0,10.0,0.0,11.0,16,240,0,0.0,0.38,0.0,2.0,1.0,0.22,0.0
4652,30.0,20.0,600.0,180.0,10.0,0.0,12.0,16,240,0,0.0,0.587,0.0,2.0,1.0,0.22,0.0
4653,30.0,20.0,600.0,180.0,10.0,0.0,13.0,16,240,0,0.0,0.807,0.0,2.0,1.0,0.22,0.0
4654,30.0,20.0,600.0,180.0,10.0,0.0,14.0,16,240,0,0.0,0.667,0.0,2.0,1.0,0.22,0.0
4655,30.0,20.0,600.0,180.0,10.0,0.0,15.0,16,240,0,0.0,0.546,0.0,2.0,1.0,0.22,0.0
4656,30.0,20.0,600.0,180.0,10.0,0.0,16.0,16,240,0,0.0,0.384,0.0,2.0,1.0,0.22,0.0
4657,30.0,20.0,600.0,180.0,10.0,0.0,17.0,16,240,0,0.0,0.522,0.0,2.0,1.0,0.22,0.0
4658,30.0,20.0,600.0,180.0,10.0,0.0,18.0,16,240,0,0.0,0.542,0.0,2.0,1.0,0.22,0.0
4659,30.0,20.0,600.0,180.0,10.0,0.0,19.0,16,240,0,0.0,0.404,0.0,2.0,1.0,0.22,0.0
4660,30.0,20.0,600.0,180.0,10.0,1.0,0.0,16,240,0,0.0,0.554,0.0,2.0,1.0,0.22,0.0
4661,30.0,20.0,600.0,180.0,10.0,1.0,1.0,16,240,0,0.0,0.354,0.0,2.0,1.0,0.22,0.0
4662,30.0,20.0,600.0,180.0,10.0,1.0,2.0,16,240,0,0.0,0.455,0.0,2.0,1.0,0.22,0.0
4663,30.0,20.0,600.0,180.0,10.0,1.0,3.0,16,240,0,0.0,0.33,0.0,2.0,1.0,0.22,0.0
4664,30.0,20.0,600.0,180.0,10.0,1.0,4.0,16,240,0,0.0,0.502,0.0,2.0,1.0,0.22,0.0
4665,30.0,20.0,600.0,180.0,10.0,1.0,5.0,16,240,0,0.0,0.325,0.0,2.0,1.0,0.22,0.0
4666,30.0,20.0,600.0,180.0,10.0,1.0,6.0,16,240,0,0.0,0.316,0.0,2.0,1.0,0.22,0.0
4667,30.0,20.0,600.0,180.0,10.0,1.0,7.0,16,240,0,0.0,0.685,0.0,2.0,1.0,0.22,0.0
4668,30.0,20.0,600.0,180.0,10.0,1.0,8.0,16,240,0,0.0,0.444,0.0,2.0,1.0,0.22,0.0
4669,30.0,20.0,600.0,180.0,10.0,1.0,9.0,16,240,0,0.0,0.352,0.0,2.0,1.0,0.22,0.0
4670,30.0,20.0,600.0,180.0,10.0,1.0,10.0,16,240,0,0.0,0.617,0.0,2.0,1.0,0.22,0.0
4671,30.0,20.0,600.0,180.0,10.0,1.0,11.0,16,240,0,0.0,0.305,0.0,2.0,1.0,0.22,0.0
4672,30.0,20.0,600.0,180.0,10.0,1.0,12.0,16,240,0,0.0,0.353,0.0,2.0,1.0,0.22,0.0
4673,30.0,20.0,600.0,180.0,10.0,1.0,13.0,16,240,0,0.0,0.611,0.0,2.0,1.0,0.22,0.0
4674,30.0,20.0,600.0,180.0,10.0,1.0,14.0,16,240,0,0.0,0.501,0.0,2.0,1.0,0.22,0.0
4675,30.0,20.0,600.0,180.0,10.0,1.0,15.0,16,240,0,0.0,0.414,0.0,2.0,1.0,0.22,0.0
4676,30.0,20.0,600.0,180.0,10.0,1.0,16.0,16,240,0,0.0,0.34,0.0,2.0,1.0,0.22,0.0
4677,30.0,20.0,600.0,180.0,10.0,1.0,17.0,16,240,0,0.0,0.484,0.0,2.0,1.0,0.22,0.0
4678,30.0,20.0,600.0,180.0,10.0,1.0,18.0,16,240,0,0.0,0.452,0.0,2.0,1.0,0.22,0.0
4679,30.0,20.0,600.0,180.0,10.0,1.0,19.0,16,240,0,0.0,0.332,0.0,2.0,1.0,0.22,0.0
4680,30.0,20.0,600.0,180.0,10.0,2.0,0.0,16,240,0,0.0,0.303,0.0,2.0,1.0,0.22,0.0
4681,30.0,20.0,600.0,180.0,10.0,2.0,1.0,16,240,0,0.0,0.422,0.0,2.0,1.0,0.22,0.0
4682,30.0,20.0,600.0,180.0,10.0,2.0,2.0,16,240,0,0.0,0.321,0.0,2.0,1.0,0.22,0.0
4683,30.0,20.0,600.0,180.0,10.0,2.0,3.0,16,240,0,0.0,0.637,0.0,2.0,1.0,0.22,0.0
4684,30.0,20.0,600.0,180.0,10.0,2.0,4.0,16,240,0,0.0,0.572,0.0,2.0,1.0,0.22,0.0
4685,30.0,20.0,600.0,180.0,10.0,2.0,5.0,16,240,0,0.0,0.618,0.0,2.0,1.0,0.22,0.0
4686,30.0,20.0,600.0,180.0,10.0,2.0,6.0,16,240,0,0.0,0.389,0.0,2.0,1.0,0.22,0.0
4687,30.0,20.0,600.0,180.0,10.0,2.0,7.0,16,240,0,0.0,0.437,0.0,2.0,1.0,0.22,0.0
4688,30.0,20.0,600.0,180.0,10.0,2.0,8.0,16,240,0,0.0,0.812,0.0,2.0,1.0,0.22,0.0
4689,30.0,20.0,600.0,180.0,10.0,2.0,9.0,16,240,0,0.0,0.352,0.0,2.0,1.0,0.22,0.0
4690,30.0,20.0,600.0,180.0,10.0,2.0,10.0,16,240,0,0.0,0.334,0.0,2.0,1.0,0.22,0.0
4691,30.0,20.0,600.0,180.0,10.0,2.0,11.0,16,240,0,0.0,0.575,0.0,2.0,1.0,0.22,0.0
4692,30.0,20.0,600.0,180.0,10.0,2.0,12.0,16,240,0,0.0,0.334,0.0,2.0,1.0,0.22,0.0
4693,30.0,20.0,600.0,180.0,10.0,2.0,13.0,16,240,0,0.0,0.572,0.0,2.0,1.0,0.22,0.0
4694,30.0,20.0,600.0,180.0,10.0,2.0,14.0,16,240,0,0.0,0.502,0.0,2.0,1.0,0.22,0.0
4695,30.0,20.0,600.0,180.0,10.0,2.0,15.0,16,240,0,0.0,0.496,0.0,2.0,1.0,0.22,0.0
4696,30.0,20.0,600.0,180.0,10.0,2.0,16.0,16,240,0,0.0,0.44,0.0,2.0,1.0,0.22,0.0
4697,30.0,20.0,600.0,180.0,10.0,2.0,17.0,16,240,0,0.0,0.672,0.0,2.0,1.0,0.22,0.0
4698,30.0,20.0,600.0,180.0,10.0,2.0,18.0,16,240,0,0.0,0.657,0.0,2.0,1.0,0.22,0.0
4699,30.0,20.0,600.0,180.0,10.0,2.0,19.0,16,240,0,0.0,0.464,0.0,2.0,1.0,0.22,0.0
4700,30.0,20.0,600.0,180.0,10.0,3.0,0.0,16,240,0,0.0,0.335,0.0,2.0,1.0,0.22,0.0
4701,30.0,20.0,600.0,180.0,10.0,3.0,1.0,16,240,0,0.0,0.474,0.0,2.0,1.0,0.22,0.0
4702,30.0,20.0,600.0,180.0,10.0,3.0,2.0,16,240,0,0.0,0.305,0.0,2.0,1.0,0.22,0.0
4703,30.0,20.0,600.0,180.0,10.0,3.0,3.0,16,240,0,0.0,0.332,0.0,2.0,1.0,0.22,0.0
4704,30.0,20.0,600.0,180.0,10.0,3.0,4.0,16,240,0,0.0,0.309,0.0,2.0,1.0,0.22,0.0
4705,30.0,20.0,600.0,180.0,10.0,3.0,5.0,16,240,0,0.0,0.451,0.0,2.0,1.0,0.22,0.0
4706,30.0,20.0,600.0,180.0,10.0,3.0,6.0,16,240,0,0.0,0.392,0.0,2.0,1.0,0.22,0.0
4707,30.0,20.0,600.0,180.0,10.0,3.0,7.0,16,240,0,0.0,0.517,0.0,2.0,1.0,0.22,0.0
4708,30.0,20.0,600.0,180.0,10.0,3.0,8.0,16,240,0,0.0,0.439,0.0,2.0,1.0,0.22,0.0
4709,30.0,20.0,600.0,180.0,10.0,3.0,9.0,16,240,0,0.0,0.874,0.0,2.0,1.0,0.22,0.0
4710,30.0,20.0,600.0,180.0,10.0,3.0,10.0,16,240,0,0.0,0.302,0.0,2.0,1.0,0.22,0.0
4711,30.0,20.0,600.0,180.0,10.0,3.0,11.0,16,240,0,0.0,0.436,0.0,2.0,1.0,0.22,0.0
4712,30.0,20.0,600.0,180.0,10.0,3.0,12.0,16,240,0,0.0,0.628,0.0,2.0,1.0,0.22,0.0
4713,30.0,20.0,600.0,180.0,10.0,3.0,13.0,16,240,0,0.0,0.466,0.0,2.0,1.0,0.22,0.0
4714,30.0,20.0,600.0,180.0,10.0,3.0,14.0,16,240,0,0.0,0.461,0.0,2.0,1.0,0.22,0.0
4715,30.0,20.0,600.0,180.0,10.0,3.0,15.0,16,240,0,0.0,0.639,0.0,2.0,1.0,0.22,0.0
4716,30.0,20.0,600.0,180.0,10.0,3.0,16.0,16,240,0,0.0,0.366,0.0,2.0,1.0,0.22,0.0
4717,30.0,20.0,600.0,180.0,10.0,3.0,17.0,16,240,0,0.0,0.45,0.0,2.0,1.0,0.22,0.0
4718,30.0,20.0,600.0,180.0,10.0,3.0,18.0,16,240,0,0.0,0.378,0.0,2.0,1.0,0.22,0.0
4719,30.0,20.0,600.0,180.0,10.0,3.0,19.0,16,240,0,0.0,0.662,0.0,2.0,1.0,0.22,0.0
4720,30.0,20.0,600.0,180.0,10.0,4.0,0.0,16,240,0,0.0,0.64,0.0,2.0,1.0,0.22,0.0
4721,30.0,20.0,600.0,180.0,10.0,4.0,1.0,16,240,0,0.0,0.439,0.0,2.0,1.0,0.22,0.0
4722,30.0,20.0,600.0,180.0,10.0,4.0,2.0,16,240,0,0.0,0.314,0.0,2.0,1.0,0.22,0.0
4723,30.0,20.0,600.0,180.0,10.0,4.0,3.0,16,240,0,0.0,0.625,0.0,2.0,1.0,0.22,0.0
4724,30.0,20.0,600.0,180.0,10.0,4.0,4.0,16,240,0,0.0,0.382,0.0,2.0,1.0,0.22,0.0
4725,30.0,20.0,600.0,180.0,10.0,4.0,5.0,16,240,0,0.0,0.369,0.0,2.0,1.0,0.22,0.0
4726,30.0,20.0,600.0,180.0,10.0,4.0,6.0,16,240,0,0.0,0.6,0.0,2.0,1.0,0.22,0.0
4727,30.0,20.0,600.0,180.0,10.0,4.0,7.0,16,240,0,0.0,0.538,0.0,2.0,1.0,0.22,0.0
4728,30.0,20.0,600.0,180.0,10.0,4.0,8.0,16,240,0,0.0,0.699,0.0,2.0,1.0,0.22,0.0
4729,30.0,20.0,600.0,180.0,10.0,4.0,9.0,16,240,0,0.0,0.355,0.0,2.0,1.0,0.22,0.0
4730,30.0,20.0,600.0,180.0,10.0,4.0,10.0,16,240,0,0.0,0.327,0.0,2.0,1.0,0.22,0.0
4731,30.0,20.0,600.0,180.0,10.0,4.0,11.0,16,240,0,0.0,0.576,0.0,2.0,1.0,0.22,0.0
4732,30.0,20.0,600.0,180.0,10.0,4.0,12.0,16,240,0,0.0,0.337,0.0,2.0,1.0,0.22,0.0
4733,30.0,20.0,600.0,180.0,10.0,4.0,13.0,16,240,0,0.0,0.608,0.0,2.0,1.0,0.22,0.0
4734,30.0,20.0,600.0,180.0,10.0,4.0,14.0,16,240,0,0.0,0.63,0.0,2.0,1.0,0.22,0.0
4735,30.0,20.0,600.0,180.0,10.0,4.0,15.0,16,240,0,0.0,0.374,0.0,2.0,1.0,0.22,0.0
4736,30.0,20.0,600.0,180.0,10.0,4.0,16.0,16,240,0,0.0,0.629,0.0,2.0,1.0,0.22,0.0
4737,30.0,20.0,600.0,180.0,10.0,4.0,17.0,16,240,0,0.0,0.338,0.0,2.0,1.0,0.22,0.0
4738,30.0,20.0,600.0,180.0,10.0,4.0,18.0,16,240,0,0.0,0.621,0.0,2.0,1.0,0.22,0.0
4739,30.0,20.0,600.0,180.0,10.0,4.0,19.0,16,240,0,0.0,0.492,0.0,2.0,1.0,0.22,0.0
4740,30.0,20.0,600.0,180.0,10.0,5.0,0.0,16,240,0,0.0,0.508,0.0,2.0,1.0,0.22,0.0
4741,30.0,20.0,600.0,180.0,10.0,5.0,1.0,16,240,0,0.0,0.67,0.0,2.0,1.0,0.22,0.0
4742,30.0,20.0,600.0,180.0,10.0,5.0,2.0,16,240,0,0.0,0.383,0.0,2.0,1.0,0.22,0.0
4743,30.0,20.0,600.0,180.0,10.0,5.0,3.0,16,240,0,0.0,0.372,0.0,2.0,1.0,0.22,0.0
4744,30.0,20.0,600.0,180.0,10.0,5.0,4.0,16,240,0,0.0,0.683,0.0,2.0,1.0,0.22,0.0
4745,30.0,20.0,600.0,180.0,10.0,5.0,5.0,16,240,0,0.0,0.518,0.0,2.0,1.0,0.22,0.0
4746,30.0,20.0,600.0,180.0,10.0,5.0,6.0,16,240,0,0.0,0.69,0.0,2.0,1.0,0.22,0.0
4747,30.0,20.0,600.0,180.0,10.0,5.0,7.0,16,240,0,0.0,0.611,0.0,2.0,1.0,0.22,0.0
4748,30.0,20.0,600.0,180.0,10.0,5.0,8.0,16,240,0,0.0,0.685,0.0,2.0,1.0,0.22,0.0
4749,30.0,20.0,600.0,180.0,10.0,5.0,9.0,16,240,0,0.0,0.644,0.0,2.0,1.0,0.22,0.0
4750,30.0,20.0,600.0,180.0,10.0,5.0,10.0,16,240,0,0.0,0.6,0.0,2.0,1.0,0.22,0.0
4751,30.0,20.0,600.0,180.0,10.0,5.0,11.0,16,240,0,0.0,0.382,0.0,2.0,1.0,0.22,0.0
4752,30.0,20.0,600.0,180.0,10.0,5.0,12.0,16,240,0,0.0,0.695,0.0,2.0,1.0,0.22,0.0
4753,30.0,20.0,600.0,180.0,10.0,5.0,13.0,16,240,0,0.0,0.506,0.0,2.0,1.0,0.22,0.0
4754,30.0,20.0,600.0,180.0,10.0,5.0,14.0,16,240,0,0.0,0.697,0.0,2.0,1.0,0.22,0.0
4755,30.0,20.0,600.0,180.0,10.0,5.0,15.0,16,240,0,0.0,0.558,0.0,2.0,1.0,0.22,0.0
4756,30.0,20.0,600.0,180.0,10.0,5.0,16.0,16,240,0,0.0,0.49,0.0,2.0,1.0,0.22,0.0
4757,30.0,20.0,600.0,180.0,10.0,5.0,17.0,16,240,0,0.0,0.301,0.0,2.0,1.0,0.22,0.0
4758,30.0,20.0,600.0,180.0,10.0,5.0,18.0,16,240,0,0.0,0.531,0.0,2.0,1.0,0.22,0.0
4759,30.0,20.0,600.0,180.0,10.0,5.0,19.0,16,240,0,0.0,0.579,0.0,2.0,1.0,0.22,0.0
4760,30.0,20.0,600.0,180.0,10.0,6.0,0.0,16,240,0,0.0,0.566,0.0,2.0,1.0,0.22,0.0
4761,30.0,20.0,600.0,180.0,10.0,6.0,1.0,16,240,0,0.0,0.328,0.0,2.0,1.0,0.22,0.0
4762,30.0,20.0,600.0,180.0,10.0,6.0,2.0,16,240,0,0.0,0.673,0.0,2.0,1.0,0.22,0.0
4763,30.0,20.0,600.0,180.0,10.0,6.0,3.0,16,240,0,0.0,0.392,0.0,2.0,1.0,0.22,0.0
4764,30.0,20.0,600.0,180.0,10.0,6.0,4.0,16,240,0,0.0,0.567,0.0,2.0,1.0,0.22,0.0
4765,30.0,20.0,600.0,180.0,10.0,6.0,5.0,16,240,0,0.0,0.362,0.0,2.0,1.0,0.22,0.0
4766,30.0,20.0,600.0,180.0,10.0,6.0,6.0,16,240,0,0.0,0.324,0.0,2.0,1.0,0.22,0.0
4767,30.0,20.0,600.0,180.0,10.0,6.0,7.0,16,240,0,0.0,0.571,0.0,2.0,1.0,0.22,0.0
4768,30.0,20.0,600.0,180.0,10.0,6.0,8.0,16,240,0,0.0,0.626,0.0,2.0,1.0,0.22,0.0
4769,30.0,20.0,600.0,180.0,10.0,6.0,9.0,16,240,0,0.0,0.512,0.0,2.0,1.0,0.22,0.0
4770,30.0,20.0,600.0,180.0,10.0,6.0,10.0,16,240,0,0.0,0.474,0.0,2.0,1.0,0.22,0.0
4771,30.0,20.0,600.0,180.0,10.0,6.0,11.0,16,240,0,0.0,0.3,0.0,2.0,1.0,0.22,0.0
4772,30.0,20.0,600.0,180.0,10.0,6.0,12.0,16,240,0,0.0,0.682,0.0,2.0,1.0,0.22,0.0
4773,30.0,20.0,600.0,180.0,10.0,6.0,13.0,16,240,0,0.0,0.877,0.0,2.0,1.0,0.22,0.0
4774,30.0,20.0,600.0,180.0,10.0,6.0,14.0,16,240,0,0.0,0.459,0.0,2.0,1.0,0.22,0.0
4775,30.0,20.0,600.0,180.0,10.0,6.0,15.0,16,240,0,0.0,0.574,0.0,2.0,1.0,0.22,0.0
4776,30.0,20.0,600.0,180.0,10.0,6.0,16.0,16,240,0,0.0,0.491,0.0,2.0,1.0,0.22,0.0
4777,30.0,20.0,600.0,180.0,10.0,6.0,17.0,16,240,0,0.0,0.532,0.0,2.0,1.0,0.22,0.0
4778,30.0,20.0,600.0,180.0,10.0,6.0,18.0,16,240,0,0.0,0.397,0.0,2.0,1.0,0.22,0.0
4779,30.0,20.0,600.0,180.0,10.0,6.0,19.0,16,240,0,0.0,0.317,0.0,2.0,1.0,0.22,0.0
4780,30.0,20.0,600.0,180.0,10.0,7.0,0.0,16,240,0,0.0,0.431,0.0,2.0,1.0,0.22,0.0
4781,30.0,20.0,600.0,180.0,10.0,7.0,1.0,16,240,0,0.0,0.351,0.0,2.0,1.0,0.22,0.0
4782,30.0,20.0,600.0,180.0,10.0,7.0,2.0,16,240,0,0.0,0.463,0.0,2.0,1.0,0.22,0.0
4783,30.0,20.0,600.0,180.0,10.0,7.0,3.0,16,240,0,0.0,0.462,0.0,2.0,1.0,0.22,0.0
4784,30.0,20.0,600.0,180.0,10.0,7.0,4.0,16,240,0,0.0,0.611,0.0,2.0,1.0,0.22,0.0
4785,30.0,20.0,600.0,180.0,10.0,7.0,5.0,16,240,0,0.0,0.425,0.0,2.0,1.0,0.22,0.0
4786,30.0,20.0,600.0,180.0,10.0,7.0,6.0,16,240,0,0.0,0.566,0.0,2.0,1.0,0.22,0.0
4787,30.0,20.0,600.0,180.0,10.0,7.0,7.0,16,240,0,0.0,0.652,0.0,2.0,1.0,0.22,0.0
4788,30.0,20.0,600.0,180.0,10.0,7.0,8.0,16,240,0,0.0,0.455,0.0,2.0,1.0,0.22,0.0
4789,30.0,20.0,600.0,180.0,10.0,7.0,9.0,16,240,0,0.0,0.445,0.0,2.0,1.0,0.22,0.0
4790,30.0,20.0,600.0,180.0,10.0,7.0,10.0,16,240,0,0.0,0.535,0.0,2.0,1.0,0.22,0.0
4791,30.0,20.0,600.0,180.0,10.0,7.0,11.0,16,240,0,0.0,0.459,0.0,2.0,1.0,0.22,0.0
4792,30.0,20.0,600.0,180.0,10.0,7.0,12.0,16,240,0,0.0,0.654,0.0,2.0,1.0,0.22,0.0
4793,30.0,20.0,600.0,180.0,10.0,7.0,13.0,16,240,0,0.0,0.402,0.0,2.0,1.0,0.22,0.0
4794,30.0,20.0,600.0,180.0,10.0,7.0,14.0,16,240,0,0.0,0.677,0.0,2.0,1.0,0.22,0.0
4795,30.0,20.0,600.0,180.0,10.0,7.0,15.0,16,240,0,0.0,0.656,0.0,2.0,1.0,0.22,0.0
4796,30.0,20.0,600.0,180.0,10.0,7.0,16.0,16,240,0,0.0,0.348,0.0,2.0,1.0,0.22,0.0
4797,30.0,20.0,600.0,180.0,10.0,7.0,17.0,16,240,0,0.0,0.655,0.0,2.0,1.0,0.22,0.0
4798,30.0,20.0,600.0,180.0,10.0,7.0,18.0,16,240,0,0.0,0.359,0.0,2.0,1.0,0.22,0.0
4799,30.0,20.0,600.0,180.0,10.0,7.0,19.0,16,240,0,0.0,0.557,0.0,2.0,1.0,0.22,0.0
4800,30.0,20.0,600.0,180.0,10.0,8.0,0.0,16,240,0,0.0,0.644,0.0,2.0,1.0,0.22,0.0
4801,30.0,20.0,600.0,180.0,10.0,8.0,1.0,16,240,0,0.0,0.472,0.0,2.0,1.0,0.22,0.0
4802,30.0,20.0,600.0,180.0,10.0,8.0,2.0,16,240,0,0.0,0.519,0.0,2.0,1.0,0.22,0.0
4803,30.0,20.0,600.0,180.0,10.0,8.0,3.0,16,240,0,0.0,0.421,0.0,2.0,1.0,0.22,0.0
4804,30.0,20.0,600.0,180.0,10.0,8.0,4.0,16,240,0,0.0,0.383,0.0,2.0,1.0,0.22,0.0
4805,30.0,20.0,600.0,180.0,10.0,8.0,5.0,16,240,0,0.0,0.338,0.0,2.0,1.0,0.22,0.0
4806,30.0,20.0,600.0,180.0,10.0,8.0,6.0,16,240,0,0.0,0.59,0.0,2.0,1.0,0.22,0.0
4807,30.0,20.0,600.0,180.0,10.0,8.0,7.0,16,240,0,0.0,0.687,0.0,2.0,1.0,0.22,0.0
4808,30.0,20.0,600.0,180.0,10.0,8.0,8.0,16,240,0,0.0,0.407,0.0,2.0,1.0,0.22,0.0
4809,30.0,20.0,600.0,180.0,10.0,8.0,9.0,16,240,0,0.0,0.415,0.0,2.0,1.0,0.22,0.0
4810,30.0,20.0,600.0,180.0,10.0,8.0,10.0,16,240,0,0.0,0.432,0.0,2.0,1.0,0.22,0.0
4811,30.0,20.0,600.0,180.0,10.0,8.0,11.0,16,240,0,0.0,0.483,0.0,2.0,1.0,0.22,0.0
4812,30.0,20.0,600.0,180.0,10.0,8.0,12.0,16,240,0,0.0,0.683,0.0,2.0,1.0,0.22,0.0
4813,30.0,20.0,600.0,180.0,10.0,8.0,13.0,16,240,0,0.0,0.347,0.0,2.0,1.0,0.22,0.0
4814,30.0,20.0,600.0,180.0,10.0,8.0,14.0,16,240,0,0.0,0.545,0.0,2.0,1.0,0.22,0.0
4815,30.0,20.0,600.0,180.0,10.0,8.0,15.0,16,240,0,0.0,0.435,0.0,2.0,1.0,0.22,0.0
4816,30.0,20.0,600.0,180.0,10.0,8.0,16.0,16,240,0,0.0,0.581,0.0,2.0,1.0,0.22,0.0
4817,30.0,20.0,600.0,180.0,10.0,8.0,17.0,16,240,0,0.0,0.537,0.0,2.0,1.0,0.22,0.0
4818,30.0,20.0,600.0,180.0,10.0,8.0,18.0,16,240,0,0.0,0.34,0.0,2.0,1.0,0.22,0.0
4819,30.0,20.0,600.0,180.0,10.0,8.0,19.0,16,240,0,0.0,0.302,0.0,2.0,1.0,0.22,0.0
4820,30.0,20.0,600.0,180.0,10.0,9.0,0.0,16,240,0,0.0,0.394,0.0,2.0,1.0,0.22,0.0
4821,30.0,20.0,600.0,180.0,10.0,9.0,1.0,16,240,0,0.0,0.442,0.0,2.0,1.0,0.22,0.0
4822,30.0,20.0,600.0,180.0,10.0,9.0,2.0,16,240,0,0.0,0.458,0.0,2.0,1.0,0.22,0.0
4823,30.0,20.0,600.0,180.0,10.0,9.0,3.0,16,240,0,0.0,0.426,0.0,2.0,1.0,0.22,0.0
4824,30.0,20.0,600.0,180.0,10.0,9.0,4.0,16,240,0,0.0,0.46,0.0,2.0,1.0,0.22,0.0
4825,30.0,20.0,600.0,180.0,10.0,9.0,5.0,16,240,0,0.0,0.663,0.0,2.0,1.0,0.22,0.0
4826,30.0,20.0,600.0,180.0,10.0,9.0,6.0,16,240,0,0.0,0.791,0.0,2.0,1.0,0.22,0.0
4827,30.0,20.0,600.0,180.0,10.0,9.0,7.0,16,240,0,0.0,0.667,0.0,2.0,1.0,0.22,0.0
4828,30.0,20.0,600.0,180.0,10.0,9.0,8.0,16,240,0,0.0,0.56,0.0,2.0,1.0,0.22,0.0
4829,30.0,20.0,600.0,180.0,10.0,9.0,9.0,16,240,0,0.0,0.428,0.0,2.0,1.0,0.22,0.0
4830,30.0,20.0,600.0,180.0,10.0,9.0,10.0,16,240,0,0.0,0.423,0.0,2.0,1.0,0.22,0.0
4831,30.0,20.0,600.0,180.0,10.0,9.0,11.0,16,240,0,0.0,0.443,0.0,2.0,1.0,0.22,0.0
4832,30.0,20.0,600.0,180.0,10.0,9.0,12.0,16,240,0,0.0,0.609,0.0,2.0,1.0,0.22,0.0
4833,30.0,20.0,600.0,180.0,10.0,9.0,13.0,16,240,0,0.0,0.574,0.0,2.0,1.0,0.22,0.0
4834,30.0,20.0,600.0,180.0,10.0,9.0,14.0,16,240,0,0.0,0.521,0.0,2.0,1.0,0.22,0.0
4835,30.0,20.0,600.0,180.0,10.0,9.0,15.0,16,240,0,0.0,0.592,0.0,2.0,1.0,0.22,0.0
4836,30.0,20.0,600.0,180.0,10.0,9.0,16.0,16,240,0,0.0,0.451,0.0,2.0,1.0,0.22,0.0
4837,30.0,20.0,600.0,180.0,10.0,9.0,17.0,16,240,0,0.0,0.532,0.0,2.0,1.0,0.22,0.0
4838,30.0,20.0,600.0,180.0,10.0,9.0,18.0,16,240,0,0.0,0.425,0.0,2.0,1.0,0.22,0.0
4839,30.0,20.0,600.0,180.0,10.0,9.0,19.0,16,240,0,0.0,0.423,0.0,2.0,1.0,0.22,0.0
4840,30.0,20.0,600.0,180.0,10.0,10.0,0.0,16,240,0,0.0,0.599,0.0,2.0,1.0,0.22,0.0
4841,30.0,20.0,600.0,180.0,10.0,10.0,1.0,16,240,0,0.0,0.654,0.0,2.0,1.0,0.22,0.0
4842,30.0,20.0,600.0,180.0,10.0,10.0,2.0,16,240,0,0.0,0.317,0.0,2.0,1.0,0.22,0.0
4843,30.0,20.0,600.0,180.0,10.0,10.0,3.0,16,240,0,0.0,0.551,0.0,2.0,1.0,0.22,0.0
4844,30.0,20.0,600.0,180.0,10.0,10.0,4.0,16,240,0,0.0,0.549,0.0,2.0,1.0,0.22,0.0
4845,30.0,20.0,600.0,180.0,10.0,10.0,5.0,16,240,0,0.0,0.511,0.0,2.0,1.0,0.22,0.0
4846,30.0,20.0,600.0,180.0,10.0,10.0,6.0,16,240,0,0.0,0.491,0.0,2.0,1.0,0.22,0.0
4847,30.0,20.0,600.0,180.0,10.0,10.0,7.0,16,240,0,0.0,0.616,0.0,2.0,1.0,0.22,0.0
4848,30.0,20.0,600.0,180.0,10.0,10.0,8.0,16,240,0,0.0,0.387,0.0,2.0,1.0,0.22,0.0
4849,30.0,20.0,600.0,180.0,10.0,10.0,9.0,16,240,0,0.0,0.532,0.0,2.0,1.0,0.22,0.0
4850,30.0,20.0,600.0,180.0,10.0,10.0,10.0,16,240,0,0.0,0.513,0.0,2.0,1.0,0.22,0.0
4851,30.0,20.0,600.0,180.0,10.0,10.0,11.0,16,240,0,0.0,0.303,0.0,2.0,1.0,0.22,0.0
4852,30.0,20.0,600.0,180.0,10.0,10.0,12.0,16,240,0,0.0,0.404,0.0,2.0,1.0,0.22,0.0
4853,30.0,20.0,600.0,180.0,10.0,10.0,13.0,16,240,0,0.0,0.609,0.0,2.0,1.0,0.22,0.0
4854,30.0,20.0,600.0,180.0,10.0,10.0,14.0,16,240,0,0.0,0.478,0.0,2.0,1.0,0.22,0.0
4855,30.0,20.0,600.0,180.0,10.0,10.0,15.0,16,240,0,0.0,0.374,0.0,2.0,1.0,0.22,0.0
4856,30.0,20.0,600.0,180.0,10.0,10.0,16.0,16,240,0,0.0,0.652,0.0,2.0,1.0,0.22,0.0
4857,30.0,20.0,600.0,180.0,10.0,10.0,17.0,16,240,0,0.0,0.562,0.0,2.0,1.0,0.22,0.0
4858,30.0,20.0,600.0,180.0,10.0,10.0,18.0,16,240,0,0.0,0.383,0.0,2.0,1.0,0.22,0.0
4859,30.0,20.0,600.0,180.0,10.0,10.0,19.0,16,240,0,0.0,0.331,0.0,2.0,1.0,0.22,0.0
4860,30.0,20.0,600.0,180.0,10.0,11.0,0.0,16,240,0,0.0,1.0,0.0,2.0,1.0,0.22,0.0
4861,30.0,20.0,600.0,180.0,10.0,11.0,1.0,16,240,0,0.0,1.0,0.0,2.0,1.0,0.22,0.0
4862,30.0,20.0,600.0,180.0,10.0,11.0,2.0,16,240,0,0.0,1.0,0.0,2.0,1.0,0.22,0.0
4863,30.0,20.0,600.0,180.0,10.0,11.0,3.0,16,240,0,0.0,1.0,0.0,2.0,1.0,0.22,0.0
4864,30.0,20.0,600.0,180.0,10.0,11.0,4.0,16,240,0,0.0,1.0,0.0,2.0,1.0,0.22,0.0
4865,30.0,20.0,600.0,180.0,10.0,11.0,5.0,16,240,0,0.0,1.0,0.0,2.0,1.0,0.22,0.0
4866,30.0,20.0,600.0,180.0,10.0,11.0,6.0,16,240,0,0.0,1.0,0.0,2.0,1.0,0.22,0.0
4867,30.0,20.0,600.0,180.0,10.0,11.0,7.0,16,240,0,0.0,1.0,0.0,2.0,1.0,0.22,0.0
4868,30.0,20.0,600.0,180.0,10.0,11.0,8.0,16,240,0,0.0,1.0,0.0,2.0,1.0,0.22,0.0
4869,30.0,20.0,600.0,180.0,10.0,11.0,9.0,16,240,0,0.0,1.0,0.0,2.0,1.0,0.22,0.0
4870,30.0,20.0,600.0,180.0,10.0,11.0,10.0,16,240,0,0.0,1.0,0.0,2.0,1.0,0.22,0.0
4871,30.0,20.0,600.0,180.0,10.0,11.0,11.0,16,240,0,0.0,1.0,0.0,2.0,1.0,0.22,0.0
4872,30.0,20.0,600.0,180.0,10.0,11.0,12.0,16,240,0,0.0,1.0,0.0,2.0,1.0,0.22,0.0
4873,30.0,20.0,600.0,180.0,10.0,11.0,13.0,16,240,0,0.0,1.0,0.0,2.0,1.0,0.22,0.0
4874,30.0,20.0,600.0,180.0,10.0,11.0,14.0,16,240,0,0.0,1.0,0.0,2.0,1.0,0.22,0.0
4875,30.0,20.0,600.0,180.0,10.0,11.0,15.0,16,240,0,0.0,1.0,0.0,2.0,1.0,0.22,0.0
4876,30.0,20.0,600.0,180.0,10.0,11.0,16.0,16,240,0,0.0,0.65,0.0,2.0,1.0,0.22,0.0
4877,30.0,20.0,600.0,180.0,10.0,11.0,17.0,16,240,0,0.0,1.0,0.0,2.0,1.0,0.22,0.0
4878,30.0,20.0,600.0,180.0,10.0,11.0,18.0,16,240,0,0.0,1.0,0.0,2.0,1.0,0.22,0.0
4879,30.0,20.0,600.0,180.0,10.0,11.0,19.0,16,240,0,0.0,1.0,0.0,2.0,1.0,0.22,0.0
4880,30.0,20.0,600.0,180.0,10.0,12.0,0.0,16,240,0,0.0,1.0,0.0,2.0,1.0,0.22,0.0
4881,30.0,20.0,600.0,180.0,10.0,12.0,1.0,16,240,0,0.0,1.0,0.0,2.0,1.0,0.22,0.0
4882,30.0,20.0,600.0,180.0,10.0,12.0,2.0,16,240,0,0.0,1.0,0.0,2.0,1.0,0.22,0.0
4883,30.0,20.0,600.0,180.0,10.0,12.0,3.0,16,240,0,0.0,1.0,0.0,2.0,1.0,0.22,0.0
4884,30.0,20.0,600.0,180.0,10.0,12.0,4.0,16,240,0,0.0,1.0,0.0,2.0,1.0,0.22,0.0
4885,30.0,20.0,600.0,180.0,10.0,12.0,5.0,16,240,0,0.0,1.0,0.0,2.0,1.0,0.22,0.0
4886,30.0,20.0,600.0,180.0,10.0,12.0,6.0,16,240,0,0.0,1.0,0.0,2.0,1.0,0.22,0.0
4887,30.0,20.0,600.0,180.0,10.0,12.0,7.0,16,240,0,0.0,1.0,0.0,2.0,1.0,0.22,0.0
4888,30.0,20.0,600.0,180.0,10.0,12.0,8.0,16,240,0,0.0,1.0,0.0,2.0,1.0,0.22,0.0
4889,30.0,20.0,600.0,180.0,10.0,12.0,9.0,16,240,0,0.0,1.0,0.0,2.0,1.0,0.22,0.0
4890,30.0,20.0,600.0,180.0,10.0,12.0,10.0,16,240,0,0.0,1.0,0.0,2.0,1.0,0.22,0.0
4891,30.0,20.0,600.0,180.0,10.0,12.0,11.0,16,240,0,0.0,1.0,0.0,2.0,1.0,0.22,0.0
4892,30.0,20.0,600.0,180.0,10.0,12.0,12.0,16,240,0,0.0,1.0,0.0,2.0,1.0,0.22,0.0
4893,30.0,20.0,600.0,180.0,10.0,12.0,13.0,16,240,0,0.0,1.0,0.0,2.0,1.0,0.22,0.0
4894,30.0,20.0,600.0,180.0,10.0,12.0,14.0,16,240,0,0.0,1.0,0.0,2.0,1.0,0.22,0.0
4895,30.0,20.0,600.0,180.0,10.0,12.0,15.0,16,240,0,0.0,1.0,0.0,2.0,1.0,0.22,0.0
4896,30.0,20.0,600.0,180.0,10.0,12.0,16.0,16,240,0,0.0,1.0,0.0,2.0,1.0,0.22,0.0
4897,30.0,20.0,600.0,180.0,10.0,12.0,17.0,16,240,0,0.0,1.0,0.0,2.0,1.0,0.22,0.0
4898,30.0,20.0,600.0,180.0,10.0,12.0,18.0,16,240,0,0.0,1.0,0.0,2.0,1.0,0.22,0.0
4899,30.0,20.0,600.0,180.0,10.0,12.0,19.0,16,240,0,0.0,1.0,0.0,2.0,1.0,0.22,0.0
4900,30.0,20.0,600.0,180.0,10.0,13.0,0.0,16,240,0,0.0,1.0,0.0,2.0,1.0,0.22,0.0
4901,30.0,20.0,600.0,180.0,10.0,13.0,1.0,16,240,0,0.0,1.0,0.0,2.0,1.0,0.22,0.0
4902,30.0,20.0,600.0,180.0,10.0,13.0,2.0,16,240,0,0.0,1.0,0.0,2.0,1.0,0.22,0.0
4903,30.0,20.0,600.0,180.0,10.0,13.0,3.0,16,240,0,0.0,1.0,0.0,2.0,1.0,0.22,0.0
4904,30.0,20.0,600.0,180.0,10.0,13.0,4.0,16,240,0,0.0,1.0,0.0,2.0,1.0,0.22,0.0
4905,30.0,20.0,600.0,180.0,10.0,13.0,5.0,16,240,0,0.0,1.0,0.0,2.0,1.0,0.22,0.0
4906,30.0,20.0,600.0,180.0,10.0,13.0,6.0,16,240,0,0.0,1.0,0.0,2.0,1.0,0.22,0.0
4907,30.0,20.0,600.0,180.0,10.0,13.0,7.0,16,240,0,0.0,1.0,0.0,2.0,1.0,0.22,0.0
4908,30.0,20.0,600.0,180.0,10.0,13.0,8.0,16,240,0,0.0,1.0,0.0,2.0,1.0,0.22,0.0
4909,30.0,20.0,600.0,180.0,10.0,13.0,9.0,16,240,0,0.0,1.0,0.0,2.0,1.0,0.22,0.0
4910,30.0,20.0,600.0,180.0,10.0,13.0,10.0,16,240,0,0.0,1.0,0.0,2.0,1.0,0.22,0.0
4911,30.0,20.0,600.0,180.0,10.0,13.0,11.0,16,240,0,0.0,1.0,0.0,2.0,1.0,0.22,0.0
4912,30.0,20.0,600.0,180.0,10.0,13.0,12.0,16,240,0,0.0,1.0,0.0,2.0,1.0,0.22,0.0
4913,30.0,20.0,600.0,180.0,10.0,13.0,13.0,16,240,0,0.0,1.0,0.0,2.0,1.0,0.22,0.0
4914,30.0,20.0,600.0,180.0,10.0,13.0,14.0,16,240,0,0.0,1.0,0.0,2.0,1.0,0.22,0.0
4915,30.0,20.0,600.0,180.0,10.0,13.0,15.0,16,240,0,0.0,1.0,0.0,2.0,1.0,0.22,0.0
4916,30.0,20.0,600.0,180.0,10.0,13.0,16.0,16,240,0,0.0,1.0,0.0,2.0,1.0,0.22,0.0
4917,30.0,20.0,600.0,180.0,10.0,13.0,17.0,16,240,0,0.0,1.0,0.0,2.0,1.0,0.22,0.0
4918,30.0,20.0,600.0,180.0,10.0,13.0,18.0,16,240,0,0.0,1.0,0.0,2.0,1.0,0.22,0.0
4919,30.0,20.0,600.0,180.0,10.0,13.0,19.0,16,240,0,0.0,1.0,0.0,2.0,1.0,0.22,0.0
4920,30.0,20.0,600.0,180.0,10.0,14.0,0.0,16,240,0,0.0,1.0,0.0,2.0,1.0,0.22,0.0
4921,30.0,20.0,600.0,180.0,10.0,14.0,1.0,16,240,0,0.0,1.0,0.0,2.0,1.0,0.22,0.0
4922,30.0,20.0,600.0,180.0,10.0,14.0,2.0,16,240,0,0.0,1.0,0.0,2.0,1.0,0.22,0.0
4923,30.0,20.0,600.0,180.0,10.0,14.0,3.0,16,240,0,0.0,1.0,0.0,2.0,1.0,0.22,0.0
4924,30.0,20.0,600.0,180.0,10.0,14.0,4.0,16,240,0,0.0,1.0,0.0,2.0,1.0,0.22,0.0
4925,30.0,20.0,600.0,180.0,10.0,14.0,5.0,16,240,0,0.0,1.0,0.0,2.0,1.0,0.22,0.0
4926,30.0,20.0,600.0,180.0,10.0,14.0,6.0,16,240,0,0.0,1.0,0.0,2.0,1.0,0.22,0.0
4927,30.0,20.0,600.0,180.0,10.0,14.0,7.0,16,240,0,0.0,1.0,0.0,2.0,1.0,0.22,0.0
4928,30.0,20.0,600.0,180.0,10.0,14.0,8.0,16,240,0,0.0,1.0,0.0,2.0,1.0,0.22,0.0
4929,30.0,20.0,600.0,180.0,10.0,14.0,9.0,16,240,0,0.0,1.0,0.0,2.0,1.0,0.22,0.0
4930,30.0,20.0,600.0,180.0,10.0,14.0,10.0,16,240,0,0.0,1.0,0.0,2.0,1.0,0.22,0.0
4931,30.0,20.0,600.0,180.0,10.0,14.0,11.0,16,240,0,0.0,1.0,0.0,2.0,1.0,0.22,0.0
4932,30.0,20.0,600.0,180.0,10.0,14.0,12.0,16,240,0,0.0,1.0,0.0,2.0,1.0,0.22,0.0
4933,30.0,20.0,600.0,180.0,10.0,14.0,13.0,16,240,0,0.0,1.0,0.0,2.0,1.0,0.22,0.0
4934,30.0,20.0,600.0,180.0,10.0,14.0,14.0,16,240,0,0.0,1.0,0.0,2.0,1.0,0.22,0.0
4935,30.0,20.0,600.0,180.0,10.0,14.0,15.0,16,240,0,0.0,1.0,0.0,2.0,1.0,0.22,0.0
4936,30.0,20.0,600.0,180.0,10.0,14.0,16.0,16,240,0,0.0,1.0,0.0,2.0,1.0,0.22,0.0
4937,30.0,20.0,600.0,180.0,10.0,14.0,17.0,16,240,0,0.0,1.0,0.0,2.0,1.0,0.22,0.0
4938,30.0,20.0,600.0,180.0,10.0,14.0,18.0,16,240,0,0.0,1.0,0.0,2.0,1.0,0.22,0.0
4939,30.0,20.0,600.0,180.0,10.0,14.0,19.0,16,240,0,0.0,1.0,0.0,2.0,1.0,0.22,0.0
4940,30.0,20.0,600.0,180.0,10.0,15.0,0.0,16,240,0,0.0,1.0,0.0,2.0,1.0,0.22,0.0
4941,30.0,20.0,600.0,180.0,10.0,15.0,1.0,16,240,0,0.0,0.578,0.0,2.0,1.0,0.22,0.0
4942,30.0,20.0,600.0,180.0,10.0,15.0,2.0,16,240,0,0.0,1.0,0.0,2.0,1.0,0.22,0.0
4943,30.0,20.0,600.0,180.0,10.0,15.0,3.0,16,240,0,0.0,1.0,0.0,2.0,1.0,0.22,0.0
4944,30.0,20.0,600.0,180.0,10.0,15.0,4.0,16,240,0,0.0,1.0,0.0,2.0,1.0,0.22,0.0
4945,30.0,20.0,600.0,180.0,10.0,15.0,5.0,16,240,0,0.0,1.0,0.0,2.0,1.0,0.22,0.0
4946,30.0,20.0,600.0,180.0,10.0,15.0,6.0,16,240,0,0.0,1.0,0.0,2.0,1.0,0.22,0.0
4947,30.0,20.0,600.0,180.0,10.0,15.0,7.0,16,240,0,0.0,1.0,0.0,2.0,1.0,0.22,0.0
4948,30.0,20.0,600.0,180.0,10.0,15.0,8.0,16,240,0,0.0,1.0,0.0,2.0,1.0,0.22,0.0
4949,30.0,20.0,600.0,180.0,10.0,15.0,9.0,16,240,0,0.0,1.0,0.0,2.0,1.0,0.22,0.0
4950,30.0,20.0,600.0,180.0,10.0,15.0,10.0,16,240,0,0.0,1.0,0.0,2.0,1.0,0.22,0.0
4951,30.0,20.0,600.0,180.0,10.0,15.0,11.0,16,240,0,0.0,1.0,0.0,2.0,1.0,0.22,0.0
4952,30.0,20.0,600.0,180.0,10.0,15.0,12.0,16,240,0,0.0,1.0,0.0,2.0,1.0,0.22,0.0
4953,30.0,20.0,600.0,180.0,10.0,15.0,13.0,16,240,0,0.0,1.0,0.0,2.0,1.0,0.22,0.0
4954,30.0,20.0,600.0,180.0,10.0,15.0,14.0,16,240,0,0.0,1.0,0.0,2.0,1.0,0.22,0.0
4955,30.0,20.0,600.0,180.0,10.0,15.0,15.0,16,240,0,0.0,1.0,0.0,2.0,1.0,0.22,0.0
4956,30.0,20.0,600.0,180.0,10.0,15.0,16.0,16,240,0,0.0,1.0,0.0,2.0,1.0,0.22,0.0
4957,30.0,20.0,600.0,180.0,10.0,15.0,17.0,16,240,0,0.0,1.0,0.0,2.0,1.0,0.22,0.0
4958,30.0,20.0,600.0,180.0,10.0,15.0,18.0,16,240,0,0.0,1.0,0.0,2.0,1.0,0.22,0.0
4959,30.0,20.0,600.0,180.0,10.0,15.0,19.0,16,240,0,0.0,1.0,0.0,2.0,1.0,0.22,0.0
4960,30.0,20.0,600.0,180.0,10.0,16.0,0.0,16,240,0,0.0,1.0,0.0,2.0,1.0,0.22,0.0
4961,30.0,20.0,600.0,180.0,10.0,16.0,1.0,16,240,0,0.0,1.0,0.0,2.0,1.0,0.22,0.0
4962,30.0,20.0,600.0,180.0,10.0,16.0,2.0,16,240,0,0.0,1.0,0.0,2.0,1.0,0.22,0.0
4963,30.0,20.0,600.0,180.0,10.0,16.0,3.0,16,240,0,0.0,1.0,0.0,2.0,1.0,0.22,0.0
4964,30.0,20.0,600.0,180.0,10.0,16.0,4.0,16,240,0,0.0,1.0,0.0,2.0,1.0,0.22,0.0
4965,30.0,20.0,600.0,180.0,10.0,16.0,5.0,16,240,0,0.0,1.0,0.0,2.0,1.0,0.22,0.0
4966,30.0,20.0,600.0,180.0,10.0,16.0,6.0,16,240,0,0.0,1.0,0.0,2.0,1.0,0.22,0.0
4967,30.0,20.0,600.0,180.0,10.0,16.0,7.0,16,240,0,0.0,1.0,0.0,2.0,1.0,0.22,0.0
4968,30.0,20.0,600.0,180.0,10.0,16.0,8.0,16,240,0,0.0,1.0,0.0,2.0,1.0,0.22,0.0
4969,30.0,20.0,600.0,180.0,10.0,16.0,9.0,16,240,0,0.0,1.0,0.0,2.0,1.0,0.22,0.0
4970,30.0,20.0,600.0,180.0,10.0,16.0,10.0,16,240,0,0.0,1.0,0.0,2.0,1.0,0.22,0.0
4971,30.0,20.0,600.0,180.0,10.0,16.0,11.0,16,240,0,0.0,1.0,0.0,2.0,1.0,0.22,0.0
4972,30.0,20.0,600.0,180.0,10.0,16.0,12.0,16,240,0,0.0,1.0,0.0,2.0,1.0,0.22,0.0
4973,30.0,20.0,600.0,180.0,10.0,16.0,13.0,16,240,0,0.0,1.0,0.0,2.0,1.0,0.22,0.0
4974,30.0,20.0,600.0,180.0,10.0,16.0,14.0,16,240,0,0.0,1.0,0.0,2.0,1.0,0.22,0.0
4975,30.0,20.0,600.0,180.0,10.0,16.0,15.0,16,240,0,0.0,1.0,0.0,2.0,1.0,0.22,0.0
4976,30.0,20.0,600.0,180.0,10.0,16.0,16.0,16,240,0,0.0,1.0,0.0,2.0,1.0,0.22,0.0
4977,30.0,20.0,600.0,180.0,10.0,16.0,17.0,16,240,0,0.0,1.0,0.0,2.0,1.0,0.22,0.0
4978,30.0,20.0,600.0,180.0,10.0,16.0,18.0,16,240,0,0.0,1.0,0.0,2.0,1.0,0.22,0.0
4979,30.0,20.0,600.0,180.0,10.0,16.0,19.0,16,240,0,0.0,1.0,0.0,2.0,1.0,0.22,0.0
4980,30.0,20.0,600.0,180.0,10.0,17.0,0.0,16,240,0,0.0,1.0,0.0,2.0,1.0,0.22,0.0
4981,30.0,20.0,600.0,180.0,10.0,17.0,1.0,16,240,0,0.0,1.0,0.0,2.0,1.0,0.22,0.0
4982,30.0,20.0,600.0,180.0,10.0,17.0,2.0,16,240,0,0.0,1.0,0.0,2.0,1.0,0.22,0.0
4983,30.0,20.0,600.0,180.0,10.0,17.0,3.0,16,240,0,0.0,1.0,0.0,2.0,1.0,0.22,0.0
4984,30.0,20.0,600.0,180.0,10.0,17.0,4.0,16,240,0,0.0,1.0,0.0,2.0,1.0,0.22,0.0
4985,30.0,20.0,600.0,180.0,10.0,17.0,5.0,16,240,0,0.0,1.0,0.0,2.0,1.0,0.22,0.0
4986,30.0,20.0,600.0,180.0,10.0,17.0,6.0,16,240,0,0.0,0.796,0.0,2.0,1.0,0.22,0.0
4987,30.0,20.0,600.0,180.0,10.0,17.0,7.0,16,240,0,0.0,1.0,0.0,2.0,1.0,0.22,0.0
4988,30.0,20.0,600.0,180.0,10.0,17.0,8.0,16,240,0,0.0,1.0,0.0,2.0,1.0,0.22,0.0
4989,30.0,20.0,600.0,180.0,10.0,17.0,9.0,16,240,0,0.0,1.0,0.0,2.0,1.0,0.22,0.0
4990,30.0,20.0,600.0,180.0,10.0,17.0,10.0,16,240,0,0.0,1.0,0.0,2.0,1.0,0.22,0.0
4991,30.0,20.0,600.0,180.0,10.0,17.0,11.0,16,240,0,0.0,1.0,0.0,2.0,1.0,0.22,0.0
4992,30.0,20.0,600.0,180.0,10.0,17.0,12.0,16,240,0,0.0,1.0,0.0,2.0,1.0,0.22,0.0
4993,30.0,20.0,600.0,180.0,10.0,17.0,13.0,16,240,0,0.0,1.0,0.0,2.0,1.0,0.22,0.0
4994,30.0,20.0,600.0,180.0,10.0,17.0,14.0,16,240,0,0.0,1.0,0.0,2.0,1.0,0.22,0.0
4995,30.0,20.0,600.0,180.0,10.0,17.0,15.0,16,240,0,0.0,1.0,0.0,2.0,1.0,0.22,0.0
4996,30.0,20.0,600.0,180.0,10.0,17.0,16.0,16,240,0,0.0,1.0,0.0,2.0,1.0,0.22,0.0
4997,30.0,20.0,600.0,180.0,10.0,17.0,17.0,16,240,0,0.0,1.0,0.0,2.0,1.0,0.22,0.0
4998,30.0,20.0,600.0,180.0,10.0,17.0,18.0,16,240,0,0.0,1.0,0.0,2.0,1.0,0.22,0.0
4999,30.0,20.0,600.0,180.0,10.0,17.0,19.0,16,240,0,0.0,1.0,0.0,2.0,1.0,0.22,0.0
5000,30.0,20.0,600.0,180.0,10.0,18.0,0.0,16,240,0,0.0,1.0,0.0,2.0,1.0,0.22,0.0
5001,30.0,20.0,600.0,180.0,10.0,18.0,1.0,16,240,0,0.0,1.0,0.0,2.0,1.0,0.22,0.0
5002,30.0,20.0,600.0,180.0,10.0,18.0,2.0,16,240,0,0.0,1.0,0.0,2.0,1.0,0.22,0.0
5003,30.0,20.0,600.0,180.0,10.0,18.0,3.0,16,240,0,0.0,1.0,0.0,2.0,1.0,0.22,0.0
5004,30.0,20.0,600.0,180.0,10.0,18.0,4.0,16,240,0,0.0,1.0,0.0,2.0,1.0,0.22,0.0
5005,30.0,20.0,600.0,180.0,10.0,18.0,5.0,16,240,0,0.0,1.0,0.0,2.0,1.0,0.22,0.0
5006,30.0,20.0,600.0,180.0,10.0,18.0,6.0,16,240,0,0.0,1.0,0.0,2.0,1.0,0.22,0.0
5007,30.0,20.0,600.0,180.0,10.0,18.0,7.0,16,240,0,0.0,0.607,0.0,2.0,1.0,0.22,0.0
5008,30.0,20.0,600.0,180.0,10.0,18.0,8.0,16,240,0,0.0,1.0,0.0,2.0,1.0,0.22,0.0
5009,30.0,20.0,600.0,180.0,10.0,18.0,9.0,16,240,0,0.0,1.0,0.0,2.0,1.0,0.22,0.0
5010,30.0,20.0,600.0,180.0,10.0,18.0,10.0,16,240,0,0.0,1.0,0.0,2.0,1.0,0.22,0.0
5011,30.0,20.0,600.0,180.0,10.0,18.0,11.0,16,240,0,0.0,1.0,0.0,2.0,1.0,0.22,0.0
5012,30.0,20.0,600.0,180.0,10.0,18.0,12.0,16,240,0,0.0,1.0,0.0,2.0,1.0,0.22,0.0
5013,30.0,20.0,600.0,180.0,10.0,18.0,13.0,16,240,0,0.0,1.0,0.0,2.0,1.0,0.22,0.0
5014,30.0,20.0,600.0,180.0,10.0,18.0,14.0,16,240,0,0.0,1.0,0.0,2.0,1.0,0.22,0.0
5015,30.0,20.0,600.0,180.0,10.0,18.0,15.0,16,240,0,0.0,1.0,0.0,2.0,1.0,0.22,0.0
5016,30.0,20.0,600.0,180.0,10.0,18.0,16.0,16,240,0,0.0,1.0,0.0,2.0,1.0,0.22,0.0
5017,30.0,20.0,600.0,180.0,10.0,18.0,17.0,16,240,0,0.0,1.0,0.0,2.0,1.0,0.22,0.0
5018,30.0,20.0,600.0,180.0,10.0,18.0,18.0,16,240,0,0.0,1.0,0.0,2.0,1.0,0.22,0.0
5019,30.0,20.0,600.0,180.0,10.0,18.0,19.0,16,240,0,0.0,1.0,0.0,2.0,1.0,0.22,0.0
5020,30.0,20.0,600.0,180.0,10.0,19.0,0.0,16,240,0,0.0,1.0,0.0,2.0,1.0,0.22,0.0
5021,30.0,20.0,600.0,180.0,10.0,19.0,1.0,16,240,0,0.0,1.0,0.0,2.0,1.0,0.22,0.0
5022,30.0,20.0,600.0,180.0,10.0,19.0,2.0,16,240,0,0.0,1.0,0.0,2.0,1.0,0.22,0.0
5023,30.0,20.0,600.0,180.0,10.0,19.0,3.0,16,240,0,0.0,1.0,0.0,2.0,1.0,0.22,0.0
5024,30.0,20.0,600.0,180.0,10.0,19.0,4.0,16,240,0,0.0,1.0,0.0,2.0,1.0,0.22,0.0
5025,30.0,20.0,600.0,180.0,10.0,19.0,5.0,16,240,0,0.0,1.0,0.0,2.0,1.0,0.22,0.0
5026,30.0,20.0,600.0,180.0,10.0,19.0,6.0,16,240,0,0.0,1.0,0.0,2.0,1.0,0.22,0.0
5027,30.0,20.0,600.0,180.0,10.0,19.0,7.0,16,240,0,0.0,1.0,0.0,2.0,1.0,0.22,0.0
5028,30.0,20.0,600.0,180.0,10.0,19.0,8.0,16,240,0,0.0,1.0,0.0,2.0,1.0,0.22,0.0
5029,30.0,20.0,600.0,180.0,10.0,19.0,9.0,16,240,0,0.0,1.0,0.0,2.0,1.0,0.22,0.0
5030,30.0,20.0,600.0,180.0,10.0,19.0,10.0,16,240,0,0.0,1.0,0.0,2.0,1.0,0.22,0.0
5031,30.0,20.0,600.0,180.0,10.0,19.0,11.0,16,240,0,0.0,1.0,0.0,2.0,1.0,0.22,0.0
5032,30.0,20.0,600.0,180.0,10.0,19.0,12.0,16,240,0,0.0,1.0,0.0,2.0,1.0,0.22,0.0
5033,30.0,20.0,600.0,180.0,10.0,19.0,13.0,16,240,0,0.0,1.0,0.0,2.0,1.0,0.22,0.0
5034,30.0,20.0,600.0,180.0,10.0,19.0,14.0,16,240,0,0.0,1.0,0.0,2.0,1.0,0.22,0.0
5035,30.0,20.0,600.0,180.0,10.0,19.0,15.0,16,240,0,0.0,1.0,0.0,2.0,1.0,0.22,0.0
5036,30.0,20.0,600.0,180.0,10.0,19.0,16.0,16,240,0,0.0,1.0,0.0,2.0,1.0,0.22,0.0
5037,30.0,20.0,600.0,180.0,10.0,19.0,17.0,16,240,0,0.0,1.0,0.0,2.0,1.0,0.22,0.0
5038,30.0,20.0,600.0,180.0,10.0,19.0,18.0,16,240,0,0.0,1.0,0.0,2.0,1.0,0.22,0.0
5039,30.0,20.0,600.0,180.0,10.0,19.0,19.0,16,240,0,0.0,1.0,0.0,2.0,1.0,0.22,0.0
5040,30.0,20.0,600.0,180.0,10.0,20.0,0.0,16,240,0,0.0,1.0,0.0,2.0,1.0,0.22,0.0
5041,30.0,20.0,600.0,180.0,10.0,20.0,1.0,16,240,0,0.0,1.0,0.0,2.0,1.0,0.22,0.0
5042,30.0,20.0,600.0,180.0,10.0,20.0,2.0,16,240,0,0.0,1.0,0.0,2.0,1.0,0.22,0.0
5043,30.0,20.0,600.0,180.0,10.0,20.0,3.0,16,240,0,0.0,1.0,0.0,2.0,1.0,0.22,0.0
5044,30.0,20.0,600.0,180.0,10.0,20.0,4.0,16,240,0,0.0,1.0,0.0,2.0,1.0,0.22,0.0
5045,30.0,20.0,600.0,180.0,10.0,20.0,5.0,16,240,0,0.0,1.0,0.0,2.0,1.0,0.22,0.0
5046,30.0,20.0,600.0,180.0,10.0,20.0,6.0,16,240,0,0.0,1.0,0.0,2.0,1.0,0.22,0.0
5047,30.0,20.0,600.0,180.0,10.0,20.0,7.0,16,240,0,0.0,1.0,0.0,2.0,1.0,0.22,0.0
5048,30.0,20.0,600.0,180.0,10.0,20.0,8.0,16,240,0,0.0,1.0,0.0,2.0,1.0,0.22,0.0
5049,30.0,20.0,600.0,180.0,10.0,20.0,9.0,16,240,0,0.0,1.0,0.0,2.0,1.0,0.22,0.0
5050,30.0,20.0,600.0,180.0,10.0,20.0,10.0,16,240,0,0.0,1.0,0.0,2.0,1.0,0.22,0.0
5051,30.0,20.0,600.0,180.0,10.0,20.0,11.0,16,240,0,0.0,1.0,0.0,2.0,1.0,0.22,0.0
5052,30.0,20.0,600.0,180.0,10.0,20.0,12.0,16,240,0,0.0,0.714,0.0,2.0,1.0,0.22,0.0
5053,30.0,20.0,600.0,180.0,10.0,20.0,13.0,16,240,0,0.0,1.0,0.0,2.0,1.0,0.22,0.0
5054,30.0,20.0,600.0,180.0,10.0,20.0,14.0,16,240,0,0.0,1.0,0.0,2.0,1.0,0.22,0.0
5055,30.0,20.0,600.0,180.0,10.0,20.0,15.0,16,240,0,0.0,1.0,0.0,2.0,1.0,0.22,0.0
5056,30.0,20.0,600.0,180.0,10.0,20.0,16.0,16,240,0,0.0,1.0,0.0,2.0,1.0,0.22,0.0
5057,30.0,20.0,600.0,180.0,10.0,20.0,17.0,16,240,0,0.0,1.0,0.0,2.0,1.0,0.22,0.0
5058,30.0,20.0,600.0,180.0,10.0,20.0,18.0,16,240,0,0.0,1.0,0.0,2.0,1.0,0.22,0.0
5059,30.0,20.0,600.0,180.0,10.0,20.0,19.0,16,240,0,0.0,1.0,0.0,2.0,1.0,0.22,0.0
5060,30.0,20.0,600.0,180.0,10.0,21.0,0.0,16,240,0,0.0,1.0,0.0,2.0,1.0,0.22,0.0
5061,30.0,20.0,600.0,180.0,10.0,21.0,1.0,16,240,0,0.0,1.0,0.0,2.0,1.0,0.22,0.0
5062,30.0,20.0,600.0,180.0,10.0,21.0,2.0,16,240,0,0.0,1.0,0.0,2.0,1.0,0.22,0.0
5063,30.0,20.0,600.0,180.0,10.0,21.0,3.0,16,240,0,0.0,1.0,0.0,2.0,1.0,0.22,0.0
5064,30.0,20.0,600.0,180.0,10.0,21.0,4.0,16,240,0,0.0,1.0,0.0,2.0,1.0,0.22,0.0
5065,30.0,20.0,600.0,180.0,10.0,21.0,5.0,16,240,0,0.0,1.0,0.0,2.0,1.0,0.22,0.0
5066,30.0,20.0,600.0,180.0,10.0,21.0,6.0,16,240,0,0.0,1.0,0.0,2.0,1.0,0.22,0.0
5067,30.0,20.0,600.0,180.0,10.0,21.0,7.0,16,240,0,0.0,1.0,0.0,2.0,1.0,0.22,0.0
5068,30.0,20.0,600.0,180.0,10.0,21.0,8.0,16,240,0,0.0,1.0,0.0,2.0,1.0,0.22,0.0
5069,30.0,20.0,600.0,180.0,10.0,21.0,9.0,16,240,0,0.0,1.0,0.0,2.0,1.0,0.22,0.0
5070,30.0,20.0,600.0,180.0,10.0,21.0,10.0,16,240,0,0.0,1.0,0.0,2.0,1.0,0.22,0.0
5071,30.0,20.0,600.0,180.0,10.0,21.0,11.0,16,240,0,0.0,1.0,0.0,2.0,1.0,0.22,0.0
5072,30.0,20.0,600.0,180.0,10.0,21.0,12.0,16,240,0,0.0,1.0,0.0,2.0,1.0,0.22,0.0
5073,30.0,20.0,600.0,180.0,10.0,21.0,13.0,16,240,0,0.0,1.0,0.0,2.0,1.0,0.22,0.0
5074,30.0,20.0,600.0,180.0,10.0,21.0,14.0,16,240,0,0.0,1.0,0.0,2.0,1.0,0.22,0.0
5075,30.0,20.0,600.0,180.0,10.0,21.0,15.0,16,240,0,0.0,1.0,0.0,2.0,1.0,0.22,0.0
5076,30.0,20.0,600.0,180.0,10.0,21.0,16.0,16,240,0,0.0,1.0,0.0,2.0,1.0,0.22,0.0
5077,30.0,20.0,600.0,180.0,10.0,21.0,17.0,16,240,0,0.0,1.0,0.0,2.0,1.0,0.22,0.0
5078,30.0,20.0,600.0,180.0,10.0,21.0,18.0,16,240,0,0.0,1.0,0.0,2.0,1.0,0.22,0.0
5079,30.0,20.0,600.0,180.0,10.0,21.0,19.0,16,240,0,0.0,1.0,0.0,2.0,1.0,0.22,0.0
5080,30.0,20.0,600.0,180.0,10.0,22.0,0.0,16,240,0,0.0,1.0,0.0,2.0,1.0,0.22,0.0
5081,30.0,20.0,600.0,180.0,10.0,22.0,1.0,16,240,0,0.0,1.0,0.0,2.0,1.0,0.22,0.0
5082,30.0,20.0,600.0,180.0,10.0,22.0,2.0,16,240,0,0.0,1.0,0.0,2.0,1.0,0.22,0.0
5083,30.0,20.0,600.0,180.0,10.0,22.0,3.0,16,240,0,0.0,0.808,0.0,2.0,1.0,0.22,0.0
5084,30.0,20.0,600.0,180.0,10.0,22.0,4.0,16,240,0,0.0,1.0,0.0,2.0,1.0,0.22,0.0
5085,30.0,20.0,600.0,180.0,10.0,22.0,5.0,16,240,0,0.0,1.0,0.0,2.0,1.0,0.22,0.0
5086,30.0,20.0,600.0,180.0,10.0,22.0,6.0,16,240,0,0.0,0.884,0.0,2.0,1.0,0.22,0.0
5087,30.0,20.0,600.0,180.0,10.0,22.0,7.0,16,240,0,0.0,1.0,0.0,2.0,1.0,0.22,0.0
5088,30.0,20.0,600.0,180.0,10.0,22.0,8.0,16,240,0,0.0,1.0,0.0,2.0,1.0,0.22,0.0
5089,30.0,20.0,600.0,180.0,10.0,22.0,9.0,16,240,0,0.0,1.0,0.0,2.0,1.0,0.22,0.0
5090,30.0,20.0,600.0,180.0,10.0,22.0,10.0,16,240,0,0.0,1.0,0.0,2.0,1.0,0.22,0.0
5091,30.0,20.0,600.0,180.0,10.0,22.0,11.0,16,240,0,0.0,1.0,0.0,2.0,1.0,0.22,0.0
5092,30.0,20.0,600.0,180.0,10.0,22.0,12.0,16,240,0,0.0,1.0,0.0,2.0,1.0,0.22,0.0
5093,30.0,20.0,600.0,180.0,10.0,22.0,13.0,16,240,0,0.0,1.0,0.0,2.0,1.0,0.22,0.0
5094,30.0,20.0,600.0,180.0,10.0,22.0,14.0,16,240,0,0.0,1.0,0.0,2.0,1.0,0.22,0.0
5095,30.0,20.0,600.0,180.0,10.0,22.0,15.0,16,240,0,0.0,1.0,0.0,2.0,1.0,0.22,0.0
5096,30.0,20.0,600.0,180.0,10.0,22.0,16.0,16,240,0,0.0,1.0,0.0,2.0,1.0,0.22,0.0
5097,30.0,20.0,600.0,180.0,10.0,22.0,17.0,16,240,0,0.0,1.0,0.0,2.0,1.0,0.22,0.0
5098,30.0,20.0,600.0,180.0,10.0,22.0,18.0,16,240,0,0.0,1.0,0.0,2.0,1.0,0.22,0.0
5099,30.0,20.0,600.0,180.0,10.0,22.0,19.0,16,240,0,0.0,1.0,0.0,2.0,1.0,0.22,0.0
5100,30.0,20.0,600.0,180.0,10.0,23.0,0.0,16,240,0,0.0,1.0,0.0,2.0,1.0,0.22,0.0
5101,30.0,20.0,600.0,180.0,10.0,23.0,1.0,16,240,0,0.0,1.0,0.0,2.0,1.0,0.22,0.0
5102,30.0,20.0,600.0,180.0,10.0,23.0,2.0,16,240,0,0.0,1.0,0.0,2.0,1.0,0.22,0.0
5103,30.0,20.0,600.0,180.0,10.0,23.0,3.0,16,240,0,0.0,1.0,0.0,2.0,1.0,0.22,0.0
5104,30.0,20.0,600.0,180.0,10.0,23.0,4.0,16,240,0,0.0,1.0,0.0,2.0,1.0,0.22,0.0
5105,30.0,20.0,600.0,180.0,10.0,23.0,5.0,16,240,0,0.0,1.0,0.0,2.0,1.0,0.22,0.0
5106,30.0,20.0,600.0,180.0,10.0,23.0,6.0,16,240,0,0.0,1.0,0.0,2.0,1.0,0.22,0.0
5107,30.0,20.0,600.0,180.0,10.0,23.0,7.0,16,240,0,0.0,1.0,0.0,2.0,1.0,0.22,0.0
5108,30.0,20.0,600.0,180.0,10.0,23.0,8.0,16,240,0,0.0,1.0,0.0,2.0,1.0,0.22,0.0
5109,30.0,20.0,600.0,180.0,10.0,23.0,9.0,16,240,0,0.0,1.0,0.0,2.0,1.0,0.22,0.0
5110,30.0,20.0,600.0,180.0,10.0,23.0,10.0,16,240,0,0.0,1.0,0.0,2.0,1.0,0.22,0.0
5111,30.0,20.0,600.0,180.0,10.0,23.0,11.0,16,240,0,0.0,1.0,0.0,2.0,1.0,0.22,0.0
5112,30.0,20.0,600.0,180.0,10.0,23.0,12.0,16,240,0,0.0,1.0,0.0,2.0,1.0,0.22,0.0
5113,30.0,20.0,600.0,180.0,10.0,23.0,13.0,16,240,0,0.0,1.0,0.0,2.0,1.0,0.22,0.0
5114,30.0,20.0,600.0,180.0,10.0,23.0,14.0,16,240,0,0.0,1.0,0.0,2.0,1.0,0.22,0.0
5115,30.0,20.0,600.0,180.0,10.0,23.0,15.0,16,240,0,0.0,1.0,0.0,2.0,1.0,0.22,0.0
5116,30.0,20.0,600.0,180.0,10.0,23.0,16.0,16,240,0,0.0,1.0,0.0,2.0,1.0,0.22,0.0
5117,30.0,20.0,600.0,180.0,10.0,23.0,17.0,16,240,0,0.0,1.0,0.0,2.0,1.0,0.22,0.0
5118,30.0,20.0,600.0,180.0,10.0,23.0,18.0,16,240,0,0.0,1.0,0.0,2.0,1.0,0.22,0.0
5119,30.0,20.0,600.0,180.0,10.0,23.0,19.0,16,240,0,0.0,1.0,0.0,2.0,1.0,0.22,0.0
5120,30.0,20.0,600.0,180.0,10.0,24.0,0.0,16,240,0,0.0,1.0,0.0,2.0,1.0,0.22,0.0
5121,30.0,20.0,600.0,180.0,10.0,24.0,1.0,16,240,0,0.0,1.0,0.0,2.0,1.0,0.22,0.0
5122,30.0,20.0,600.0,180.0,10.0,24.0,2.0,16,240,0,0.0,1.0,0.0,2.0,1.0,0.22,0.0
5123,30.0,20.0,600.0,180.0,10.0,24.0,3.0,16,240,0,0.0,1.0,0.0,2.0,1.0,0.22,0.0
5124,30.0,20.0,600.0,180.0,10.0,24.0,4.0,16,240,0,0.0,1.0,0.0,2.0,1.0,0.22,0.0
5125,30.0,20.0,600.0,180.0,10.0,24.0,5.0,16,240,0,0.0,1.0,0.0,2.0,1.0,0.22,0.0
5126,30.0,20.0,600.0,180.0,10.0,24.0,6.0,16,240,0,0.0,0.656,0.0,2.0,1.0,0.22,0.0
5127,30.0,20.0,600.0,180.0,10.0,24.0,7.0,16,240,0,0.0,1.0,0.0,2.0,1.0,0.22,0.0
5128,30.0,20.0,600.0,180.0,10.0,24.0,8.0,16,240,0,0.0,1.0,0.0,2.0,1.0,0.22,0.0
5129,30.0,20.0,600.0,180.0,10.0,24.0,9.0,16,240,0,0.0,1.0,0.0,2.0,1.0,0.22,0.0
5130,30.0,20.0,600.0,180.0,10.0,24.0,10.0,16,240,0,0.0,1.0,0.0,2.0,1.0,0.22,0.0
5131,30.0,20.0,600.0,180.0,10.0,24.0,11.0,16,240,0,0.0,1.0,0.0,2.0,1.0,0.22,0.0
5132,30.0,20.0,600.0,180.0,10.0,24.0,12.0,16,240,0,0.0,1.0,0.0,2.0,1.0,0.22,0.0
5133,30.0,20.0,600.0,180.0,10.0,24.0,13.0,16,240,0,0.0,1.0,0.0,2.0,1.0,0.22,0.0
5134,30.0,20.0,600.0,180.0,10.0,24.0,14.0,16,240,0,0.0,0.707,0.0,2.0,1.0,0.22,0.0
5135,30.0,20.0,600.0,180.0,10.0,24.0,15.0,16,240,0,0.0,1.0,0.0,2.0,1.0,0.22,0.0
5136,30.0,20.0,600.0,180.0,10.0,24.0,16.0,16,240,0,0.0,1.0,0.0,2.0,1.0,0.22,0.0
5137,30.0,20.0,600.0,180.0,10.0,24.0,17.0,16,240,0,0.0,1.0,0.0,2.0,1.0,0.22,0.0
5138,30.0,20.0,600.0,180.0,10.0,24.0,18.0,16,240,0,0.0,1.0,0.0,2.0,1.0,0.22,0.0
5139,30.0,20.0,600.0,180.0,10.0,24.0,19.0,16,240,0,0.0,0.877,0.0,2.0,1.0,0.22,0.0
5140,30.0,20.0,600.0,180.0,10.0,25.0,0.0,16,240,0,0.0,1.0,0.0,2.0,1.0,0.22,0.0
5141,30.0,20.0,600.0,180.0,10.0,25.0,1.0,16,240,0,0.0,1.0,0.0,2.0,1.0,0.22,0.0
5142,30.0,20.0,600.0,180.0,10.0,25.0,2.0,16,240,0,0.0,1.0,0.0,2.0,1.0,0.22,0.0
5143,30.0,20.0,600.0,180.0,10.0,25.0,3.0,16,240,0,0.0,1.0,0.0,2.0,1.0,0.22,0.0
5144,30.0,20.0,600.0,180.0,10.0,25.0,4.0,16,240,0,0.0,1.0,0.0,2.0,1.0,0.22,0.0
5145,30.0,20.0,600.0,180.0,10.0,25.0,5.0,16,240,0,0.0,1.0,0.0,2.0,1.0,0.22,0.0
5146,30.0,20.0,600.0,180.0,10.0,25.0,6.0,16,240,0,0.0,1.0,0.0,2.0,1.0,0.22,0.0
5147,30.0,20.0,600.0,180.0,10.0,25.0,7.0,16,240,0,0.0,0.604,0.0,2.0,1.0,0.22,0.0
5148,30.0,20.0,600.0,180.0,10.0,25.0,8.0,16,240,0,0.0,1.0,0.0,2.0,1.0,0.22,0.0
5149,30.0,20.0,600.0,180.0,10.0,25.0,9.0,16,240,0,0.0,1.0,0.0,2.0,1.0,0.22,0.0
5150,30.0,20.0,600.0,180.0,10.0,25.0,10.0,16,240,0,0.0,1.0,0.0,2.0,1.0,0.22,0.0
5151,30.0,20.0,600.0,180.0,10.0,25.0,11.0,16,240,0,0.0,1.0,0.0,2.0,1.0,0.22,0.0
5152,30.0,20.0,600.0,180.0,10.0,25.0,12.0,16,240,0,0.0,1.0,0.0,2.0,1.0,0.22,0.0
5153,30.0,20.0,600.0,180.0,10.0,25.0,13.0,16,240,0,0.0,1.0,0.0,2.0,1.0,0.22,0.0
5154,30.0,20.0,600.0,180.0,10.0,25.0,14.0,16,240,0,0.0,1.0,0.0,2.0,1.0,0.22,0.0
5155,30.0,20.0,600.0,180.0,10.0,25.0,15.0,16,240,0,0.0,1.0,0.0,2.0,1.0,0.22,0.0
5156,30.0,20.0,600.0,180.0,10.0,25.0,16.0,16,240,0,0.0,1.0,0.0,2.0,1.0,0.22,0.0
5157,30.0,20.0,600.0,180.0,10.0,25.0,17.0,16,240,0,0.0,1.0,0.0,2.0,1.0,0.22,0.0
5158,30.0,20.0,600.0,180.0,10.0,25.0,18.0,16,240,0,0.0,1.0,0.0,2.0,1.0,0.22,0.0
5159,30.0,20.0,600.0,180.0,10.0,25.0,19.0,16,240,0,0.0,1.0,0.0,2.0,1.0,0.22,0.0
5160,30.0,20.0,600.0,180.0,10.0,26.0,0.0,16,240,0,0.0,1.0,0.0,2.0,1.0,0.22,0.0
5161,30.0,20.0,600.0,180.0,10.0,26.0,1.0,16,240,0,0.0,1.0,0.0,2.0,1.0,0.22,0.0
5162,30.0,20.0,600.0,180.0,10.0,26.0,2.0,16,240,0,0.0,1.0,0.0,2.0,1.0,0.22,0.0
5163,30.0,20.0,600.0,180.0,10.0,26.0,3.0,16,240,0,0.0,1.0,0.0,2.0,1.0,0.22,0.0
5164,30.0,20.0,600.0,180.0,10.0,26.0,4.0,16,240,0,0.0,1.0,0.0,2.0,1.0,0.22,0.0
5165,30.0,20.0,600.0,180.0,10.0,26.0,5.0,16,240,0,0.0,1.0,0.0,2.0,1.0,0.22,0.0
5166,30.0,20.0,600.0,180.0,10.0,26.0,6.0,16,240,0,0.0,1.0,0.0,2.0,1.0,0.22,0.0
5167,30.0,20.0,600.0,180.0,10.0,26.0,7.0,16,240,0,0.0,1.0,0.0,2.0,1.0,0.22,0.0
5168,30.0,20.0,600.0,180.0,10.0,26.0,8.0,16,240,0,0.0,1.0,0.0,2.0,1.0,0.22,0.0
5169,30.0,20.0,600.0,180.0,10.0,26.0,9.0,16,240,0,0.0,1.0,0.0,2.0,1.0,0.22,0.0
5170,30.0,20.0,600.0,180.0,10.0,26.0,10.0,16,240,0,0.0,1.0,0.0,2.0,1.0,0.22,0.0
5171,30.0,20.0,600.0,180.0,10.0,26.0,11.0,16,240,0,0.0,1.0,0.0,2.0,1.0,0.22,0.0
5172,30.0,20.0,600.0,180.0,10.0,26.0,12.0,16,240,0,0.0,1.0,0.0,2.0,1.0,0.22,0.0
5173,30.0,20.0,600.0,180.0,10.0,26.0,13.0,16,240,0,0.0,1.0,0.0,2.0,1.0,0.22,0.0
5174,30.0,20.0,600.0,180.0,10.0,26.0,14.0,16,240,0,0.0,1.0,0.0,2.0,1.0,0.22,0.0
5175,30.0,20.0,600.0,180.0,10.0,26.0,15.0,16,240,0,0.0,1.0,0.0,2.0,1.0,0.22,0.0
5176,30.0,20.0,600.0,180.0,10.0,26.0,16.0,16,240,0,0.0,1.0,0.0,2.0,1.0,0.22,0.0
5177,30.0,20.0,600.0,180.0,10.0,26.0,17.0,16,240,0,0.0,1.0,0.0,2.0,1.0,0.22,0.0
5178,30.0,20.0,600.0,180.0,10.0,26.0,18.0,16,240,0,0.0,1.0,0.0,2.0,1.0,0.22,0.0
5179,30.0,20.0,600.0,180.0,10.0,26.0,19.0,16,240,0,0.0,1.0,0.0,2.0,1.0,0.22,0.0
5180,30.0,20.0,600.0,180.0,10.0,27.0,0.0,16,240,0,0.0,1.0,0.0,2.0,1.0,0.22,0.0
5181,30.0,20.0,600.0,180.0,10.0,27.0,1.0,16,240,0,0.0,1.0,0.0,2.0,1.0,0.22,0.0
5182,30.0,20.0,600.0,180.0,10.0,27.0,2.0,16,240,0,0.0,1.0,0.0,2.0,1.0,0.22,0.0
5183,30.0,20.0,600.0,180.0,10.0,27.0,3.0,16,240,0,0.0,1.0,0.0,2.0,1.0,0.22,0.0
5184,30.0,20.0,600.0,180.0,10.0,27.0,4.0,16,240,0,0.0,1.0,0.0,2.0,1.0,0.22,0.0
5185,30.0,20.0,600.0,180.0,10.0,27.0,5.0,16,240,0,0.0,1.0,0.0,2.0,1.0,0.22,0.0
5186,30.0,20.0,600.0,180.0,10.0,27.0,6.0,16,240,0,0.0,1.0,0.0,2.0,1.0,0.22,0.0
5187,30.0,20.0,600.0,180.0,10.0,27.0,7.0,16,240,0,0.0,1.0,0.0,2.0,1.0,0.22,0.0
5188,30.0,20.0,600.0,180.0,10.0,27.0,8.0,16,240,0,0.0,1.0,0.0,2.0,1.0,0.22,0.0
5189,30.0,20.0,600.0,180.0,10.0,27.0,9.0,16,240,0,0.0,0.756,0.0,2.0,1.0,0.22,0.0
5190,30.0,20.0,600.0,180.0,10.0,27.0,10.0,16,240,0,0.0,1.0,0.0,2.0,1.0,0.22,0.0
5191,30.0,20.0,600.0,180.0,10.0,27.0,11.0,16,240,0,0.0,1.0,0.0,2.0,1.0,0.22,0.0
5192,30.0,20.0,600.0,180.0,10.0,27.0,12.0,16,240,0,0.0,1.0,0.0,2.0,1.0,0.22,0.0
5193,30.0,20.0,600.0,180.0,10.0,27.0,13.0,16,240,0,0.0,1.0,0.0,2.0,1.0,0.22,0.0
5194,30.0,20.0,600.0,180.0,10.0,27.0,14.0,16,240,0,0.0,1.0,0.0,2.0,1.0,0.22,0.0
5195,30.0,20.0,600.0,180.0,10.0,27.0,15.0,16,240,0,0.0,1.0,0.0,2.0,1.0,0.22,0.0
5196,30.0,20.0,600.0,180.0,10.0,27.0,16.0,16,240,0,0.0,1.0,0.0,2.0,1.0,0.22,0.0
5197,30.0,20.0,600.0,180.0,10.0,27.0,17.0,16,240,0,0.0,1.0,0.0,2.0,1.0,0.22,0.0
5198,30.0,20.0,600.0,180.0,10.0,27.0,18.0,16,240,0,0.0,1.0,0.0,2.0,1.0,0.22,0.0
5199,30.0,20.0,600.0,180.0,10.0,27.0,19.0,16,240,0,0.0,1.0,0.0,2.0,1.0,0.22,0.0
5200,30.0,20.0,600.0,180.0,10.0,28.0,0.0,16,240,0,0.0,1.0,0.0,2.0,1.0,0.22,0.0
5201,30.0,20.0,600.0,180.0,10.0,28.0,1.0,16,240,0,0.0,1.0,0.0,2.0,1.0,0.22,0.0
5202,30.0,20.0,600.0,180.0,10.0,28.0,2.0,16,240,0,0.0,1.0,0.0,2.0,1.0,0.22,0.0
5203,30.0,20.0,600.0,180.0,10.0,28.0,3.0,16,240,0,0.0,1.0,0.0,2.0,1.0,0.22,0.0
5204,30.0,20.0,600.0,180.0,10.0,28.0,4.0,16,240,0,0.0,1.0,0.0,2.0,1.0,0.22,0.0
5205,30.0,20.0,600.0,180.0,10.0,28.0,5.0,16,240,0,0.0,1.0,0.0,2.0,1.0,0.22,0.0
5206,30.0,20.0,600.0,180.0,10.0,28.0,6.0,16,240,0,0.0,1.0,0.0,2.0,1.0,0.22,0.0
5207,30.0,20.0,600.0,180.0,10.0,28.0,7.0,16,240,0,0.0,1.0,0.0,2.0,1.0,0.22,0.0
5208,30.0,20.0,600.0,180.0,10.0,28.0,8.0,16,240,0,0.0,1.0,0.0,2.0,1.0,0.22,0.0
5209,30.0,20.0,600.0,180.0,10.0,28.0,9.0,16,240,0,0.0,1.0,0.0,2.0,1.0,0.22,0.0
5210,30.0,20.0,600.0,180.0,10.0,28.0,10.0,16,240,0,0.0,1.0,0.0,2.0,1.0,0.22,0.0
5211,30.0,20.0,600.0,180.0,10.0,28.0,11.0,16,240,0,0.0,1.0,0.0,2.0,1.0,0.22,0.0
5212,30.0,20.0,600.0,180.0,10.0,28.0,12.0,16,240,0,0.0,1.0,0.0,2.0,1.0,0.22,0.0
5213,30.0,20.0,600.0,180.0,10.0,28.0,13.0,16,240,0,0.0,1.0,0.0,2.0,1.0,0.22,0.0
5214,30.0,20.0,600.0,180.0,10.0,28.0,14.0,16,240,0,0.0,1.0,0.0,2.0,1.0,0.22,0.0
5215,30.0,20.0,600.0,180.0,10.0,28.0,15.0,16,240,0,0.0,1.0,0.0,2.0,1.0,0.22,0.0
5216,30.0,20.0,600.0,180.0,10.0,28.0,16.0,16,240,0,0.0,1.0,0.0,2.0,1.0,0.22,0.0
5217,30.0,20.0,600.0,180.0,10.0,28.0,17.0,16,240,0,0.0,1.0,0.0,2.0,1.0,0.22,0.0
5218,30.0,20.0,600.0,180.0,10.0,28.0,18.0,16,240,0,0.0,1.0,0.0,2.0,1.0,0.22,0.0
5219,30.0,20.0,600.0,180.0,10.0,28.0,19.0,16,240,0,0.0,0.682,0.0,2.0,1.0,0.22,0.0
5220,30.0,20.0,600.0,180.0,10.0,0.0,0.0,17,255,0,0.0,0.62,0.0,2.0,1.0,0.22,0.0
5221,30.0,20.0,600.0,180.0,10.0,0.0,1.0,17,255,0,0.0,0.584,0.0,2.0,1.0,0.22,0.0
5222,30.0,20.0,600.0,180.0,10.0,0.0,2.0,17,255,0,0.0,0.385,0.0,2.0,1.0,0.22,0.0
5223,30.0,20.0,600.0,180.0,10.0,0.0,3.0,17,255,0,0.0,0.586,0.0,2.0,1.0,0.22,0.0
5224,30.0,20.0,600.0,180.0,10.0,0.0,4.0,17,255,0,0.0,0.66,0.0,2.0,1.0,0.22,0.0
5225,30.0,20.0,600.0,180.0,10.0,0.0,5.0,17,255,0,0.0,0.503,0.0,2.0,1.0,0.22,0.0
5226,30.0,20.0,600.0,180.0,10.0,0.0,6.0,17,255,0,0.0,0.474,0.0,2.0,1.0,0.22,0.0
5227,30.0,20.0,600.0,180.0,10.0,0.0,7.0,17,255,0,0.0,0.488,0.0,2.0,1.0,0.22,0.0
5228,30.0,20.0,600.0,180.0,10.0,0.0,8.0,17,255,0,0.0,0.318,0.0,2.0,1.0,0.22,0.0
5229,30.0,20.0,600.0,180.0,10.0,0.0,9.0,17,255,0,0.0,0.438,0.0,2.0,1.0,0.22,0.0
5230,30.0,20.0,600.0,180.0,10.0,0.0,10.0,17,255,0,0.0,0.612,0.0,2.0,1.0,0.22,0.0
5231,30.0,20.0,600.0,180.0,10.0,0.0,11.0,17,255,0,0.0,0.545,0.0,2.0,1.0,0.22,0.0
5232,30.0,20.0,600.0,180.0,10.0,0.0,12.0,17,255,0,0.0,0.531,0.0,2.0,1.0,0.22,0.0
5233,30.0,20.0,600.0,180.0,10.0,0.0,13.0,17,255,0,0.0,0.494,0.0,2.0,1.0,0.22,0.0
5234,30.0,20.0,600.0,180.0,10.0,0.0,14.0,17,255,0,0.0,0.556,0.0,2.0,1.0,0.22,0.0
5235,30.0,20.0,600.0,180.0,10.0,0.0,15.0,17,255,0,0.0,0.691,0.0,2.0,1.0,0.22,0.0
5236,30.0,20.0,600.0,180.0,10.0,0.0,16.0,17,255,0,0.0,0.661,0.0,2.0,1.0,0.22,0.0
5237,30.0,20.0,600.0,180.0,10.0,0.0,17.0,17,255,0,0.0,0.328,0.0,2.0,1.0,0.22,0.0
5238,30.0,20.0,600.0,180.0,10.0,0.0,18.0,17,255,0,0.0,0.311,0.0,2.0,1.0,0.22,0.0
5239,30.0,20.0,600.0,180.0,10.0,0.0,19.0,17,255,0,0.0,0.668,0.0,2.0,1.0,0.22,0.0
5240,30.0,20.0,600.0,180.0,10.0,1.0,0.0,17,255,0,0.0,0.32,0.0,2.0,1.0,0.22,0.0
5241,30.0,20.0,600.0,180.0,10.0,1.0,1.0,17,255,0,0.0,0.556,0.0,2.0,1.0,0.22,0.0
5242,30.0,20.0,600.0,180.0,10.0,1.0,2.0,17,255,0,0.0,0.65,0.0,2.0,1.0,0.22,0.0
5243,30.0,20.0,600.0,180.0,10.0,1.0,3.0,17,255,0,0.0,0.444,0.0,2.0,1.0,0.22,0.0
5244,30.0,20.0,600.0,180.0,10.0,1.0,4.0,17,255,0,0.0,0.626,0.0,2.0,1.0,0.22,0.0
5245,30.0,20.0,600.0,180.0,10.0,1.0,5.0,17,255,0,0.0,0.398,0.0,2.0,1.0,0.22,0.0
5246,30.0,20.0,600.0,180.0,10.0,1.0,6.0,17,255,0,0.0,0.412,0.0,2.0,1.0,0.22,0.0
5247,30.0,20.0,600.0,180.0,10.0,1.0,7.0,17,255,0,0.0,0.433,0.0,2.0,1.0,0.22,0.0
5248,30.0,20.0,600.0,180.0,10.0,1.0,8.0,17,255,0,0.0,0.328,0.0,2.0,1.0,0.22,0.0
5249,30.0,20.0,600.0,180.0,10.0,1.0,9.0,17,255,0,0.0,0.544,0.0,2.0,1.0,0.22,0.0
5250,30.0,20.0,600.0,180.0,10.0,1.0,10.0,17,255,0,0.0,0.676,0.0,2.0,1.0,0.22,0.0
5251,30.0,20.0,600.0,180.0,10.0,1.0,11.0,17,255,0,0.0,0.576,0.0,2.0,1.0,0.22,0.0
5252,30.0,20.0,600.0,180.0,10.0,1.0,12.0,17,255,0,0.0,0.328,0.0,2.0,1.0,0.22,0.0
5253,30.0,20.0,600.0,180.0,10.0,1.0,13.0,17,255,0,0.0,0.65,0.0,2.0,1.0,0.22,0.0
5254,30.0,20.0,600.0,180.0,10.0,1.0,14.0,17,255,0,0.0,0.404,0.0,2.0,1.0,0.22,0.0
5255,30.0,20.0,600.0,180.0,10.0,1.0,15.0,17,255,0,0.0,0.422,0.0,2.0,1.0,0.22,0.0
5256,30.0,20.0,600.0,180.0,10.0,1.0,16.0,17,255,0,0.0,0.338,0.0,2.0,1.0,0.22,0.0
5257,30.0,20.0,600.0,180.0,10.0,1.0,17.0,17,255,0,0.0,0.651,0.0,2.0,1.0,0.22,0.0
5258,30.0,20.0,600.0,180.0,10.0,1.0,18.0,17,255,0,0.0,0.695,0.0,2.0,1.0,0.22,0.0
5259,30.0,20.0,600.0,180.0,10.0,1.0,19.0,17,255,0,0.0,0.732,0.0,2.0,1.0,0.22,0.0
5260,30.0,20.0,600.0,180.0,10.0,2.0,0.0,17,255,0,0.0,0.571,0.0,2.0,1.0,0.22,0.0
5261,30.0,20.0,600.0,180.0,10.0,2.0,1.0,17,255,0,0.0,0.474,0.0,2.0,1.0,0.22,0.0
5262,30.0,20.0,600.0,180.0,10.0,2.0,2.0,17,255,0,0.0,0.318,0.0,2.0,1.0,0.22,0.0
5263,30.0,20.0,600.0,180.0,10.0,2.0,3.0,17,255,0,0.0,0.64,0.0,2.0,1.0,0.22,0.0
5264,30.0,20.0,600.0,180.0,10.0,2.0,4.0,17,255,0,0.0,0.644,0.0,2.0,1.0,0.22,0.0
5265,30.0,20.0,600.0,180.0,10.0,2.0,5.0,17,255,0,0.0,0.403,0.0,2.0,1.0,0.22,0.0
5266,30.0,20.0,600.0,180.0,10.0,2.0,6.0,17,255,0,0.0,0.557,0.0,2.0,1.0,0.22,0.0
5267,30.0,20.0,600.0,180.0,10.0,2.0,7.0,17,255,0,0.0,0.678,0.0,2.0,1.0,0.22,0.0
5268,30.0,20.0,600.0,180.0,10.0,2.0,8.0,17,255,0,0.0,0.606,0.0,2.0,1.0,0.22,0.0
5269,30.0,20.0,600.0,180.0,10.0,2.0,9.0,17,255,0,0.0,0.545,0.0,2.0,1.0,0.22,0.0
5270,30.0,20.0,600.0,180.0,10.0,2.0,10.0,17,255,0,0.0,0.634,0.0,2.0,1.0,0.22,0.0
5271,30.0,20.0,600.0,180.0,10.0,2.0,11.0,17,255,0,0.0,0.451,0.0,2.0,1.0,0.22,0.0
5272,30.0,20.0,600.0,180.0,10.0,2.0,12.0,17,255,0,0.0,0.637,0.0,2.0,1.0,0.22,0.0
5273,30.0,20.0,600.0,180.0,10.0,2.0,13.0,17,255,0,0.0,0.524,0.0,2.0,1.0,0.22,0.0
5274,30.0,20.0,600.0,180.0,10.0,2.0,14.0,17,255,0,0.0,0.634,0.0,2.0,1.0,0.22,0.0
5275,30.0,20.0,600.0,180.0,10.0,2.0,15.0,17,255,0,0.0,0.525,0.0,2.0,1.0,0.22,0.0
5276,30.0,20.0,600.0,180.0,10.0,2.0,16.0,17,255,0,0.0,0.652,0.0,2.0,1.0,0.22,0.0
5277,30.0,20.0,600.0,180.0,10.0,2.0,17.0,17,255,0,0.0,0.643,0.0,2.0,1.0,0.22,0.0
5278,30.0,20.0,600.0,180.0,10.0,2.0,18.0,17,255,0,0.0,0.498,0.0,2.0,1.0,0.22,0.0
5279,30.0,20.0,600.0,180.0,10.0,2.0,19.0,17,255,0,0.0,0.525,0.0,2.0,1.0,0.22,0.0
5280,30.0,20.0,600.0,180.0,10.0,3.0,0.0,17,255,0,0.0,0.581,0.0,2.0,1.0,0.22,0.0
5281,30.0,20.0,600.0,180.0,10.0,3.0,1.0,17,255,0,0.0,0.465,0.0,2.0,1.0,0.22,0.0
5282,30.0,20.0,600.0,180.0,10.0,3.0,2.0,17,255,0,0.0,0.485,0.0,2.0,1.0,0.22,0.0
5283,30.0,20.0,600.0,180.0,10.0,3.0,3.0,17,255,0,0.0,0.364,0.0,2.0,1.0,0.22,0.0
5284,30.0,20.0,600.0,180.0,10.0,3.0,4.0,17,255,0,0.0,0.316,0.0,2.0,1.0,0.22,0.0
5285,30.0,20.0,600.0,180.0,10.0,3.0,5.0,17,255,0,0.0,0.645,0.0,2.0,1.0,0.22,0.0
5286,30.0,20.0,600.0,180.0,10.0,3.0,6.0,17,255,0,0.0,0.452,0.0,2.0,1.0,0.22,0.0
5287,30.0,20.0,600.0,180.0,10.0,3.0,7.0,17,255,0,0.0,0.395,0.0,2.0,1.0,0.22,0.0
5288,30.0,20.0,600.0,180.0,10.0,3.0,8.0,17,255,0,0.0,0.678,0.0,2.0,1.0,0.22,0.0
5289,30.0,20.0,600.0,180.0,10.0,3.0,9.0,17,255,0,0.0,0.634,0.0,2.0,1.0,0.22,0.0
5290,30.0,20.0,600.0,180.0,10.0,3.0,10.0,17,255,0,0.0,0.403,0.0,2.0,1.0,0.22,0.0
5291,30.0,20.0,600.0,180.0,10.0,3.0,11.0,17,255,0,0.0,0.311,0.0,2.0,1.0,0.22,0.0
5292,30.0,20.0,600.0,180.0,10.0,3.0,12.0,17,255,0,0.0,0.545,0.0,2.0,1.0,0.22,0.0
5293,30.0,20.0,600.0,180.0,10.0,3.0,13.0,17,255,0,0.0,0.504,0.0,2.0,1.0,0.22,0.0
5294,30.0,20.0,600.0,180.0,10.0,3.0,14.0,17,255,0,0.0,0.377,0.0,2.0,1.0,0.22,0.0
5295,30.0,20.0,600.0,180.0,10.0,3.0,15.0,17,255,0,0.0,0.814,0.0,2.0,1.0,0.22,0.0
5296,30.0,20.0,600.0,180.0,10.0,3.0,16.0,17,255,0,0.0,0.333,0.0,2.0,1.0,0.22,0.0
5297,30.0,20.0,600.0,180.0,10.0,3.0,17.0,17,255,0,0.0,0.572,0.0,2.0,1.0,0.22,0.0
5298,30.0,20.0,600.0,180.0,10.0,3.0,18.0,17,255,0,0.0,0.442,0.0,2.0,1.0,0.22,0.0
5299,30.0,20.0,600.0,180.0,10.0,3.0,19.0,17,255,0,0.0,0.401,0.0,2.0,1.0,0.22,0.0
5300,30.0,20.0,600.0,180.0,10.0,4.0,0.0,17,255,0,0.0,0.545,0.0,2.0,1.0,0.22,0.0
5301,30.0,20.0,600.0,180.0,10.0,4.0,1.0,17,255,0,0.0,0.634,0.0,2.0,1.0,0.22,0.0
5302,30.0,20.0,600.0,180.0,10.0,4.0,2.0,17,255,0,0.0,0.306,0.0,2.0,1.0,0.22,0.0
5303,30.0,20.0,600.0,180.0,10.0,4.0,3.0,17,255,0,0.0,0.686,0.0,2.0,1.0,0.22,0.0
5304,30.0,20.0,600.0,180.0,10.0,4.0,4.0,17,255,0,0.0,0.344,0.0,2.0,1.0,0.22,0.0
5305,30.0,20.0,600.0,180.0,10.0,4.0,5.0,17,255,0,0.0,0.313,0.0,2.0,1.0,0.22,0.0
5306,30.0,20.0,600.0,180.0,10.0,4.0,6.0,17,255,0,0.0,0.464,0.0,2.0,1.0,0.22,0.0
5307,30.0,20.0,600.0,180.0,10.0,4.0,7.0,17,255,0,0.0,0.384,0.0,2.0,1.0,0.22,0.0
5308,30.0,20.0,600.0,180.0,10.0,4.0,8.0,17,255,0,0.0,0.47,0.0,2.0,1.0,0.22,0.0
5309,30.0,20.0,600.0,180.0,10.0,4.0,9.0,17,255,0,0.0,0.651,0.0,2.0,1.0,0.22,0.0
5310,30.0,20.0,600.0,180.0,10.0,4.0,10.0,17,255,0,0.0,0.361,0.0,2.0,1.0,0.22,0.0
5311,30.0,20.0,600.0,180.0,10.0,4.0,11.0,17,255,0,0.0,0.525,0.0,2.0,1.0,0.22,0.0
5312,30.0,20.0,600.0,180.0,10.0,4.0,12.0,17,255,0,0.0,0.43,0.0,2.0,1.0,0.22,0.0
5313,30.0,20.0,600.0,180.0,10.0,4.0,13.0,17,255,0,0.0,0.372,0.0,2.0,1.0,0.22,0.0
5314,30.0,20.0,600.0,180.0,10.0,4.0,14.0,17,255,0,0.0,0.764,0.0,2.0,1.0,0.22,0.0
5315,30.0,20.0,600.0,180.0,10.0,4.0,15.0,17,255,0,0.0,0.721,0.0,2.0,1.0,0.22,0.0
5316,30.0,20.0,600.0,180.0,10.0,4.0,16.0,17,255,0,0.0,0.526,0.0,2.0,1.0,0.22,0.0
5317,30.0,20.0,600.0,180.0,10.0,4.0,17.0,17,255,0,0.0,0.377,0.0,2.0,1.0,0.22,0.0
5318,30.0,20.0,600.0,180.0,10.0,4.0,18.0,17,255,0,0.0,0.367,0.0,2.0,1.0,0.22,0.0
5319,30.0,20.0,600.0,180.0,10.0,4.0,19.0,17,255,0,0.0,0.584,0.0,2.0,1.0,0.22,0.0
5320,30.0,20.0,600.0,180.0,10.0,5.0,0.0,17,255,0,0.0,0.397,0.0,2.0,1.0,0.22,0.0
5321,30.0,20.0,600.0,180.0,10.0,5.0,1.0,17,255,0,0.0,0.655,0.0,2.0,1.0,0.22,0.0
5322,30.0,20.0,600.0,180.0,10.0,5.0,2.0,17,255,0,0.0,0.464,0.0,2.0,1.0,0.22,0.0
5323,30.0,20.0,600.0,180.0,10.0,5.0,3.0,17,255,0,0.0,0.688,0.0,2.0,1.0,0.22,0.0
5324,30.0,20.0,600.0,180.0,10.0,5.0,4.0,17,255,0,0.0,0.517,0.0,2.0,1.0,0.22,0.0
5325,30.0,20.0,600.0,180.0,10.0,5.0,5.0,17,255,0,0.0,0.301,0.0,2.0,1.0,0.22,0.0
5326,30.0,20.0,600.0,180.0,10.0,5.0,6.0,17,255,0,0.0,0.425,0.0,2.0,1.0,0.22,0.0
5327,30.0,20.0,600.0,180.0,10.0,5.0,7.0,17,255,0,0.0,0.41,0.0,2.0,1.0,0.22,0.0
5328,30.0,20.0,600.0,180.0,10.0,5.0,8.0,17,255,0,0.0,0.562,0.0,2.0,1.0,0.22,0.0
5329,30.0,20.0,600.0,180.0,10.0,5.0,9.0,17,255,0,0.0,0.431,0.0,2.0,1.0,0.22,0.0
5330,30.0,20.0,600.0,180.0,10.0,5.0,10.0,17,255,0,0.0,0.412,0.0,2.0,1.0,0.22,0.0
5331,30.0,20.0,600.0,180.0,10.0,5.0,11.0,17,255,0,0.0,0.572,0.0,2.0,1.0,0.22,0.0
5332,30.0,20.0,600.0,180.0,10.0,5.0,12.0,17,255,0,0.0,0.342,0.0,2.0,1.0,0.22,0.0
5333,30.0,20.0,600.0,180.0,10.0,5.0,13.0,17,255,0,0.0,0.664,0.0,2.0,1.0,0.22,0.0
5334,30.0,20.0,600.0,180.0,10.0,5.0,14.0,17,255,0,0.0,0.355,0.0,2.0,1.0,0.22,0.0
5335,30.0,20.0,600.0,180.0,10.0,5.0,15.0,17,255,0,0.0,0.413,0.0,2.0,1.0,0.22,0.0
5336,30.0,20.0,600.0,180.0,10.0,5.0,16.0,17,255,0,0.0,0.55,0.0,2.0,1.0,0.22,0.0
5337,30.0,20.0,600.0,180.0,10.0,5.0,17.0,17,255,0,0.0,0.519,0.0,2.0,1.0,0.22,0.0
5338,30.0,20.0,600.0,180.0,10.0,5.0,18.0,17,255,0,0.0,0.38,0.0,2.0,1.0,0.22,0.0
5339,30.0,20.0,600.0,180.0,10.0,5.0,19.0,17,255,0,0.0,0.544,0.0,2.0,1.0,0.22,0.0
5340,30.0,20.0,600.0,180.0,10.0,6.0,0.0,17,255,0,0.0,0.681,0.0,2.0,1.0,0.22,0.0
5341,30.0,20.0,600.0,180.0,10.0,6.0,1.0,17,255,0,0.0,0.615,0.0,2.0,1.0,0.22,0.0
5342,30.0,20.0,600.0,180.0,10.0,6.0,2.0,17,255,0,0.0,0.686,0.0,2.0,1.0,0.22,0.0
5343,30.0,20.0,600.0,180.0,10.0,6.0,3.0,17,255,0,0.0,0.512,0.0,2.0,1.0,0.22,0.0
5344,30.0,20.0,600.0,180.0,10.0,6.0,4.0,17,255,0,0.0,0.442,0.0,2.0,1.0,0.22,0.0
5345,30.0,20.0,600.0,180.0,10.0,6.0,5.0,17,255,0,0.0,0.53,0.0,2.0,1.0,0.22,0.0
5346,30.0,20.0,600.0,180.0,10.0,6.0,6.0,17,255,0,0.0,0.592,0.0,2.0,1.0,0.22,0.0
5347,30.0,20.0,600.0,180.0,10.0,6.0,7.0,17,255,0,0.0,0.449,0.0,2.0,1.0,0.22,0.0
5348,30.0,20.0,600.0,180.0,10.0,6.0,8.0,17,255,0,0.0,0.617,0.0,2.0,1.0,0.22,0.0
5349,30.0,20.0,600.0,180.0,10.0,6.0,9.0,17,255,0,0.0,0.762,0.0,2.0,1.0,0.22,0.0
5350,30.0,20.0,600.0,180.0,10.0,6.0,10.0,17,255,0,0.0,0.319,0.0,2.0,1.0,0.22,0.0
5351,30.0,20.0,600.0,180.0,10.0,6.0,11.0,17,255,0,0.0,0.386,0.0,2.0,1.0,0.22,0.0
5352,30.0,20.0,600.0,180.0,10.0,6.0,12.0,17,255,0,0.0,0.6,0.0,2.0,1.0,0.22,0.0
5353,30.0,20.0,600.0,180.0,10.0,6.0,13.0,17,255,0,0.0,0.552,0.0,2.0,1.0,0.22,0.0
5354,30.0,20.0,600.0,180.0,10.0,6.0,14.0,17,255,0,0.0,0.698,0.0,2.0,1.0,0.22,0.0
5355,30.0,20.0,600.0,180.0,10.0,6.0,15.0,17,255,0,0.0,0.671,0.0,2.0,1.0,0.22,0.0
5356,30.0,20.0,600.0,180.0,10.0,6.0,16.0,17,255,0,0.0,0.667,0.0,2.0,1.0,0.22,0.0
5357,30.0,20.0,600.0,180.0,10.0,6.0,17.0,17,255,0,0.0,0.437,0.0,2.0,1.0,0.22,0.0
5358,30.0,20.0,600.0,180.0,10.0,6.0,18.0,17,255,0,0.0,0.465,0.0,2.0,1.0,0.22,0.0
5359,30.0,20.0,600.0,180.0,10.0,6.0,19.0,17,255,0,0.0,0.5,0.0,2.0,1.0,0.22,0.0
5360,30.0,20.0,600.0,180.0,10.0,7.0,0.0,17,255,0,0.0,0.367,0.0,2.0,1.0,0.22,0.0
5361,30.0,20.0,600.0,180.0,10.0,7.0,1.0,17,255,0,0.0,0.535,0.0,2.0,1.0,0.22,0.0
5362,30.0,20.0,600.0,180.0,10.0,7.0,2.0,17,255,0,0.0,0.603,0.0,2.0,1.0,0.22,0.0
5363,30.0,20.0,600.0,180.0,10.0,7.0,3.0,17,255,0,0.0,0.435,0.0,2.0,1.0,0.22,0.0
5364,30.0,20.0,600.0,180.0,10.0,7.0,4.0,17,255,0,0.0,0.442,0.0,2.0,1.0,0.22,0.0
5365,30.0,20.0,600.0,180.0,10.0,7.0,5.0,17,255,0,0.0,0.578,0.0,2.0,1.0,0.22,0.0
5366,30.0,20.0,600.0,180.0,10.0,7.0,6.0,17,255,0,0.0,0.464,0.0,2.0,1.0,0.22,0.0
5367,30.0,20.0,600.0,180.0,10.0,7.0,7.0,17,255,0,0.0,0.694,0.0,2.0,1.0,0.22,0.0
5368,30.0,20.0,600.0,180.0,10.0,7.0,8.0,17,255,0,0.0,0.601,0.0,2.0,1.0,0.22,0.0
5369,30.0,20.0,600.0,180.0,10.0,7.0,9.0,17,255,0,0.0,0.512,0.0,2.0,1.0,0.22,0.0
5370,30.0,20.0,600.0,180.0,10.0,7.0,10.0,17,255,0,0.0,0.551,0.0,2.0,1.0,0.22,0.0
5371,30.0,20.0,600.0,180.0,10.0,7.0,11.0,17,255,0,0.0,0.445,0.0,2.0,1.0,0.22,0.0
5372,30.0,20.0,600.0,180.0,10.0,7.0,12.0,17,255,0,0.0,0.334,0.0,2.0,1.0,0.22,0.0
5373,30.0,20.0,600.0,180.0,10.0,7.0,13.0,17,255,0,0.0,0.608,0.0,2.0,1.0,0.22,0.0
5374,30.0,20.0,600.0,180.0,10.0,7.0,14.0,17,255,0,0.0,0.591,0.0,2.0,1.0,0.22,0.0
5375,30.0,20.0,600.0,180.0,10.0,7.0,15.0,17,255,0,0.0,0.668,0.0,2.0,1.0,0.22,0.0
5376,30.0,20.0,600.0,180.0,10.0,7.0,16.0,17,255,0,0.0,0.686,0.0,2.0,1.0,0.22,0.0
5377,30.0,20.0,600.0,180.0,10.0,7.0,17.0,17,255,0,0.0,0.643,0.0,2.0,1.0,0.22,0.0
5378,30.0,20.0,600.0,180.0,10.0,7.0,18.0,17,255,0,0.0,0.652,0.0,2.0,1.0,0.22,0.0
5379,30.0,20.0,600.0,180.0,10.0,7.0,19.0,17,255,0,0.0,0.679,0.0,2.0,1.0,0.22,0.0
5380,30.0,20.0,600.0,180.0,10.0,8.0,0.0,17,255,0,0.0,0.409,0.0,2.0,1.0,0.22,0.0
5381,30.0,20.0,600.0,180.0,10.0,8.0,1.0,17,255,0,0.0,0.316,0.0,2.0,1.0,0.22,0.0
5382,30.0,20.0,600.0,180.0,10.0,8.0,2.0,17,255,0,0.0,0.538,0.0,2.0,1.0,0.22,0.0
5383,30.0,20.0,600.0,180.0,10.0,8.0,3.0,17,255,0,0.0,0.403,0.0,2.0,1.0,0.22,0.0
5384,30.0,20.0,600.0,180.0,10.0,8.0,4.0,17,255,0,0.0,0.628,0.0,2.0,1.0,0.22,0.0
5385,30.0,20.0,600.0,180.0,10.0,8.0,5.0,17,255,0,0.0,0.683,0.0,2.0,1.0,0.22,0.0
5386,30.0,20.0,600.0,180.0,10.0,8.0,6.0,17,255,0,0.0,0.544,0.0,2.0,1.0,0.22,0.0
5387,30.0,20.0,600.0,180.0,10.0,8.0,7.0,17,255,0,0.0,0.603,0.0,2.0,1.0,0.22,0.0
5388,30.0,20.0,600.0,180.0,10.0,8.0,8.0,17,255,0,0.0,0.441,0.0,2.0,1.0,0.22,0.0
5389,30.0,20.0,600.0,180.0,10.0,8.0,9.0,17,255,0,0.0,0.42,0.0,2.0,1.0,0.22,0.0
5390,30.0,20.0,600.0,180.0,10.0,8.0,10.0,17,255,0,0.0,0.657,0.0,2.0,1.0,0.22,0.0
5391,30.0,20.0,600.0,180.0,10.0,8.0,11.0,17,255,0,0.0,0.411,0.0,2.0,1.0,0.22,0.0
5392,30.0,20.0,600.0,180.0,10.0,8.0,12.0,17,255,0,0.0,0.31,0.0,2.0,1.0,0.22,0.0
5393,30.0,20.0,600.0,180.0,10.0,8.0,13.0,17,255,0,0.0,0.668,0.0,2.0,1.0,0.22,0.0
5394,30.0,20.0,600.0,180.0,10.0,8.0,14.0,17,255,0,0.0,0.55,0.0,2.0,1.0,0.22,0.0
5395,30.0,20.0,600.0,180.0,10.0,8.0,15.0,17,255,0,0.0,0.333,0.0,2.0,1.0,0.22,0.0
5396,30.0,20.0,600.0,180.0,10.0,8.0,16.0,17,255,0,0.0,0.452,0.0,2.0,1.0,0.22,0.0
5397,30.0,20.0,600.0,180.0,10.0,8.0,17.0,17,255,0,0.0,0.307,0.0,2.0,1.0,0.22,0.0
5398,30.0,20.0,600.0,180.0,10.0,8.0,18.0,17,255,0,0.0,0.542,0.0,2.0,1.0,0.22,0.0
5399,30.0,20.0,600.0,180.0,10.0,8.0,19.0,17,255,0,0.0,0.602,0.0,2.0,1.0,0.22,0.0
5400,30.0,20.0,600.0,180.0,10.0,9.0,0.0,17,255,0,0.0,0.407,0.0,2.0,1.0,0.22,0.0
5401,30.0,20.0,600.0,180.0,10.0,9.0,1.0,17,255,0,0.0,0.35,0.0,2.0,1.0,0.22,0.0
5402,30.0,20.0,600.0,180.0,10.0,9.0,2.0,17,255,0,0.0,0.69,0.0,2.0,1.0,0.22,0.0
5403,30.0,20.0,600.0,180.0,10.0,9.0,3.0,17,255,0,0.0,0.36,0.0,2.0,1.0,0.22,0.0
5404,30.0,20.0,600.0,180.0,10.0,9.0,4.0,17,255,0,0.0,0.415,0.0,2.0,1.0,0.22,0.0
5405,30.0,20.0,600.0,180.0,10.0,9.0,5.0,17,255,0,0.0,0.449,0.0,2.0,1.0,0.22,0.0
5406,30.0,20.0,600.0,180.0,10.0,9.0,6.0,17,255,0,0.0,0.524,0.0,2.0,1.0,0.22,0.0
5407,30.0,20.0,600.0,180.0,10.0,9.0,7.0,17,255,0,0.0,0.383,0.0,2.0,1.0,0.22,0.0
5408,30.0,20.0,600.0,180.0,10.0,9.0,8.0,17,255,0,0.0,0.364,0.0,2.0,1.0,0.22,0.0
5409,30.0,20.0,600.0,180.0,10.0,9.0,9.0,17,255,0,0.0,0.615,0.0,2.0,1.0,0.22,0.0
5410,30.0,20.0,600.0,180.0,10.0,9.0,10.0,17,255,0,0.0,0.313,0.0,2.0,1.0,0.22,0.0
5411,30.0,20.0,600.0,180.0,10.0,9.0,11.0,17,255,0,0.0,0.392,0.0,2.0,1.0,0.22,0.0
5412,30.0,20.0,600.0,180.0,10.0,9.0,12.0,17,255,0,0.0,0.513,0.0,2.0,1.0,0.22,0.0
5413,30.0,20.0,600.0,180.0,10.0,9.0,13.0,17,255,0,0.0,0.693,0.0,2.0,1.0,0.22,0.0
5414,30.0,20.0,600.0,180.0,10.0,9.0,14.0,17,255,0,0.0,0.604,0.0,2.0,1.0,0.22,0.0
5415,30.0,20.0,600.0,180.0,10.0,9.0,15.0,17,255,0,0.0,0.584,0.0,2.0,1.0,0.22,0.0
5416,30.0,20.0,600.0,180.0,10.0,9.0,16.0,17,255,0,0.0,0.657,0.0,2.0,1.0,0.22,0.0
5417,30.0,20.0,600.0,180.0,10.0,9.0,17.0,17,255,0,0.0,0.629,0.0,2.0,1.0,0.22,0.0
5418,30.0,20.0,600.0,180.0,10.0,9.0,18.0,17,255,0,0.0,0.358,0.0,2.0,1.0,0.22,0.0
5419,30.0,20.0,600.0,180.0,10.0,9.0,19.0,17,255,0,0.0,0.617,0.0,2.0,1.0,0.22,0.0
5420,30.0,20.0,600.0,180.0,10.0,10.0,0.0,17,255,0,0.0,0.516,0.0,2.0,1.0,0.22,0.0
5421,30.0,20.0,600.0,180.0,10.0,10.0,1.0,17,255,0,0.0,0.624,0.0,2.0,1.0,0.22,0.0
5422,30.0,20.0,600.0,180.0,10.0,10.0,2.0,17,255,0,0.0,0.322,0.0,2.0,1.0,0.22,0.0
5423,30.0,20.0,600.0,180.0,10.0,10.0,3.0,17,255,0,0.0,0.414,0.0,2.0,1.0,0.22,0.0
5424,30.0,20.0,600.0,180.0,10.0,10.0,4.0,17,255,0,0.0,0.349,0.0,2.0,1.0,0.22,0.0
5425,30.0,20.0,600.0,180.0,10.0,10.0,5.0,17,255,0,0.0,0.422,0.0,2.0,1.0,0.22,0.0
5426,30.0,20.0,600.0,180.0,10.0,10.0,6.0,17,255,0,0.0,0.432,0.0,2.0,1.0,0.22,0.0
5427,30.0,20.0,600.0,180.0,10.0,10.0,7.0,17,255,0,0.0,0.612,0.0,2.0,1.0,0.22,0.0
5428,30.0,20.0,600.0,180.0,10.0,10.0,8.0,17,255,0,0.0,0.457,0.0,2.0,1.0,0.22,0.0
5429,30.0,20.0,600.0,180.0,10.0,10.0,9.0,17,255,0,0.0,0.4,0.0,2.0,1.0,0.22,0.0
5430,30.0,20.0,600.0,180.0,10.0,10.0,10.0,17,255,0,0.0,0.585,0.0,2.0,1.0,0.22,0.0
5431,30.0,20.0,600.0,180.0,10.0,10.0,11.0,17,255,0,0.0,0.693,0.0,2.0,1.0,0.22,0.0
5432,30.0,20.0,600.0,180.0,10.0,10.0,12.0,17,255,0,0.0,0.411,0.0,2.0,1.0,0.22,0.0
5433,30.0,20.0,600.0,180.0,10.0,10.0,13.0,17,255,0,0.0,0.583,0.0,2.0,1.0,0.22,0.0
5434,30.0,20.0,600.0,180.0,10.0,10.0,14.0,17,255,0,0.0,0.704,0.0,2.0,1.0,0.22,0.0
5435,30.0,20.0,600.0,180.0,10.0,10.0,15.0,17,255,0,0.0,0.558,0.0,2.0,1.0,0.22,0.0
5436,30.0,20.0,600.0,180.0,10.0,10.0,16.0,17,255,0,0.0,0.643,0.0,2.0,1.0,0.22,0.0
5437,30.0,20.0,600.0,180.0,10.0,10.0,17.0,17,255,0,0.0,0.362,0.0,2.0,1.0,0.22,0.0
5438,30.0,20.0,600.0,180.0,10.0,10.0,18.0,17,255,0,0.0,0.466,0.0,2.0,1.0,0.22,0.0
5439,30.0,20.0,600.0,180.0,10.0,10.0,19.0,17,255,0,0.0,0.848,0.0,2.0,1.0,0.22,0.0
5440,30.0,20.0,600.0,180.0,10.0,11.0,0.0,17,255,0,0.0,1.0,0.0,2.0,1.0,0.22,0.0
5441,30.0,20.0,600.0,180.0,10.0,11.0,1.0,17,255,0,0.0,1.0,0.0,2.0,1.0,0.22,0.0
5442,30.0,20.0,600.0,180.0,10.0,11.0,2.0,17,255,0,0.0,1.0,0.0,2.0,1.0,0.22,0.0
5443,30.0,20.0,600.0,180.0,10.0,11.0,3.0,17,255,0,0.0,1.0,0.0,2.0,1.0,0.22,0.0
5444,30.0,20.0,600.0,180.0,10.0,11.0,4.0,17,255,0,0.0,1.0,0.0,2.0,1.0,0.22,0.0
5445,30.0,20.0,600.0,180.0,10.0,11.0,5.0,17,255,0,0.0,1.0,0.0,2.0,1.0,0.22,0.0
5446,30.0,20.0,600.0,180.0,10.0,11.0,6.0,17,255,0,0.0,1.0,0.0,2.0,1.0,0.22,0.0
5447,30.0,20.0,600.0,180.0,10.0,11.0,7.0,17,255,0,0.0,1.0,0.0,2.0,1.0,0.22,0.0
5448,30.0,20.0,600.0,180.0,10.0,11.0,8.0,17,255,0,0.0,1.0,0.0,2.0,1.0,0.22,0.0
5449,30.0,20.0,600.0,180.0,10.0,11.0,9.0,17,255,0,0.0,1.0,0.0,2.0,1.0,0.22,0.0
5450,30.0,20.0,600.0,180.0,10.0,11.0,10.0,17,255,0,0.0,1.0,0.0,2.0,1.0,0.22,0.0
5451,30.0,20.0,600.0,180.0,10.0,11.0,11.0,17,255,0,0.0,1.0,0.0,2.0,1.0,0.22,0.0
5452,30.0,20.0,600.0,180.0,10.0,11.0,12.0,17,255,0,0.0,1.0,0.0,2.0,1.0,0.22,0.0
5453,30.0,20.0,600.0,180.0,10.0,11.0,13.0,17,255,0,0.0,1.0,0.0,2.0,1.0,0.22,0.0
5454,30.0,20.0,600.0,180.0,10.0,11.0,14.0,17,255,0,0.0,1.0,0.0,2.0,1.0,0.22,0.0
5455,30.0,20.0,600.0,180.0,10.0,11.0,15.0,17,255,0,0.0,1.0,0.0,2.0,1.0,0.22,0.0
5456,30.0,20.0,600.0,180.0,10.0,11.0,16.0,17,255,0,0.0,0.525,0.0,2.0,1.0,0.22,0.0
5457,30.0,20.0,600.0,180.0,10.0,11.0,17.0,17,255,0,0.0,1.0,0.0,2.0,1.0,0.22,0.0
5458,30.0,20.0,600.0,180.0,10.0,11.0,18.0,17,255,0,0.0,1.0,0.0,2.0,1.0,0.22,0.0
5459,30.0,20.0,600.0,180.0,10.0,11.0,19.0,17,255,0,0.0,1.0,0.0,2.0,1.0,0.22,0.0
5460,30.0,20.0,600.0,180.0,10.0,12.0,0.0,17,255,0,0.0,1.0,0.0,2.0,1.0,0.22,0.0
5461,30.0,20.0,600.0,180.0,10.0,12.0,1.0,17,255,0,0.0,1.0,0.0,2.0,1.0,0.22,0.0
5462,30.0,20.0,600.0,180.0,10.0,12.0,2.0,17,255,0,0.0,1.0,0.0,2.0,1.0,0.22,0.0
5463,30.0,20.0,600.0,180.0,10.0,12.0,3.0,17,255,0,0.0,1.0,0.0,2.0,1.0,0.22,0.0
5464,30.0,20.0,600.0,180.0,10.0,12.0,4.0,17,255,0,0.0,1.0,0.0,2.0,1.0,0.22,0.0
5465,30.0,20.0,600.0,180.0,10.0,12.0,5.0,17,255,0,0.0,1.0,0.0,2.0,1.0,0.22,0.0
5466,30.0,20.0,600.0,180.0,10.0,12.0,6.0,17,255,0,0.0,1.0,0.0,2.0,1.0,0.22,0.0
5467,30.0,20.0,600.0,180.0,10.0,12.0,7.0,17,255,0,0.0,1.0,0.0,2.0,1.0,0.22,0.0
5468,30.0,20.0,600.0,180.0,10.0,12.0,8.0,17,255,0,0.0,0.774,0.0,2.0,1.0,0.22,0.0
5469,30.0,20.0,600.0,180.0,10.0,12.0,9.0,17,255,0,0.0,1.0,0.0,2.0,1.0,0.22,0.0
5470,30.0,20.0,600.0,180.0,10.0,12.0,10.0,17,255,0,0.0,1.0,0.0,2.0,1.0,0.22,0.0
5471,30.0,20.0,600.0,180.0,10.0,12.0,11.0,17,255,0,0.0,1.0,0.0,2.0,1.0,0.22,0.0
5472,30.0,20.0,600.0,180.0,10.0,12.0,12.0,17,255,0,0.0,0.72,0.0,2.0,1.0,0.22,0.0
5473,30.0,20.0,600.0,180.0,10.0,12.0,13.0,17,255,0,0.0,1.0,0.0,2.0,1.0,0.22,0.0
5474,30.0,20.0,600.0,180.0,10.0,12.0,14.0,17,255,0,0.0,1.0,0.0,2.0,1.0,0.22,0.0
5475,30.0,20.0,600.0,180.0,10.0,12.0,15.0,17,255,0,0.0,0.899,0.0,2.0,1.0,0.22,0.0
5476,30.0,20.0,600.0,180.0,10.0,12.0,16.0,17,255,0,0.0,1.0,0.0,2.0,1.0,0.22,0.0
5477,30.0,20.0,600.0,180.0,10.0,12.0,17.0,17,255,0,0.0,1.0,0.0,2.0,1.0,0.22,0.0
5478,30.0,20.0,600.0,180.0,10.0,12.0,18.0,17,255,0,0.0,1.0,0.0,2.0,1.0,0.22,0.0
5479,30.0,20.0,600.0,180.0,10.0,12.0,19.0,17,255,0,0.0,1.0,0.0,2.0,1.0,0.22,0.0
5480,30.0,20.0,600.0,180.0,10.0,13.0,0.0,17,255,0,0.0,1.0,0.0,2.0,1.0,0.22,0.0
5481,30.0,20.0,600.0,180.0,10.0,13.0,1.0,17,255,0,0.0,1.0,0.0,2.0,1.0,0.22,0.0
5482,30.0,20.0,600.0,180.0,10.0,13.0,2.0,17,255,0,0.0,1.0,0.0,2.0,1.0,0.22,0.0
5483,30.0,20.0,600.0,180.0,10.0,13.0,3.0,17,255,0,0.0,1.0,0.0,2.0,1.0,0.22,0.0
5484,30.0,20.0,600.0,180.0,10.0,13.0,4.0,17,255,0,0.0,1.0,0.0,2.0,1.0,0.22,0.0
5485,30.0,20.0,600.0,180.0,10.0,13.0,5.0,17,255,0,0.0,1.0,0.0,2.0,1.0,0.22,0.0
5486,30.0,20.0,600.0,180.0,10.0,13.0,6.0,17,255,0,0.0,1.0,0.0,2.0,1.0,0.22,0.0
5487,30.0,20.0,600.0,180.0,10.0,13.0,7.0,17,255,0,0.0,1.0,0.0,2.0,1.0,0.22,0.0
5488,30.0,20.0,600.0,180.0,10.0,13.0,8.0,17,255,0,0.0,1.0,0.0,2.0,1.0,0.22,0.0
5489,30.0,20.0,600.0,180.0,10.0,13.0,9.0,17,255,0,0.0,1.0,0.0,2.0,1.0,0.22,0.0
5490,30.0,20.0,600.0,180.0,10.0,13.0,10.0,17,255,0,0.0,1.0,0.0,2.0,1.0,0.22,0.0
5491,30.0,20.0,600.0,180.0,10.0,13.0,11.0,17,255,0,0.0,1.0,0.0,2.0,1.0,0.22,0.0
5492,30.0,20.0,600.0,180.0,10.0,13.0,12.0,17,255,0,0.0,1.0,0.0,2.0,1.0,0.22,0.0
5493,30.0,20.0,600.0,180.0,10.0,13.0,13.0,17,255,0,0.0,1.0,0.0,2.0,1.0,0.22,0.0
5494,30.0,20.0,600.0,180.0,10.0,13.0,14.0,17,255,0,0.0,1.0,0.0,2.0,1.0,0.22,0.0
5495,30.0,20.0,600.0,180.0,10.0,13.0,15.0,17,255,0,0.0,1.0,0.0,2.0,1.0,0.22,0.0
5496,30.0,20.0,600.0,180.0,10.0,13.0,16.0,17,255,0,0.0,1.0,0.0,2.0,1.0,0.22,0.0
5497,30.0,20.0,600.0,180.0,10.0,13.0,17.0,17,255,0,0.0,1.0,0.0,2.0,1.0,0.22,0.0
5498,30.0,20.0,600.0,180.0,10.0,13.0,18.0,17,255,0,0.0,1.0,0.0,2.0,1.0,0.22,0.0
5499,30.0,20.0,600.0,180.0,10.0,13.0,19.0,17,255,0,0.0,1.0,0.0,2.0,1.0,0.22,0.0
5500,30.0,20.0,600.0,180.0,10.0,14.0,0.0,17,255,0,0.0,1.0,0.0,2.0,1.0,0.22,0.0
5501,30.0,20.0,600.0,180.0,10.0,14.0,1.0,17,255,0,0.0,0.896,0.0,2.0,1.0,0.22,0.0
5502,30.0,20.0,600.0,180.0,10.0,14.0,2.0,17,255,0,0.0,1.0,0.0,2.0,1.0,0.22,0.0
5503,30.0,20.0,600.0,180.0,10.0,14.0,3.0,17,255,0,0.0,1.0,0.0,2.0,1.0,0.22,0.0
5504,30.0,20.0,600.0,180.0,10.0,14.0,4.0,17,255,0,0.0,1.0,0.0,2.0,1.0,0.22,0.0
5505,30.0,20.0,600.0,180.0,10.0,14.0,5.0,17,255,0,0.0,1.0,0.0,2.0,1.0,0.22,0.0
5506,30.0,20.0,600.0,180.0,10.0,14.0,6.0,17,255,0,0.0,1.0,0.0,2.0,1.0,0.22,0.0
5507,30.0,20.0,600.0,180.0,10.0,14.0,7.0,17,255,0,0.0,1.0,0.0,2.0,1.0,0.22,0.0
5508,30.0,20.0,600.0,180.0,10.0,14.0,8.0,17,255,0,0.0,1.0,0.0,2.0,1.0,0.22,0.0
5509,30.0,20.0,600.0,180.0,10.0,14.0,9.0,17,255,0,0.0,0.775,0.0,2.0,1.0,0.22,0.0
5510,30.0,20.0,600.0,180.0,10.0,14.0,10.0,17,255,0,0.0,1.0,0.0,2.0,1.0,0.22,0.0
5511,30.0,20.0,600.0,180.0,10.0,14.0,11.0,17,255,0,0.0,1.0,0.0,2.0,1.0,0.22,0.0
5512,30.0,20.0,600.0,180.0,10.0,14.0,12.0,17,255,0,0.0,1.0,0.0,2.0,1.0,0.22,0.0
5513,30.0,20.0,600.0,180.0,10.0,14.0,13.0,17,255,0,0.0,1.0,0.0,2.0,1.0,0.22,0.0
5514,30.0,20.0,600.0,180.0,10.0,14.0,14.0,17,255,0,0.0,1.0,0.0,2.0,1.0,0.22,0.0
5515,30.0,20.0,600.0,180.0,10.0,14.0,15.0,17,255,0,0.0,1.0,0.0,2.0,1.0,0.22,0.0
5516,30.0,20.0,600.0,180.0,10.0,14.0,16.0,17,255,0,0.0,1.0,0.0,2.0,1.0,0.22,0.0
5517,30.0,20.0,600.0,180.0,10.0,14.0,17.0,17,255,0,0.0,0.83,0.0,2.0,1.0,0.22,0.0
5518,30.0,20.0,600.0,180.0,10.0,14.0,18.0,17,255,0,0.0,1.0,0.0,2.0,1.0,0.22,0.0
5519,30.0,20.0,600.0,180.0,10.0,14.0,19.0,17,255,0,0.0,1.0,0.0,2.0,1.0,0.22,0.0
5520,30.0,20.0,600.0,180.0,10.0,15.0,0.0,17,255,0,0.0,1.0,0.0,2.0,1.0,0.22,0.0
5521,30.0,20.0,600.0,180.0,10.0,15.0,1.0,17,255,0,0.0,1.0,0.0,2.0,1.0,0.22,0.0
5522,30.0,20.0,600.0,180.0,10.0,15.0,2.0,17,255,0,0.0,1.0,0.0,2.0,1.0,0.22,0.0
5523,30.0,20.0,600.0,180.0,10.0,15.0,3.0,17,255,0,0.0,1.0,0.0,2.0,1.0,0.22,0.0
5524,30.0,20.0,600.0,180.0,10.0,15.0,4.0,17,255,0,0.0,1.0,0.0,2.0,1.0,0.22,0.0
5525,30.0,20.0,600.0,180.0,10.0,15.0,5.0,17,255,0,0.0,1.0,0.0,2.0,1.0,0.22,0.0
5526,30.0,20.0,600.0,180.0,10.0,15.0,6.0,17,255,0,0.0,1.0,0.0,2.0,1.0,0.22,0.0
5527,30.0,20.0,600.0,180.0,10.0,15.0,7.0,17,255,0,0.0,1.0,0.0,2.0,1.0,0.22,0.0
5528,30.0,20.0,600.0,180.0,10.0,15.0,8.0,17,255,0,0.0,1.0,0.0,2.0,1.0,0.22,0.0
5529,30.0,20.0,600.0,180.0,10.0,15.0,9.0,17,255,0,0.0,0.657,0.0,2.0,1.0,0.22,0.0
5530,30.0,20.0,600.0,180.0,10.0,15.0,10.0,17,255,0,0.0,1.0,0.0,2.0,1.0,0.22,0.0
5531,30.0,20.0,600.0,180.0,10.0,15.0,11.0,17,255,0,0.0,1.0,0.0,2.0,1.0,0.22,0.0
5532,30.0,20.0,600.0,180.0,10.0,15.0,12.0,17,255,0,0.0,1.0,0.0,2.0,1.0,0.22,0.0
5533,30.0,20.0,600.0,180.0,10.0,15.0,13.0,17,255,0,0.0,1.0,0.0,2.0,1.0,0.22,0.0
5534,30.0,20.0,600.0,180.0,10.0,15.0,14.0,17,255,0,0.0,1.0,0.0,2.0,1.0,0.22,0.0
5535,30.0,20.0,600.0,180.0,10.0,15.0,15.0,17,255,0,0.0,1.0,0.0,2.0,1.0,0.22,0.0
5536,30.0,20.0,600.0,180.0,10.0,15.0,16.0,17,255,0,0.0,1.0,0.0,2.0,1.0,0.22,0.0
5537,30.0,20.0,600.0,180.0,10.0,15.0,17.0,17,255,0,0.0,1.0,0.0,2.0,1.0,0.22,0.0
5538,30.0,20.0,600.0,180.0,10.0,15.0,18.0,17,255,0,0.0,1.0,0.0,2.0,1.0,0.22,0.0
5539,30.0,20.0,600.0,180.0,10.0,15.0,19.0,17,255,0,0.0,1.0,0.0,2.0,1.0,0.22,0.0
5540,30.0,20.0,600.0,180.0,10.0,16.0,0.0,17,255,0,0.0,1.0,0.0,2.0,1.0,0.22,0.0
5541,30.0,20.0,600.0,180.0,10.0,16.0,1.0,17,255,0,0.0,1.0,0.0,2.0,1.0,0.22,0.0
5542,30.0,20.0,600.0,180.0,10.0,16.0,2.0,17,255,0,0.0,1.0,0.0,2.0,1.0,0.22,0.0
5543,30.0,20.0,600.0,180.0,10.0,16.0,3.0,17,255,0,0.0,1.0,0.0,2.0,1.0,0.22,0.0
5544,30.0,20.0,600.0,180.0,10.0,16.0,4.0,17,255,0,0.0,0.578,0.0,2.0,1.0,0.22,0.0
5545,30.0,20.0,600.0,180.0,10.0,16.0,5.0,17,255,0,0.0,1.0,0.0,2.0,1.0,0.22,0.0
5546,30.0,20.0,600.0,180.0,10.0,16.0,6.0,17,255,0,0.0,1.0,0.0,2.0,1.0,0.22,0.0
5547,30.0,20.0,600.0,180.0,10.0,16.0,7.0,17,255,0,0.0,1.0,0.0,2.0,1.0,0.22,0.0
5548,30.0,20.0,600.0,180.0,10.0,16.0,8.0,17,255,0,0.0,1.0,0.0,2.0,1.0,0.22,0.0
5549,30.0,20.0,600.0,180.0,10.0,16.0,9.0,17,255,0,0.0,1.0,0.0,2.0,1.0,0.22,0.0
5550,30.0,20.0,600.0,180.0,10.0,16.0,10.0,17,255,0,0.0,1.0,0.0,2.0,1.0,0.22,0.0
5551,30.0,20.0,600.0,180.0,10.0,16.0,11.0,17,255,0,0.0,1.0,0.0,2.0,1.0,0.22,0.0
5552,30.0,20.0,600.0,180.0,10.0,16.0,12.0,17,255,0,0.0,1.0,0.0,2.0,1.0,0.22,0.0
5553,30.0,20.0,600.0,180.0,10.0,16.0,13.0,17,255,0,0.0,1.0,0.0,2.0,1.0,0.22,0.0
5554,30.0,20.0,600.0,180.0,10.0,16.0,14.0,17,255,0,0.0,1.0,0.0,2.0,1.0,0.22,0.0
5555,30.0,20.0,600.0,180.0,10.0,16.0,15.0,17,255,0,0.0,1.0,0.0,2.0,1.0,0.22,0.0
5556,30.0,20.0,600.0,180.0,10.0,16.0,16.0,17,255,0,0.0,1.0,0.0,2.0,1.0,0.22,0.0
5557,30.0,20.0,600.0,180.0,10.0,16.0,17.0,17,255,0,0.0,1.0,0.0,2.0,1.0,0.22,0.0
5558,30.0,20.0,600.0,180.0,10.0,16.0,18.0,17,255,0,0.0,1.0,0.0,2.0,1.0,0.22,0.0
5559,30.0,20.0,600.0,180.0,10.0,16.0,19.0,17,255,0,0.0,1.0,0.0,2.0,1.0,0.22,0.0
5560,30.0,20.0,600.0,180.0,10.0,17.0,0.0,17,255,0,0.0,1.0,0.0,2.0,1.0,0.22,0.0
5561,30.0,20.0,600.0,180.0,10.0,17.0,1.0,17,255,0,0.0,1.0,0.0,2.0,1.0,0.22,0.0
5562,30.0,20.0,600.0,180.0,10.0,17.0,2.0,17,255,0,0.0,1.0,0.0,2.0,1.0,0.22,0.0
5563,30.0,20.0,600.0,180.0,10.0,17.0,3.0,17,255,0,0.0,1.0,0.0,2.0,1.0,0.22,0.0
5564,30.0,20.0,600.0,180.0,10.0,17.0,4.0,17,255,0,0.0,1.0,0.0,2.0,1.0,0.22,0.0
5565,30.0,20.0,600.0,180.0,10.0,17.0,5.0,17,255,0,0.0,1.0,0.0,2.0,1.0,0.22,0.0
5566,30.0,20.0,600.0,180.0,10.0,17.0,6.0,17,255,0,0.0,1.0,0.0,2.0,1.0,0.22,0.0
5567,30.0,20.0,600.0,180.0,10.0,17.0,7.0,17,255,0,0.0,1.0,0.0,2.0,1.0,0.22,0.0
5568,30.0,20.0,600.0,180.0,10.0,17.0,8.0,17,255,0,0.0,1.0,0.0,2.0,1.0,0.22,0.0
5569,30.0,20.0,600.0,180.0,10.0,17.0,9.0,17,255,0,0.0,1.0,0.0,2.0,1.0,0.22,0.0
5570,30.0,20.0,600.0,180.0,10.0,17.0,10.0,17,255,0,0.0,1.0,0.0,2.0,1.0,0.22,0.0
5571,30.0,20.0,600.0,180.0,10.0,17.0,11.0,17,255,0,0.0,1.0,0.0,2.0,1.0,0.22,0.0
5572,30.0,20.0,600.0,180.0,10.0,17.0,12.0,17,255,0,0.0,1.0,0.0,2.0,1.0,0.22,0.0
5573,30.0,20.0,600.0,180.0,10.0,17.0,13.0,17,255,0,0.0,1.0,0.0,2.0,1.0,0.22,0.0
5574,30.0,20.0,600.0,180.0,10.0,17.0,14.0,17,255,0,0.0,1.0,0.0,2.0,1.0,0.22,0.0
5575,30.0,20.0,600.0,180.0,10.0,17.0,15.0,17,255,0,0.0,1.0,0.0,2.0,1.0,0.22,0.0
5576,30.0,20.0,600.0,180.0,10.0,17.0,16.0,17,255,0,0.0,1.0,0.0,2.0,1.0,0.22,0.0
5577,30.0,20.0,600.0,180.0,10.0,17.0,17.0,17,255,0,0.0,1.0,0.0,2.0,1.0,0.22,0.0
5578,30.0,20.0,600.0,180.0,10.0,17.0,18.0,17,255,0,0.0,1.0,0.0,2.0,1.0,0.22,0.0
5579,30.0,20.0,600.0,180.0,10.0,17.0,19.0,17,255,0,0.0,1.0,0.0,2.0,1.0,0.22,0.0
5580,30.0,20.0,600.0,180.0,10.0,18.0,0.0,17,255,0,0.0,1.0,0.0,2.0,1.0,0.22,0.0
5581,30.0,20.0,600.0,180.0,10.0,18.0,1.0,17,255,0,0.0,0.831,0.0,2.0,1.0,0.22,0.0
5582,30.0,20.0,600.0,180.0,10.0,18.0,2.0,17,255,0,0.0,1.0,0.0,2.0,1.0,0.22,0.0
5583,30.0,20.0,600.0,180.0,10.0,18.0,3.0,17,255,0,0.0,1.0,0.0,2.0,1.0,0.22,0.0
5584,30.0,20.0,600.0,180.0,10.0,18.0,4.0,17,255,0,0.0,1.0,0.0,2.0,1.0,0.22,0.0
5585,30.0,20.0,600.0,180.0,10.0,18.0,5.0,17,255,0,0.0,1.0,0.0,2.0,1.0,0.22,0.0
5586,30.0,20.0,600.0,180.0,10.0,18.0,6.0,17,255,0,0.0,1.0,0.0,2.0,1.0,0.22,0.0
5587,30.0,20.0,600.0,180.0,10.0,18.0,7.0,17,255,0,0.0,1.0,0.0,2.0,1.0,0.22,0.0
5588,30.0,20.0,600.0,180.0,10.0,18.0,8.0,17,255,0,0.0,1.0,0.0,2.0,1.0,0.22,0.0
5589,30.0,20.0,600.0,180.0,10.0,18.0,9.0,17,255,0,0.0,1.0,0.0,2.0,1.0,0.22,0.0
5590,30.0,20.0,600.0,180.0,10.0,18.0,10.0,17,255,0,0.0,1.0,0.0,2.0,1.0,0.22,0.0
5591,30.0,20.0,600.0,180.0,10.0,18.0,11.0,17,255,0,0.0,1.0,0.0,2.0,1.0,0.22,0.0
5592,30.0,20.0,600.0,180.0,10.0,18.0,12.0,17,255,0,0.0,1.0,0.0,2.0,1.0,0.22,0.0
5593,30.0,20.0,600.0,180.0,10.0,18.0,13.0,17,255,0,0.0,1.0,0.0,2.0,1.0,0.22,0.0
5594,30.0,20.0,600.0,180.0,10.0,18.0,14.0,17,255,0,0.0,1.0,0.0,2.0,1.0,0.22,0.0
5595,30.0,20.0,600.0,180.0,10.0,18.0,15.0,17,255,0,0.0,1.0,0.0,2.0,1.0,0.22,0.0
5596,30.0,20.0,600.0,180.0,10.0,18.0,16.0,17,255,0,0.0,1.0,0.0,2.0,1.0,0.22,0.0
5597,30.0,20.0,600.0,180.0,10.0,18.0,17.0,17,255,0,0.0,1.0,0.0,2.0,1.0,0.22,0.0
5598,30.0,20.0,600.0,180.0,10.0,18.0,18.0,17,255,0,0.0,1.0,0.0,2.0,1.0,0.22,0.0
5599,30.0,20.0,600.0,180.0,10.0,18.0,19.0,17,255,0,0.0,1.0,0.0,2.0,1.0,0.22,0.0
5600,30.0,20.0,600.0,180.0,10.0,19.0,0.0,17,255,0,0.0,0.529,0.0,2.0,1.0,0.22,0.0
5601,30.0,20.0,600.0,180.0,10.0,19.0,1.0,17,255,0,0.0,1.0,0.0,2.0,1.0,0.22,0.0
5602,30.0,20.0,600.0,180.0,10.0,19.0,2.0,17,255,0,0.0,1.0,0.0,2.0,1.0,0.22,0.0
5603,30.0,20.0,600.0,180.0,10.0,19.0,3.0,17,255,0,0.0,1.0,0.0,2.0,1.0,0.22,0.0
5604,30.0,20.0,600.0,180.0,10.0,19.0,4.0,17,255,0,0.0,0.803,0.0,2.0,1.0,0.22,0.0
5605,30.0,20.0,600.0,180.0,10.0,19.0,5.0,17,255,0,0.0,1.0,0.0,2.0,1.0,0.22,0.0
5606,30.0,20.0,600.0,180.0,10.0,19.0,6.0,17,255,0,0.0,1.0,0.0,2.0,1.0,0.22,0.0
5607,30.0,20.0,600.0,180.0,10.0,19.0,7.0,17,255,0,0.0,1.0,0.0,2.0,1.0,0.22,0.0
5608,30.0,20.0,600.0,180.0,10.0,19.0,8.0,17,255,0,0.0,1.0,0.0,2.0,1.0,0.22,0.0
5609,30.0,20.0,600.0,180.0,10.0,19.0,9.0,17,255,0,0.0,1.0,0.0,2.0,1.0,0.22,0.0
5610,30.0,20.0,600.0,180.0,10.0,19.0,10.0,17,255,0,0.0,1.0,0.0,2.0,1.0,0.22,0.0
5611,30.0,20.0,600.0,180.0,10.0,19.0,11.0,17,255,0,0.0,1.0,0.0,2.0,1.0,0.22,0.0
5612,30.0,20.0,600.0,180.0,10.0,19.0,12.0,17,255,0,0.0,1.0,0.0,2.0,1.0,0.22,0.0
5613,30.0,20.0,600.0,180.0,10.0,19.0,13.0,17,255,0,0.0,1.0,0.0,2.0,1.0,0.22,0.0
5614,30.0,20.0,600.0,180.0,10.0,19.0,14.0,17,255,0,0.0,1.0,0.0,2.0,1.0,0.22,0.0
5615,30.0,20.0,600.0,180.0,10.0,19.0,15.0,17,255,0,0.0,1.0,0.0,2.0,1.0,0.22,0.0
5616,30.0,20.0,600.0,180.0,10.0,19.0,16.0,17,255,0,0.0,1.0,0.0,2.0,1.0,0.22,0.0
5617,30.0,20.0,600.0,180.0,10.0,19.0,17.0,17,255,0,0.0,1.0,0.0,2.0,1.0,0.22,0.0
5618,30.0,20.0,600.0,180.0,10.0,19.0,18.0,17,255,0,0.0,1.0,0.0,2.0,1.0,0.22,0.0
5619,30.0,20.0,600.0,180.0,10.0,19.0,19.0,17,255,0,0.0,1.0,0.0,2.0,1.0,0.22,0.0
5620,30.0,20.0,600.0,180.0,10.0,20.0,0.0,17,255,0,0.0,1.0,0.0,2.0,1.0,0.22,0.0
5621,30.0,20.0,600.0,180.0,10.0,20.0,1.0,17,255,0,0.0,1.0,0.0,2.0,1.0,0.22,0.0
5622,30.0,20.0,600.0,180.0,10.0,20.0,2.0,17,255,0,0.0,1.0,0.0,2.0,1.0,0.22,0.0
5623,30.0,20.0,600.0,180.0,10.0,20.0,3.0,17,255,0,0.0,1.0,0.0,2.0,1.0,0.22,0.0
5624,30.0,20.0,600.0,180.0,10.0,20.0,4.0,17,255,0,0.0,1.0,0.0,2.0,1.0,0.22,0.0
5625,30.0,20.0,600.0,180.0,10.0,20.0,5.0,17,255,0,0.0,1.0,0.0,2.0,1.0,0.22,0.0
5626,30.0,20.0,600.0,180.0,10.0,20.0,6.0,17,255,0,0.0,1.0,0.0,2.0,1.0,0.22,0.0
5627,30.0,20.0,600.0,180.0,10.0,20.0,7.0,17,255,0,0.0,1.0,0.0,2.0,1.0,0.22,0.0
5628,30.0,20.0,600.0,180.0,10.0,20.0,8.0,17,255,0,0.0,1.0,0.0,2.0,1.0,0.22,0.0
5629,30.0,20.0,600.0,180.0,10.0,20.0,9.0,17,255,0,0.0,1.0,0.0,2.0,1.0,0.22,0.0
5630,30.0,20.0,600.0,180.0,10.0,20.0,10.0,17,255,0,0.0,1.0,0.0,2.0,1.0,0.22,0.0
5631,30.0,20.0,600.0,180.0,10.0,20.0,11.0,17,255,0,0.0,1.0,0.0,2.0,1.0,0.22,0.0
5632,30.0,20.0,600.0,180.0,10.0,20.0,12.0,17,255,0,0.0,1.0,0.0,2.0,1.0,0.22,0.0
5633,30.0,20.0,600.0,180.0,10.0,20.0,13.0,17,255,0,0.0,1.0,0.0,2.0,1.0,0.22,0.0
5634,30.0,20.0,600.0,180.0,10.0,20.0,14.0,17,255,0,0.0,1.0,0.0,2.0,1.0,0.22,0.0
5635,30.0,20.0,600.0,180.0,10.0,20.0,15.0,17,255,0,0.0,0.824,0.0,2.0,1.0,0.22,0.0
5636,30.0,20.0,600.0,180.0,10.0,20.0,16.0,17,255,0,0.0,1.0,0.0,2.0,1.0,0.22,0.0
5637,30.0,20.0,600.0,180.0,10.0,20.0,17.0,17,255,0,0.0,1.0,0.0,2.0,1.0,0.22,0.0
5638,30.0,20.0,600.0,180.0,10.0,20.0,18.0,17,255,0,0.0,1.0,0.0,2.0,1.0,0.22,0.0
5639,30.0,20.0,600.0,180.0,10.0,20.0,19.0,17,255,0,0.0,1.0,0.0,2.0,1.0,0.22,0.0
5640,30.0,20.0,600.0,180.0,10.0,21.0,0.0,17,255,0,0.0,1.0,0.0,2.0,1.0,0.22,0.0
5641,30.0,20.0,600.0,180.0,10.0,21.0,1.0,17,255,0,0.0,1.0,0.0,2.0,1.0,0.22,0.0
5642,30.0,20.0,600.0,180.0,10.0,21.0,2.0,17,255,0,0.0,1.0,0.0,2.0,1.0,0.22,0.0
5643,30.0,20.0,600.0,180.0,10.0,21.0,3.0,17,255,0,0.0,1.0,0.0,2.0,1.0,0.22,0.0
5644,30.0,20.0,600.0,180.0,10.0,21.0,4.0,17,255,0,0.0,1.0,0.0,2.0,1.0,0.22,0.0
5645,30.0,20.0,600.0,180.0,10.0,21.0,5.0,17,255,0,0.0,1.0,0.0,2.0,1.0,0.22,0.0
5646,30.0,20.0,600.0,180.0,10.0,21.0,6.0,17,255,0,0.0,1.0,0.0,2.0,1.0,0.22,0.0
5647,30.0,20.0,600.0,180.0,10.0,21.0,7.0,17,255,0,0.0,1.0,0.0,2.0,1.0,0.22,0.0
5648,30.0,20.0,600.0,180.0,10.0,21.0,8.0,17,255,0,0.0,1.0,0.0,2.0,1.0,0.22,0.0
5649,30.0,20.0,600.0,180.0,10.0,21.0,9.0,17,255,0,0.0,1.0,0.0,2.0,1.0,0.22,0.0
5650,30.0,20.0,600.0,180.0,10.0,21.0,10.0,17,255,0,0.0,1.0,0.0,2.0,1.0,0.22,0.0
5651,30.0,20.0,600.0,180.0,10.0,21.0,11.0,17,255,0,0.0,1.0,0.0,2.0,1.0,0.22,0.0
5652,30.0,20.0,600.0,180.0,10.0,21.0,12.0,17,255,0,0.0,1.0,0.0,2.0,1.0,0.22,0.0
5653,30.0,20.0,600.0,180.0,10.0,21.0,13.0,17,255,0,0.0,1.0,0.0,2.0,1.0,0.22,0.0
5654,30.0,20.0,600.0,180.0,10.0,21.0,14.0,17,255,0,0.0,1.0,0.0,2.0,1.0,0.22,0.0
5655,30.0,20.0,600.0,180.0,10.0,21.0,15.0,17,255,0,0.0,1.0,0.0,2.0,1.0,0.22,0.0
5656,30.0,20.0,600.0,180.0,10.0,21.0,16.0,17,255,0,0.0,1.0,0.0,2.0,1.0,0.22,0.0
5657,30.0,20.0,600.0,180.0,10.0,21.0,17.0,17,255,0,0.0,1.0,0.0,2.0,1.0,0.22,0.0
5658,30.0,20.0,600.0,180.0,10.0,21.0,18.0,17,255,0,0.0,1.0,0.0,2.0,1.0,0.22,0.0
5659,30.0,20.0,600.0,180.0,10.0,21.0,19.0,17,255,0,0.0,1.0,0.0,2.0,1.0,0.22,0.0
5660,30.0,20.0,600.0,180.0,10.0,22.0,0.0,17,255,0,0.0,1.0,0.0,2.0,1.0,0.22,0.0
5661,30.0,20.0,600.0,180.0,10.0,22.0,1.0,17,255,0,0.0,1.0,0.0,2.0,1.0,0.22,0.0
5662,30.0,20.0,600.0,180.0,10.0,22.0,2.0,17,255,0,0.0,1.0,0.0,2.0,1.0,0.22,0.0
5663,30.0,20.0,600.0,180.0,10.0,22.0,3.0,17,255,0,0.0,1.0,0.0,2.0,1.0,0.22,0.0
5664,30.0,20.0,600.0,180.0,10.0,22.0,4.0,17,255,0,0.0,1.0,0.0,2.0,1.0,0.22,0.0
5665,30.0,20.0,600.0,180.0,10.0,22.0,5.0,17,255,0,0.0,1.0,0.0,2.0,1.0,0.22,0.0
5666,30.0,20.0,600.0,180.0,10.0,22.0,6.0,17,255,0,0.0,1.0,0.0,2.0,1.0,0.22,0.0
5667,30.0,20.0,600.0,180.0,10.0,22.0,7.0,17,255,0,0.0,1.0,0.0,2.0,1.0,0.22,0.0
5668,30.0,20.0,600.0,180.0,10.0,22.0,8.0,17,255,0,0.0,1.0,0.0,2.0,1.0,0.22,0.0
5669,30.0,20.0,600.0,180.0,10.0,22.0,9.0,17,255,0,0.0,1.0,0.0,2.0,1.0,0.22,0.0
5670,30.0,20.0,600.0,180.0,10.0,22.0,10.0,17,255,0,0.0,1.0,0.0,2.0,1.0,0.22,0.0
5671,30.0,20.0,600.0,180.0,10.0,22.0,11.0,17,255,0,0.0,1.0,0.0,2.0,1.0,0.22,0.0
5672,30.0,20.0,600.0,180.0,10.0,22.0,12.0,17,255,0,0.0,1.0,0.0,2.0,1.0,0.22,0.0
5673,30.0,20.0,600.0,180.0,10.0,22.0,13.0,17,255,0,0.0,1.0,0.0,2.0,1.0,0.22,0.0
5674,30.0,20.0,600.0,180.0,10.0,22.0,14.0,17,255,0,0.0,0.692,0.0,2.0,1.0,0.22,0.0
5675,30.0,20.0,600.0,180.0,10.0,22.0,15.0,17,255,0,0.0,1.0,0.0,2.0,1.0,0.22,0.0
5676,30.0,20.0,600.0,180.0,10.0,22.0,16.0,17,255,0,0.0,1.0,0.0,2.0,1.0,0.22,0.0
5677,30.0,20.0,600.0,180.0,10.0,22.0,17.0,17,255,0,0.0,1.0,0.0,2.0,1.0,0.22,0.0
5678,30.0,20.0,600.0,180.0,10.0,22.0,18.0,17,255,0,0.0,1.0,0.0,2.0,1.0,0.22,0.0
5679,30.0,20.0,600.0,180.0,10.0,22.0,19.0,17,255,0,0.0,1.0,0.0,2.0,1.0,0.22,0.0
5680,30.0,20.0,600.0,180.0,10.0,23.0,0.0,17,255,0,0.0,1.0,0.0,2.0,1.0,0.22,0.0
5681,30.0,20.0,600.0,180.0,10.0,23.0,1.0,17,255,0,0.0,1.0,0.0,2.0,1.0,0.22,0.0
5682,30.0,20.0,600.0,180.0,10.0,23.0,2.0,17,255,0,0.0,1.0,0.0,2.0,1.0,0.22,0.0
5683,30.0,20.0,600.0,180.0,10.0,23.0,3.0,17,255,0,0.0,1.0,0.0,2.0,1.0,0.22,0.0
5684,30.0,20.0,600.0,180.0,10.0,23.0,4.0,17,255,0,0.0,1.0,0.0,2.0,1.0,0.22,0.0
5685,30.0,20.0,600.0,180.0,10.0,23.0,5.0,17,255,0,0.0,1.0,0.0,2.0,1.0,0.22,0.0
5686,30.0,20.0,600.0,180.0,10.0,23.0,6.0,17,255,0,0.0,1.0,0.0,2.0,1.0,0.22,0.0
5687,30.0,20.0,600.0,180.0,10.0,23.0,7.0,17,255,0,0.0,1.0,0.0,2.0,1.0,0.22,0.0
5688,30.0,20.0,600.0,180.0,10.0,23.0,8.0,17,255,0,0.0,1.0,0.0,2.0,1.0,0.22,0.0
5689,30.0,20.0,600.0,180.0,10.0,23.0,9.0,17,255,0,0.0,0.565,0.0,2.0,1.0,0.22,0.0
5690,30.0,20.0,600.0,180.0,10.0,23.0,10.0,17,255,0,0.0,1.0,0.0,2.0,1.0,0.22,0.0
5691,30.0,20.0,600.0,180.0,10.0,23.0,11.0,17,255,0,0.0,1.0,0.0,2.0,1.0,0.22,0.0
5692,30.0,20.0,600.0,180.0,10.0,23.0,12.0,17,255,0,0.0,1.0,0.0,2.0,1.0,0.22,0.0
5693,30.0,20.0,600.0,180.0,10.0,23.0,13.0,17,255,0,0.0,1.0,0.0,2.0,1.0,0.22,0.0
5694,30.0,20.0,600.0,180.0,10.0,23.0,14.0,17,255,0,0.0,0.594,0.0,2.0,1.0,0.22,0.0
5695,30.0,20.0,600.0,180.0,10.0,23.0,15.0,17,255,0,0.0,1.0,0.0,2.0,1.0,0.22,0.0
5696,30.0,20.0,600.0,180.0,10.0,23.0,16.0,17,255,0,0.0,1.0,0.0,2.0,1.0,0.22,0.0
5697,30.0,20.0,600.0,180.0,10.0,23.0,17.0,17,255,0,0.0,1.0,0.0,2.0,1.0,0.22,0.0
5698,30.0,20.0,600.0,180.0,10.0,23.0,18.0,17,255,0,0.0,1.0,0.0,2.0,1.0,0.22,0.0
5699,30.0,20.0,600.0,180.0,10.0,23.0,19.0,17,255,0,0.0,1.0,0.0,2.0,1.0,0.22,0.0
5700,30.0,20.0,600.0,180.0,10.0,24.0,0.0,17,255,0,0.0,1.0,0.0,2.0,1.0,0.22,0.0
5701,30.0,20.0,600.0,180.0,10.0,24.0,1.0,17,255,0,0.0,1.0,0.0,2.0,1.0,0.22,0.0
5702,30.0,20.0,600.0,180.0,10.0,24.0,2.0,17,255,0,0.0,1.0,0.0,2.0,1.0,0.22,0.0
5703,30.0,20.0,600.0,180.0,10.0,24.0,3.0,17,255,0,0.0,1.0,0.0,2.0,1.0,0.22,0.0
5704,30.0,20.0,600.0,180.0,10.0,24.0,4.0,17,255,0,0.0,1.0,0.0,2.0,1.0,0.22,0.0
5705,30.0,20.0,600.0,180.0,10.0,24.0,5.0,17,255,0,0.0,1.0,0.0,2.0,1.0,0.22,0.0
5706,30.0,20.0,600.0,180.0,10.0,24.0,6.0,17,255,0,0.0,1.0,0.0,2.0,1.0,0.22,0.0
5707,30.0,20.0,600.0,180.0,10.0,24.0,7.0,17,255,0,0.0,1.0,0.0,2.0,1.0,0.22,0.0
5708,30.0,20.0,600.0,180.0,10.0,24.0,8.0,17,255,0,0.0,1.0,0.0,2.0,1.0,0.22,0.0
5709,30.0,20.0,600.0,180.0,10.0,24.0,9.0,17,255,0,0.0,1.0,0.0,2.0,1.0,0.22,0.0
5710,30.0,20.0,600.0,180.0,10.0,24.0,10.0,17,255,0,0.0,1.0,0.0,2.0,1.0,0.22,0.0
5711,30.0,20.0,600.0,180.0,10.0,24.0,11.0,17,255,0,0.0,1.0,0.0,2.0,1.0,0.22,0.0
5712,30.0,20.0,600.0,180.0,10.0,24.0,12.0,17,255,0,0.0,1.0,0.0,2.0,1.0,0.22,0.0
5713,30.0,20.0,600.0,180.0,10.0,24.0,13.0,17,255,0,0.0,1.0,0.0,2.0,1.0,0.22,0.0
5714,30.0,20.0,600.0,180.0,10.0,24.0,14.0,17,255,0,0.0,1.0,0.0,2.0,1.0,0.22,0.0
5715,30.0,20.0,600.0,180.0,10.0,24.0,15.0,17,255,0,0.0,1.0,0.0,2.0,1.0,0.22,0.0
5716,30.0,20.0,600.0,180.0,10.0,24.0,16.0,17,255,0,0.0,1.0,0.0,2.0,1.0,0.22,0.0
5717,30.0,20.0,600.0,180.0,10.0,24.0,17.0,17,255,0,0.0,1.0,0.0,2.0,1.0,0.22,0.0
5718,30.0,20.0,600.0,180.0,10.0,24.0,18.0,17,255,0,0.0,1.0,0.0,2.0,1.0,0.22,0.0
5719,30.0,20.0,600.0,180.0,10.0,24.0,19.0,17,255,0,0.0,1.0,0.0,2.0,1.0,0.22,0.0
5720,30.0,20.0,600.0,180.0,10.0,25.0,0.0,17,255,0,0.0,1.0,0.0,2.0,1.0,0.22,0.0
5721,30.0,20.0,600.0,180.0,10.0,25.0,1.0,17,255,0,0.0,1.0,0.0,2.0,1.0,0.22,0.0
5722,30.0,20.0,600.0,180.0,10.0,25.0,2.0,17,255,0,0.0,1.0,0.0,2.0,1.0,0.22,0.0
5723,30.0,20.0,600.0,180.0,10.0,25.0,3.0,17,255,0,0.0,1.0,0.0,2.0,1.0,0.22,0.0
5724,30.0,20.0,600.0,180.0,10.0,25.0,4.0,17,255,0,0.0,1.0,0.0,2.0,1.0,0.22,0.0
5725,30.0,20.0,600.0,180.0,10.0,25.0,5.0,17,255,0,0.0,0.601,0.0,2.0,1.0,0.22,0.0
5726,30.0,20.0,600.0,180.0,10.0,25.0,6.0,17,255,0,0.0,1.0,0.0,2.0,1.0,0.22,0.0
5727,30.0,20.0,600.0,180.0,10.0,25.0,7.0,17,255,0,0.0,0.651,0.0,2.0,1.0,0.22,0.0
5728,30.0,20.0,600.0,180.0,10.0,25.0,8.0,17,255,0,0.0,1.0,0.0,2.0,1.0,0.22,0.0
5729,30.0,20.0,600.0,180.0,10.0,25.0,9.0,17,255,0,0.0,1.0,0.0,2.0,1.0,0.22,0.0
5730,30.0,20.0,600.0,180.0,10.0,25.0,10.0,17,255,0,0.0,1.0,0.0,2.0,1.0,0.22,0.0
5731,30.0,20.0,600.0,180.0,10.0,25.0,11.0,17,255,0,0.0,1.0,0.0,2.0,1.0,0.22,0.0
5732,30.0,20.0,600.0,180.0,10.0,25.0,12.0,17,255,0,0.0,1.0,0.0,2.0,1.0,0.22,0.0
5733,30.0,20.0,600.0,180.0,10.0,25.0,13.0,17,255,0,0.0,1.0,0.0,2.0,1.0,0.22,0.0
5734,30.0,20.0,600.0,180.0,10.0,25.0,14.0,17,255,0,0.0,1.0,0.0,2.0,1.0,0.22,0.0
5735,30.0,20.0,600.0,180.0,10.0,25.0,15.0,17,255,0,0.0,1.0,0.0,2.0,1.0,0.22,0.0
5736,30.0,20.0,600.0,180.0,10.0,25.0,16.0,17,255,0,0.0,1.0,0.0,2.0,1.0,0.22,0.0
5737,30.0,20.0,600.0,180.0,10.0,25.0,17.0,17,255,0,0.0,1.0,0.0,2.0,1.0,0.22,0.0
5738,30.0,20.0,600.0,180.0,10.0,25.0,18.0,17,255,0,0.0,1.0,0.0,2.0,1.0,0.22,0.0
5739,30.0,20.0,600.0,180.0,10.0,25.0,19.0,17,255,0,0.0,1.0,0.0,2.0,1.0,0.22,0.0
5740,30.0,20.0,600.0,180.0,10.0,26.0,0.0,17,255,0,0.0,1.0,0.0,2.0,1.0,0.22,0.0
5741,30.0,20.0,600.0,180.0,10.0,26.0,1.0,17,255,0,0.0,1.0,0.0,2.0,1.0,0.22,0.0
5742,30.0,20.0,600.0,180.0,10.0,26.0,2.0,17,255,0,0.0,1.0,0.0,2.0,1.0,0.22,0.0
5743,30.0,20.0,600.0,180.0,10.0,26.0,3.0,17,255,0,0.0,1.0,0.0,2.0,1.0,0.22,0.0
5744,30.0,20.0,600.0,180.0,10.0,26.0,4.0,17,255,0,0.0,1.0,0.0,2.0,1.0,0.22,0.0
5745,30.0,20.0,600.0,180.0,10.0,26.0,5.0,17,255,0,0.0,1.0,0.0,2.0,1.0,0.22,0.0
5746,30.0,20.0,600.0,180.0,10.0,26.0,6.0,17,255,0,0.0,1.0,0.0,2.0,1.0,0.22,0.0
5747,30.0,20.0,600.0,180.0,10.0,26.0,7.0,17,255,0,0.0,1.0,0.0,2.0,1.0,0.22,0.0
5748,30.0,20.0,600.0,180.0,10.0,26.0,8.0,17,255,0,0.0,1.0,0.0,2.0,1.0,0.22,0.0
5749,30.0,20.0,600.0,180.0,10.0,26.0,9.0,17,255,0,0.0,1.0,0.0,2.0,1.0,0.22,0.0
5750,30.0,20.0,600.0,180.0,10.0,26.0,10.0,17,255,0,0.0,1.0,0.0,2.0,1.0,0.22,0.0
5751,30.0,20.0,600.0,180.0,10.0,26.0,11.0,17,255,0,0.0,1.0,0.0,2.0,1.0,0.22,0.0
5752,30.0,20.0,600.0,180.0,10.0,26.0,12.0,17,255,0,0.0,1.0,0.0,2.0,1.0,0.22,0.0
5753,30.0,20.0,600.0,180.0,10.0,26.0,13.0,17,255,0,0.0,1.0,0.0,2.0,1.0,0.22,0.0
5754,30.0,20.0,600.0,180.0,10.0,26.0,14.0,17,255,0,0.0,1.0,0.0,2.0,1.0,0.22,0.0
5755,30.0,20.0,600.0,180.0,10.0,26.0,15.0,17,255,0,0.0,1.0,0.0,2.0,1.0,0.22,0.0
5756,30.0,20.0,600.0,180.0,10.0,26.0,16.0,17,255,0,0.0,1.0,0.0,2.0,1.0,0.22,0.0
5757,30.0,20.0,600.0,180.0,10.0,26.0,17.0,17,255,0,0.0,1.0,0.0,2.0,1.0,0.22,0.0
5758,30.0,20.0,600.0,180.0,10.0,26.0,18.0,17,255,0,0.0,1.0,0.0,2.0,1.0,0.22,0.0
5759,30.0,20.0,600.0,180.0,10.0,26.0,19.0,17,255,0,0.0,1.0,0.0,2.0,1.0,0.22,0.0
5760,30.0,20.0,600.0,180.0,10.0,27.0,0.0,17,255,0,0.0,1.0,0.0,2.0,1.0,0.22,0.0
5761,30.0,20.0,600.0,180.0,10.0,27.0,1.0,17,255,0,0.0,1.0,0.0,2.0,1.0,0.22,0.0
5762,30.0,20.0,600.0,180.0,10.0,27.0,2.0,17,255,0,0.0,1.0,0.0,2.0,1.0,0.22,0.0
5763,30.0,20.0,600.0,180.0,10.0,27.0,3.0,17,255,0,0.0,1.0,0.0,2.0,1.0,0.22,0.0
5764,30.0,20.0,600.0,180.0,10.0,27.0,4.0,17,255,0,0.0,1.0,0.0,2.0,1.0,0.22,0.0
5765,30.0,20.0,600.0,180.0,10.0,27.0,5.0,17,255,0,0.0,1.0,0.0,2.0,1.0,0.22,0.0
5766,30.0,20.0,600.0,180.0,10.0,27.0,6.0,17,255,0,0.0,1.0,0.0,2.0,1.0,0.22,0.0
5767,30.0,20.0,600.0,180.0,10.0,27.0,7.0,17,255,0,0.0,1.0,0.0,2.0,1.0,0.22,0.0
5768,30.0,20.0,600.0,180.0,10.0,27.0,8.0,17,255,0,0.0,1.0,0.0,2.0,1.0,0.22,0.0
5769,30.0,20.0,600.0,180.0,10.0,27.0,9.0,17,255,0,0.0,1.0,0.0,2.0,1.0,0.22,0.0
5770,30.0,20.0,600.0,180.0,10.0,27.0,10.0,17,255,0,0.0,1.0,0.0,2.0,1.0,0.22,0.0
5771,30.0,20.0,600.0,180.0,10.0,27.0,11.0,17,255,0,0.0,1.0,0.0,2.0,1.0,0.22,0.0
5772,30.0,20.0,600.0,180.0,10.0,27.0,12.0,17,255,0,0.0,1.0,0.0,2.0,1.0,0.22,0.0
5773,30.0,20.0,600.0,180.0,10.0,27.0,13.0,17,255,0,0.0,1.0,0.0,2.0,1.0,0.22,0.0
5774,30.0,20.0,600.0,180.0,10.0,27.0,14.0,17,255,0,0.0,1.0,0.0,2.0,1.0,0.22,0.0
5775,30.0,20.0,600.0,180.0,10.0,27.0,15.0,17,255,0,0.0,1.0,0.0,2.0,1.0,0.22,0.0
5776,30.0,20.0,600.0,180.0,10.0,27.0,16.0,17,255,0,0.0,1.0,0.0,2.0,1.0,0.22,0.0
5777,30.0,20.0,600.0,180.0,10.0,27.0,17.0,17,255,0,0.0,1.0,0.0,2.0,1.0,0.22,0.0
5778,30.0,20.0,600.0,180.0,10.0,27.0,18.0,17,255,0,0.0,1.0,0.0,2.0,1.0,0.22,0.0
5779,30.0,20.0,600.0,180.0,10.0,27.0,19.0,17,255,0,0.0,1.0,0.0,2.0,1.0,0.22,0.0
5780,30.0,20.0,600.0,180.0,10.0,28.0,0.0,17,255,0,0.0,1.0,0.0,2.0,1.0,0.22,0.0
5781,30.0,20.0,600.0,180.0,10.0,28.0,1.0,17,255,0,0.0,1.0,0.0,2.0,1.0,0.22,0.0
5782,30.0,20.0,600.0,180.0,10.0,28.0,2.0,17,255,0,0.0,1.0,0.0,2.0,1.0,0.22,0.0
5783,30.0,20.0,600.0,180.0,10.0,28.0,3.0,17,255,0,0.0,1.0,0.0,2.0,1.0,0.22,0.0
5784,30.0,20.0,600.0,180.0,10.0,28.0,4.0,17,255,0,0.0,1.0,0.0,2.0,1.0,0.22,0.0
5785,30.0,20.0,600.0,180.0,10.0,28.0,5.0,17,255,0,0.0,1.0,0.0,2.0,1.0,0.22,0.0
5786,30.0,20.0,600.0,180.0,10.0,28.0,6.0,17,255,0,0.0,1.0,0.0,2.0,1.0,0.22,0.0
5787,30.0,20.0,600.0,180.0,10.0,28.0,7.0,17,255,0,0.0,1.0,0.0,2.0,1.0,0.22,0.0
5788,30.0,20.0,600.0,180.0,10.0,28.0,8.0,17,255,0,0.0,1.0,0.0,2.0,1.0,0.22,0.0
5789,30.0,20.0,600.0,180.0,10.0,28.0,9.0,17,255,0,0.0,1.0,0.0,2.0,1.0,0.22,0.0
5790,30.0,20.0,600.0,180.0,10.0,28.0,10.0,17,255,0,0.0,1.0,0.0,2.0,1.0,0.22,0.0
5791,30.0,20.0,600.0,180.0,10.0,28.0,11.0,17,255,0,0.0,1.0,0.0,2.0,1.0,0.22,0.0
5792,30.0,20.0,600.0,180.0,10.0,28.0,12.0,17,255,0,0.0,1.0,0.0,2.0,1.0,0.22,0.0
5793,30.0,20.0,600.0,180.0,10.0,28.0,13.0,17,255,0,0.0,1.0,0.0,2.0,1.0,0.22,0.0
5794,30.0,20.0,600.0,180.0,10.0,28.0,14.0,17,255,0,0.0,1.0,0.0,2.0,1.0,0.22,0.0
5795,30.0,20.0,600.0,180.0,10.0,28.0,15.0,17,255,0,0.0,1.0,0.0,2.0,1.0,0.22,0.0
5796,30.0,20.0,600.0,180.0,10.0,28.0,16.0,17,255,0,0.0,1.0,0.0,2.0,1.0,0.22,0.0
5797,30.0,20.0,600.0,180.0,10.0,28.0,17.0,17,255,0,0.0,1.0,0.0,2.0,1.0,0.22,0.0
5798,30.0,20.0,600.0,180.0,10.0,28.0,18.0,17,255,0,0.0,1.0,0.0,2.0,1.0,0.22,0.0
5799,30.0,20.0,600.0,180.0,10.0,28.0,19.0,17,255,0,0.0,1.0,0.0,2.0,1.0,0.22,0.0
5800,30.0,20.0,600.0,180.0,10.0,0.0,0.0,18,270,0,0.0,0.516,0.0,2.0,1.0,0.22,0.0
5801,30.0,20.0,600.0,180.0,10.0,0.0,1.0,18,270,0,0.0,0.585,0.0,2.0,1.0,0.22,0.0
5802,30.0,20.0,600.0,180.0,10.0,0.0,2.0,18,270,0,0.0,0.412,0.0,2.0,1.0,0.22,0.0
5803,30.0,20.0,600.0,180.0,10.0,0.0,3.0,18,270,0,0.0,0.313,0.0,2.0,1.0,0.22,0.0
5804,30.0,20.0,600.0,180.0,10.0,0.0,4.0,18,270,0,0.0,0.486,0.0,2.0,1.0,0.22,0.0
5805,30.0,20.0,600.0,180.0,10.0,0.0,5.0,18,270,0,0.0,0.567,0.0,2.0,1.0,0.22,0.0
5806,30.0,20.0,600.0,180.0,10.0,0.0,6.0,18,270,0,0.0,0.615,0.0,2.0,1.0,0.22,0.0
5807,30.0,20.0,600.0,180.0,10.0,0.0,7.0,18,270,0,0.0,0.641,0.0,2.0,1.0,0.22,0.0
5808,30.0,20.0,600.0,180.0,10.0,0.0,8.0,18,270,0,0.0,0.695,0.0,2.0,1.0,0.22,0.0
5809,30.0,20.0,600.0,180.0,10.0,0.0,9.0,18,270,0,0.0,0.691,0.0,2.0,1.0,0.22,0.0
5810,30.0,20.0,600.0,180.0,10.0,0.0,10.0,18,270,0,0.0,0.43,0.0,2.0,1.0,0.22,0.0
5811,30.0,20.0,600.0,180.0,10.0,0.0,11.0,18,270,0,0.0,0.302,0.0,2.0,1.0,0.22,0.0
5812,30.0,20.0,600.0,180.0,10.0,0.0,12.0,18,270,0,0.0,0.635,0.0,2.0,1.0,0.22,0.0
5813,30.0,20.0,600.0,180.0,10.0,0.0,13.0,18,270,0,0.0,0.438,0.0,2.0,1.0,0.22,0.0
5814,30.0,20.0,600.0,180.0,10.0,0.0,14.0,18,270,0,0.0,0.636,0.0,2.0,1.0,0.22,0.0
5815,30.0,20.0,600.0,180.0,10.0,0.0,15.0,18,270,0,0.0,0.352,0.0,2.0,1.0,0.22,0.0
5816,30.0,20.0,600.0,180.0,10.0,0.0,16.0,18,270,0,0.0,0.32,0.0,2.0,1.0,0.22,0.0
5817,30.0,20.0,600.0,180.0,10.0,0.0,17.0,18,270,0,0.0,0.384,0.0,2.0,1.0,0.22,0.0
5818,30.0,20.0,600.0,180.0,10.0,0.0,18.0,18,270,0,0.0,0.641,0.0,2.0,1.0,0.22,0.0
5819,30.0,20.0,600.0,180.0,10.0,0.0,19.0,18,270,0,0.0,0.616,0.0,2.0,1.0,0.22,0.0
5820,30.0,20.0,600.0,180.0,10.0,1.0,0.0,18,270,0,0.0,0.352,0.0,2.0,1.0,0.22,0.0
5821,30.0,20.0,600.0,180.0,10.0,1.0,1.0,18,270,0,0.0,0.363,0.0,2.0,1.0,0.22,0.0
5822,30.0,20.0,600.0,180.0,10.0,1.0,2.0,18,270,0,0.0,0.691,0.0,2.0,1.0,0.22,0.0
5823,30.0,20.0,600.0,180.0,10.0,1.0,3.0,18,270,0,0.0,0.68,0.0,2.0,1.0,0.22,0.0
5824,30.0,20.0,600.0,180.0,10.0,1.0,4.0,18,270,0,0.0,0.564,0.0,2.0,1.0,0.22,0.0
5825,30.0,20.0,600.0,180.0,10.0,1.0,5.0,18,270,0,0.0,0.42,0.0,2.0,1.0,0.22,0.0
5826,30.0,20.0,600.0,180.0,10.0,1.0,6.0,18,270,0,0.0,0.405,0.0,2.0,1.0,0.22,0.0
5827,30.0,20.0,600.0,180.0,10.0,1.0,7.0,18,270,0,0.0,0.472,0.0,2.0,1.0,0.22,0.0
5828,30.0,20.0,600.0,180.0,10.0,1.0,8.0,18,270,0,0.0,0.373,0.0,2.0,1.0,0.22,0.0
5829,30.0,20.0,600.0,180.0,10.0,1.0,9.0,18,270,0,0.0,0.565,0.0,2.0,1.0,0.22,0.0
5830,30.0,20.0,600.0,180.0,10.0,1.0,10.0,18,270,0,0.0,0.673,0.0,2.0,1.0,0.22,0.0
5831,30.0,20.0,600.0,180.0,10.0,1.0,11.0,18,270,0,0.0,0.622,0.0,2.0,1.0,0.22,0.0
5832,30.0,20.0,600.0,180.0,10.0,1.0,12.0,18,270,0,0.0,0.648,0.0,2.0,1.0,0.22,0.0
5833,30.0,20.0,600.0,180.0,10.0,1.0,13.0,18,270,0,0.0,0.575,0.0,2.0,1.0,0.22,0.0
5834,30.0,20.0,600.0,180.0,10.0,1.0,14.0,18,270,0,0.0,0.59,0.0,2.0,1.0,0.22,0.0
5835,30.0,20.0,600.0,180.0,10.0,1.0,15.0,18,270,0,0.0,0.453,0.0,2.0,1.0,0.22,0.0
5836,30.0,20.0,600.0,180.0,10.0,1.0,16.0,18,270,0,0.0,0.557,0.0,2.0,1.0,0.22,0.0
5837,30.0,20.0,600.0,180.0,10.0,1.0,17.0,18,270,0,0.0,0.383,0.0,2.0,1.0,0.22,0.0
5838,30.0,20.0,600.0,180.0,10.0,1.0,18.0,18,270,0,0.0,0.524,0.0,2.0,1.0,0.22,0.0
5839,30.0,20.0,600.0,180.0,10.0,1.0,19.0,18,270,0,0.0,0.344,0.0,2.0,1.0,0.22,0.0
5840,30.0,20.0,600.0,180.0,10.0,2.0,0.0,18,270,0,0.0,0.552,0.0,2.0,1.0,0.22,0.0
5841,30.0,20.0,600.0,180.0,10.0,2.0,1.0,18,270,0,0.0,0.301,0.0,2.0,1.0,0.22,0.0
5842,30.0,20.0,600.0,180.0,10.0,2.0,2.0,18,270,0,0.0,0.648,0.0,2.0,1.0,0.22,0.0
5843,30.0,20.0,600.0,180.0,10.0,2.0,3.0,18,270,0,0.0,0.336,0.0,2.0,1.0,0.22,0.0
5844,30.0,20.0,600.0,180.0,10.0,2.0,4.0,18,270,0,0.0,0.634,0.0,2.0,1.0,0.22,0.0
5845,30.0,20.0,600.0,180.0,10.0,2.0,5.0,18,270,0,0.0,0.506,0.0,2.0,1.0,0.22,0.0
5846,30.0,20.0,600.0,180.0,10.0,2.0,6.0,18,270,0,0.0,0.421,0.0,2.0,1.0,0.22,0.0
5847,30.0,20.0,600.0,180.0,10.0,2.0,7.0,18,270,0,0.0,0.356,0.0,2.0,1.0,0.22,0.0
5848,30.0,20.0,600.0,180.0,10.0,2.0,8.0,18,270,0,0.0,0.419,0.0,2.0,1.0,0.22,0.0
5849,30.0,20.0,600.0,180.0,10.0,2.0,9.0,18,270,0,0.0,0.672,0.0,2.0,1.0,0.22,0.0
5850,30.0,20.0,600.0,180.0,10.0,2.0,10.0,18,270,0,0.0,0.455,0.0,2.0,1.0,0.22,0.0
5851,30.0,20.0,600.0,180.0,10.0,2.0,11.0,18,270,0,0.0,0.472,0.0,2.0,1.0,0.22,0.0
5852,30.0,20.0,600.0,180.0,10.0,2.0,12.0,18,270,0,0.0,0.493,0.0,2.0,1.0,0.22,0.0
5853,30.0,20.0,600.0,180.0,10.0,2.0,13.0,18,270,0,0.0,0.605,0.0,2.0,1.0,0.22,0.0
5854,30.0,20.0,600.0,180.0,10.0,2.0,14.0,18,270,0,0.0,0.518,0.0,2.0,1.0,0.22,0.0
5855,30.0,20.0,600.0,180.0,10.0,2.0,15.0,18,270,0,0.0,0.685,0.0,2.0,1.0,0.22,0.0
5856,30.0,20.0,600.0,180.0,10.0,2.0,16.0,18,270,0,0.0,0.501,0.0,2.0,1.0,0.22,0.0
5857,30.0,20.0,600.0,180.0,10.0,2.0,17.0,18,270,0,0.0,0.677,0.0,2.0,1.0,0.22,0.0
5858,30.0,20.0,600.0,180.0,10.0,2.0,18.0,18,270,0,0.0,0.477,0.0,2.0,1.0,0.22,0.0
5859,30.0,20.0,600.0,180.0,10.0,2.0,19.0,18,270,0,0.0,0.557,0.0,2.0,1.0,0.22,0.0
5860,30.0,20.0,600.0,180.0,10.0,3.0,0.0,18,270,0,0.0,0.37,0.0,2.0,1.0,0.22,0.0
5861,30.0,20.0,600.0,180.0,10.0,3.0,1.0,18,270,0,0.0,0.514,0.0,2.0,1.0,0.22,0.0
5862,30.0,20.0,600.0,180.0,10.0,3.0,2.0,18,270,0,0.0,0.31,0.0,2.0,1.0,0.22,0.0
5863,30.0,20.0,600.0,180.0,10.0,3.0,3.0,18,270,0,0.0,0.455,0.0,2.0,1.0,0.22,0.0
5864,30.0,20.0,600.0,180.0,10.0,3.0,4.0,18,270,0,0.0,0.634,0.0,2.0,1.0,0.22,0.0
5865,30.0,20.0,600.0,180.0,10.0,3.0,5.0,18,270,0,0.0,0.322,0.0,2.0,1.0,0.22,0.0
5866,30.0,20.0,600.0,180.0,10.0,3.0,6.0,18,270,0,0.0,0.384,0.0,2.0,1.0,0.22,0.0
5867,30.0,20.0,600.0,180.0,10.0,3.0,7.0,18,270,0,0.0,0.474,0.0,2.0,1.0,0.22,0.0
5868,30.0,20.0,600.0,180.0,10.0,3.0,8.0,18,270,0,0.0,0.539,0.0,2.0,1.0,0.22,0.0
5869,30.0,20.0,600.0,180.0,10.0,3.0,9.0,18,270,0,0.0,0.584,0.0,2.0,1.0,0.22,0.0
5870,30.0,20.0,600.0,180.0,10.0,3.0,10.0,18,270,0,0.0,0.57,0.0,2.0,1.0,0.22,0.0
5871,30.0,20.0,600.0,180.0,10.0,3.0,11.0,18,270,0,0.0,0.603,0.0,2.0,1.0,0.22,0.0
5872,30.0,20.0,600.0,180.0,10.0,3.0,12.0,18,270,0,0.0,0.634,0.0,2.0,1.0,0.22,0.0
5873,30.0,20.0,600.0,180.0,10.0,3.0,13.0,18,270,0,0.0,0.472,0.0,2.0,1.0,0.22,0.0
5874,30.0,20.0,600.0,180.0,10.0,3.0,14.0,18,270,0,0.0,0.465,0.0,2.0,1.0,0.22,0.0
5875,30.0,20.0,600.0,180.0,10.0,3.0,15.0,18,270,0,0.0,0.438,0.0,2.0,1.0,0.22,0.0
5876,30.0,20.0,600.0,180.0,10.0,3.0,16.0,18,270,0,0.0,0.394,0.0,2.0,1.0,0.22,0.0
5877,30.0,20.0,600.0,180.0,10.0,3.0,17.0,18,270,0,0.0,0.698,0.0,2.0,1.0,0.22,0.0
5878,30.0,20.0,600.0,180.0,10.0,3.0,18.0,18,270,0,0.0,0.458,0.0,2.0,1.0,0.22,0.0
5879,30.0,20.0,600.0,180.0,10.0,3.0,19.0,18,270,0,0.0,0.583,0.0,2.0,1.0,0.22,0.0
5880,30.0,20.0,600.0,180.0,10.0,4.0,0.0,18,270,0,0.0,0.397,0.0,2.0,1.0,0.22,0.0
5881,30.0,20.0,600.0,180.0,10.0,4.0,1.0,18,270,0,0.0,0.641,0.0,2.0,1.0,0.22,0.0
5882,30.0,20.0,600.0,180.0,10.0,4.0,2.0,18,270,0,0.0,0.65,0.0,2.0,1.0,0.22,0.0
5883,30.0,20.0,600.0,180.0,10.0,4.0,3.0,18,270,0,0.0,0.523,0.0,2.0,1.0,0.22,0.0
5884,30.0,20.0,600.0,180.0,10.0,4.0,4.0,18,270,0,0.0,0.595,0.0,2.0,1.0,0.22,0.0
5885,30.0,20.0,600.0,180.0,10.0,4.0,5.0,18,270,0,0.0,0.524,0.0,2.0,1.0,0.22,0.0
5886,30.0,20.0,600.0,180.0,10.0,4.0,6.0,18,270,0,0.0,0.657,0.0,2.0,1.0,0.22,0.0
5887,30.0,20.0,600.0,180.0,10.0,4.0,7.0,18,270,0,0.0,0.65,0.0,2.0,1.0,0.22,0.0
5888,30.0,20.0,600.0,180.0,10.0,4.0,8.0,18,270,0,0.0,0.46,0.0,2.0,1.0,0.22,0.0
5889,30.0,20.0,600.0,180.0,10.0,4.0,9.0,18,270,0,0.0,0.614,0.0,2.0,1.0,0.22,0.0
5890,30.0,20.0,600.0,180.0,10.0,4.0,10.0,18,270,0,0.0,0.421,0.0,2.0,1.0,0.22,0.0
5891,30.0,20.0,600.0,180.0,10.0,4.0,11.0,18,270,0,0.0,0.401,0.0,2.0,1.0,0.22,0.0
5892,30.0,20.0,600.0,180.0,10.0,4.0,12.0,18,270,0,0.0,0.687,0.0,2.0,1.0,0.22,0.0
5893,30.0,20.0,600.0,180.0,10.0,4.0,13.0,18,270,0,0.0,0.558,0.0,2.0,1.0,0.22,0.0
5894,30.0,20.0,600.0,180.0,10.0,4.0,14.0,18,270,0,0.0,0.495,0.0,2.0,1.0,0.22,0.0
5895,30.0,20.0,600.0,180.0,10.0,4.0,15.0,18,270,0,0.0,0.409,0.0,2.0,1.0,0.22,0.0
5896,30.0,20.0,600.0,180.0,10.0,4.0,16.0,18,270,0,0.0,0.302,0.0,2.0,1.0,0.22,0.0
5897,30.0,20.0,600.0,180.0,10.0,4.0,17.0,18,270,0,0.0,0.608,0.0,2.0,1.0,0.22,0.0
5898,30.0,20.0,600.0,180.0,10.0,4.0,18.0,18,270,0,0.0,0.354,0.0,2.0,1.0,0.22,0.0
5899,30.0,20.0,600.0,180.0,10.0,4.0,19.0,18,270,0,0.0,0.502,0.0,2.0,1.0,0.22,0.0
5900,30.0,20.0,600.0,180.0,10.0,5.0,0.0,18,270,0,0.0,0.529,0.0,2.0,1.0,0.22,0.0
5901,30.0,20.0,600.0,180.0,10.0,5.0,1.0,18,270,0,0.0,0.626,0.0,2.0,1.0,0.22,0.0
5902,30.0,20.0,600.0,180.0,10.0,5.0,2.0,18,270,0,0.0,0.506,0.0,2.0,1.0,0.22,0.0
5903,30.0,20.0,600.0,180.0,10.0,5.0,3.0,18,270,0,0.0,0.494,0.0,2.0,1.0,0.22,0.0
5904,30.0,20.0,600.0,180.0,10.0,5.0,4.0,18,270,0,0.0,0.693,0.0,2.0,1.0,0.22,0.0
5905,30.0,20.0,600.0,180.0,10.0,5.0,5.0,18,270,0,0.0,0.598,0.0,2.0,1.0,0.22,0.0
5906,30.0,20.0,600.0,180.0,10.0,5.0,6.0,18,270,0,0.0,0.407,0.0,2.0,1.0,0.22,0.0
5907,30.0,20.0,600.0,180.0,10.0,5.0,7.0,18,270,0,0.0,0.663,0.0,2.0,1.0,0.22,0.0
5908,30.0,20.0,600.0,180.0,10.0,5.0,8.0,18,270,0,0.0,0.605,0.0,2.0,1.0,0.22,0.0
5909,30.0,20.0,600.0,180.0,10.0,5.0,9.0,18,270,0,0.0,0.514,0.0,2.0,1.0,0.22,0.0
5910,30.0,20.0,600.0,180.0,10.0,5.0,10.0,18,270,0,0.0,0.34,0.0,2.0,1.0,0.22,0.0
5911,30.0,20.0,600.0,180.0,10.0,5.0,11.0,18,270,0,0.0,0.562,0.0,2.0,1.0,0.22,0.0
5912,30.0,20.0,600.0,180.0,10.0,5.0,12.0,18,270,0,0.0,0.459,0.0,2.0,1.0,0.22,0.0
5913,30.0,20.0,600.0,180.0,10.0,5.0,13.0,18,270,0,0.0,0.464,0.0,2.0,1.0,0.22,0.0
5914,30.0,20.0,600.0,180.0,10.0,5.0,14.0,18,270,0,0.0,0.572,0.0,2.0,1.0,0.22,0.0
5915,30.0,20.0,600.0,180.0,10.0,5.0,15.0,18,270,0,0.0,0.473,0.0,2.0,1.0,0.22,0.0
5916,30.0,20.0,600.0,180.0,10.0,5.0,16.0,18,270,0,0.0,0.421,0.0,2.0,1.0,0.22,0.0
5917,30.0,20.0,600.0,180.0,10.0,5.0,17.0,18,270,0,0.0,0.489,0.0,2.0,1.0,0.22,0.0
5918,30.0,20.0,600.0,180.0,10.0,5.0,18.0,18,270,0,0.0,0.588,0.0,2.0,1.0,0.22,0.0
5919,30.0,20.0,600.0,180.0,10.0,5.0,19.0,18,270,0,0.0,0.882,0.0,2.0,1.0,0.22,0.0
5920,30.0,20.0,600.0,180.0,10.0,6.0,0.0,18,270,0,0.0,0.463,0.0,2.0,1.0,0.22,0.0
5921,30.0,20.0,600.0,180.0,10.0,6.0,1.0,18,270,0,0.0,0.581,0.0,2.0,1.0,0.22,0.0
5922,30.0,20.0,600.0,180.0,10.0,6.0,2.0,18,270,0,0.0,0.488,0.0,2.0,1.0,0.22,0.0
5923,30.0,20.0,600.0,180.0,10.0,6.0,3.0,18,270,0,0.0,0.478,0.0,2.0,1.0,0.22,0.0
5924,30.0,20.0,600.0,180.0,10.0,6.0,4.0,18,270,0,0.0,0.404,0.0,2.0,1.0,0.22,0.0
5925,30.0,20.0,600.0,180.0,10.0,6.0,5.0,18,270,0,0.0,0.384,0.0,2.0,1.0,0.22,0.0
5926,30.0,20.0,600.0,180.0,10.0,6.0,6.0,18,270,0,0.0,0.417,0.0,2.0,1.0,0.22,0.0
5927,30.0,20.0,600.0,180.0,10.0,6.0,7.0,18,270,0,0.0,0.612,0.0,2.0,1.0,0.22,0.0
5928,30.0,20.0,600.0,180.0,10.0,6.0,8.0,18,270,0,0.0,0.401,0.0,2.0,1.0,0.22,0.0
5929,30.0,20.0,600.0,180.0,10.0,6.0,9.0,18,270,0,0.0,0.473,0.0,2.0,1.0,0.22,0.0
5930,30.0,20.0,600.0,180.0,10.0,6.0,10.0,18,270,0,0.0,0.628,0.0,2.0,1.0,0.22,0.0
5931,30.0,20.0,600.0,180.0,10.0,6.0,11.0,18,270,0,0.0,0.743,0.0,2.0,1.0,0.22,0.0
5932,30.0,20.0,600.0,180.0,10.0,6.0,12.0,18,270,0,0.0,0.645,0.0,2.0,1.0,0.22,0.0
5933,30.0,20.0,600.0,180.0,10.0,6.0,13.0,18,270,0,0.0,0.605,0.0,2.0,1.0,0.22,0.0
5934,30.0,20.0,600.0,180.0,10.0,6.0,14.0,18,270,0,0.0,0.699,0.0,2.0,1.0,0.22,0.0
5935,30.0,20.0,600.0,180.0,10.0,6.0,15.0,18,270,0,0.0,0.589,0.0,2.0,1.0,0.22,0.0
5936,30.0,20.0,600.0,180.0,10.0,6.0,16.0,18,270,0,0.0,0.404,0.0,2.0,1.0,0.22,0.0
5937,30.0,20.0,600.0,180.0,10.0,6.0,17.0,18,270,0,0.0,0.661,0.0,2.0,1.0,0.22,0.0
5938,30.0,20.0,600.0,180.0,10.0,6.0,18.0,18,270,0,0.0,0.42,0.0,2.0,1.0,0.22,0.0
5939,30.0,20.0,600.0,180.0,10.0,6.0,19.0,18,270,0,0.0,0.393,0.0,2.0,1.0,0.22,0.0
5940,30.0,20.0,600.0,180.0,10.0,7.0,0.0,18,270,0,0.0,0.68,0.0,2.0,1.0,0.22,0.0
5941,30.0,20.0,600.0,180.0,10.0,7.0,1.0,18,270,0,0.0,0.584,0.0,2.0,1.0,0.22,0.0
5942,30.0,20.0,600.0,180.0,10.0,7.0,2.0,18,270,0,0.0,0.326,0.0,2.0,1.0,0.22,0.0
5943,30.0,20.0,600.0,180.0,10.0,7.0,3.0,18,270,0,0.0,0.524,0.0,2.0,1.0,0.22,0.0
5944,30.0,20.0,600.0,180.0,10.0,7.0,4.0,18,270,0,0.0,0.675,0.0,2.0,1.0,0.22,0.0
5945,30.0,20.0,600.0,180.0,10.0,7.0,5.0,18,270,0,0.0,0.617,0.0,2.0,1.0,0.22,0.0
5946,30.0,20.0,600.0,180.0,10.0,7.0,6.0,18,270,0,0.0,0.562,0.0,2.0,1.0,0.22,0.0
5947,30.0,20.0,600.0,180.0,10.0,7.0,7.0,18,270,0,0.0,0.624,0.0,2.0,1.0,0.22,0.0
5948,30.0,20.0,600.0,180.0,10.0,7.0,8.0,18,270,0,0.0,0.422,0.0,2.0,1.0,0.22,0.0
5949,30.0,20.0,600.0,180.0,10.0,7.0,9.0,18,270,0,0.0,0.343,0.0,2.0,1.0,0.22,0.0
5950,30.0,20.0,600.0,180.0,10.0,7.0,10.0,18,270,0,0.0,0.677,0.0,2.0,1.0,0.22,0.0
5951,30.0,20.0,600.0,180.0,10.0,7.0,11.0,18,270,0,0.0,0.644,0.0,2.0,1.0,0.22,0.0
5952,30.0,20.0,600.0,180.0,10.0,7.0,12.0,18,270,0,0.0,0.685,0.0,2.0,1.0,0.22,0.0
5953,30.0,20.0,600.0,180.0,10.0,7.0,13.0,18,270,0,0.0,0.389,0.0,2.0,1.0,0.22,0.0
5954,30.0,20.0,600.0,180.0,10.0,7.0,14.0,18,270,0,0.0,0.455,0.0,2.0,1.0,0.22,0.0
5955,30.0,20.0,600.0,180.0,10.0,7.0,15.0,18,270,0,0.0,0.616,0.0,2.0,1.0,0.22,0.0
5956,30.0,20.0,600.0,180.0,10.0,7.0,16.0,18,270,0,0.0,0.645,0.0,2.0,1.0,0.22,0.0
5957,30.0,20.0,600.0,180.0,10.0,7.0,17.0,18,270,0,0.0,0.313,0.0,2.0,1.0,0.22,0.0
5958,30.0,20.0,600.0,180.0,10.0,7.0,18.0,18,270,0,0.0,0.697,0.0,2.0,1.0,0.22,0.0
5959,30.0,20.0,600.0,180.0,10.0,7.0,19.0,18,270,0,0.0,0.53,0.0,2.0,1.0,0.22,0.0
5960,30.0,20.0,600.0,180.0,10.0,8.0,0.0,18,270,0,0.0,0.439,0.0,2.0,1.0,0.22,0.0
5961,30.0,20.0,600.0,180.0,10.0,8.0,1.0,18,270,0,0.0,0.503,0.0,2.0,1.0,0.22,0.0
5962,30.0,20.0,600.0,180.0,10.0,8.0,2.0,18,270,0,0.0,0.584,0.0,2.0,1.0,0.22,0.0
5963,30.0,20.0,600.0,180.0,10.0,8.0,3.0,18,270,0,0.0,0.511,0.0,2.0,1.0,0.22,0.0
5964,30.0,20.0,600.0,180.0,10.0,8.0,4.0,18,270,0,0.0,0.657,0.0,2.0,1.0,0.22,0.0
5965,30.0,20.0,600.0,180.0,10.0,8.0,5.0,18,270,0,0.0,0.595,0.0,2.0,1.0,0.22,0.0
5966,30.0,20.0,600.0,180.0,10.0,8.0,6.0,18,270,0,0.0,0.411,0.0,2.0,1.0,0.22,0.0
5967,30.0,20.0,600.0,180.0,10.0,8.0,7.0,18,270,0,0.0,0.36,0.0,2.0,1.0,0.22,0.0
5968,30.0,20.0,600.0,180.0,10.0,8.0,8.0,18,270,0,0.0,0.418,0.0,2.0,1.0,0.22,0.0
5969,30.0,20.0,600.0,180.0,10.0,8.0,9.0,18,270,0,0.0,0.309,0.0,2.0,1.0,0.22,0.0
5970,30.0,20.0,600.0,180.0,10.0,8.0,10.0,18,270,0,0.0,0.673,0.0,2.0,1.0,0.22,0.0
5971,30.0,20.0,600.0,180.0,10.0,8.0,11.0,18,270,0,0.0,0.474,0.0,2.0,1.0,0.22,0.0
5972,30.0,20.0,600.0,180.0,10.0,8.0,12.0,18,270,0,0.0,0.358,0.0,2.0,1.0,0.22,0.0
5973,30.0,20.0,600.0,180.0,10.0,8.0,13.0,18,270,0,0.0,0.567,0.0,2.0,1.0,0.22,0.0
5974,30.0,20.0,600.0,180.0,10.0,8.0,14.0,18,270,0,0.0,0.335,0.0,2.0,1.0,0.22,0.0
5975,30.0,20.0,600.0,180.0,10.0,8.0,15.0,18,270,0,0.0,0.398,0.0,2.0,1.0,0.22,0.0
5976,30.0,20.0,600.0,180.0,10.0,8.0,16.0,18,270,0,0.0,0.462,0.0,2.0,1.0,0.22,0.0
5977,30.0,20.0,600.0,180.0,10.0,8.0,17.0,18,270,0,0.0,0.501,0.0,2.0,1.0,0.22,0.0
5978,30.0,20.0,600.0,180.0,10.0,8.0,18.0,18,270,0,0.0,0.531,0.0,2.0,1.0,0.22,0.0
5979,30.0,20.0,600.0,180.0,10.0,8.0,19.0,18,270,0,0.0,0.493,0.0,2.0,1.0,0.22,0.0
5980,30.0,20.0,600.0,180.0,10.0,9.0,0.0,18,270,0,0.0,0.363,0.0,2.0,1.0,0.22,0.0
5981,30.0,20.0,600.0,180.0,10.0,9.0,1.0,18,270,0,0.0,0.658,0.0,2.0,1.0,0.22,0.0
5982,30.0,20.0,600.0,180.0,10.0,9.0,2.0,18,270,0,0.0,0.341,0.0,2.0,1.0,0.22,0.0
5983,30.0,20.0,600.0,180.0,10.0,9.0,3.0,18,270,0,0.0,0.648,0.0,2.0,1.0,0.22,0.0
5984,30.0,20.0,600.0,180.0,10.0,9.0,4.0,18,270,0,0.0,0.305,0.0,2.0,1.0,0.22,0.0
5985,30.0,20.0,600.0,180.0,10.0,9.0,5.0,18,270,0,0.0,0.373,0.0,2.0,1.0,0.22,0.0
5986,30.0,20.0,600.0,180.0,10.0,9.0,6.0,18,270,0,0.0,0.474,0.0,2.0,1.0,0.22,0.0
5987,30.0,20.0,600.0,180.0,10.0,9.0,7.0,18,270,0,0.0,0.673,0.0,2.0,1.0,0.22,0.0
5988,30.0,20.0,600.0,180.0,10.0,9.0,8.0,18,270,0,0.0,0.595,0.0,2.0,1.0,0.22,0.0
5989,30.0,20.0,600.0,180.0,10.0,9.0,9.0,18,270,0,0.0,0.499,0.0,2.0,1.0,0.22,0.0
5990,30.0,20.0,600.0,180.0,10.0,9.0,10.0,18,270,0,0.0,0.43,0.0,2.0,1.0,0.22,0.0
5991,30.0,20.0,600.0,180.0,10.0,9.0,11.0,18,270,0,0.0,0.62,0.0,2.0,1.0,0.22,0.0
5992,30.0,20.0,600.0,180.0,10.0,9.0,12.0,18,270,0,0.0,0.518,0.0,2.0,1.0,0.22,0.0
5993,30.0,20.0,600.0,180.0,10.0,9.0,13.0,18,270,0,0.0,0.45,0.0,2.0,1.0,0.22,0.0
5994,30.0,20.0,600.0,180.0,10.0,9.0,14.0,18,270,0,0.0,0.479,0.0,2.0,1.0,0.22,0.0
5995,30.0,20.0,600.0,180.0,10.0,9.0,15.0,18,270,0,0.0,0.636,0.0,2.0,1.0,0.22,0.0
5996,30.0,20.0,600.0,180.0,10.0,9.0,16.0,18,270,0,0.0,0.405,0.0,2.0,1.0,0.22,0.0
5997,30.0,20.0,600.0,180.0,10.0,9.0,17.0,18,270,0,0.0,0.417,0.0,2.0,1.0,0.22,0.0
5998,30.0,20.0,600.0,180.0,10.0,9.0,18.0,18,270,0,0.0,0.525,0.0,2.0,1.0,0.22,0.0
5999,30.0,20.0,600.0,180.0,10.0,9.0,19.0,18,270,0,0.0,0.474,0.0,2.0,1.0,0.22,0.0
6000,30.0,20.0,600.0,180.0,10.0,10.0,0.0,18,270,0,0.0,0.635,0.0,2.0,1.0,0.22,0.0
6001,30.0,20.0,600.0,180.0,10.0,10.0,1.0,18,270,0,0.0,0.551,0.0,2.0,1.0,0.22,0.0
6002,30.0,20.0,600.0,180.0,10.0,10.0,2.0,18,270,0,0.0,0.46,0.0,2.0,1.0,0.22,0.0
6003,30.0,20.0,600.0,180.0,10.0,10.0,3.0,18,270,0,0.0,0.56,0.0,2.0,1.0,0.22,0.0
6004,30.0,20.0,600.0,180.0,10.0,10.0,4.0,18,270,0,0.0,0.416,0.0,2.0,1.0,0.22,0.0
6005,30.0,20.0,600.0,180.0,10.0,10.0,5.0,18,270,0,0.0,0.69,0.0,2.0,1.0,0.22,0.0
6006,30.0,20.0,600.0,180.0,10.0,10.0,6.0,18,270,0,0.0,0.383,0.0,2.0,1.0,0.22,0.0
6007,30.0,20.0,600.0,180.0,10.0,10.0,7.0,18,270,0,0.0,0.513,0.0,2.0,1.0,0.22,0.0
6008,30.0,20.0,600.0,180.0,10.0,10.0,8.0,18,270,0,0.0,0.503,0.0,2.0,1.0,0.22,0.0
6009,30.0,20.0,600.0,180.0,10.0,10.0,9.0,18,270,0,0.0,0.691,0.0,2.0,1.0,0.22,0.0
6010,30.0,20.0,600.0,180.0,10.0,10.0,10.0,18,270,0,0.0,0.583,0.0,2.0,1.0,0.22,0.0
6011,30.0,20.0,600.0,180.0,10.0,10.0,11.0,18,270,0,0.0,0.687,0.0,2.0,1.0,0.22,0.0
6012,30.0,20.0,600.0,180.0,10.0,10.0,12.0,18,270,0,0.0,0.553,0.0,2.0,1.0,0.22,0.0
6013,30.0,20.0,600.0,180.0,10.0,10.0,13.0,18,270,0,0.0,0.479,0.0,2.0,1.0,0.22,0.0
6014,30.0,20.0,600.0,180.0,10.0,10.0,14.0,18,270,0,0.0,0.601,0.0,2.0,1.0,0.22,0.0
6015,30.0,20.0,600.0,180.0,10.0,10.0,15.0,18,270,0,0.0,0.727,0.0,2.0,1.0,0.22,0.0
6016,30.0,20.0,600.0,180.0,10.0,10.0,16.0,18,270,0,0.0,0.685,0.0,2.0,1.0,0.22,0.0
6017,30.0,20.0,600.0,180.0,10.0,10.0,17.0,18,270,0,0.0,0.692,0.0,2.0,1.0,0.22,0.0
6018,30.0,20.0,600.0,180.0,10.0,10.0,18.0,18,270,0,0.0,0.572,0.0,2.0,1.0,0.22,0.0
6019,30.0,20.0,600.0,180.0,10.0,10.0,19.0,18,270,0,0.0,0.382,0.0,2.0,1.0,0.22,0.0
6020,30.0,20.0,600.0,180.0,10.0,11.0,0.0,18,270,0,0.0,1.0,0.0,2.0,1.0,0.22,0.0
6021,30.0,20.0,600.0,180.0,10.0,11.0,1.0,18,270,0,0.0,1.0,0.0,2.0,1.0,0.22,0.0
6022,30.0,20.0,600.0,180.0,10.0,11.0,2.0,18,270,0,0.0,1.0,0.0,2.0,1.0,0.22,0.0
6023,30.0,20.0,600.0,180.0,10.0,11.0,3.0,18,270,0,0.0,1.0,0.0,2.0,1.0,0.22,0.0
6024,30.0,20.0,600.0,180.0,10.0,11.0,4.0,18,270,0,0.0,1.0,0.0,2.0,1.0,0.22,0.0
6025,30.0,20.0,600.0,180.0,10.0,11.0,5.0,18,270,0,0.0,1.0,0.0,2.0,1.0,0.22,0.0
6026,30.0,20.0,600.0,180.0,10.0,11.0,6.0,18,270,0,0.0,1.0,0.0,2.0,1.0,0.22,0.0
6027,30.0,20.0,600.0,180.0,10.0,11.0,7.0,18,270,0,0.0,1.0,0.0,2.0,1.0,0.22,0.0
6028,30.0,20.0,600.0,180.0,10.0,11.0,8.0,18,270,0,0.0,1.0,0.0,2.0,1.0,0.22,0.0
6029,30.0,20.0,600.0,180.0,10.0,11.0,9.0,18,270,0,0.0,1.0,0.0,2.0,1.0,0.22,0.0
6030,30.0,20.0,600.0,180.0,10.0,11.0,10.0,18,270,0,0.0,1.0,0.0,2.0,1.0,0.22,0.0
6031,30.0,20.0,600.0,180.0,10.0,11.0,11.0,18,270,0,0.0,0.877,0.0,2.0,1.0,0.22,0.0
6032,30.0,20.0,600.0,180.0,10.0,11.0,12.0,18,270,0,0.0,1.0,0.0,2.0,1.0,0.22,0.0
6033,30.0,20.0,600.0,180.0,10.0,11.0,13.0,18,270,0,0.0,1.0,0.0,2.0,1.0,0.22,0.0
6034,30.0,20.0,600.0,180.0,10.0,11.0,14.0,18,270,0,0.0,1.0,0.0,2.0,1.0,0.22,0.0
6035,30.0,20.0,600.0,180.0,10.0,11.0,15.0,18,270,0,0.0,1.0,0.0,2.0,1.0,0.22,0.0
6036,30.0,20.0,600.0,180.0,10.0,11.0,16.0,18,270,0,0.0,1.0,0.0,2.0,1.0,0.22,0.0
6037,30.0,20.0,600.0,180.0,10.0,11.0,17.0,18,270,0,0.0,1.0,0.0,2.0,1.0,0.22,0.0
6038,30.0,20.0,600.0,180.0,10.0,11.0,18.0,18,270,0,0.0,1.0,0.0,2.0,1.0,0.22,0.0
6039,30.0,20.0,600.0,180.0,10.0,11.0,19.0,18,270,0,0.0,1.0,0.0,2.0,1.0,0.22,0.0
6040,30.0,20.0,600.0,180.0,10.0,12.0,0.0,18,270,0,0.0,1.0,0.0,2.0,1.0,0.22,0.0
6041,30.0,20.0,600.0,180.0,10.0,12.0,1.0,18,270,0,0.0,1.0,0.0,2.0,1.0,0.22,0.0
6042,30.0,20.0,600.0,180.0,10.0,12.0,2.0,18,270,0,0.0,1.0,0.0,2.0,1.0,0.22,0.0
6043,30.0,20.0,600.0,180.0,10.0,12.0,3.0,18,270,0,0.0,1.0,0.0,2.0,1.0,0.22,0.0
6044,30.0,20.0,600.0,180.0,10.0,12.0,4.0,18,270,0,0.0,1.0,0.0,2.0,1.0,0.22,0.0
6045,30.0,20.0,600.0,180.0,10.0,12.0,5.0,18,270,0,0.0,1.0,0.0,2.0,1.0,0.22,0.0
6046,30.0,20.0,600.0,180.0,10.0,12.0,6.0,18,270,0,0.0,1.0,0.0,2.0,1.0,0.22,0.0
6047,30.0,20.0,600.0,180.0,10.0,12.0,7.0,18,270,0,0.0,1.0,0.0,2.0,1.0,0.22,0.0
6048,30.0,20.0,600.0,180.0,10.0,12.0,8.0,18,270,0,0.0,1.0,0.0,2.0,1.0,0.22,0.0
6049,30.0,20.0,600.0,180.0,10.0,12.0,9.0,18,270,0,0.0,1.0,0.0,2.0,1.0,0.22,0.0
6050,30.0,20.0,600.0,180.0,10.0,12.0,10.0,18,270,0,0.0,1.0,0.0,2.0,1.0,0.22,0.0
6051,30.0,20.0,600.0,180.0,10.0,12.0,11.0,18,270,0,0.0,1.0,0.0,2.0,1.0,0.22,0.0
6052,30.0,20.0,600.0,180.0,10.0,12.0,12.0,18,270,0,0.0,1.0,0.0,2.0,1.0,0.22,0.0
6053,30.0,20.0,600.0,180.0,10.0,12.0,13.0,18,270,0,0.0,1.0,0.0,2.0,1.0,0.22,0.0
6054,30.0,20.0,600.0,180.0,10.0,12.0,14.0,18,270,0,0.0,1.0,0.0,2.0,1.0,0.22,0.0
6055,30.0,20.0,600.0,180.0,10.0,12.0,15.0,18,270,0,0.0,1.0,0.0,2.0,1.0,0.22,0.0
6056,30.0,20.0,600.0,180.0,10.0,12.0,16.0,18,270,0,0.0,1.0,0.0,2.0,1.0,0.22,0.0
6057,30.0,20.0,600.0,180.0,10.0,12.0,17.0,18,270,0,0.0,1.0,0.0,2.0,1.0,0.22,0.0
6058,30.0,20.0,600.0,180.0,10.0,12.0,18.0,18,270,0,0.0,1.0,0.0,2.0,1.0,0.22,0.0
6059,30.0,20.0,600.0,180.0,10.0,12.0,19.0,18,270,0,0.0,1.0,0.0,2.0,1.0,0.22,0.0
6060,30.0,20.0,600.0,180.0,10.0,13.0,0.0,18,270,0,0.0,1.0,0.0,2.0,1.0,0.22,0.0
6061,30.0,20.0,600.0,180.0,10.0,13.0,1.0,18,270,0,0.0,1.0,0.0,2.0,1.0,0.22,0.0
6062,30.0,20.0,600.0,180.0,10.0,13.0,2.0,18,270,0,0.0,1.0,0.0,2.0,1.0,0.22,0.0
6063,30.0,20.0,600.0,180.0,10.0,13.0,3.0,18,270,0,0.0,1.0,0.0,2.0,1.0,0.22,0.0
6064,30.0,20.0,600.0,180.0,10.0,13.0,4.0,18,270,0,0.0,0.728,0.0,2.0,1.0,0.22,0.0
6065,30.0,20.0,600.0,180.0,10.0,13.0,5.0,18,270,0,0.0,1.0,0.0,2.0,1.0,0.22,0.0
6066,30.0,20.0,600.0,180.0,10.0,13.0,6.0,18,270,0,0.0,1.0,0.0,2.0,1.0,0.22,0.0
6067,30.0,20.0,600.0,180.0,10.0,13.0,7.0,18,270,0,0.0,1.0,0.0,2.0,1.0,0.22,0.0
6068,30.0,20.0,600.0,180.0,10.0,13.0,8.0,18,270,0,0.0,1.0,0.0,2.0,1.0,0.22,0.0
6069,30.0,20.0,600.0,180.0,10.0,13.0,9.0,18,270,0,0.0,1.0,0.0,2.0,1.0,0.22,0.0
6070,30.0,20.0,600.0,180.0,10.0,13.0,10.0,18,270,0,0.0,1.0,0.0,2.0,1.0,0.22,0.0
6071,30.0,20.0,600.0,180.0,10.0,13.0,11.0,18,270,0,0.0,1.0,0.0,2.0,1.0,0.22,0.0
6072,30.0,20.0,600.0,180.0,10.0,13.0,12.0,18,270,0,0.0,1.0,0.0,2.0,1.0,0.22,0.0
6073,30.0,20.0,600.0,180.0,10.0,13.0,13.0,18,270,0,0.0,1.0,0.0,2.0,1.0,0.22,0.0
6074,30.0,20.0,600.0,180.0,10.0,13.0,14.0,18,270,0,0.0,1.0,0.0,2.0,1.0,0.22,0.0
6075,30.0,20.0,600.0,180.0,10.0,13.0,15.0,18,270,0,0.0,1.0,0.0,2.0,1.0,0.22,0.0
6076,30.0,20.0,600.0,180.0,10.0,13.0,16.0,18,270,0,0.0,1.0,0.0,2.0,1.0,0.22,0.0
6077,30.0,20.0,600.0,180.0,10.0,13.0,17.0,18,270,0,0.0,1.0,0.0,2.0,1.0,0.22,0.0
6078,30.0,20.0,600.0,180.0,10.0,13.0,18.0,18,270,0,0.0,1.0,0.0,2.0,1.0,0.22,0.0
6079,30.0,20.0,600.0,180.0,10.0,13.0,19.0,18,270,0,0.0,1.0,0.0,2.0,1.0,0.22,0.0
6080,30.0,20.0,600.0,180.0,10.0,14.0,0.0,18,270,0,0.0,1.0,0.0,2.0,1.0,0.22,0.0
6081,30.0,20.0,600.0,180.0,10.0,14.0,1.0,18,270,0,0.0,1.0,0.0,2.0,1.0,0.22,0.0
6082,30.0,20.0,600.0,180.0,10.0,14.0,2.0,18,270,0,0.0,1.0,0.0,2.0,1.0,0.22,0.0
6083,30.0,20.0,600.0,180.0,10.0,14.0,3.0,18,270,0,0.0,1.0,0.0,2.0,1.0,0.22,0.0
6084,30.0,20.0,600.0,180.0,10.0,14.0,4.0,18,270,0,0.0,1.0,0.0,2.0,1.0,0.22,0.0
6085,30.0,20.0,600.0,180.0,10.0,14.0,5.0,18,270,0,0.0,1.0,0.0,2.0,1.0,0.22,0.0
6086,30.0,20.0,600.0,180.0,10.0,14.0,6.0,18,270,0,0.0,1.0,0.0,2.0,1.0,0.22,0.0
6087,30.0,20.0,600.0,180.0,10.0,14.0,7.0,18,270,0,0.0,1.0,0.0,2.0,1.0,0.22,0.0
6088,30.0,20.0,600.0,180.0,10.0,14.0,8.0,18,270,0,0.0,1.0,0.0,2.0,1.0,0.22,0.0
6089,30.0,20.0,600.0,180.0,10.0,14.0,9.0,18,270,0,0.0,1.0,0.0,2.0,1.0,0.22,0.0
6090,30.0,20.0,600.0,180.0,10.0,14.0,10.0,18,270,0,0.0,1.0,0.0,2.0,1.0,0.22,0.0
6091,30.0,20.0,600.0,180.0,10.0,14.0,11.0,18,270,0,0.0,1.0,0.0,2.0,1.0,0.22,0.0
6092,30.0,20.0,600.0,180.0,10.0,14.0,12.0,18,270,0,0.0,1.0,0.0,2.0,1.0,0.22,0.0
6093,30.0,20.0,600.0,180.0,10.0,14.0,13.0,18,270,0,0.0,1.0,0.0,2.0,1.0,0.22,0.0
6094,30.0,20.0,600.0,180.0,10.0,14.0,14.0,18,270,0,0.0,1.0,0.0,2.0,1.0,0.22,0.0
6095,30.0,20.0,600.0,180.0,10.0,14.0,15.0,18,270,0,0.0,1.0,0.0,2.0,1.0,0.22,0.0
6096,30.0,20.0,600.0,180.0,10.0,14.0,16.0,18,270,0,0.0,1.0,0.0,2.0,1.0,0.22,0.0
6097,30.0,20.0,600.0,180.0,10.0,14.0,17.0,18,270,0,0.0,1.0,0.0,2.0,1.0,0.22,0.0
6098,30.0,20.0,600.0,180.0,10.0,14.0,18.0,18,270,0,0.0,1.0,0.0,2.0,1.0,0.22,0.0
6099,30.0,20.0,600.0,180.0,10.0,14.0,19.0,18,270,0,0.0,1.0,0.0,2.0,1.0,0.22,0.0
6100,30.0,20.0,600.0,180.0,10.0,15.0,0.0,18,270,0,0.0,1.0,0.0,2.0,1.0,0.22,0.0
6101,30.0,20.0,600.0,180.0,10.0,15.0,1.0,18,270,0,0.0,1.0,0.0,2.0,1.0,0.22,0.0
6102,30.0,20.0,600.0,180.0,10.0,15.0,2.0,18,270,0,0.0,1.0,0.0,2.0,1.0,0.22,0.0
6103,30.0,20.0,600.0,180.0,10.0,15.0,3.0,18,270,0,0.0,1.0,0.0,2.0,1.0,0.22,0.0
6104,30.0,20.0,600.0,180.0,10.0,15.0,4.0,18,270,0,0.0,0.675,0.0,2.0,1.0,0.22,0.0
6105,30.0,20.0,600.0,180.0,10.0,15.0,5.0,18,270,0,0.0,1.0,0.0,2.0,1.0,0.22,0.0
6106,30.0,20.0,600.0,180.0,10.0,15.0,6.0,18,270,0,0.0,1.0,0.0,2.0,1.0,0.22,0.0
6107,30.0,20.0,600.0,180.0,10.0,15.0,7.0,18,270,0,0.0,1.0,0.0,2.0,1.0,0.22,0.0
6108,30.0,20.0,600.0,180.0,10.0,15.0,8.0,18,270,0,0.0,1.0,0.0,2.0,1.0,0.22,0.0
6109,30.0,20.0,600.0,180.0,10.0,15.0,9.0,18,270,0,0.0,1.0,0.0,2.0,1.0,0.22,0.0
6110,30.0,20.0,600.0,180.0,10.0,15.0,10.0,18,270,0,0.0,1.0,0.0,2.0,1.0,0.22,0.0
6111,30.0,20.0,600.0,180.0,10.0,15.0,11.0,18,270,0,0.0,1.0,0.0,2.0,1.0,0.22,0.0
6112,30.0,20.0,600.0,180.0,10.0,15.0,12.0,18,270,0,0.0,1.0,0.0,2.0,1.0,0.22,0.0
6113,30.0,20.0,600.0,180.0,10.0,15.0,13.0,18,270,0,0.0,1.0,0.0,2.0,1.0,0.22,0.0
6114,30.0,20.0,600.0,180.0,10.0,15.0,14.0,18,270,0,0.0,1.0,0.0,2.0,1.0,0.22,0.0
6115,30.0,20.0,600.0,180.0,10.0,15.0,15.0,18,270,0,0.0,1.0,0.0,2.0,1.0,0.22,0.0
6116,30.0,20.0,600.0,180.0,10.0,15.0,16.0,18,270,0,0.0,1.0,0.0,2.0,1.0,0.22,0.0
6117,30.0,20.0,600.0,180.0,10.0,15.0,17.0,18,270,0,0.0,1.0,0.0,2.0,1.0,0.22,0.0
6118,30.0,20.0,600.0,180.0,10.0,15.0,18.0,18,270,0,0.0,1.0,0.0,2.0,1.0,0.22,0.0
6119,30.0,20.0,600.0,180.0,10.0,15.0,19.0,18,270,0,0.0,1.0,0.0,2.0,1.0,0.22,0.0
6120,30.0,20.0,600.0,180.0,10.0,16.0,0.0,18,270,0,0.0,0.522,0.0,2.0,1.0,0.22,0.0
6121,30.0,20.0,600.0,180.0,10.0,16.0,1.0,18,270,0,0.0,1.0,0.0,2.0,1.0,0.22,0.0
6122,30.0,20.0,600.0,180.0,10.0,16.0,2.0,18,270,0,0.0,1.0,0.0,2.0,1.0,0.22,0.0
6123,30.0,20.0,600.0,180.0,10.0,16.0,3.0,18,270,0,0.0,1.0,0.0,2.0,1.0,0.22,0.0
6124,30.0,20.0,600.0,180.0,10.0,16.0,4.0,18,270,0,0.0,1.0,0.0,2.0,1.0,0.22,0.0
6125,30.0,20.0,600.0,180.0,10.0,16.0,5.0,18,270,0,0.0,1.0,0.0,2.0,1.0,0.22,0.0
6126,30.0,20.0,600.0,180.0,10.0,16.0,6.0,18,270,0,0.0,1.0,0.0,2.0,1.0,0.22,0.0
6127,30.0,20.0,600.0,180.0,10.0,16.0,7.0,18,270,0,0.0,0.626,0.0,2.0,1.0,0.22,0.0
6128,30.0,20.0,600.0,180.0,10.0,16.0,8.0,18,270,0,0.0,1.0,0.0,2.0,1.0,0.22,0.0
6129,30.0,20.0,600.0,180.0,10.0,16.0,9.0,18,270,0,0.0,1.0,0.0,2.0,1.0,0.22,0.0
6130,30.0,20.0,600.0,180.0,10.0,16.0,10.0,18,270,0,0.0,1.0,0.0,2.0,1.0,0.22,0.0
6131,30.0,20.0,600.0,180.0,10.0,16.0,11.0,18,270,0,0.0,0.709,0.0,2.0,1.0,0.22,0.0
6132,30.0,20.0,600.0,180.0,10.0,16.0,12.0,18,270,0,0.0,1.0,0.0,2.0,1.0,0.22,0.0
6133,30.0,20.0,600.0,180.0,10.0,16.0,13.0,18,270,0,0.0,0.692,0.0,2.0,1.0,0.22,0.0
6134,30.0,20.0,600.0,180.0,10.0,16.0,14.0,18,270,0,0.0,1.0,0.0,2.0,1.0,0.22,0.0
6135,30.0,20.0,600.0,180.0,10.0,16.0,15.0,18,270,0,0.0,1.0,0.0,2.0,1.0,0.22,0.0
6136,30.0,20.0,600.0,180.0,10.0,16.0,16.0,18,270,0,0.0,1.0,0.0,2.0,1.0,0.22,0.0
6137,30.0,20.0,600.0,180.0,10.0,16.0,17.0,18,270,0,0.0,1.0,0.0,2.0,1.0,0.22,0.0
6138,30.0,20.0,600.0,180.0,10.0,16.0,18.0,18,270,0,0.0,0.704,0.0,2.0,1.0,0.22,0.0
6139,30.0,20.0,600.0,180.0,10.0,16.0,19.0,18,270,0,0.0,1.0,0.0,2.0,1.0,0.22,0.0
6140,30.0,20.0,600.0,180.0,10.0,17.0,0.0,18,270,0,0.0,1.0,0.0,2.0,1.0,0.22,0.0
6141,30.0,20.0,600.0,180.0,10.0,17.0,1.0,18,270,0,0.0,1.0,0.0,2.0,1.0,0.22,0.0
6142,30.0,20.0,600.0,180.0,10.0,17.0,2.0,18,270,0,0.0,1.0,0.0,2.0,1.0,0.22,0.0
6143,30.0,20.0,600.0,180.0,10.0,17.0,3.0,18,270,0,0.0,1.0,0.0,2.0,1.0,0.22,0.0
6144,30.0,20.0,600.0,180.0,10.0,17.0,4.0,18,270,0,0.0,1.0,0.0,2.0,1.0,0.22,0.0
6145,30.0,20.0,600.0,180.0,10.0,17.0,5.0,18,270,0,0.0,1.0,0.0,2.0,1.0,0.22,0.0
6146,30.0,20.0,600.0,180.0,10.0,17.0,6.0,18,270,0,0.0,1.0,0.0,2.0,1.0,0.22,0.0
6147,30.0,20.0,600.0,180.0,10.0,17.0,7.0,18,270,0,0.0,1.0,0.0,2.0,1.0,0.22,0.0
6148,30.0,20.0,600.0,180.0,10.0,17.0,8.0,18,270,0,0.0,1.0,0.0,2.0,1.0,0.22,0.0
6149,30.0,20.0,600.0,180.0,10.0,17.0,9.0,18,270,0,0.0,1.0,0.0,2.0,1.0,0.22,0.0
6150,30.0,20.0,600.0,180.0,10.0,17.0,10.0,18,270,0,0.0,1.0,0.0,2.0,1.0,0.22,0.0
6151,30.0,20.0,600.0,180.0,10.0,17.0,11.0,18,270,0,0.0,1.0,0.0,2.0,1.0,0.22,0.0
6152,30.0,20.0,600.0,180.0,10.0,17.0,12.0,18,270,0,0.0,1.0,0.0,2.0,1.0,0.22,0.0
6153,30.0,20.0,600.0,180.0,10.0,17.0,13.0,18,270,0,0.0,1.0,0.0,2.0,1.0,0.22,0.0
6154,30.0,20.0,600.0,180.0,10.0,17.0,14.0,18,270,0,0.0,1.0,0.0,2.0,1.0,0.22,0.0
6155,30.0,20.0,600.0,180.0,10.0,17.0,15.0,18,270,0,0.0,1.0,0.0,2.0,1.0,0.22,0.0
6156,30.0,20.0,600.0,180.0,10.0,17.0,16.0,18,270,0,0.0,1.0,0.0,2.0,1.0,0.22,0.0
6157,30.0,20.0,600.0,180.0,10.0,17.0,17.0,18,270,0,0.0,1.0,0.0,2.0,1.0,0.22,0.0
6158,30.0,20.0,600.0,180.0,10.0,17.0,18.0,18,270,0,0.0,1.0,0.0,2.0,1.0,0.22,0.0
6159,30.0,20.0,600.0,180.0,10.0,17.0,19.0,18,270,0,0.0,1.0,0.0,2.0,1.0,0.22,0.0
6160,30.0,20.0,600.0,180.0,10.0,18.0,0.0,18,270,0,0.0,1.0,0.0,2.0,1.0,0.22,0.0
6161,30.0,20.0,600.0,180.0,10.0,18.0,1.0,18,270,0,0.0,1.0,0.0,2.0,1.0,0.22,0.0
6162,30.0,20.0,600.0,180.0,10.0,18.0,2.0,18,270,0,0.0,1.0,0.0,2.0,1.0,0.22,0.0
6163,30.0,20.0,600.0,180.0,10.0,18.0,3.0,18,270,0,0.0,1.0,0.0,2.0,1.0,0.22,0.0
6164,30.0,20.0,600.0,180.0,10.0,18.0,4.0,18,270,0,0.0,1.0,0.0,2.0,1.0,0.22,0.0
6165,30.0,20.0,600.0,180.0,10.0,18.0,5.0,18,270,0,0.0,1.0,0.0,2.0,1.0,0.22,0.0
6166,30.0,20.0,600.0,180.0,10.0,18.0,6.0,18,270,0,0.0,1.0,0.0,2.0,1.0,0.22,0.0
6167,30.0,20.0,600.0,180.0,10.0,18.0,7.0,18,270,0,0.0,1.0,0.0,2.0,1.0,0.22,0.0
6168,30.0,20.0,600.0,180.0,10.0,18.0,8.0,18,270,0,0.0,1.0,0.0,2.0,1.0,0.22,0.0
6169,30.0,20.0,600.0,180.0,10.0,18.0,9.0,18,270,0,0.0,1.0,0.0,2.0,1.0,0.22,0.0
6170,30.0,20.0,600.0,180.0,10.0,18.0,10.0,18,270,0,0.0,1.0,0.0,2.0,1.0,0.22,0.0
6171,30.0,20.0,600.0,180.0,10.0,18.0,11.0,18,270,0,0.0,1.0,0.0,2.0,1.0,0.22,0.0
6172,30.0,20.0,600.0,180.0,10.0,18.0,12.0,18,270,0,0.0,1.0,0.0,2.0,1.0,0.22,0.0
6173,30.0,20.0,600.0,180.0,10.0,18.0,13.0,18,270,0,0.0,1.0,0.0,2.0,1.0,0.22,0.0
6174,30.0,20.0,600.0,180.0,10.0,18.0,14.0,18,270,0,0.0,1.0,0.0,2.0,1.0,0.22,0.0
6175,30.0,20.0,600.0,180.0,10.0,18.0,15.0,18,270,0,0.0,1.0,0.0,2.0,1.0,0.22,0.0
6176,30.0,20.0,600.0,180.0,10.0,18.0,16.0,18,270,0,0.0,1.0,0.0,2.0,1.0,0.22,0.0
6177,30.0,20.0,600.0,180.0,10.0,18.0,17.0,18,270,0,0.0,1.0,0.0,2.0,1.0,0.22,0.0
6178,30.0,20.0,600.0,180.0,10.0,18.0,18.0,18,270,0,0.0,0.667,0.0,2.0,1.0,0.22,0.0
6179,30.0,20.0,600.0,180.0,10.0,18.0,19.0,18,270,0,0.0,1.0,0.0,2.0,1.0,0.22,0.0
6180,30.0,20.0,600.0,180.0,10.0,19.0,0.0,18,270,0,0.0,1.0,0.0,2.0,1.0,0.22,0.0
6181,30.0,20.0,600.0,180.0,10.0,19.0,1.0,18,270,0,0.0,1.0,0.0,2.0,1.0,0.22,0.0
6182,30.0,20.0,600.0,180.0,10.0,19.0,2.0,18,270,0,0.0,1.0,0.0,2.0,1.0,0.22,0.0
6183,30.0,20.0,600.0,180.0,10.0,19.0,3.0,18,270,0,0.0,1.0,0.0,2.0,1.0,0.22,0.0
6184,30.0,20.0,600.0,180.0,10.0,19.0,4.0,18,270,0,0.0,1.0,0.0,2.0,1.0,0.22,0.0
6185,30.0,20.0,600.0,180.0,10.0,19.0,5.0,18,270,0,0.0,1.0,0.0,2.0,1.0,0.22,0.0
6186,30.0,20.0,600.0,180.0,10.0,19.0,6.0,18,270,0,0.0,1.0,0.0,2.0,1.0,0.22,0.0
6187,30.0,20.0,600.0,180.0,10.0,19.0,7.0,18,270,0,0.0,1.0,0.0,2.0,1.0,0.22,0.0
6188,30.0,20.0,600.0,180.0,10.0,19.0,8.0,18,270,0,0.0,1.0,0.0,2.0,1.0,0.22,0.0
6189,30.0,20.0,600.0,180.0,10.0,19.0,9.0,18,270,0,0.0,1.0,0.0,2.0,1.0,0.22,0.0
6190,30.0,20.0,600.0,180.0,10.0,19.0,10.0,18,270,0,0.0,1.0,0.0,2.0,1.0,0.22,0.0
6191,30.0,20.0,600.0,180.0,10.0,19.0,11.0,18,270,0,0.0,1.0,0.0,2.0,1.0,0.22,0.0
6192,30.0,20.0,600.0,180.0,10.0,19.0,12.0,18,270,0,0.0,1.0,0.0,2.0,1.0,0.22,0.0
6193,30.0,20.0,600.0,180.0,10.0,19.0,13.0,18,270,0,0.0,1.0,0.0,2.0,1.0,0.22,0.0
6194,30.0,20.0,600.0,180.0,10.0,19.0,14.0,18,270,0,0.0,1.0,0.0,2.0,1.0,0.22,0.0
6195,30.0,20.0,600.0,180.0,10.0,19.0,15.0,18,270,0,0.0,1.0,0.0,2.0,1.0,0.22,0.0
6196,30.0,20.0,600.0,180.0,10.0,19.0,16.0,18,270,0,0.0,1.0,0.0,2.0,1.0,0.22,0.0
6197,30.0,20.0,600.0,180.0,10.0,19.0,17.0,18,270,0,0.0,1.0,0.0,2.0,1.0,0.22,0.0
6198,30.0,20.0,600.0,180.0,10.0,19.0,18.0,18,270,0,0.0,1.0,0.0,2.0,1.0,0.22,0.0
6199,30.0,20.0,600.0,180.0,10.0,19.0,19.0,18,270,0,0.0,1.0,0.0,2.0,1.0,0.22,0.0
6200,30.0,20.0,600.0,180.0,10.0,20.0,0.0,18,270,0,0.0,1.0,0.0,2.0,1.0,0.22,0.0
6201,30.0,20.0,600.0,180.0,10.0,20.0,1.0,18,270,0,0.0,1.0,0.0,2.0,1.0,0.22,0.0
6202,30.0,20.0,600.0,180.0,10.0,20.0,2.0,18,270,0,0.0,1.0,0.0,2.0,1.0,0.22,0.0
6203,30.0,20.0,600.0,180.0,10.0,20.0,3.0,18,270,0,0.0,1.0,0.0,2.0,1.0,0.22,0.0
6204,30.0,20.0,600.0,180.0,10.0,20.0,4.0,18,270,0,0.0,1.0,0.0,2.0,1.0,0.22,0.0
6205,30.0,20.0,600.0,180.0,10.0,20.0,5.0,18,270,0,0.0,1.0,0.0,2.0,1.0,0.22,0.0
6206,30.0,20.0,600.0,180.0,10.0,20.0,6.0,18,270,0,0.0,1.0,0.0,2.0,1.0,0.22,0.0
6207,30.0,20.0,600.0,180.0,10.0,20.0,7.0,18,270,0,0.0,1.0,0.0,2.0,1.0,0.22,0.0
6208,30.0,20.0,600.0,180.0,10.0,20.0,8.0,18,270,0,0.0,1.0,0.0,2.0,1.0,0.22,0.0
6209,30.0,20.0,600.0,180.0,10.0,20.0,9.0,18,270,0,0.0,1.0,0.0,2.0,1.0,0.22,0.0
6210,30.0,20.0,600.0,180.0,10.0,20.0,10.0,18,270,0,0.0,1.0,0.0,2.0,1.0,0.22,0.0
6211,30.0,20.0,600.0,180.0,10.0,20.0,11.0,18,270,0,0.0,1.0,0.0,2.0,1.0,0.22,0.0
6212,30.0,20.0,600.0,180.0,10.0,20.0,12.0,18,270,0,0.0,1.0,0.0,2.0,1.0,0.22,0.0
6213,30.0,20.0,600.0,180.0,10.0,20.0,13.0,18,270,0,0.0,1.0,0.0,2.0,1.0,0.22,0.0
6214,30.0,20.0,600.0,180.0,10.0,20.0,14.0,18,270,0,0.0,1.0,0.0,2.0,1.0,0.22,0.0
6215,30.0,20.0,600.0,180.0,10.0,20.0,15.0,18,270,0,0.0,1.0,0.0,2.0,1.0,0.22,0.0
6216,30.0,20.0,600.0,180.0,10.0,20.0,16.0,18,270,0,0.0,1.0,0.0,2.0,1.0,0.22,0.0
6217,30.0,20.0,600.0,180.0,10.0,20.0,17.0,18,270,0,0.0,1.0,0.0,2.0,1.0,0.22,0.0
6218,30.0,20.0,600.0,180.0,10.0,20.0,18.0,18,270,0,0.0,1.0,0.0,2.0,1.0,0.22,0.0
6219,30.0,20.0,600.0,180.0,10.0,20.0,19.0,18,270,0,0.0,1.0,0.0,2.0,1.0,0.22,0.0
6220,30.0,20.0,600.0,180.0,10.0,21.0,0.0,18,270,0,0.0,1.0,0.0,2.0,1.0,0.22,0.0
6221,30.0,20.0,600.0,180.0,10.0,21.0,1.0,18,270,0,0.0,1.0,0.0,2.0,1.0,0.22,0.0
6222,30.0,20.0,600.0,180.0,10.0,21.0,2.0,18,270,0,0.0,1.0,0.0,2.0,1.0,0.22,0.0
6223,30.0,20.0,600.0,180.0,10.0,21.0,3.0,18,270,0,0.0,1.0,0.0,2.0,1.0,0.22,0.0
6224,30.0,20.0,600.0,180.0,10.0,21.0,4.0,18,270,0,0.0,1.0,0.0,2.0,1.0,0.22,0.0
6225,30.0,20.0,600.0,180.0,10.0,21.0,5.0,18,270,0,0.0,1.0,0.0,2.0,1.0,0.22,0.0
6226,30.0,20.0,600.0,180.0,10.0,21.0,6.0,18,270,0,0.0,1.0,0.0,2.0,1.0,0.22,0.0
6227,30.0,20.0,600.0,180.0,10.0,21.0,7.0,18,270,0,0.0,1.0,0.0,2.0,1.0,0.22,0.0
6228,30.0,20.0,600.0,180.0,10.0,21.0,8.0,18,270,0,0.0,1.0,0.0,2.0,1.0,0.22,0.0
6229,30.0,20.0,600.0,180.0,10.0,21.0,9.0,18,270,0,0.0,1.0,0.0,2.0,1.0,0.22,0.0
6230,30.0,20.0,600.0,180.0,10.0,21.0,10.0,18,270,0,0.0,1.0,0.0,2.0,1.0,0.22,0.0
6231,30.0,20.0,600.0,180.0,10.0,21.0,11.0,18,270,0,0.0,1.0,0.0,2.0,1.0,0.22,0.0
6232,30.0,20.0,600.0,180.0,10.0,21.0,12.0,18,270,0,0.0,1.0,0.0,2.0,1.0,0.22,0.0
6233,30.0,20.0,600.0,180.0,10.0,21.0,13.0,18,270,0,0.0,1.0,0.0,2.0,1.0,0.22,0.0
6234,30.0,20.0,600.0,180.0,10.0,21.0,14.0,18,270,0,0.0,1.0,0.0,2.0,1.0,0.22,0.0
6235,30.0,20.0,600.0,180.0,10.0,21.0,15.0,18,270,0,0.0,0.612,0.0,2.0,1.0,0.22,0.0
6236,30.0,20.0,600.0,180.0,10.0,21.0,16.0,18,270,0,0.0,1.0,0.0,2.0,1.0,0.22,0.0
6237,30.0,20.0,600.0,180.0,10.0,21.0,17.0,18,270,0,0.0,1.0,0.0,2.0,1.0,0.22,0.0
6238,30.0,20.0,600.0,180.0,10.0,21.0,18.0,18,270,0,0.0,1.0,0.0,2.0,1.0,0.22,0.0
6239,30.0,20.0,600.0,180.0,10.0,21.0,19.0,18,270,0,0.0,1.0,0.0,2.0,1.0,0.22,0.0
6240,30.0,20.0,600.0,180.0,10.0,22.0,0.0,18,270,0,0.0,1.0,0.0,2.0,1.0,0.22,0.0
6241,30.0,20.0,600.0,180.0,10.0,22.0,1.0,18,270,0,0.0,1.0,0.0,2.0,1.0,0.22,0.0
6242,30.0,20.0,600.0,180.0,10.0,22.0,2.0,18,270,0,0.0,1.0,0.0,2.0,1.0,0.22,0.0
6243,30.0,20.0,600.0,180.0,10.0,22.0,3.0,18,270,0,0.0,1.0,0.0,2.0,1.0,0.22,0.0
6244,30.0,20.0,600.0,180.0,10.0,22.0,4.0,18,270,0,0.0,1.0,0.0,2.0,1.0,0.22,0.0
6245,30.0,20.0,600.0,180.0,10.0,22.0,5.0,18,270,0,0.0,1.0,0.0,2.0,1.0,0.22,0.0
6246,30.0,20.0,600.0,180.0,10.0,22.0,6.0,18,270,0,0.0,1.0,0.0,2.0,1.0,0.22,0.0
6247,30.0,20.0,600.0,180.0,10.0,22.0,7.0,18,270,0,0.0,1.0,0.0,2.0,1.0,0.22,0.0
6248,30.0,20.0,600.0,180.0,10.0,22.0,8.0,18,270,0,0.0,1.0,0.0,2.0,1.0,0.22,0.0
6249,30.0,20.0,600.0,180.0,10.0,22.0,9.0,18,270,0,0.0,1.0,0.0,2.0,1.0,0.22,0.0
6250,30.0,20.0,600.0,180.0,10.0,22.0,10.0,18,270,0,0.0,1.0,0.0,2.0,1.0,0.22,0.0
6251,30.0,20.0,600.0,180.0,10.0,22.0,11.0,18,270,0,0.0,1.0,0.0,2.0,1.0,0.22,0.0
6252,30.0,20.0,600.0,180.0,10.0,22.0,12.0,18,270,0,0.0,1.0,0.0,2.0,1.0,0.22,0.0
6253,30.0,20.0,600.0,180.0,10.0,22.0,13.0,18,270,0,0.0,1.0,0.0,2.0,1.0,0.22,0.0
6254,30.0,20.0,600.0,180.0,10.0,22.0,14.0,18,270,0,0.0,1.0,0.0,2.0,1.0,0.22,0.0
6255,30.0,20.0,600.0,180.0,10.0,22.0,15.0,18,270,0,0.0,1.0,0.0,2.0,1.0,0.22,0.0
6256,30.0,20.0,600.0,180.0,10.0,22.0,16.0,18,270,0,0.0,1.0,0.0,2.0,1.0,0.22,0.0
6257,30.0,20.0,600.0,180.0,10.0,22.0,17.0,18,270,0,0.0,0.681,0.0,2.0,1.0,0.22,0.0
6258,30.0,20.0,600.0,180.0,10.0,22.0,18.0,18,270,0,0.0,1.0,0.0,2.0,1.0,0.22,0.0
6259,30.0,20.0,600.0,180.0,10.0,22.0,19.0,18,270,0,0.0,1.0,0.0,2.0,1.0,0.22,0.0
6260,30.0,20.0,600.0,180.0,10.0,23.0,0.0,18,270,0,0.0,1.0,0.0,2.0,1.0,0.22,0.0
6261,30.0,20.0,600.0,180.0,10.0,23.0,1.0,18,270,0,0.0,0.745,0.0,2.0,1.0,0.22,0.0
6262,30.0,20.0,600.0,180.0,10.0,23.0,2.0,18,270,0,0.0,1.0,0.0,2.0,1.0,0.22,0.0
6263,30.0,20.0,600.0,180.0,10.0,23.0,3.0,18,270,0,0.0,1.0,0.0,2.0,1.0,0.22,0.0
6264,30.0,20.0,600.0,180.0,10.0,23.0,4.0,18,270,0,0.0,1.0,0.0,2.0,1.0,0.22,0.0
6265,30.0,20.0,600.0,180.0,10.0,23.0,5.0,18,270,0,0.0,1.0,0.0,2.0,1.0,0.22,0.0
6266,30.0,20.0,600.0,180.0,10.0,23.0,6.0,18,270,0,0.0,1.0,0.0,2.0,1.0,0.22,0.0
6267,30.0,20.0,600.0,180.0,10.0,23.0,7.0,18,270,0,0.0,1.0,0.0,2.0,1.0,0.22,0.0
6268,30.0,20.0,600.0,180.0,10.0,23.0,8.0,18,270,0,0.0,1.0,0.0,2.0,1.0,0.22,0.0
6269,30.0,20.0,600.0,180.0,10.0,23.0,9.0,18,270,0,0.0,1.0,0.0,2.0,1.0,0.22,0.0
6270,30.0,20.0,600.0,180.0,10.0,23.0,10.0,18,270,0,0.0,1.0,0.0,2.0,1.0,0.22,0.0
6271,30.0,20.0,600.0,180.0,10.0,23.0,11.0,18,270,0,0.0,1.0,0.0,2.0,1.0,0.22,0.0
6272,30.0,20.0,600.0,180.0,10.0,23.0,12.0,18,270,0,0.0,1.0,0.0,2.0,1.0,0.22,0.0
6273,30.0,20.0,600.0,180.0,10.0,23.0,13.0,18,270,0,0.0,1.0,0.0,2.0,1.0,0.22,0.0
6274,30.0,20.0,600.0,180.0,10.0,23.0,14.0,18,270,0,0.0,1.0,0.0,2.0,1.0,0.22,0.0
6275,30.0,20.0,600.0,180.0,10.0,23.0,15.0,18,270,0,0.0,0.799,0.0,2.0,1.0,0.22,0.0
6276,30.0,20.0,600.0,180.0,10.0,23.0,16.0,18,270,0,0.0,1.0,0.0,2.0,1.0,0.22,0.0
6277,30.0,20.0,600.0,180.0,10.0,23.0,17.0,18,270,0,0.0,1.0,0.0,2.0,1.0,0.22,0.0
6278,30.0,20.0,600.0,180.0,10.0,23.0,18.0,18,270,0,0.0,1.0,0.0,2.0,1.0,0.22,0.0
6279,30.0,20.0,600.0,180.0,10.0,23.0,19.0,18,270,0,0.0,1.0,0.0,2.0,1.0,0.22,0.0
6280,30.0,20.0,600.0,180.0,10.0,24.0,0.0,18,270,0,0.0,1.0,0.0,2.0,1.0,0.22,0.0
6281,30.0,20.0,600.0,180.0,10.0,24.0,1.0,18,270,0,0.0,1.0,0.0,2.0,1.0,0.22,0.0
6282,30.0,20.0,600.0,180.0,10.0,24.0,2.0,18,270,0,0.0,1.0,0.0,2.0,1.0,0.22,0.0
6283,30.0,20.0,600.0,180.0,10.0,24.0,3.0,18,270,0,0.0,0.726,0.0,2.0,1.0,0.22,0.0
6284,30.0,20.0,600.0,180.0,10.0,24.0,4.0,18,270,0,0.0,1.0,0.0,2.0,1.0,0.22,0.0
6285,30.0,20.0,600.0,180.0,10.0,24.0,5.0,18,270,0,0.0,1.0,0.0,2.0,1.0,0.22,0.0
6286,30.0,20.0,600.0,180.0,10.0,24.0,6.0,18,270,0,0.0,1.0,0.0,2.0,1.0,0.22,0.0
6287,30.0,20.0,600.0,180.0,10.0,24.0,7.0,18,270,0,0.0,1.0,0.0,2.0,1.0,0.22,0.0
6288,30.0,20.0,600.0,180.0,10.0,24.0,8.0,18,270,0,0.0,0.891,0.0,2.0,1.0,0.22,0.0
6289,30.0,20.0,600.0,180.0,10.0,24.0,9.0,18,270,0,0.0,1.0,0.0,2.0,1.0,0.22,0.0
6290,30.0,20.0,600.0,180.0,10.0,24.0,10.0,18,270,0,0.0,1.0,0.0,2.0,1.0,0.22,0.0
6291,30.0,20.0,600.0,180.0,10.0,24.0,11.0,18,270,0,0.0,1.0,0.0,2.0,1.0,0.22,0.0
6292,30.0,20.0,600.0,180.0,10.0,24.0,12.0,18,270,0,0.0,1.0,0.0,2.0,1.0,0.22,0.0
6293,30.0,20.0,600.0,180.0,10.0,24.0,13.0,18,270,0,0.0,1.0,0.0,2.0,1.0,0.22,0.0
6294,30.0,20.0,600.0,180.0,10.0,24.0,14.0,18,270,0,0.0,1.0,0.0,2.0,1.0,0.22,0.0
6295,30.0,20.0,600.0,180.0,10.0,24.0,15.0,18,270,0,0.0,1.0,0.0,2.0,1.0,0.22,0.0
6296,30.0,20.0,600.0,180.0,10.0,24.0,16.0,18,270,0,0.0,1.0,0.0,2.0,1.0,0.22,0.0
6297,30.0,20.0,600.0,180.0,10.0,24.0,17.0,18,270,0,0.0,1.0,0.0,2.0,1.0,0.22,0.0
6298,30.0,20.0,600.0,180.0,10.0,24.0,18.0,18,270,0,0.0,1.0,0.0,2.0,1.0,0.22,0.0
6299,30.0,20.0,600.0,180.0,10.0,24.0,19.0,18,270,0,0.0,1.0,0.0,2.0,1.0,0.22,0.0
6300,30.0,20.0,600.0,180.0,10.0,25.0,0.0,18,270,0,0.0,1.0,0.0,2.0,1.0,0.22,0.0
6301,30.0,20.0,600.0,180.0,10.0,25.0,1.0,18,270,0,0.0,1.0,0.0,2.0,1.0,0.22,0.0
6302,30.0,20.0,600.0,180.0,10.0,25.0,2.0,18,270,0,0.0,1.0,0.0,2.0,1.0,0.22,0.0
6303,30.0,20.0,600.0,180.0,10.0,25.0,3.0,18,270,0,0.0,1.0,0.0,2.0,1.0,0.22,0.0
6304,30.0,20.0,600.0,180.0,10.0,25.0,4.0,18,270,0,0.0,1.0,0.0,2.0,1.0,0.22,0.0
6305,30.0,20.0,600.0,180.0,10.0,25.0,5.0,18,270,0,0.0,1.0,0.0,2.0,1.0,0.22,0.0
6306,30.0,20.0,600.0,180.0,10.0,25.0,6.0,18,270,0,0.0,1.0,0.0,2.0,1.0,0.22,0.0
6307,30.0,20.0,600.0,180.0,10.0,25.0,7.0,18,270,0,0.0,1.0,0.0,2.0,1.0,0.22,0.0
6308,30.0,20.0,600.0,180.0,10.0,25.0,8.0,18,270,0,0.0,1.0,0.0,2.0,1.0,0.22,0.0
6309,30.0,20.0,600.0,180.0,10.0,25.0,9.0,18,270,0,0.0,1.0,0.0,2.0,1.0,0.22,0.0
6310,30.0,20.0,600.0,180.0,10.0,25.0,10.0,18,270,0,0.0,1.0,0.0,2.0,1.0,0.22,0.0
6311,30.0,20.0,600.0,180.0,10.0,25.0,11.0,18,270,0,0.0,1.0,0.0,2.0,1.0,0.22,0.0
6312,30.0,20.0,600.0,180.0,10.0,25.0,12.0,18,270,0,0.0,1.0,0.0,2.0,1.0,0.22,0.0
6313,30.0,20.0,600.0,180.0,10.0,25.0,13.0,18,270,0,0.0,1.0,0.0,2.0,1.0,0.22,0.0
6314,30.0,20.0,600.0,180.0,10.0,25.0,14.0,18,270,0,0.0,1.0,0.0,2.0,1.0,0.22,0.0
6315,30.0,20.0,600.0,180.0,10.0,25.0,15.0,18,270,0,0.0,1.0,0.0,2.0,1.0,0.22,0.0
6316,30.0,20.0,600.0,180.0,10.0,25.0,16.0,18,270,0,0.0,1.0,0.0,2.0,1.0,0.22,0.0
6317,30.0,20.0,600.0,180.0,10.0,25.0,17.0,18,270,0,0.0,1.0,0.0,2.0,1.0,0.22,0.0
6318,30.0,20.0,600.0,180.0,10.0,25.0,18.0,18,270,0,0.0,1.0,0.0,2.0,1.0,0.22,0.0
6319,30.0,20.0,600.0,180.0,10.0,25.0,19.0,18,270,0,0.0,1.0,0.0,2.0,1.0,0.22,0.0
6320,30.0,20.0,600.0,180.0,10.0,26.0,0.0,18,270,0,0.0,1.0,0.0,2.0,1.0,0.22,0.0
6321,30.0,20.0,600.0,180.0,10.0,26.0,1.0,18,270,0,0.0,1.0,0.0,2.0,1.0,0.22,0.0
6322,30.0,20.0,600.0,180.0,10.0,26.0,2.0,18,270,0,0.0,1.0,0.0,2.0,1.0,0.22,0.0
6323,30.0,20.0,600.0,180.0,10.0,26.0,3.0,18,270,0,0.0,1.0,0.0,2.0,1.0,0.22,0.0
6324,30.0,20.0,600.0,180.0,10.0,26.0,4.0,18,270,0,0.0,1.0,0.0,2.0,1.0,0.22,0.0
6325,30.0,20.0,600.0,180.0,10.0,26.0,5.0,18,270,0,0.0,1.0,0.0,2.0,1.0,0.22,0.0
6326,30.0,20.0,600.0,180.0,10.0,26.0,6.0,18,270,0,0.0,1.0,0.0,2.0,1.0,0.22,0.0
6327,30.0,20.0,600.0,180.0,10.0,26.0,7.0,18,270,0,0.0,1.0,0.0,2.0,1.0,0.22,0.0
6328,30.0,20.0,600.0,180.0,10.0,26.0,8.0,18,270,0,0.0,1.0,0.0,2.0,1.0,0.22,0.0
6329,30.0,20.0,600.0,180.0,10.0,26.0,9.0,18,270,0,0.0,1.0,0.0,2.0,1.0,0.22,0.0
6330,30.0,20.0,600.0,180.0,10.0,26.0,10.0,18,270,0,0.0,1.0,0.0,2.0,1.0,0.22,0.0
6331,30.0,20.0,600.0,180.0,10.0,26.0,11.0,18,270,0,0.0,1.0,0.0,2.0,1.0,0.22,0.0
6332,30.0,20.0,600.0,180.0,10.0,26.0,12.0,18,270,0,0.0,0.787,0.0,2.0,1.0,0.22,0.0
6333,30.0,20.0,600.0,180.0,10.0,26.0,13.0,18,270,0,0.0,1.0,0.0,2.0,1.0,0.22,0.0
6334,30.0,20.0,600.0,180.0,10.0,26.0,14.0,18,270,0,0.0,1.0,0.0,2.0,1.0,0.22,0.0
6335,30.0,20.0,600.0,180.0,10.0,26.0,15.0,18,270,0,0.0,1.0,0.0,2.0,1.0,0.22,0.0
6336,30.0,20.0,600.0,180.0,10.0,26.0,16.0,18,270,0,0.0,0.857,0.0,2.0,1.0,0.22,0.0
6337,30.0,20.0,600.0,180.0,10.0,26.0,17.0,18,270,0,0.0,1.0,0.0,2.0,1.0,0.22,0.0
6338,30.0,20.0,600.0,180.0,10.0,26.0,18.0,18,270,0,0.0,1.0,0.0,2.0,1.0,0.22,0.0
6339,30.0,20.0,600.0,180.0,10.0,26.0,19.0,18,270,0,0.0,1.0,0.0,2.0,1.0,0.22,0.0
6340,30.0,20.0,600.0,180.0,10.0,27.0,0.0,18,270,0,0.0,1.0,0.0,2.0,1.0,0.22,0.0
6341,30.0,20.0,600.0,180.0,10.0,27.0,1.0,18,270,0,0.0,1.0,0.0,2.0,1.0,0.22,0.0
6342,30.0,20.0,600.0,180.0,10.0,27.0,2.0,18,270,0,0.0,1.0,0.0,2.0,1.0,0.22,0.0
6343,30.0,20.0,600.0,180.0,10.0,27.0,3.0,18,270,0,0.0,1.0,0.0,2.0,1.0,0.22,0.0
6344,30.0,20.0,600.0,180.0,10.0,27.0,4.0,18,270,0,0.0,1.0,0.0,2.0,1.0,0.22,0.0
6345,30.0,20.0,600.0,180.0,10.0,27.0,5.0,18,270,0,0.0,1.0,0.0,2.0,1.0,0.22,0.0
6346,30.0,20.0,600.0,180.0,10.0,27.0,6.0,18,270,0,0.0,1.0,0.0,2.0,1.0,0.22,0.0
6347,30.0,20.0,600.0,180.0,10.0,27.0,7.0,18,270,0,0.0,1.0,0.0,2.0,1.0,0.22,0.0
6348,30.0,20.0,600.0,180.0,10.0,27.0,8.0,18,270,0,0.0,1.0,0.0,2.0,1.0,0.22,0.0
6349,30.0,20.0,600.0,180.0,10.0,27.0,9.0,18,270,0,0.0,1.0,0.0,2.0,1.0,0.22,0.0
6350,30.0,20.0,600.0,180.0,10.0,27.0,10.0,18,270,0,0.0,1.0,0.0,2.0,1.0,0.22,0.0
6351,30.0,20.0,600.0,180.0,10.0,27.0,11.0,18,270,0,0.0,1.0,0.0,2.0,1.0,0.22,0.0
6352,30.0,20.0,600.0,180.0,10.0,27.0,12.0,18,270,0,0.0,1.0,0.0,2.0,1.0,0.22,0.0
6353,30.0,20.0,600.0,180.0,10.0,27.0,13.0,18,270,0,0.0,1.0,0.0,2.0,1.0,0.22,0.0
6354,30.0,20.0,600.0,180.0,10.0,27.0,14.0,18,270,0,0.0,1.0,0.0,2.0,1.0,0.22,0.0
6355,30.0,20.0,600.0,180.0,10.0,27.0,15.0,18,270,0,0.0,1.0,0.0,2.0,1.0,0.22,0.0
6356,30.0,20.0,600.0,180.0,10.0,27.0,16.0,18,270,0,0.0,1.0,0.0,2.0,1.0,0.22,0.0
6357,30.0,20.0,600.0,180.0,10.0,27.0,17.0,18,270,0,0.0,1.0,0.0,2.0,1.0,0.22,0.0
6358,30.0,20.0,600.0,180.0,10.0,27.0,18.0,18,270,0,0.0,1.0,0.0,2.0,1.0,0.22,0.0
6359,30.0,20.0,600.0,180.0,10.0,27.0,19.0,18,270,0,0.0,1.0,0.0,2.0,1.0,0.22,0.0
6360,30.0,20.0,600.0,180.0,10.0,28.0,0.0,18,270,0,0.0,1.0,0.0,2.0,1.0,0.22,0.0
6361,30.0,20.0,600.0,180.0,10.0,28.0,1.0,18,270,0,0.0,1.0,0.0,2.0,1.0,0.22,0.0
6362,30.0,20.0,600.0,180.0,10.0,28.0,2.0,18,270,0,0.0,1.0,0.0,2.0,1.0,0.22,0.0
6363,30.0,20.0,600.0,180.0,10.0,28.0,3.0,18,270,0,0.0,1.0,0.0,2.0,1.0,0.22,0.0
6364,30.0,20.0,600.0,180.0,10.0,28.0,4.0,18,270,0,0.0,1.0,0.0,2.0,1.0,0.22,0.0
6365,30.0,20.0,600.0,180.0,10.0,28.0,5.0,18,270,0,0.0,1.0,0.0,2.0,1.0,0.22,0.0
6366,30.0,20.0,600.0,180.0,10.0,28.0,6.0,18,270,0,0.0,1.0,0.0,2.0,1.0,0.22,0.0
6367,30.0,20.0,600.0,180.0,10.0,28.0,7.0,18,270,0,0.0,1.0,0.0,2.0,1.0,0.22,0.0
6368,30.0,20.0,600.0,180.0,10.0,28.0,8.0,18,270,0,0.0,1.0,0.0,2.0,1.0,0.22,0.0
6369,30.0,20.0,600.0,180.0,10.0,28.0,9.0,18,270,0,0.0,1.0,0.0,2.0,1.0,0.22,0.0
6370,30.0,20.0,600.0,180.0,10.0,28.0,10.0,18,270,0,0.0,1.0,0.0,2.0,1.0,0.22,0.0
6371,30.0,20.0,600.0,180.0,10.0,28.0,11.0,18,270,0,0.0,1.0,0.0,2.0,1.0,0.22,0.0
6372,30.0,20.0,600.0,180.0,10.0,28.0,12.0,18,270,0,0.0,1.0,0.0,2.0,1.0,0.22,0.0
6373,30.0,20.0,600.0,180.0,10.0,28.0,13.0,18,270,0,0.0,1.0,0.0,2.0,1.0,0.22,0.0
6374,30.0,20.0,600.0,180.0,10.0,28.0,14.0,18,270,0,0.0,1.0,0.0,2.0,1.0,0.22,0.0
6375,30.0,20.0,600.0,180.0,10.0,28.0,15.0,18,270,0,0.0,1.0,0.0,2.0,1.0,0.22,0.0
6376,30.0,20.0,600.0,180.0,10.0,28.0,16.0,18,270,0,0.0,1.0,0.0,2.0,1.0,0.22,0.0
6377,30.0,20.0,600.0,180.0,10.0,28.0,17.0,18,270,0,0.0,1.0,0.0,2.0,1.0,0.22,0.0
6378,30.0,20.0,600.0,180.0,10.0,28.0,18.0,18,270,0,0.0,1.0,0.0,2.0,1.0,0.22,0.0
6379,30.0,20.0,600.0,180.0,10.0,28.0,19.0,18,270,0,0.0,1.0,0.0,2.0,1.0,0.22,0.0
