roof_id,roof_length_m,roof_width_m,roof_area_m2,roof_orientation_deg,roof_tilt_deg,panel_length_m,panel_width_m,panel_area_m2,panel_efficiency,panel_power_W,average_irradiance_W_m2,average_shadow
0,21.85,28.77,628.7,263.52,26.94,2.2,1.1,2.42,0.22,532.4,536.03,0.5
1,47.78,19.34,923.82,227.46,20.18,2.2,1.1,2.42,0.22,532.4,322.84,0.536
2,30.99,9.14,283.21,12.2,14.02,2.2,1.1,2.42,0.22,532.4,288.82,0.57
3,25.79,5.03,129.77,215.4,27.33,2.2,1.1,2.42,0.22,532.4,415.02,0.522
4,22.6,17.53,396.1,142.98,24.29,2.2,1.1,2.42,0.22,532.4,286.88,0.528
5,24.85,9.89,245.75,67.22,4.23,2.2,1.1,2.42,0.22,532.4,386.98,0.542
6,33.2,28.16,934.8,6.88,21.46,2.2,1.1,2.42,0.22,532.4,307.22,0.526
7,40.13,19.59,786.29,342.8,1.91,2.2,1.1,2.42,0.22,532.4,377.74,0.53
8,25.28,28.96,732.31,155.19,24.72,2.2,1.1,2.42,0.22,532.4,486.53,0.534
9,28.54,22.49,641.96,147.91,25.23,2.2,1.1,2.42,0.22,532.4,440.12,0.527
10,39.54,12.69,501.66,177.14,35.84,2.2,1.1,2.42,0.22,532.4,383.83,0.492
11,20.27,6.56,132.96,175.02,4.91,2.2,1.1,2.42,0.22,532.4,492.54,0.515
12,36.7,28.21,1035.35,265.95,13.78,2.2,1.1,2.42,0.22,532.4,320.3,0.523
13,42.87,5.76,246.9,303.77,20.71,2.2,1.1,2.42,0.22,532.4,324.75,0.527
14,14.52,23.4,339.73,115.21,22.77,2.2,1.1,2.42,0.22,532.4,308.77,0.518
15,48.86,26.06,1273.57,180.32,44.16,2.2,1.1,2.42,0.22,532.4,506.41,0.506
16,33.52,11.33,379.79,199.91,23.74,2.2,1.1,2.42,0.22,532.4,472.48,0.513
17,25.35,6.08,154.13,111.46,14.4,2.2,1.1,2.42,0.22,532.4,404.11,0.529
18,42.48,8.13,345.25,46.72,25.06,2.2,1.1,2.42,0.22,532.4,387.11,0.512
19,48.74,5.94,289.44,113.76,14.13,2.2,1.1,2.42,0.22,532.4,284.52,0.542
20,12.97,15.72,203.85,45.62,25.48,2.2,1.1,2.42,0.22,532.4,290.38,0.519
21,31.58,19.98,631.18,150.75,19.43,2.2,1.1,2.42,0.22,532.4,310.29,0.503
22,27.32,9.23,252.13,45.41,41.97,2.2,1.1,2.42,0.22,532.4,361.58,0.529
23,20.31,20.52,416.83,320.76,22.33,2.2,1.1,2.42,0.22,532.4,535.72,0.495
24,38.75,26.07,1010.47,169.23,17.54,2.2,1.1,2.42,0.22,532.4,390.03,0.55
25,7.3,23.64,172.66,181.92,29.15,2.2,1.1,2.42,0.22,532.4,306.26,0.527
26,18.54,18.48,342.76,279.57,14.46,2.2,1.1,2.42,0.22,532.4,299.93,0.506
27,27.21,22.41,609.89,97.61,13.35,2.2,1.1,2.42,0.22,532.4,451.39,0.519
28,39.56,25.9,1024.69,44.18,37.01,2.2,1.1,2.42,0.22,532.4,454.97,0.536
29,38.73,17.75,687.31,291.9,19.67,2.2,1.1,2.42,0.22,532.4,409.06,0.525
30,32.24,22.64,729.9,244.88,13.15,2.2,1.1,2.42,0.22,532.4,409.04,0.506
31,44.0,24.87,1094.14,346.59,3.23,2.2,1.1,2.42,0.22,532.4,513.73,0.519
32,46.94,17.82,836.3,110.07,20.68,2.2,1.1,2.42,0.22,532.4,516.68,0.524
33,40.51,23.1,935.75,66.95,40.93,2.2,1.1,2.42,0.22,532.4,415.02,0.537
34,43.73,5.39,235.52,38.6,4.17,2.2,1.1,2.42,0.22,532.4,297.8,0.532
35,12.56,9.11,114.43,47.01,8.08,2.2,1.1,2.42,0.22,532.4,423.66,0.515
36,15.69,14.97,234.75,272.99,29.29,2.2,1.1,2.42,0.22,532.4,430.87,0.532
37,15.45,15.92,245.88,307.88,7.99,2.2,1.1,2.42,0.22,532.4,313.11,0.534
38,21.39,21.25,454.62,310.2,5.94,2.2,1.1,2.42,0.22,532.4,304.5,0.487
39,42.02,8.8,369.72,13.73,32.38,2.2,1.1,2.42,0.22,532.4,515.51,0.505
40,47.35,19.24,910.98,180.49,27.24,2.2,1.1,2.42,0.22,532.4,408.27,0.529
41,6.58,19.75,130.03,157.35,1.08,2.2,1.1,2.42,0.22,532.4,494.59,0.482
42,32.73,26.85,878.74,180.35,14.9,2.2,1.1,2.42,0.22,532.4,500.8,0.533
43,22.69,20.83,472.65,321.8,26.46,2.2,1.1,2.42,0.22,532.4,481.82,0.495
44,18.43,16.2,298.62,116.86,4.92,2.2,1.1,2.42,0.22,532.4,369.35,0.504
45,20.17,23.99,483.85,159.84,35.09,2.2,1.1,2.42,0.22,532.4,313.64,0.505
46,22.45,16.6,372.71,107.16,32.64,2.2,1.1,2.42,0.22,532.4,373.53,0.53
47,37.17,8.32,309.13,265.67,38.48,2.2,1.1,2.42,0.22,532.4,285.15,0.525
48,6.93,12.02,83.28,349.53,24.85,2.2,1.1,2.42,0.22,532.4,404.82,0.537
49,18.52,12.38,229.29,130.01,28.02,2.2,1.1,2.42,0.22,532.4,504.17,0.512
50,7.38,24.55,181.31,221.69,14.18,2.2,1.1,2.42,0.22,532.4,301.32,0.54
51,6.27,15.21,95.33,209.78,31.77,2.2,1.1,2.42,0.22,532.4,282.83,0.51
52,5.71,16.93,96.61,34.39,8.73,2.2,1.1,2.42,0.22,532.4,387.7,0.527
53,43.13,16.85,726.76,200.45,44.79,2.2,1.1,2.42,0.22,532.4,434.2,0.56
54,17.81,15.5,275.98,138.35,38.34,2.2,1.1,2.42,0.22,532.4,402.04,0.538
55,9.06,12.11,109.75,94.6,8.38,2.2,1.1,2.42,0.22,532.4,291.46,0.499
56,30.35,24.94,756.93,47.58,3.27,2.2,1.1,2.42,0.22,532.4,520.18,0.527
57,49.7,19.95,991.27,119.36,10.04,2.2,1.1,2.42,0.22,532.4,453.98,0.513
58,19.42,18.98,368.54,100.51,7.48,2.2,1.1,2.42,0.22,532.4,431.95,0.522
59,47.82,10.88,520.24,280.14,13.2,2.2,1.1,2.42,0.22,532.4,261.31,0.552
60,46.71,9.53,445.08,328.49,2.53,2.2,1.1,2.42,0.22,532.4,324.72,0.52
61,25.98,21.66,562.82,138.6,36.11,2.2,1.1,2.42,0.22,532.4,370.93,0.5
62,14.2,27.44,389.53,78.3,28.65,2.2,1.1,2.42,0.22,532.4,289.24,0.503
63,37.91,11.82,448.01,205.87,10.9,2.2,1.1,2.42,0.22,532.4,275.97,0.574
64,18.39,20.59,378.69,261.44,1.76,2.2,1.1,2.42,0.22,532.4,333.24,0.539
65,20.03,5.68,113.73,349.71,36.61,2.2,1.1,2.42,0.22,532.4,286.48,0.518
66,10.03,25.13,252.07,108.52,44.91,2.2,1.1,2.42,0.22,532.4,524.57,0.518
67,16.92,22.26,376.76,32.88,41.09,2.2,1.1,2.42,0.22,532.4,313.63,0.537
68,17.08,17.77,303.48,120.8,20.48,2.2,1.1,2.42,0.22,532.4,482.74,0.491
69,34.32,6.43,220.77,8.07,15.86,2.2,1.1,2.42,0.22,532.4,280.69,0.536
70,9.85,12.48,122.91,76.15,42.86,2.2,1.1,2.42,0.22,532.4,314.75,0.513
71,41.28,8.64,356.57,173.16,33.57,2.2,1.1,2.42,0.22,532.4,289.77,0.541
72,30.7,11.89,364.92,189.94,14.56,2.2,1.1,2.42,0.22,532.4,345.84,0.532
73,16.34,16.09,262.85,231.23,14.01,2.2,1.1,2.42,0.22,532.4,302.56,0.505
74,42.97,7.74,332.6,14.18,15.66,2.2,1.1,2.42,0.22,532.4,269.45,0.522
75,32.86,19.0,624.43,83.94,29.1,2.2,1.1,2.42,0.22,532.4,524.27,0.521
76,24.84,28.82,716.09,165.13,23.85,2.2,1.1,2.42,0.22,532.4,459.28,0.551
77,28.37,14.17,402.12,245.58,26.56,2.2,1.1,2.42,0.22,532.4,455.16,0.513
78,30.25,24.56,742.96,351.29,24.49,2.2,1.1,2.42,0.22,532.4,423.74,0.513
79,32.57,16.57,539.68,92.18,26.52,2.2,1.1,2.42,0.22,532.4,356.48,0.533
80,19.78,14.37,284.21,50.37,7.44,2.2,1.1,2.42,0.22,532.4,473.26,0.496
81,18.89,21.56,407.28,132.29,42.5,2.2,1.1,2.42,0.22,532.4,302.01,0.505
82,23.61,28.18,665.21,28.12,20.42,2.2,1.1,2.42,0.22,532.4,398.91,0.513
83,23.4,16.92,395.93,38.0,4.79,2.2,1.1,2.42,0.22,532.4,502.79,0.515
84,33.57,5.04,169.05,117.67,15.3,2.2,1.1,2.42,0.22,532.4,281.66,0.491
85,19.22,11.49,220.77,173.85,34.27,2.2,1.1,2.42,0.22,532.4,258.18,0.552
86,23.33,12.81,298.85,205.58,0.42,2.2,1.1,2.42,0.22,532.4,395.73,0.498
87,34.41,5.58,191.93,248.89,1.0,2.2,1.1,2.42,0.22,532.4,350.54,0.518
88,15.15,29.24,443.01,328.53,20.06,2.2,1.1,2.42,0.22,532.4,330.14,0.505
89,33.31,24.27,808.23,318.69,33.15,2.2,1.1,2.42,0.22,532.4,397.41,0.536
90,21.66,21.89,474.16,199.3,0.33,2.2,1.1,2.42,0.22,532.4,334.09,0.51
91,6.68,16.81,112.3,137.67,37.61,2.2,1.1,2.42,0.22,532.4,534.33,0.514
92,26.59,20.64,548.74,129.62,38.36,2.2,1.1,2.42,0.22,532.4,398.21,0.496
93,8.64,12.49,107.87,45.68,15.05,2.2,1.1,2.42,0.22,532.4,285.86,0.512
94,19.4,12.08,234.3,149.84,20.83,2.2,1.1,2.42,0.22,532.4,396.3,0.531
95,30.76,21.65,666.11,287.11,27.36,2.2,1.1,2.42,0.22,532.4,274.47,0.519
96,45.53,29.98,1364.92,293.95,18.57,2.2,1.1,2.42,0.22,532.4,488.55,0.522
97,41.26,5.37,221.37,44.77,19.05,2.2,1.1,2.42,0.22,532.4,305.87,0.53
98,45.79,11.76,538.48,160.1,40.26,2.2,1.1,2.42,0.22,532.4,306.35,0.543
99,30.84,15.2,468.66,305.73,18.71,2.2,1.1,2.42,0.22,532.4,302.31,0.528
100,32.56,12.46,405.76,133.95,36.4,2.2,1.1,2.42,0.22,532.4,438.62,0.553
101,32.27,17.57,567.0,331.04,27.9,2.2,1.1,2.42,0.22,532.4,412.46,0.516
102,15.68,17.74,278.26,208.6,7.61,2.2,1.1,2.42,0.22,532.4,285.82,0.538
103,49.74,29.28,1456.58,277.81,21.79,2.2,1.1,2.42,0.22,532.4,534.8,0.502
104,48.81,11.97,584.41,173.83,22.69,2.2,1.1,2.42,0.22,532.4,333.79,0.5
105,9.78,19.58,191.5,342.63,27.32,2.2,1.1,2.42,0.22,532.4,301.1,0.554
106,18.05,22.5,406.05,355.26,37.14,2.2,1.1,2.42,0.22,532.4,422.94,0.533
107,25.52,8.67,221.12,54.13,32.44,2.2,1.1,2.42,0.22,532.4,425.79,0.535
108,7.63,24.21,184.73,280.87,15.62,2.2,1.1,2.42,0.22,532.4,340.04,0.545
109,26.35,10.93,288.09,4.48,21.09,2.2,1.1,2.42,0.22,532.4,447.68,0.505
110,17.78,27.64,491.3,97.41,28.69,2.2,1.1,2.42,0.22,532.4,381.87,0.495
111,29.25,8.8,257.34,242.91,44.2,2.2,1.1,2.42,0.22,532.4,439.07,0.512
112,43.53,17.88,778.17,64.86,30.79,2.2,1.1,2.42,0.22,532.4,296.35,0.504
113,15.01,14.9,223.55,319.15,38.28,2.2,1.1,2.42,0.22,532.4,268.84,0.538
114,43.77,24.0,1050.52,239.77,1.39,2.2,1.1,2.42,0.22,532.4,398.77,0.55
115,31.15,26.42,822.72,234.85,33.31,2.2,1.1,2.42,0.22,532.4,316.58,0.567
116,18.74,13.2,247.36,250.92,12.18,2.2,1.1,2.42,0.22,532.4,420.9,0.486
117,46.78,13.85,648.01,319.09,35.39,2.2,1.1,2.42,0.22,532.4,405.06,0.519
118,24.03,22.51,541.12,277.69,20.71,2.2,1.1,2.42,0.22,532.4,277.39,0.505
119,9.37,13.84,129.7,343.35,6.97,2.2,1.1,2.42,0.22,532.4,282.59,0.546
120,24.72,14.13,349.33,229.08,8.81,2.2,1.1,2.42,0.22,532.4,479.16,0.522
121,21.7,7.79,169.13,346.11,7.98,2.2,1.1,2.42,0.22,532.4,332.42,0.53
122,21.83,7.89,172.27,107.73,31.15,2.2,1.1,2.42,0.22,532.4,402.69,0.565
123,10.2,27.46,280.05,224.18,32.75,2.2,1.1,2.42,0.22,532.4,247.73,0.562
124,15.35,7.54,115.76,116.24,10.63,2.2,1.1,2.42,0.22,532.4,326.97,0.536
125,24.25,11.83,287.01,224.81,36.82,2.2,1.1,2.42,0.22,532.4,465.63,0.512
126,17.62,27.94,492.11,341.31,36.47,2.2,1.1,2.42,0.22,532.4,440.21,0.512
127,33.34,6.68,222.82,147.74,40.45,2.2,1.1,2.42,0.22,532.4,370.78,0.51
128,7.95,27.87,221.53,139.19,33.57,2.2,1.1,2.42,0.22,532.4,286.63,0.507
129,26.75,15.13,404.75,196.31,20.6,2.2,1.1,2.42,0.22,532.4,361.72,0.526
130,48.32,11.81,570.58,242.95,36.18,2.2,1.1,2.42,0.22,532.4,291.36,0.521
131,41.25,24.85,1024.82,29.25,11.58,2.2,1.1,2.42,0.22,532.4,279.29,0.502
132,30.42,23.8,724.04,284.62,41.02,2.2,1.1,2.42,0.22,532.4,377.37,0.523
133,12.22,22.27,272.21,346.22,3.31,2.2,1.1,2.42,0.22,532.4,435.1,0.527
134,20.24,7.81,158.13,338.22,41.42,2.2,1.1,2.42,0.22,532.4,325.12,0.505
135,48.97,18.37,899.56,113.51,35.02,2.2,1.1,2.42,0.22,532.4,437.78,0.501
136,38.83,28.8,1118.37,236.53,20.8,2.2,1.1,2.42,0.22,532.4,297.77,0.524
137,43.86,29.2,1280.63,117.22,44.5,2.2,1.1,2.42,0.22,532.4,473.84,0.492
138,15.45,25.25,390.05,19.14,1.56,2.2,1.1,2.42,0.22,532.4,474.68,0.553
139,40.02,27.45,1098.63,60.2,32.91,2.2,1.1,2.42,0.22,532.4,443.23,0.57
140,21.37,20.0,427.27,17.45,20.38,2.2,1.1,2.42,0.22,532.4,508.76,0.525
141,9.31,10.57,98.49,257.6,13.23,2.2,1.1,2.42,0.22,532.4,342.88,0.555
142,20.97,15.15,317.62,287.63,0.43,2.2,1.1,2.42,0.22,532.4,470.16,0.529
143,36.15,28.2,1019.37,8.56,9.33,2.2,1.1,2.42,0.22,532.4,388.05,0.509
144,28.93,14.56,421.3,53.89,13.04,2.2,1.1,2.42,0.22,532.4,494.42,0.535
145,5.63,5.83,32.82,74.03,33.45,2.2,1.1,2.42,0.22,532.4,392.47,0.525
146,11.08,19.67,217.96,207.56,22.09,2.2,1.1,2.42,0.22,532.4,306.75,0.503
147,46.49,28.04,1303.7,289.31,7.1,2.2,1.1,2.42,0.22,532.4,496.33,0.495
148,30.17,18.9,570.07,206.52,5.66,2.2,1.1,2.42,0.22,532.4,288.54,0.539
149,16.15,28.94,467.32,313.17,27.27,2.2,1.1,2.42,0.22,532.4,488.06,0.509
150,48.12,25.2,1212.8,155.18,0.11,2.2,1.1,2.42,0.22,532.4,279.99,0.522
151,22.56,8.44,190.48,118.99,32.19,2.2,1.1,2.42,0.22,532.4,321.13,0.53
152,32.66,25.85,844.21,97.79,36.15,2.2,1.1,2.42,0.22,532.4,328.55,0.518
153,19.39,18.42,357.12,157.58,2.86,2.2,1.1,2.42,0.22,532.4,318.22,0.507
154,25.67,19.68,505.24,342.92,20.4,2.2,1.1,2.42,0.22,532.4,498.05,0.538
155,27.51,22.58,621.26,61.77,42.79,2.2,1.1,2.42,0.22,532.4,413.01,0.521
156,20.54,29.01,595.92,140.47,10.44,2.2,1.1,2.42,0.22,532.4,502.02,0.526
157,15.35,26.63,408.92,109.4,9.99,2.2,1.1,2.42,0.22,532.4,268.38,0.528
158,24.55,12.13,297.84,359.46,41.53,2.2,1.1,2.42,0.22,532.4,448.59,0.517
159,35.17,9.84,346.14,238.89,10.44,2.2,1.1,2.42,0.22,532.4,289.48,0.54
160,10.14,28.45,288.52,103.65,29.86,2.2,1.1,2.42,0.22,532.4,388.21,0.529
161,15.62,15.85,247.6,10.55,28.24,2.2,1.1,2.42,0.22,532.4,469.63,0.539
162,47.67,11.06,527.06,217.9,26.49,2.2,1.1,2.42,0.22,532.4,423.63,0.508
163,41.23,13.96,575.81,197.75,26.21,2.2,1.1,2.42,0.22,532.4,374.46,0.519
164,30.73,26.91,826.96,344.71,37.71,2.2,1.1,2.42,0.22,532.4,353.86,0.514
165,26.03,27.53,716.46,43.66,41.6,2.2,1.1,2.42,0.22,532.4,455.91,0.528
166,6.99,7.72,53.95,169.37,28.43,2.2,1.1,2.42,0.22,532.4,289.89,0.537
167,41.09,23.16,951.55,118.58,31.03,2.2,1.1,2.42,0.22,532.4,284.96,0.558
168,37.36,9.29,347.0,173.66,25.22,2.2,1.1,2.42,0.22,532.4,534.64,0.486
169,5.86,11.0,64.51,49.57,28.81,2.2,1.1,2.42,0.22,532.4,493.59,0.542
170,40.96,15.08,617.55,226.38,8.84,2.2,1.1,2.42,0.22,532.4,501.42,0.498
171,28.57,11.14,318.21,186.38,37.73,2.2,1.1,2.42,0.22,532.4,281.46,0.53
172,45.81,17.56,804.52,36.46,34.32,2.2,1.1,2.42,0.22,532.4,400.65,0.505
173,7.11,22.11,157.08,196.58,31.81,2.2,1.1,2.42,0.22,532.4,282.25,0.507
174,37.47,6.04,226.23,124.1,42.66,2.2,1.1,2.42,0.22,532.4,290.79,0.524
175,35.09,10.7,375.38,16.81,11.67,2.2,1.1,2.42,0.22,532.4,322.95,0.544
176,41.64,20.29,844.89,50.19,19.19,2.2,1.1,2.42,0.22,532.4,499.24,0.525
177,49.69,10.69,530.96,60.46,41.04,2.2,1.1,2.42,0.22,532.4,375.66,0.532
178,29.51,22.92,676.55,30.02,15.01,2.2,1.1,2.42,0.22,532.4,520.49,0.527
179,22.61,25.6,578.85,143.89,19.17,2.2,1.1,2.42,0.22,532.4,457.35,0.515
180,21.04,24.64,518.42,111.19,14.88,2.2,1.1,2.42,0.22,532.4,449.17,0.501
181,23.34,13.12,306.19,266.19,26.79,2.2,1.1,2.42,0.22,532.4,383.22,0.521
182,8.01,22.36,179.07,192.62,30.49,2.2,1.1,2.42,0.22,532.4,310.41,0.535
183,12.5,22.06,275.74,60.2,23.09,2.2,1.1,2.42,0.22,532.4,417.66,0.503
184,8.92,29.83,266.1,200.04,36.66,2.2,1.1,2.42,0.22,532.4,312.55,0.511
185,36.88,5.5,202.72,261.15,6.72,2.2,1.1,2.42,0.22,532.4,309.51,0.549
186,31.74,9.07,287.71,118.21,18.78,2.2,1.1,2.42,0.22,532.4,355.61,0.553
187,23.07,10.14,233.97,26.45,13.07,2.2,1.1,2.42,0.22,532.4,343.86,0.552
188,19.85,23.08,458.21,218.56,7.06,2.2,1.1,2.42,0.22,532.4,468.02,0.521
189,41.43,11.61,481.09,213.77,21.51,2.2,1.1,2.42,0.22,532.4,514.43,0.508
190,32.37,27.49,889.9,182.7,1.75,2.2,1.1,2.42,0.22,532.4,341.23,0.539
191,45.78,20.33,930.99,334.8,43.43,2.2,1.1,2.42,0.22,532.4,311.69,0.523
192,31.2,27.39,854.61,89.45,22.48,2.2,1.1,2.42,0.22,532.4,361.59,0.531
193,31.38,23.4,734.36,252.04,1.36,2.2,1.1,2.42,0.22,532.4,283.01,0.526
194,27.8,13.03,362.12,140.58,12.28,2.2,1.1,2.42,0.22,532.4,391.13,0.512
195,36.62,23.07,844.8,93.89,40.53,2.2,1.1,2.42,0.22,532.4,459.11,0.555
196,32.54,21.66,704.85,187.95,19.56,2.2,1.1,2.42,0.22,532.4,339.32,0.578
197,48.99,27.47,1345.56,261.31,14.58,2.2,1.1,2.42,0.22,532.4,439.88,0.534
198,29.83,20.96,625.43,76.17,43.18,2.2,1.1,2.42,0.22,532.4,515.34,0.509
199,5.27,25.04,131.97,332.61,11.25,2.2,1.1,2.42,0.22,532.4,357.66,0.516
200,9.83,13.04,128.09,270.71,27.5,2.2,1.1,2.42,0.22,532.4,401.7,0.529
201,34.61,26.82,928.41,83.27,37.13,2.2,1.1,2.42,0.22,532.4,254.88,0.556
202,18.67,7.64,142.59,323.42,40.45,2.2,1.1,2.42,0.22,532.4,271.86,0.512
203,5.58,7.82,43.63,288.91,11.17,2.2,1.1,2.42,0.22,532.4,332.47,0.529
204,7.46,10.82,80.72,97.91,18.75,2.2,1.1,2.42,0.22,532.4,377.26,0.551
205,39.4,22.2,874.65,289.97,3.98,2.2,1.1,2.42,0.22,532.4,344.09,0.509
206,22.08,15.91,351.21,232.91,23.05,2.2,1.1,2.42,0.22,532.4,412.33,0.587
207,44.07,20.24,891.85,275.25,10.1,2.2,1.1,2.42,0.22,532.4,511.33,0.518
208,43.06,11.61,499.95,278.71,37.28,2.2,1.1,2.42,0.22,532.4,393.42,0.52
209,5.74,5.54,31.81,146.8,23.18,2.2,1.1,2.42,0.22,532.4,480.76,0.522
210,28.96,6.51,188.43,93.25,44.18,2.2,1.1,2.42,0.22,532.4,508.49,0.492
211,27.6,9.45,260.68,30.22,25.08,2.2,1.1,2.42,0.22,532.4,529.02,0.513
212,17.21,6.33,108.99,357.65,28.82,2.2,1.1,2.42,0.22,532.4,482.74,0.486
213,34.07,29.38,1001.05,17.71,22.07,2.2,1.1,2.42,0.22,532.4,385.0,0.522
214,35.46,17.32,614.13,141.27,15.46,2.2,1.1,2.42,0.22,532.4,293.1,0.506
215,29.96,14.55,435.99,251.7,1.66,2.2,1.1,2.42,0.22,532.4,341.28,0.532
216,14.66,29.3,429.39,82.37,24.15,2.2,1.1,2.42,0.22,532.4,328.71,0.49
217,18.05,25.9,467.53,346.76,40.07,2.2,1.1,2.42,0.22,532.4,291.62,0.527
218,24.15,5.78,139.51,259.92,35.05,2.2,1.1,2.42,0.22,532.4,370.65,0.508
219,7.38,23.93,176.62,230.87,32.31,2.2,1.1,2.42,0.22,532.4,269.71,0.516
220,15.54,12.37,192.23,279.21,24.68,2.2,1.1,2.42,0.22,532.4,303.42,0.532
221,47.81,20.63,986.35,103.16,29.66,2.2,1.1,2.42,0.22,532.4,428.21,0.529
222,5.56,28.75,159.89,230.77,27.35,2.2,1.1,2.42,0.22,532.4,441.73,0.529
223,43.09,23.66,1019.52,53.16,30.59,2.2,1.1,2.42,0.22,532.4,297.94,0.506
224,45.81,25.71,1177.52,201.4,25.7,2.2,1.1,2.42,0.22,532.4,436.37,0.531
225,34.11,22.86,779.66,345.27,21.51,2.2,1.1,2.42,0.22,532.4,288.78,0.519
226,27.29,24.52,669.0,309.6,32.45,2.2,1.1,2.42,0.22,532.4,374.03,0.501
227,43.48,18.57,807.23,285.44,13.41,2.2,1.1,2.42,0.22,532.4,397.73,0.528
228,26.91,12.18,327.75,223.38,28.42,2.2,1.1,2.42,0.22,532.4,495.95,0.53
229,37.73,14.29,539.24,183.21,9.11,2.2,1.1,2.42,0.22,532.4,529.68,0.511
230,10.68,16.0,170.83,273.17,7.23,2.2,1.1,2.42,0.22,532.4,402.5,0.542
231,18.47,10.18,187.98,250.14,2.33,2.2,1.1,2.42,0.22,532.4,493.36,0.547
232,9.41,26.83,252.61,43.98,28.9,2.2,1.1,2.42,0.22,532.4,502.14,0.512
233,32.04,29.75,953.05,253.89,23.0,2.2,1.1,2.42,0.22,532.4,417.66,0.53
234,11.27,26.13,294.46,294.03,28.76,2.2,1.1,2.42,0.22,532.4,331.66,0.519
235,26.52,7.63,202.23,28.84,13.61,2.2,1.1,2.42,0.22,532.4,293.22,0.515
236,26.73,19.88,531.32,232.04,10.65,2.2,1.1,2.42,0.22,532.4,352.59,0.59
237,21.84,20.79,454.15,268.49,29.39,2.2,1.1,2.42,0.22,532.4,478.31,0.507
238,21.47,22.27,478.21,358.62,26.18,2.2,1.1,2.42,0.22,532.4,369.84,0.53
239,42.13,6.27,264.0,121.17,17.45,2.2,1.1,2.42,0.22,532.4,458.97,0.512
240,11.08,25.44,282.02,123.48,21.2,2.2,1.1,2.42,0.22,532.4,425.85,0.546
241,16.24,8.66,140.59,319.47,42.46,2.2,1.1,2.42,0.22,532.4,501.82,0.506
242,47.24,10.31,487.01,290.67,34.01,2.2,1.1,2.42,0.22,532.4,281.47,0.524
243,11.74,18.59,218.35,250.58,16.17,2.2,1.1,2.42,0.22,532.4,488.66,0.516
244,5.81,28.07,163.19,211.5,33.48,2.2,1.1,2.42,0.22,532.4,451.66,0.55
245,32.08,13.79,442.57,191.47,18.18,2.2,1.1,2.42,0.22,532.4,511.77,0.524
246,25.05,10.85,271.76,149.46,15.8,2.2,1.1,2.42,0.22,532.4,290.85,0.523
247,33.23,11.87,394.54,51.2,2.23,2.2,1.1,2.42,0.22,532.4,279.97,0.506
248,14.56,9.8,142.72,92.25,17.19,2.2,1.1,2.42,0.22,532.4,273.43,0.519
249,33.92,20.31,689.04,181.24,14.13,2.2,1.1,2.42,0.22,532.4,411.24,0.528
250,38.27,16.41,627.91,355.44,39.04,2.2,1.1,2.42,0.22,532.4,346.75,0.538
251,47.58,6.15,292.55,92.0,11.69,2.2,1.1,2.42,0.22,532.4,303.3,0.534
252,26.33,16.77,441.46,38.08,12.91,2.2,1.1,2.42,0.22,532.4,289.31,0.544
253,12.5,19.71,246.33,8.47,44.69,2.2,1.1,2.42,0.22,532.4,412.16,0.54
254,20.43,23.62,482.5,241.33,21.05,2.2,1.1,2.42,0.22,532.4,296.99,0.539
255,21.29,22.14,471.3,90.19,21.66,2.2,1.1,2.42,0.22,532.4,510.26,0.538
256,21.47,5.79,124.36,82.57,33.59,2.2,1.1,2.42,0.22,532.4,528.05,0.495
257,5.8,10.23,59.38,95.18,16.65,2.2,1.1,2.42,0.22,532.4,288.58,0.548
258,17.87,19.69,351.84,14.66,15.01,2.2,1.1,2.42,0.22,532.4,478.68,0.539
259,9.37,17.5,163.97,271.51,43.06,2.2,1.1,2.42,0.22,532.4,342.64,0.522
260,19.31,19.72,380.82,190.1,40.86,2.2,1.1,2.42,0.22,532.4,268.27,0.542
261,16.32,10.51,171.52,189.71,38.49,2.2,1.1,2.42,0.22,532.4,394.74,0.519
262,43.43,17.9,777.26,295.53,17.78,2.2,1.1,2.42,0.22,532.4,310.83,0.524
263,19.48,20.28,394.89,173.71,30.25,2.2,1.1,2.42,0.22,532.4,424.98,0.531
264,42.29,15.71,664.46,120.67,5.06,2.2,1.1,2.42,0.22,532.4,363.35,0.601
265,20.72,20.74,429.83,54.27,36.28,2.2,1.1,2.42,0.22,532.4,478.06,0.555
266,14.79,6.7,99.12,8.92,3.21,2.2,1.1,2.42,0.22,532.4,385.45,0.545
267,32.83,21.96,721.08,84.89,12.08,2.2,1.1,2.42,0.22,532.4,320.42,0.564
268,46.68,24.7,1152.95,113.51,27.16,2.2,1.1,2.42,0.22,532.4,491.85,0.541
269,45.97,21.32,980.17,66.62,39.29,2.2,1.1,2.42,0.22,532.4,404.23,0.528
270,41.3,25.73,1062.71,348.02,11.11,2.2,1.1,2.42,0.22,532.4,451.55,0.533
271,28.14,22.39,629.92,258.84,28.98,2.2,1.1,2.42,0.22,532.4,483.61,0.536
272,28.3,17.63,498.91,60.26,8.85,2.2,1.1,2.42,0.22,532.4,449.5,0.502
273,10.41,19.42,202.23,159.49,1.57,2.2,1.1,2.42,0.22,532.4,429.27,0.54
274,33.63,18.22,612.81,91.97,25.3,2.2,1.1,2.42,0.22,532.4,443.82,0.517
275,28.38,17.07,484.3,152.29,13.32,2.2,1.1,2.42,0.22,532.4,323.18,0.541
276,37.94,24.42,926.44,263.81,37.53,2.2,1.1,2.42,0.22,532.4,299.0,0.533
277,7.25,25.63,185.69,97.44,22.71,2.2,1.1,2.42,0.22,532.4,438.42,0.518
278,14.41,13.03,187.74,238.28,3.93,2.2,1.1,2.42,0.22,532.4,345.39,0.523
279,43.37,25.6,1110.41,3.67,30.27,2.2,1.1,2.42,0.22,532.4,423.04,0.507
280,34.05,6.1,207.51,116.98,34.66,2.2,1.1,2.42,0.22,532.4,279.12,0.514
281,13.17,14.93,196.6,212.94,42.9,2.2,1.1,2.42,0.22,532.4,470.85,0.538
282,15.44,10.63,164.1,119.67,29.25,2.2,1.1,2.42,0.22,532.4,520.84,0.524
283,25.7,11.43,293.76,45.22,44.41,2.2,1.1,2.42,0.22,532.4,279.19,0.516
284,30.97,16.4,508.05,18.43,4.41,2.2,1.1,2.42,0.22,532.4,489.62,0.508
285,47.91,12.44,595.82,206.38,24.17,2.2,1.1,2.42,0.22,532.4,497.65,0.498
286,6.04,6.13,37.03,224.64,20.6,2.2,1.1,2.42,0.22,532.4,411.81,0.512
287,18.95,10.02,189.97,219.9,37.14,2.2,1.1,2.42,0.22,532.4,494.83,0.536
288,32.68,10.91,356.6,246.01,10.69,2.2,1.1,2.42,0.22,532.4,459.11,0.488
289,7.91,19.55,154.63,28.34,22.15,2.2,1.1,2.42,0.22,532.4,442.66,0.526
290,8.07,7.33,59.17,29.17,16.1,2.2,1.1,2.42,0.22,532.4,420.88,0.541
291,5.57,25.77,143.64,192.89,28.09,2.2,1.1,2.42,0.22,532.4,466.0,0.51
292,16.56,10.63,175.97,229.2,25.34,2.2,1.1,2.42,0.22,532.4,444.13,0.504
293,9.04,9.3,84.08,155.32,32.18,2.2,1.1,2.42,0.22,532.4,362.75,0.536
294,6.74,21.31,143.61,246.47,15.14,2.2,1.1,2.42,0.22,532.4,328.34,0.507
295,39.32,29.06,1142.78,229.79,25.04,2.2,1.1,2.42,0.22,532.4,466.17,0.52
296,27.42,21.37,585.85,157.06,33.72,2.2,1.1,2.42,0.22,532.4,395.35,0.497
297,45.45,8.82,400.94,202.0,35.14,2.2,1.1,2.42,0.22,532.4,456.53,0.507
298,11.31,24.48,276.9,154.35,32.02,2.2,1.1,2.42,0.22,532.4,262.65,0.53
299,43.07,9.53,410.35,179.69,15.9,2.2,1.1,2.42,0.22,532.4,309.63,0.522
300,39.07,12.85,502.04,223.15,38.14,2.2,1.1,2.42,0.22,532.4,276.7,0.509
301,40.61,8.3,337.05,59.73,19.46,2.2,1.1,2.42,0.22,532.4,396.6,0.539
302,34.69,23.17,803.87,323.28,12.57,2.2,1.1,2.42,0.22,532.4,451.72,0.538
303,38.18,25.62,978.16,295.06,16.23,2.2,1.1,2.42,0.22,532.4,358.19,0.49
304,27.65,16.89,466.88,142.34,35.5,2.2,1.1,2.42,0.22,532.4,505.96,0.497
305,47.8,8.8,420.4,259.59,26.34,2.2,1.1,2.42,0.22,532.4,493.65,0.562
306,46.07,24.27,1118.05,123.97,40.44,2.2,1.1,2.42,0.22,532.4,413.61,0.523
307,47.88,14.81,709.15,136.55,2.74,2.2,1.1,2.42,0.22,532.4,434.91,0.511
308,21.37,9.6,205.19,243.53,18.57,2.2,1.1,2.42,0.22,532.4,411.64,0.52
309,44.7,11.36,507.55,69.77,42.71,2.2,1.1,2.42,0.22,532.4,311.61,0.558
310,48.43,27.43,1328.39,251.76,41.37,2.2,1.1,2.42,0.22,532.4,562.38,0.474
311,24.81,15.61,387.37,348.55,42.63,2.2,1.1,2.42,0.22,532.4,352.58,0.556
312,26.57,26.05,692.2,204.28,38.57,2.2,1.1,2.42,0.22,532.4,366.9,0.507
313,43.1,15.18,654.41,47.39,8.72,2.2,1.1,2.42,0.22,532.4,434.35,0.521
314,24.86,13.51,335.97,203.39,2.83,2.2,1.1,2.42,0.22,532.4,362.76,0.526
315,24.41,11.48,280.38,262.8,37.48,2.2,1.1,2.42,0.22,532.4,380.78,0.531
316,33.73,13.85,467.03,269.07,44.41,2.2,1.1,2.42,0.22,532.4,316.21,0.536
317,14.24,21.87,311.34,169.92,34.45,2.2,1.1,2.42,0.22,532.4,261.73,0.545
318,38.31,26.39,1011.25,202.6,19.12,2.2,1.1,2.42,0.22,532.4,502.29,0.52
319,43.35,5.62,243.41,252.17,26.73,2.2,1.1,2.42,0.22,532.4,479.72,0.529
320,23.45,29.81,698.94,54.22,0.5,2.2,1.1,2.42,0.22,532.4,407.61,0.564
321,14.0,5.03,70.44,307.77,31.47,2.2,1.1,2.42,0.22,532.4,379.51,0.521
322,6.68,21.95,146.53,311.83,39.24,2.2,1.1,2.42,0.22,532.4,530.69,0.514
323,33.7,12.18,410.44,91.63,29.49,2.2,1.1,2.42,0.22,532.4,333.54,0.497
324,40.59,8.32,337.55,15.31,17.7,2.2,1.1,2.42,0.22,532.4,292.05,0.523
325,5.86,18.67,109.34,203.49,17.22,2.2,1.1,2.42,0.22,532.4,438.02,0.515
326,44.37,18.01,798.9,131.54,15.71,2.2,1.1,2.42,0.22,532.4,405.95,0.533
327,22.82,7.25,165.52,5.21,21.28,2.2,1.1,2.42,0.22,532.4,422.79,0.519
328,13.22,27.98,369.86,23.13,21.77,2.2,1.1,2.42,0.22,532.4,387.02,0.529
329,7.24,29.4,212.99,52.78,19.51,2.2,1.1,2.42,0.22,532.4,293.48,0.523
330,35.47,8.5,301.51,14.82,13.35,2.2,1.1,2.42,0.22,532.4,319.01,0.499
331,8.83,21.72,191.66,91.5,19.81,2.2,1.1,2.42,0.22,532.4,359.28,0.516
332,36.98,7.33,270.97,65.29,25.94,2.2,1.1,2.42,0.22,532.4,367.59,0.523
333,15.38,24.43,375.74,218.61,21.91,2.2,1.1,2.42,0.22,532.4,432.36,0.539
334,15.91,23.24,369.81,211.22,34.75,2.2,1.1,2.42,0.22,532.4,396.68,0.51
335,26.95,23.39,630.15,219.55,39.63,2.2,1.1,2.42,0.22,532.4,392.82,0.485
336,9.55,21.98,209.85,268.14,4.97,2.2,1.1,2.42,0.22,532.4,509.74,0.486
337,33.62,28.37,953.74,269.67,13.04,2.2,1.1,2.42,0.22,532.4,368.29,0.525
338,41.27,12.77,527.18,200.54,30.48,2.2,1.1,2.42,0.22,532.4,293.6,0.557
339,7.42,9.5,70.48,138.84,10.18,2.2,1.1,2.42,0.22,532.4,289.23,0.525
340,28.17,26.45,744.94,85.81,30.49,2.2,1.1,2.42,0.22,532.4,308.05,0.513
341,26.88,22.13,594.9,15.62,1.0,2.2,1.1,2.42,0.22,532.4,535.15,0.513
342,46.96,17.41,817.88,91.7,1.1,2.2,1.1,2.42,0.22,532.4,423.19,0.486
343,22.35,26.59,594.39,307.72,41.43,2.2,1.1,2.42,0.22,532.4,415.62,0.521
344,49.37,23.48,1158.94,127.82,3.45,2.2,1.1,2.42,0.22,532.4,349.88,0.536
345,19.39,28.71,556.79,54.54,16.92,2.2,1.1,2.42,0.22,532.4,328.6,0.504
346,38.25,21.01,803.81,207.5,18.55,2.2,1.1,2.42,0.22,532.4,523.6,0.508
347,28.5,24.56,700.04,222.12,5.27,2.2,1.1,2.42,0.22,532.4,397.51,0.531
348,46.94,16.51,774.97,111.11,7.11,2.2,1.1,2.42,0.22,532.4,289.98,0.532
349,17.84,26.8,477.9,8.95,12.88,2.2,1.1,2.42,0.22,532.4,327.09,0.553
350,19.16,6.3,120.65,176.43,32.34,2.2,1.1,2.42,0.22,532.4,458.91,0.548
351,48.62,22.18,1078.46,69.28,40.05,2.2,1.1,2.42,0.22,532.4,287.75,0.507
352,39.95,24.64,984.5,348.62,8.22,2.2,1.1,2.42,0.22,532.4,409.1,0.536
353,41.22,10.17,419.25,74.58,6.3,2.2,1.1,2.42,0.22,532.4,450.24,0.489
354,35.78,23.18,829.27,82.7,36.13,2.2,1.1,2.42,0.22,532.4,462.68,0.521
355,35.25,13.77,485.48,60.83,9.97,2.2,1.1,2.42,0.22,532.4,387.68,0.528
356,48.74,16.52,805.11,308.0,12.74,2.2,1.1,2.42,0.22,532.4,392.93,0.529
357,39.61,20.15,798.12,13.07,41.82,2.2,1.1,2.42,0.22,532.4,519.54,0.52
358,13.55,7.15,96.9,110.75,14.5,2.2,1.1,2.42,0.22,532.4,502.27,0.526
359,29.46,8.73,257.3,138.52,23.27,2.2,1.1,2.42,0.22,532.4,325.13,0.542
360,33.49,15.66,524.41,4.06,29.2,2.2,1.1,2.42,0.22,532.4,348.42,0.515
361,13.86,16.17,224.16,295.42,30.73,2.2,1.1,2.42,0.22,532.4,464.55,0.536
362,22.31,17.88,398.87,294.91,41.6,2.2,1.1,2.42,0.22,532.4,336.61,0.544
363,42.28,15.41,651.47,183.21,18.73,2.2,1.1,2.42,0.22,532.4,334.31,0.536
364,11.66,13.38,155.93,185.22,12.19,2.2,1.1,2.42,0.22,532.4,474.28,0.504
365,23.94,15.12,362.09,184.37,24.28,2.2,1.1,2.42,0.22,532.4,497.8,0.482
366,30.03,5.69,170.73,190.72,37.49,2.2,1.1,2.42,0.22,532.4,436.24,0.549
367,16.52,11.16,184.38,113.48,36.04,2.2,1.1,2.42,0.22,532.4,470.05,0.542
368,7.45,8.68,64.68,76.94,6.89,2.2,1.1,2.42,0.22,532.4,431.7,0.552
369,28.64,13.67,391.4,257.08,14.34,2.2,1.1,2.42,0.22,532.4,347.83,0.525
370,37.17,16.31,606.16,37.91,36.27,2.2,1.1,2.42,0.22,532.4,502.69,0.493
371,43.33,11.46,496.59,145.22,43.45,2.2,1.1,2.42,0.22,532.4,481.29,0.535
372,19.43,14.49,281.51,86.86,43.78,2.2,1.1,2.42,0.22,532.4,471.32,0.525
373,28.62,12.77,365.41,98.08,3.72,2.2,1.1,2.42,0.22,532.4,501.7,0.514
374,18.75,11.75,220.3,245.42,8.76,2.2,1.1,2.42,0.22,532.4,368.82,0.521
375,5.73,25.53,146.27,302.19,9.73,2.2,1.1,2.42,0.22,532.4,457.37,0.53
376,31.13,6.47,201.44,163.43,5.96,2.2,1.1,2.42,0.22,532.4,296.42,0.528
377,45.52,8.12,369.55,171.96,2.76,2.2,1.1,2.42,0.22,532.4,452.14,0.507
378,43.8,27.49,1204.03,172.01,13.85,2.2,1.1,2.42,0.22,532.4,306.14,0.502
379,45.34,23.07,1046.1,249.8,8.5,2.2,1.1,2.42,0.22,532.4,341.81,0.554
380,37.7,20.78,783.54,357.68,15.43,2.2,1.1,2.42,0.22,532.4,497.09,0.519
381,45.87,20.7,949.33,216.46,28.87,2.2,1.1,2.42,0.22,532.4,336.15,0.498
382,15.93,21.52,342.91,45.01,9.3,2.2,1.1,2.42,0.22,532.4,391.49,0.529
383,30.06,26.44,794.83,175.7,30.26,2.2,1.1,2.42,0.22,532.4,470.95,0.519
384,16.93,12.39,209.78,270.59,3.58,2.2,1.1,2.42,0.22,532.4,302.66,0.51
385,28.48,26.04,741.58,85.73,1.32,2.2,1.1,2.42,0.22,532.4,404.59,0.553
386,48.22,9.55,460.32,349.93,41.33,2.2,1.1,2.42,0.22,532.4,366.13,0.526
387,28.24,11.14,314.66,217.08,29.08,2.2,1.1,2.42,0.22,532.4,469.36,0.515
388,26.68,12.5,333.41,95.37,11.73,2.2,1.1,2.42,0.22,532.4,457.32,0.522
389,6.59,26.57,174.98,269.58,36.94,2.2,1.1,2.42,0.22,532.4,419.28,0.552
390,22.78,15.9,362.29,330.53,30.08,2.2,1.1,2.42,0.22,532.4,365.48,0.508
391,44.4,8.58,380.96,15.54,35.13,2.2,1.1,2.42,0.22,532.4,495.62,0.507
392,16.04,21.58,346.07,234.73,29.5,2.2,1.1,2.42,0.22,532.4,459.0,0.533
393,42.54,18.38,781.86,0.51,15.22,2.2,1.1,2.42,0.22,532.4,352.2,0.556
394,24.42,21.75,531.19,49.02,32.32,2.2,1.1,2.42,0.22,532.4,343.39,0.519
395,39.3,18.85,740.96,240.09,40.83,2.2,1.1,2.42,0.22,532.4,415.42,0.498
396,24.52,8.03,196.86,72.85,40.66,2.2,1.1,2.42,0.22,532.4,314.94,0.552
397,18.21,15.84,288.54,115.74,25.93,2.2,1.1,2.42,0.22,532.4,421.24,0.528
398,10.09,7.66,77.3,0.78,29.38,2.2,1.1,2.42,0.22,532.4,374.21,0.509
399,22.72,21.49,488.15,43.79,12.18,2.2,1.1,2.42,0.22,532.4,305.97,0.518
400,21.97,13.47,295.94,100.72,44.18,2.2,1.1,2.42,0.22,532.4,426.4,0.508
401,25.83,19.18,495.42,207.89,40.34,2.2,1.1,2.42,0.22,532.4,323.64,0.514
402,46.59,7.59,353.43,218.49,36.62,2.2,1.1,2.42,0.22,532.4,347.58,0.522
403,25.4,27.21,691.15,265.27,35.23,2.2,1.1,2.42,0.22,532.4,500.21,0.542
404,48.67,22.22,1081.38,197.96,30.91,2.2,1.1,2.42,0.22,532.4,295.37,0.565
405,25.32,8.19,207.37,150.64,2.5,2.2,1.1,2.42,0.22,532.4,462.7,0.516
406,40.65,14.04,570.81,345.35,28.92,2.2,1.1,2.42,0.22,532.4,415.95,0.537
407,43.55,26.75,1164.84,297.08,21.62,2.2,1.1,2.42,0.22,532.4,354.17,0.541
408,6.99,19.11,133.66,199.98,41.34,2.2,1.1,2.42,0.22,532.4,546.26,0.503
409,43.39,29.55,1282.12,52.78,16.49,2.2,1.1,2.42,0.22,532.4,275.43,0.534
410,23.25,19.92,463.07,40.2,2.66,2.2,1.1,2.42,0.22,532.4,274.35,0.514
411,28.73,29.45,846.06,32.88,17.1,2.2,1.1,2.42,0.22,532.4,460.06,0.531
412,25.8,26.71,689.05,305.59,41.23,2.2,1.1,2.42,0.22,532.4,366.7,0.55
413,36.71,13.34,489.79,312.78,40.81,2.2,1.1,2.42,0.22,532.4,352.47,0.484
414,13.92,10.41,144.92,297.84,34.4,2.2,1.1,2.42,0.22,532.4,479.98,0.491
415,29.83,16.52,492.67,316.75,24.72,2.2,1.1,2.42,0.22,532.4,543.26,0.495
416,40.04,8.14,326.07,40.7,22.88,2.2,1.1,2.42,0.22,532.4,518.3,0.51
417,41.85,12.69,531.16,0.66,34.75,2.2,1.1,2.42,0.22,532.4,278.46,0.53
418,24.23,16.31,395.28,57.71,13.16,2.2,1.1,2.42,0.22,532.4,444.94,0.515
419,43.84,15.33,672.1,344.9,40.82,2.2,1.1,2.42,0.22,532.4,280.71,0.562
420,34.18,21.87,747.35,303.87,10.38,2.2,1.1,2.42,0.22,532.4,436.55,0.524
421,28.84,6.92,199.52,89.64,4.49,2.2,1.1,2.42,0.22,532.4,367.97,0.543
422,36.0,25.89,931.98,43.49,23.36,2.2,1.1,2.42,0.22,532.4,457.61,0.527
423,14.6,29.91,436.86,163.38,34.1,2.2,1.1,2.42,0.22,532.4,348.62,0.489
424,35.57,26.59,945.87,223.21,3.17,2.2,1.1,2.42,0.22,532.4,413.1,0.508
425,15.56,13.35,207.71,232.34,5.88,2.2,1.1,2.42,0.22,532.4,375.75,0.502
426,46.44,12.44,577.78,28.23,35.91,2.2,1.1,2.42,0.22,532.4,326.16,0.504
427,8.45,23.6,199.43,208.06,13.84,2.2,1.1,2.42,0.22,532.4,352.95,0.495
428,18.34,13.15,241.17,143.96,20.02,2.2,1.1,2.42,0.22,532.4,409.56,0.55
429,15.63,15.02,234.74,344.34,19.32,2.2,1.1,2.42,0.22,532.4,489.72,0.545
430,23.56,12.26,288.97,58.91,27.65,2.2,1.1,2.42,0.22,532.4,498.85,0.531
431,17.83,29.05,517.9,65.47,10.46,2.2,1.1,2.42,0.22,532.4,426.29,0.53
432,47.65,5.08,242.15,305.72,14.49,2.2,1.1,2.42,0.22,532.4,398.03,0.517
433,15.41,21.44,330.43,193.93,24.47,2.2,1.1,2.42,0.22,532.4,421.78,0.543
434,14.88,11.85,176.3,21.35,39.41,2.2,1.1,2.42,0.22,532.4,377.84,0.558
435,6.27,16.32,102.36,57.79,19.48,2.2,1.1,2.42,0.22,532.4,482.58,0.541
436,11.45,5.46,62.46,231.5,10.54,2.2,1.1,2.42,0.22,532.4,327.18,0.522
437,14.22,5.56,79.02,48.24,34.74,2.2,1.1,2.42,0.22,532.4,280.35,0.523
438,17.32,13.55,234.62,227.15,22.43,2.2,1.1,2.42,0.22,532.4,355.67,0.521
439,43.75,21.92,959.17,139.95,13.24,2.2,1.1,2.42,0.22,532.4,287.16,0.54
440,24.09,19.99,481.4,27.47,3.98,2.2,1.1,2.42,0.22,532.4,311.44,0.539
441,14.85,9.6,142.59,186.05,33.9,2.2,1.1,2.42,0.22,532.4,481.83,0.498
442,38.4,5.88,225.99,317.33,28.21,2.2,1.1,2.42,0.22,532.4,392.52,0.54
443,13.79,26.1,359.89,358.41,15.25,2.2,1.1,2.42,0.22,532.4,348.57,0.518
444,20.98,29.16,611.66,21.32,44.37,2.2,1.1,2.42,0.22,532.4,457.01,0.532
445,23.29,7.88,183.46,165.32,41.06,2.2,1.1,2.42,0.22,532.4,368.24,0.492
446,8.36,24.88,208.0,301.77,13.77,2.2,1.1,2.42,0.22,532.4,347.75,0.541
447,37.41,9.49,355.17,50.89,23.78,2.2,1.1,2.42,0.22,532.4,308.76,0.538
448,32.57,8.76,285.31,176.11,41.51,2.2,1.1,2.42,0.22,532.4,457.78,0.5
449,45.99,12.67,582.59,246.54,14.17,2.2,1.1,2.42,0.22,532.4,381.42,0.51
450,46.91,17.3,811.64,304.77,15.72,2.2,1.1,2.42,0.22,532.4,424.01,0.54
451,13.67,11.82,161.59,46.75,37.11,2.2,1.1,2.42,0.22,532.4,386.1,0.529
452,13.37,22.17,296.3,310.36,4.04,2.2,1.1,2.42,0.22,532.4,303.92,0.534
453,49.57,23.41,1160.74,297.28,16.92,2.2,1.1,2.42,0.22,532.4,277.33,0.557
454,49.29,27.0,1331.14,233.53,6.89,2.2,1.1,2.42,0.22,532.4,427.28,0.493
455,9.12,14.14,128.94,134.08,34.57,2.2,1.1,2.42,0.22,532.4,283.81,0.541
456,31.99,8.11,259.34,159.41,22.92,2.2,1.1,2.42,0.22,532.4,426.27,0.542
457,47.76,19.38,925.6,315.59,27.03,2.2,1.1,2.42,0.22,532.4,289.6,0.521
458,43.75,6.23,272.32,257.83,42.88,2.2,1.1,2.42,0.22,532.4,343.54,0.548
459,22.92,8.54,195.66,268.85,6.09,2.2,1.1,2.42,0.22,532.4,491.22,0.514
460,43.4,14.02,608.39,15.97,32.46,2.2,1.1,2.42,0.22,532.4,317.27,0.54
461,6.82,11.03,75.2,219.9,27.15,2.2,1.1,2.42,0.22,532.4,317.48,0.493
462,42.53,6.24,265.27,287.58,35.63,2.2,1.1,2.42,0.22,532.4,345.34,0.542
463,14.74,15.59,229.74,305.0,43.88,2.2,1.1,2.42,0.22,532.4,365.97,0.517
464,34.08,21.77,741.96,253.68,21.27,2.2,1.1,2.42,0.22,532.4,448.68,0.51
465,43.45,11.0,478.06,190.33,24.85,2.2,1.1,2.42,0.22,532.4,485.61,0.479
466,8.38,28.37,237.66,77.56,4.01,2.2,1.1,2.42,0.22,532.4,349.9,0.551
467,13.61,26.33,358.42,97.5,8.5,2.2,1.1,2.42,0.22,532.4,503.73,0.534
468,39.3,10.27,403.56,176.21,27.75,2.2,1.1,2.42,0.22,532.4,352.99,0.525
469,30.14,12.73,383.56,318.82,35.29,2.2,1.1,2.42,0.22,532.4,261.8,0.545
470,22.14,5.65,125.02,73.08,2.84,2.2,1.1,2.42,0.22,532.4,425.02,0.51
471,10.35,12.37,128.0,132.24,23.13,2.2,1.1,2.42,0.22,532.4,296.02,0.523
472,44.52,23.55,1048.39,354.98,0.37,2.2,1.1,2.42,0.22,532.4,410.24,0.523
473,10.16,17.82,181.01,349.54,14.12,2.2,1.1,2.42,0.22,532.4,376.3,0.533
474,38.42,25.57,982.64,347.07,4.96,2.2,1.1,2.42,0.22,532.4,327.71,0.495
475,41.17,23.41,963.73,203.59,41.5,2.2,1.1,2.42,0.22,532.4,514.23,0.531
476,38.71,7.55,292.22,274.23,22.96,2.2,1.1,2.42,0.22,532.4,351.08,0.492
477,42.85,27.53,1179.74,33.89,43.03,2.2,1.1,2.42,0.22,532.4,344.68,0.506
478,17.37,29.29,508.92,63.16,18.21,2.2,1.1,2.42,0.22,532.4,479.03,0.521
479,6.32,24.43,154.48,92.28,24.62,2.2,1.1,2.42,0.22,532.4,323.03,0.516
480,7.38,11.23,82.88,258.9,29.22,2.2,1.1,2.42,0.22,532.4,463.2,0.547
481,42.15,13.49,568.63,117.6,33.56,2.2,1.1,2.42,0.22,532.4,350.95,0.549
482,19.34,12.51,241.89,113.01,44.87,2.2,1.1,2.42,0.22,532.4,412.47,0.501
483,44.33,25.41,1126.27,3.99,21.74,2.2,1.1,2.42,0.22,532.4,466.59,0.506
484,41.97,10.72,449.71,41.91,43.34,2.2,1.1,2.42,0.22,532.4,363.39,0.515
485,6.86,13.52,92.76,179.17,27.64,2.2,1.1,2.42,0.22,532.4,336.99,0.553
486,38.77,5.11,198.23,291.19,1.1,2.2,1.1,2.42,0.22,532.4,486.88,0.537
487,30.14,26.48,798.31,209.63,20.67,2.2,1.1,2.42,0.22,532.4,276.81,0.508
488,36.4,29.7,1081.17,347.5,29.91,2.2,1.1,2.42,0.22,532.4,446.2,0.513
489,38.72,29.16,1129.08,40.46,39.62,2.2,1.1,2.42,0.22,532.4,266.17,0.528
490,26.05,17.77,462.9,273.34,41.32,2.2,1.1,2.42,0.22,532.4,306.03,0.52
491,30.04,16.2,486.62,300.99,15.35,2.2,1.1,2.42,0.22,532.4,476.37,0.522
492,17.85,25.88,461.88,32.95,2.84,2.2,1.1,2.42,0.22,532.4,319.02,0.512
493,47.59,9.1,432.85,156.24,31.89,2.2,1.1,2.42,0.22,532.4,317.91,0.497
494,21.12,6.76,142.76,13.88,42.21,2.2,1.1,2.42,0.22,532.4,264.34,0.577
495,34.57,24.66,852.55,99.2,14.6,2.2,1.1,2.42,0.22,532.4,522.87,0.493
496,10.64,16.6,176.57,264.26,3.68,2.2,1.1,2.42,0.22,532.4,364.46,0.52
497,36.53,5.48,200.14,29.77,22.07,2.2,1.1,2.42,0.22,532.4,402.27,0.499
498,15.57,28.48,443.34,257.71,25.13,2.2,1.1,2.42,0.22,532.4,491.11,0.554
499,33.95,24.97,847.67,331.02,39.88,2.2,1.1,2.42,0.22,532.4,339.69,0.521
500,9.95,17.89,177.97,97.99,11.24,2.2,1.1,2.42,0.22,532.4,299.77,0.55
501,22.25,11.58,257.62,325.53,0.49,2.2,1.1,2.42,0.22,532.4,401.38,0.521
502,15.16,17.54,265.9,325.62,13.29,2.2,1.1,2.42,0.22,532.4,346.59,0.514
503,46.35,24.97,1157.25,281.81,7.65,2.2,1.1,2.42,0.22,532.4,398.48,0.501
504,24.79,11.54,286.01,175.19,36.48,2.2,1.1,2.42,0.22,532.4,479.42,0.539
505,43.87,12.6,552.82,61.23,22.4,2.2,1.1,2.42,0.22,532.4,404.33,0.537
506,11.7,12.39,144.97,123.73,29.93,2.2,1.1,2.42,0.22,532.4,390.37,0.492
507,37.77,13.3,502.39,60.69,38.58,2.2,1.1,2.42,0.22,532.4,443.39,0.562
508,24.03,19.73,474.0,244.45,34.24,2.2,1.1,2.42,0.22,532.4,543.81,0.495
509,30.1,20.75,624.73,97.81,11.61,2.2,1.1,2.42,0.22,532.4,456.34,0.535
510,9.53,25.65,244.42,6.14,31.56,2.2,1.1,2.42,0.22,532.4,416.41,0.522
511,44.13,25.64,1131.65,349.22,37.52,2.2,1.1,2.42,0.22,532.4,321.61,0.51
512,15.56,16.34,254.26,81.71,43.96,2.2,1.1,2.42,0.22,532.4,311.15,0.537
513,32.01,29.96,958.91,30.68,9.5,2.2,1.1,2.42,0.22,532.4,376.79,0.53
514,16.02,7.68,123.02,221.25,21.06,2.2,1.1,2.42,0.22,532.4,468.47,0.563
515,23.55,16.73,394.02,109.58,10.57,2.2,1.1,2.42,0.22,532.4,420.73,0.512
516,18.16,20.32,368.86,69.23,33.53,2.2,1.1,2.42,0.22,532.4,423.25,0.516
517,35.54,21.89,777.93,58.33,44.78,2.2,1.1,2.42,0.22,532.4,318.17,0.489
518,5.73,19.79,113.42,105.38,8.64,2.2,1.1,2.42,0.22,532.4,320.0,0.526
519,48.79,27.09,1321.48,41.05,30.83,2.2,1.1,2.42,0.22,532.4,521.78,0.507
520,27.16,6.98,189.66,342.67,26.64,2.2,1.1,2.42,0.22,532.4,354.68,0.572
521,43.18,5.58,241.09,315.86,0.21,2.2,1.1,2.42,0.22,532.4,314.36,0.513
522,42.31,11.93,504.9,95.16,11.61,2.2,1.1,2.42,0.22,532.4,388.01,0.502
523,35.41,25.52,903.66,156.19,40.44,2.2,1.1,2.42,0.22,532.4,360.9,0.563
524,7.76,6.69,51.92,11.83,6.36,2.2,1.1,2.42,0.22,532.4,487.15,0.517
525,26.02,5.31,138.06,108.94,26.48,2.2,1.1,2.42,0.22,532.4,464.36,0.509
526,33.14,26.49,877.78,190.77,10.54,2.2,1.1,2.42,0.22,532.4,453.7,0.542
527,34.23,13.32,455.73,209.63,33.47,2.2,1.1,2.42,0.22,532.4,393.89,0.547
528,40.23,6.77,272.21,265.05,34.4,2.2,1.1,2.42,0.22,532.4,347.57,0.579
529,15.83,25.97,411.03,281.43,0.87,2.2,1.1,2.42,0.22,532.4,506.37,0.509
530,12.73,21.38,272.19,345.42,8.23,2.2,1.1,2.42,0.22,532.4,362.14,0.507
531,22.69,12.7,288.2,202.81,17.77,2.2,1.1,2.42,0.22,532.4,391.87,0.531
532,30.03,8.76,263.12,52.89,3.2,2.2,1.1,2.42,0.22,532.4,474.33,0.537
533,32.12,6.77,217.42,35.86,15.84,2.2,1.1,2.42,0.22,532.4,454.93,0.51
534,5.15,23.89,122.98,266.07,0.9,2.2,1.1,2.42,0.22,532.4,424.48,0.534
535,23.52,8.98,211.26,181.5,21.31,2.2,1.1,2.42,0.22,532.4,342.05,0.522
536,10.48,26.08,273.34,129.38,13.8,2.2,1.1,2.42,0.22,532.4,366.83,0.566
537,48.52,13.53,656.6,288.27,9.43,2.2,1.1,2.42,0.22,532.4,475.83,0.522
538,30.58,28.34,866.49,193.29,8.09,2.2,1.1,2.42,0.22,532.4,402.09,0.532
539,22.1,15.91,351.62,236.27,11.09,2.2,1.1,2.42,0.22,532.4,398.19,0.523
540,48.41,28.13,1361.9,108.17,17.28,2.2,1.1,2.42,0.22,532.4,501.1,0.547
541,34.55,12.69,438.46,317.3,37.83,2.2,1.1,2.42,0.22,532.4,309.14,0.579
542,16.19,29.56,478.68,192.9,10.77,2.2,1.1,2.42,0.22,532.4,283.79,0.511
543,19.73,28.23,557.0,22.57,37.47,2.2,1.1,2.42,0.22,532.4,458.18,0.591
544,40.43,24.49,990.16,269.48,2.71,2.2,1.1,2.42,0.22,532.4,417.69,0.517
545,18.78,26.98,506.77,192.49,2.72,2.2,1.1,2.42,0.22,532.4,246.8,0.581
546,40.82,16.52,674.42,279.4,36.65,2.2,1.1,2.42,0.22,532.4,401.07,0.513
547,32.8,29.59,970.57,164.76,0.36,2.2,1.1,2.42,0.22,532.4,376.26,0.523
548,48.57,18.32,889.71,244.25,20.11,2.2,1.1,2.42,0.22,532.4,380.68,0.552
549,41.79,16.91,706.74,132.24,15.57,2.2,1.1,2.42,0.22,532.4,316.4,0.533
550,43.89,18.86,827.81,67.33,0.03,2.2,1.1,2.42,0.22,532.4,416.12,0.557
551,17.38,17.02,295.87,354.76,19.58,2.2,1.1,2.42,0.22,532.4,332.75,0.55
552,35.85,22.6,810.33,270.01,1.59,2.2,1.1,2.42,0.22,532.4,368.93,0.508
553,8.93,19.5,174.26,178.71,35.13,2.2,1.1,2.42,0.22,532.4,283.13,0.536
554,40.74,26.68,1086.85,266.51,12.7,2.2,1.1,2.42,0.22,532.4,417.3,0.527
555,48.94,9.31,455.53,308.12,37.55,2.2,1.1,2.42,0.22,532.4,334.74,0.502
556,37.13,5.48,203.38,214.4,1.84,2.2,1.1,2.42,0.22,532.4,377.26,0.521
557,21.74,17.61,382.77,116.97,25.33,2.2,1.1,2.42,0.22,532.4,489.7,0.532
558,25.17,6.22,156.65,234.59,42.53,2.2,1.1,2.42,0.22,532.4,453.93,0.534
559,10.82,14.57,157.62,68.2,24.81,2.2,1.1,2.42,0.22,532.4,471.99,0.551
560,29.17,19.56,570.62,9.48,34.76,2.2,1.1,2.42,0.22,532.4,337.09,0.525
561,6.23,20.31,126.61,22.82,16.46,2.2,1.1,2.42,0.22,532.4,308.43,0.498
562,46.16,6.61,304.91,187.79,23.45,2.2,1.1,2.42,0.22,532.4,407.96,0.518
563,6.58,20.37,134.07,270.74,23.74,2.2,1.1,2.42,0.22,532.4,492.42,0.527
564,15.42,25.29,389.99,222.26,16.66,2.2,1.1,2.42,0.22,532.4,500.87,0.531
565,15.45,18.95,292.89,270.13,16.78,2.2,1.1,2.42,0.22,532.4,326.36,0.533
566,28.71,15.17,435.59,84.6,34.67,2.2,1.1,2.42,0.22,532.4,363.69,0.554
567,42.51,12.92,549.15,152.99,40.43,2.2,1.1,2.42,0.22,532.4,427.12,0.53
568,37.52,13.25,497.21,308.65,9.91,2.2,1.1,2.42,0.22,532.4,499.94,0.511
569,19.14,5.67,108.46,297.14,30.33,2.2,1.1,2.42,0.22,532.4,271.37,0.551
570,19.55,19.35,378.25,346.16,15.55,2.2,1.1,2.42,0.22,532.4,474.28,0.482
571,41.76,27.99,1168.91,284.58,23.79,2.2,1.1,2.42,0.22,532.4,476.84,0.539
572,8.15,27.23,221.81,198.82,10.52,2.2,1.1,2.42,0.22,532.4,263.85,0.562
573,49.51,19.55,968.22,58.89,9.84,2.2,1.1,2.42,0.22,532.4,422.9,0.484
574,39.95,29.69,1186.14,261.67,15.92,2.2,1.1,2.42,0.22,532.4,279.3,0.564
575,27.0,29.67,801.01,126.9,24.86,2.2,1.1,2.42,0.22,532.4,336.73,0.507
576,31.26,18.68,583.9,31.18,36.31,2.2,1.1,2.42,0.22,532.4,432.63,0.537
577,15.72,29.63,465.74,338.27,17.04,2.2,1.1,2.42,0.22,532.4,262.25,0.531
578,38.51,6.97,268.57,326.64,27.18,2.2,1.1,2.42,0.22,532.4,358.91,0.528
579,40.22,9.41,378.38,302.08,16.1,2.2,1.1,2.42,0.22,532.4,263.44,0.555
580,27.85,9.7,270.16,325.67,42.58,2.2,1.1,2.42,0.22,532.4,313.55,0.53
581,19.09,12.67,241.9,139.02,35.91,2.2,1.1,2.42,0.22,532.4,416.75,0.546
582,33.54,14.16,474.84,81.69,0.23,2.2,1.1,2.42,0.22,532.4,328.57,0.507
583,49.1,18.08,887.59,335.42,1.11,2.2,1.1,2.42,0.22,532.4,302.22,0.522
584,8.99,7.51,67.54,247.89,42.2,2.2,1.1,2.42,0.22,532.4,291.31,0.576
585,8.33,10.9,90.86,156.27,43.28,2.2,1.1,2.42,0.22,532.4,322.05,0.485
586,15.27,15.87,242.21,159.92,11.41,2.2,1.1,2.42,0.22,532.4,476.62,0.52
587,7.55,9.14,68.95,186.45,32.98,2.2,1.1,2.42,0.22,532.4,510.87,0.526
588,30.01,10.96,328.92,250.07,34.31,2.2,1.1,2.42,0.22,532.4,494.52,0.529
589,25.47,26.13,665.49,253.22,43.01,2.2,1.1,2.42,0.22,532.4,388.11,0.545
590,40.82,20.67,843.82,73.39,37.99,2.2,1.1,2.42,0.22,532.4,440.25,0.532
591,28.51,16.74,477.33,283.42,8.14,2.2,1.1,2.42,0.22,532.4,387.17,0.528
592,18.79,5.36,100.75,78.3,11.8,2.2,1.1,2.42,0.22,532.4,422.56,0.521
593,27.42,23.82,653.09,319.34,17.15,2.2,1.1,2.42,0.22,532.4,356.6,0.509
594,32.45,6.2,201.05,158.39,18.74,2.2,1.1,2.42,0.22,532.4,426.38,0.517
595,9.75,23.96,233.5,135.06,44.18,2.2,1.1,2.42,0.22,532.4,335.15,0.5
596,39.47,20.96,827.47,195.27,7.51,2.2,1.1,2.42,0.22,532.4,331.05,0.533
597,39.37,24.81,976.85,254.61,44.01,2.2,1.1,2.42,0.22,532.4,444.72,0.526
598,37.15,10.65,395.45,199.51,37.72,2.2,1.1,2.42,0.22,532.4,458.99,0.48
599,25.63,28.19,722.52,142.38,3.37,2.2,1.1,2.42,0.22,532.4,301.86,0.557
600,49.01,18.04,883.94,129.51,31.12,2.2,1.1,2.42,0.22,532.4,479.33,0.54
601,11.1,9.62,106.74,96.45,8.22,2.2,1.1,2.42,0.22,532.4,282.89,0.522
602,47.47,14.92,708.02,251.78,16.66,2.2,1.1,2.42,0.22,532.4,339.84,0.49
603,13.89,17.64,245.06,127.89,1.39,2.2,1.1,2.42,0.22,532.4,450.79,0.5
604,21.35,17.48,373.16,95.22,6.53,2.2,1.1,2.42,0.22,532.4,431.07,0.48
605,15.56,11.77,183.1,71.1,4.16,2.2,1.1,2.42,0.22,532.4,282.47,0.505
606,7.2,27.7,199.47,94.29,12.51,2.2,1.1,2.42,0.22,532.4,337.94,0.53
607,21.5,22.57,485.31,127.43,16.6,2.2,1.1,2.42,0.22,532.4,495.62,0.522
608,5.44,29.85,162.44,268.06,14.31,2.2,1.1,2.42,0.22,532.4,471.34,0.552
609,8.93,17.68,157.89,250.58,1.46,2.2,1.1,2.42,0.22,532.4,534.37,0.485
610,32.71,13.89,454.25,352.07,35.33,2.2,1.1,2.42,0.22,532.4,391.72,0.518
611,49.61,23.84,1182.93,182.57,27.72,2.2,1.1,2.42,0.22,532.4,345.17,0.538
612,17.74,21.08,374.1,129.24,33.08,2.2,1.1,2.42,0.22,532.4,371.65,0.523
613,45.05,27.98,1260.59,113.74,21.98,2.2,1.1,2.42,0.22,532.4,307.35,0.522
614,12.68,24.86,315.24,196.85,37.48,2.2,1.1,2.42,0.22,532.4,342.59,0.523
615,35.93,11.5,413.04,324.08,26.68,2.2,1.1,2.42,0.22,532.4,484.44,0.56
616,9.28,21.98,203.86,201.05,30.28,2.2,1.1,2.42,0.22,532.4,273.06,0.509
617,17.71,23.57,417.58,326.51,21.85,2.2,1.1,2.42,0.22,532.4,458.23,0.492
618,10.49,26.77,280.97,297.85,4.64,2.2,1.1,2.42,0.22,532.4,328.27,0.515
619,31.42,28.05,881.43,237.12,33.8,2.2,1.1,2.42,0.22,532.4,424.23,0.535
620,43.62,21.8,950.76,281.01,41.97,2.2,1.1,2.42,0.22,532.4,456.36,0.534
621,11.33,8.06,91.29,197.65,26.4,2.2,1.1,2.42,0.22,532.4,423.56,0.507
622,42.42,13.15,557.69,103.21,25.49,2.2,1.1,2.42,0.22,532.4,433.27,0.53
623,6.39,19.63,125.39,223.35,27.1,2.2,1.1,2.42,0.22,532.4,392.67,0.544
624,20.17,28.68,578.42,120.01,24.12,2.2,1.1,2.42,0.22,532.4,389.48,0.522
625,44.77,26.93,1205.6,5.29,40.99,2.2,1.1,2.42,0.22,532.4,281.94,0.544
626,35.78,20.57,735.97,7.43,12.99,2.2,1.1,2.42,0.22,532.4,391.75,0.54
627,10.62,23.16,246.01,25.05,41.65,2.2,1.1,2.42,0.22,532.4,320.54,0.57
628,39.9,25.13,1002.61,125.34,20.33,2.2,1.1,2.42,0.22,532.4,418.19,0.504
629,9.43,7.31,68.91,145.59,17.47,2.2,1.1,2.42,0.22,532.4,480.76,0.521
630,29.86,9.43,281.71,268.58,21.37,2.2,1.1,2.42,0.22,532.4,350.88,0.534
631,7.47,6.99,52.2,178.67,42.0,2.2,1.1,2.42,0.22,532.4,366.08,0.516
632,39.39,20.92,823.88,220.63,30.92,2.2,1.1,2.42,0.22,532.4,431.14,0.545
633,40.56,15.25,618.73,184.55,13.24,2.2,1.1,2.42,0.22,532.4,417.08,0.542
634,22.98,28.32,650.97,258.51,42.8,2.2,1.1,2.42,0.22,532.4,379.58,0.531
635,6.47,15.91,103.0,47.44,5.91,2.2,1.1,2.42,0.22,532.4,324.74,0.563
636,9.07,19.7,178.68,200.59,10.58,2.2,1.1,2.42,0.22,532.4,531.78,0.518
637,26.91,19.73,530.81,3.38,42.57,2.2,1.1,2.42,0.22,532.4,437.61,0.538
638,18.52,27.28,505.12,327.73,26.17,2.2,1.1,2.42,0.22,532.4,444.3,0.502
639,6.1,21.44,130.68,43.2,29.15,2.2,1.1,2.42,0.22,532.4,364.65,0.537
640,13.49,19.48,262.72,300.95,32.28,2.2,1.1,2.42,0.22,532.4,329.97,0.53
641,40.3,23.55,949.09,354.75,29.83,2.2,1.1,2.42,0.22,532.4,508.18,0.518
642,16.45,11.27,185.46,161.31,30.9,2.2,1.1,2.42,0.22,532.4,483.66,0.496
643,35.97,21.44,771.4,273.72,16.42,2.2,1.1,2.42,0.22,532.4,362.69,0.496
644,34.69,9.2,319.21,46.61,19.93,2.2,1.1,2.42,0.22,532.4,510.54,0.525
645,40.24,19.41,781.22,122.42,22.81,2.2,1.1,2.42,0.22,532.4,530.12,0.51
646,10.41,6.96,72.45,203.62,27.62,2.2,1.1,2.42,0.22,532.4,547.52,0.502
647,5.88,14.61,85.99,166.79,4.23,2.2,1.1,2.42,0.22,532.4,424.0,0.53
648,27.18,24.32,661.02,108.0,6.85,2.2,1.1,2.42,0.22,532.4,265.2,0.525
649,36.67,28.0,1026.72,223.85,33.8,2.2,1.1,2.42,0.22,532.4,296.39,0.511
650,27.93,10.39,290.11,338.53,7.81,2.2,1.1,2.42,0.22,532.4,408.65,0.495
651,43.3,22.26,963.89,161.37,8.32,2.2,1.1,2.42,0.22,532.4,373.83,0.52
652,12.29,24.24,297.91,306.11,44.99,2.2,1.1,2.42,0.22,532.4,382.97,0.519
653,12.07,29.63,357.62,300.83,16.86,2.2,1.1,2.42,0.22,532.4,497.43,0.514
654,23.71,5.7,135.18,44.22,3.47,2.2,1.1,2.42,0.22,532.4,373.84,0.55
655,26.09,29.77,776.6,254.72,7.32,2.2,1.1,2.42,0.22,532.4,526.18,0.502
656,45.67,25.28,1154.52,44.93,30.35,2.2,1.1,2.42,0.22,532.4,471.53,0.514
657,16.36,24.0,392.61,359.17,12.02,2.2,1.1,2.42,0.22,532.4,398.8,0.552
658,43.92,26.65,1170.36,350.01,2.95,2.2,1.1,2.42,0.22,532.4,505.07,0.519
659,28.08,13.51,379.36,51.73,4.45,2.2,1.1,2.42,0.22,532.4,506.52,0.502
660,25.96,8.09,209.91,12.01,19.09,2.2,1.1,2.42,0.22,532.4,326.9,0.532
661,26.55,6.56,174.25,152.11,18.63,2.2,1.1,2.42,0.22,532.4,407.21,0.543
662,40.9,14.84,606.88,298.2,23.51,2.2,1.1,2.42,0.22,532.4,486.09,0.506
663,18.53,11.61,215.02,200.06,14.47,2.2,1.1,2.42,0.22,532.4,431.71,0.545
664,15.5,12.69,196.65,244.65,13.15,2.2,1.1,2.42,0.22,532.4,360.46,0.523
665,16.94,5.96,100.98,354.64,43.97,2.2,1.1,2.42,0.22,532.4,351.76,0.509
666,24.81,12.7,315.1,41.45,33.78,2.2,1.1,2.42,0.22,532.4,345.5,0.562
667,18.47,5.95,109.88,66.17,20.54,2.2,1.1,2.42,0.22,532.4,451.94,0.511
668,33.46,29.54,988.56,141.58,4.27,2.2,1.1,2.42,0.22,532.4,487.47,0.524
669,25.96,20.57,534.17,193.29,1.54,2.2,1.1,2.42,0.22,532.4,463.19,0.519
670,30.66,19.0,582.61,295.4,30.2,2.2,1.1,2.42,0.22,532.4,541.16,0.48
671,13.3,28.86,383.89,161.95,24.75,2.2,1.1,2.42,0.22,532.4,513.44,0.524
672,38.82,9.69,376.01,328.53,32.61,2.2,1.1,2.42,0.22,532.4,373.25,0.562
673,27.9,17.96,501.04,110.96,6.23,2.2,1.1,2.42,0.22,532.4,421.67,0.491
674,49.27,22.53,1110.28,220.24,24.09,2.2,1.1,2.42,0.22,532.4,386.12,0.52
675,10.43,15.15,158.04,11.45,5.08,2.2,1.1,2.42,0.22,532.4,454.71,0.532
676,27.1,28.23,765.05,30.17,32.99,2.2,1.1,2.42,0.22,532.4,404.56,0.499
677,30.13,17.29,521.16,4.84,6.79,2.2,1.1,2.42,0.22,532.4,289.85,0.53
678,19.28,17.49,337.16,188.89,12.46,2.2,1.1,2.42,0.22,532.4,336.9,0.5
679,16.17,16.95,274.02,270.53,41.37,2.2,1.1,2.42,0.22,532.4,423.43,0.509
680,47.95,9.59,459.82,172.36,36.0,2.2,1.1,2.42,0.22,532.4,429.81,0.534
681,39.18,24.11,944.65,326.32,37.38,2.2,1.1,2.42,0.22,532.4,550.21,0.497
682,44.34,17.41,771.88,220.5,36.67,2.2,1.1,2.42,0.22,532.4,515.94,0.517
683,9.07,14.09,127.73,88.43,19.95,2.2,1.1,2.42,0.22,532.4,331.48,0.506
684,26.08,13.09,341.49,243.97,10.94,2.2,1.1,2.42,0.22,532.4,504.16,0.49
685,37.97,12.53,475.87,147.37,41.93,2.2,1.1,2.42,0.22,532.4,296.84,0.546
686,21.81,13.39,291.99,304.58,35.39,2.2,1.1,2.42,0.22,532.4,460.64,0.531
687,38.6,15.98,616.99,112.07,43.78,2.2,1.1,2.42,0.22,532.4,420.52,0.532
688,45.66,8.66,395.4,0.73,43.46,2.2,1.1,2.42,0.22,532.4,376.88,0.522
689,41.93,14.69,615.87,322.78,36.71,2.2,1.1,2.42,0.22,532.4,288.29,0.505
690,37.44,6.87,257.25,26.46,32.62,2.2,1.1,2.42,0.22,532.4,291.67,0.541
691,17.37,7.07,122.81,347.64,29.52,2.2,1.1,2.42,0.22,532.4,325.82,0.5
692,24.5,26.9,659.1,239.99,20.04,2.2,1.1,2.42,0.22,532.4,431.69,0.543
693,38.41,26.55,1019.74,307.85,30.0,2.2,1.1,2.42,0.22,532.4,488.99,0.511
694,27.16,10.08,273.93,50.6,19.74,2.2,1.1,2.42,0.22,532.4,369.7,0.509
695,12.46,26.75,333.18,147.22,23.73,2.2,1.1,2.42,0.22,532.4,257.57,0.561
696,19.45,10.66,207.33,61.17,20.75,2.2,1.1,2.42,0.22,532.4,449.05,0.52
697,49.77,13.38,665.79,231.29,32.89,2.2,1.1,2.42,0.22,532.4,476.14,0.547
698,40.53,25.65,1039.71,174.98,13.11,2.2,1.1,2.42,0.22,532.4,283.66,0.523
699,24.78,21.22,525.84,88.13,4.48,2.2,1.1,2.42,0.22,532.4,373.65,0.512
700,12.29,9.88,121.45,55.23,15.82,2.2,1.1,2.42,0.22,532.4,498.99,0.513
701,39.78,7.53,299.5,155.7,33.4,2.2,1.1,2.42,0.22,532.4,397.58,0.507
702,28.78,13.67,393.49,198.87,10.39,2.2,1.1,2.42,0.22,532.4,373.69,0.526
703,47.68,12.26,584.55,322.03,28.51,2.2,1.1,2.42,0.22,532.4,328.19,0.513
704,46.27,19.51,902.69,80.19,21.76,2.2,1.1,2.42,0.22,532.4,339.8,0.525
705,23.72,18.26,433.21,43.39,43.03,2.2,1.1,2.42,0.22,532.4,324.2,0.511
706,39.78,17.98,715.36,11.96,21.18,2.2,1.1,2.42,0.22,532.4,346.43,0.548
707,24.16,10.29,248.46,204.86,42.64,2.2,1.1,2.42,0.22,532.4,367.32,0.533
708,17.97,9.45,169.84,45.82,33.05,2.2,1.1,2.42,0.22,532.4,348.74,0.499
709,35.45,28.52,1010.92,37.39,21.85,2.2,1.1,2.42,0.22,532.4,282.1,0.536
710,42.32,25.35,1072.63,75.45,13.6,2.2,1.1,2.42,0.22,532.4,464.93,0.565
711,46.99,21.2,996.13,209.48,40.88,2.2,1.1,2.42,0.22,532.4,309.98,0.566
712,12.82,9.97,127.79,138.0,31.35,2.2,1.1,2.42,0.22,532.4,374.59,0.533
713,15.41,28.38,437.45,341.14,0.94,2.2,1.1,2.42,0.22,532.4,278.03,0.504
714,18.19,20.67,375.81,97.6,5.09,2.2,1.1,2.42,0.22,532.4,452.69,0.5
715,28.67,17.04,488.68,183.43,31.44,2.2,1.1,2.42,0.22,532.4,462.82,0.522
716,36.01,7.73,278.2,316.77,3.05,2.2,1.1,2.42,0.22,532.4,453.48,0.514
717,33.29,10.76,358.03,221.42,9.61,2.2,1.1,2.42,0.22,532.4,299.08,0.547
718,17.18,5.34,91.78,194.98,23.09,2.2,1.1,2.42,0.22,532.4,312.04,0.539
719,22.38,21.93,490.76,48.14,40.15,2.2,1.1,2.42,0.22,532.4,318.16,0.502
720,13.79,13.73,189.35,189.69,19.38,2.2,1.1,2.42,0.22,532.4,486.09,0.492
721,32.96,27.39,902.84,107.46,13.74,2.2,1.1,2.42,0.22,532.4,339.46,0.533
722,31.32,20.22,633.4,37.73,44.83,2.2,1.1,2.42,0.22,532.4,340.99,0.561
723,31.47,28.76,905.1,98.92,9.13,2.2,1.1,2.42,0.22,532.4,504.38,0.509
724,25.05,14.46,362.18,198.31,34.22,2.2,1.1,2.42,0.22,532.4,434.02,0.535
725,48.65,6.92,336.53,43.04,42.61,2.2,1.1,2.42,0.22,532.4,363.2,0.53
726,37.97,14.99,569.08,128.86,13.32,2.2,1.1,2.42,0.22,532.4,496.68,0.529
727,25.03,24.95,624.35,231.79,21.41,2.2,1.1,2.42,0.22,532.4,377.35,0.522
728,13.13,10.19,133.84,243.58,9.9,2.2,1.1,2.42,0.22,532.4,511.39,0.51
729,46.79,7.38,345.3,26.18,19.47,2.2,1.1,2.42,0.22,532.4,298.62,0.546
730,44.95,16.39,736.82,41.8,18.95,2.2,1.1,2.42,0.22,532.4,411.57,0.491
731,5.9,28.08,165.73,122.05,40.83,2.2,1.1,2.42,0.22,532.4,417.11,0.512
732,25.4,26.18,664.84,142.52,34.2,2.2,1.1,2.42,0.22,532.4,484.14,0.502
733,17.01,8.65,147.25,351.21,32.82,2.2,1.1,2.42,0.22,532.4,499.61,0.504
734,11.42,10.25,117.05,122.92,16.74,2.2,1.1,2.42,0.22,532.4,403.47,0.529
735,42.2,23.73,1001.42,359.35,12.52,2.2,1.1,2.42,0.22,532.4,376.67,0.512
736,30.12,24.63,741.7,120.35,24.5,2.2,1.1,2.42,0.22,532.4,506.75,0.534
737,24.58,11.61,285.49,246.22,5.03,2.2,1.1,2.42,0.22,532.4,360.09,0.509
738,8.97,19.04,170.7,97.77,33.98,2.2,1.1,2.42,0.22,532.4,418.18,0.565
739,12.43,21.41,266.17,339.35,18.84,2.2,1.1,2.42,0.22,532.4,282.92,0.563
740,24.74,11.12,275.16,322.32,11.18,2.2,1.1,2.42,0.22,532.4,375.66,0.546
741,19.96,23.24,463.96,357.02,18.68,2.2,1.1,2.42,0.22,532.4,430.64,0.571
742,46.2,21.52,994.12,353.87,7.42,2.2,1.1,2.42,0.22,532.4,303.99,0.504
743,17.53,16.3,285.74,259.67,41.05,2.2,1.1,2.42,0.22,532.4,488.74,0.524
744,23.99,19.9,477.43,25.05,0.57,2.2,1.1,2.42,0.22,532.4,376.4,0.516
745,15.22,29.75,452.78,278.26,43.89,2.2,1.1,2.42,0.22,532.4,483.18,0.531
746,32.14,15.76,506.62,225.0,10.61,2.2,1.1,2.42,0.22,532.4,279.52,0.511
747,47.74,25.97,1239.67,156.87,14.46,2.2,1.1,2.42,0.22,532.4,480.12,0.507
748,22.97,15.65,359.36,322.45,32.32,2.2,1.1,2.42,0.22,532.4,441.92,0.504
749,49.07,26.86,1317.79,35.36,36.88,2.2,1.1,2.42,0.22,532.4,382.17,0.545
750,45.99,11.22,515.97,248.74,22.69,2.2,1.1,2.42,0.22,532.4,288.28,0.49
751,41.22,25.87,1066.45,341.76,40.6,2.2,1.1,2.42,0.22,532.4,482.23,0.531
752,34.51,24.78,855.19,132.29,21.92,2.2,1.1,2.42,0.22,532.4,523.49,0.512
753,38.81,12.31,477.64,309.04,4.33,2.2,1.1,2.42,0.22,532.4,504.54,0.529
754,36.27,9.85,357.4,346.63,38.43,2.2,1.1,2.42,0.22,532.4,382.06,0.494
755,43.91,16.4,720.14,262.02,18.05,2.2,1.1,2.42,0.22,532.4,445.02,0.507
756,23.48,24.82,582.84,297.18,16.31,2.2,1.1,2.42,0.22,532.4,463.11,0.488
757,27.51,8.61,236.95,202.48,30.15,2.2,1.1,2.42,0.22,532.4,324.47,0.544
758,17.51,12.21,213.78,137.36,3.44,2.2,1.1,2.42,0.22,532.4,397.51,0.507
759,38.83,21.5,834.91,167.62,26.86,2.2,1.1,2.42,0.22,532.4,278.57,0.513
760,22.6,10.79,243.86,305.59,40.59,2.2,1.1,2.42,0.22,532.4,367.38,0.54
761,8.14,5.66,46.07,338.33,23.75,2.2,1.1,2.42,0.22,532.4,326.68,0.522
762,16.1,23.81,383.39,301.95,2.87,2.2,1.1,2.42,0.22,532.4,392.6,0.518
763,8.29,5.83,48.38,104.02,22.78,2.2,1.1,2.42,0.22,532.4,438.6,0.538
764,13.17,12.16,160.13,324.85,41.45,2.2,1.1,2.42,0.22,532.4,403.28,0.547
765,35.83,21.98,787.57,184.93,21.38,2.2,1.1,2.42,0.22,532.4,295.74,0.505
766,6.51,20.2,131.48,224.77,44.79,2.2,1.1,2.42,0.22,532.4,379.13,0.509
767,39.3,5.27,207.28,166.15,36.45,2.2,1.1,2.42,0.22,532.4,368.67,0.509
768,36.98,6.72,248.61,344.25,4.34,2.2,1.1,2.42,0.22,532.4,292.63,0.511
769,8.61,9.25,79.68,189.51,34.0,2.2,1.1,2.42,0.22,532.4,452.71,0.491
770,16.17,24.19,391.24,321.3,36.88,2.2,1.1,2.42,0.22,532.4,383.63,0.551
771,46.49,10.03,466.24,261.78,5.87,2.2,1.1,2.42,0.22,532.4,281.9,0.507
772,19.67,9.84,193.52,283.2,21.97,2.2,1.1,2.42,0.22,532.4,337.49,0.562
773,40.64,29.4,1194.79,337.83,17.59,2.2,1.1,2.42,0.22,532.4,500.46,0.501
774,34.8,13.74,478.25,273.35,42.84,2.2,1.1,2.42,0.22,532.4,279.2,0.541
775,39.38,25.76,1014.31,240.93,19.69,2.2,1.1,2.42,0.22,532.4,493.58,0.527
776,34.88,25.54,890.68,17.07,27.26,2.2,1.1,2.42,0.22,532.4,486.3,0.542
777,12.38,11.39,140.98,97.29,36.47,2.2,1.1,2.42,0.22,532.4,462.71,0.52
778,6.63,7.15,47.41,100.98,34.21,2.2,1.1,2.42,0.22,532.4,370.34,0.527
779,41.22,18.66,769.43,66.0,35.45,2.2,1.1,2.42,0.22,532.4,446.97,0.525
780,38.43,15.71,603.73,118.62,8.83,2.2,1.1,2.42,0.22,532.4,364.52,0.505
781,33.46,28.85,965.1,268.18,42.89,2.2,1.1,2.42,0.22,532.4,277.37,0.502
782,23.16,23.8,551.17,284.71,18.1,2.2,1.1,2.42,0.22,532.4,346.54,0.51
783,6.67,17.87,119.19,36.24,5.15,2.2,1.1,2.42,0.22,532.4,391.23,0.502
784,43.14,14.51,625.94,331.79,14.13,2.2,1.1,2.42,0.22,532.4,521.49,0.508
785,13.67,21.44,293.17,192.26,25.17,2.2,1.1,2.42,0.22,532.4,402.22,0.502
786,21.61,5.14,111.09,227.82,19.07,2.2,1.1,2.42,0.22,532.4,387.56,0.542
787,16.07,28.73,461.87,84.57,39.25,2.2,1.1,2.42,0.22,532.4,396.19,0.531
788,25.24,27.54,694.99,170.73,20.65,2.2,1.1,2.42,0.22,532.4,515.25,0.535
789,34.02,19.3,656.7,306.64,10.62,2.2,1.1,2.42,0.22,532.4,377.89,0.585
790,44.15,19.12,844.05,209.24,4.37,2.2,1.1,2.42,0.22,532.4,383.52,0.549
791,23.58,10.03,236.59,173.87,31.46,2.2,1.1,2.42,0.22,532.4,367.51,0.558
792,40.47,15.36,621.88,115.37,26.91,2.2,1.1,2.42,0.22,532.4,380.11,0.551
793,20.73,20.09,416.47,37.5,10.41,2.2,1.1,2.42,0.22,532.4,360.46,0.541
794,43.21,28.6,1235.79,292.18,16.93,2.2,1.1,2.42,0.22,532.4,301.43,0.52
795,48.37,17.21,832.42,331.97,2.64,2.2,1.1,2.42,0.22,532.4,264.08,0.547
796,16.61,25.99,431.6,179.12,4.5,2.2,1.1,2.42,0.22,532.4,424.29,0.55
797,26.18,10.06,263.45,317.8,17.11,2.2,1.1,2.42,0.22,532.4,448.03,0.545
798,32.05,18.07,579.27,262.77,41.52,2.2,1.1,2.42,0.22,532.4,412.56,0.537
799,43.57,15.28,665.84,308.75,44.18,2.2,1.1,2.42,0.22,532.4,396.45,0.553
800,38.44,27.42,1053.98,146.16,12.15,2.2,1.1,2.42,0.22,532.4,499.62,0.531
801,26.36,25.95,684.19,224.8,10.29,2.2,1.1,2.42,0.22,532.4,295.36,0.509
802,10.31,10.25,105.64,158.63,30.75,2.2,1.1,2.42,0.22,532.4,311.05,0.503
803,16.09,14.1,226.81,241.68,9.28,2.2,1.1,2.42,0.22,532.4,376.87,0.568
804,14.72,29.16,429.12,81.27,40.42,2.2,1.1,2.42,0.22,532.4,366.7,0.542
805,31.06,23.16,719.31,0.69,5.35,2.2,1.1,2.42,0.22,532.4,380.91,0.535
806,14.18,17.89,253.76,52.17,37.11,2.2,1.1,2.42,0.22,532.4,521.94,0.53
807,13.99,7.18,100.47,111.93,16.42,2.2,1.1,2.42,0.22,532.4,492.24,0.545
808,20.25,18.33,371.33,172.12,33.85,2.2,1.1,2.42,0.22,532.4,508.47,0.527
809,40.95,9.37,383.67,211.16,38.26,2.2,1.1,2.42,0.22,532.4,518.02,0.532
810,39.29,13.49,530.12,168.26,32.91,2.2,1.1,2.42,0.22,532.4,354.18,0.552
811,22.28,11.85,263.91,351.05,35.27,2.2,1.1,2.42,0.22,532.4,365.25,0.512
812,20.89,28.78,601.26,265.27,18.67,2.2,1.1,2.42,0.22,532.4,436.8,0.534
813,43.91,28.76,1262.61,118.49,24.53,2.2,1.1,2.42,0.22,532.4,319.8,0.504
814,24.95,15.07,375.87,168.85,12.2,2.2,1.1,2.42,0.22,532.4,467.08,0.522
815,8.18,28.3,231.57,61.53,41.26,2.2,1.1,2.42,0.22,532.4,520.57,0.501
816,28.56,14.85,423.95,54.61,32.26,2.2,1.1,2.42,0.22,532.4,448.05,0.527
817,24.03,6.18,148.58,10.15,11.8,2.2,1.1,2.42,0.22,532.4,400.63,0.492
818,39.85,11.65,464.32,51.06,20.34,2.2,1.1,2.42,0.22,532.4,344.77,0.509
819,12.28,13.71,168.29,245.75,5.96,2.2,1.1,2.42,0.22,532.4,398.68,0.539
820,31.31,6.13,192.1,310.19,5.42,2.2,1.1,2.42,0.22,532.4,484.26,0.524
821,21.34,16.2,345.73,250.05,43.34,2.2,1.1,2.42,0.22,532.4,455.17,0.521
822,19.05,5.69,108.47,104.25,29.32,2.2,1.1,2.42,0.22,532.4,341.73,0.512
823,17.16,10.45,179.34,131.32,36.24,2.2,1.1,2.42,0.22,532.4,425.52,0.505
824,19.18,18.03,345.73,52.14,28.85,2.2,1.1,2.42,0.22,532.4,485.34,0.502
825,6.29,23.49,147.8,230.53,4.78,2.2,1.1,2.42,0.22,532.4,401.98,0.486
826,30.51,8.62,263.1,315.82,36.22,2.2,1.1,2.42,0.22,532.4,434.0,0.543
827,47.47,26.57,1261.36,313.24,7.12,2.2,1.1,2.42,0.22,532.4,466.29,0.533
828,22.18,18.87,418.65,49.71,5.49,2.2,1.1,2.42,0.22,532.4,346.37,0.509
829,32.98,9.76,321.92,353.7,14.59,2.2,1.1,2.42,0.22,532.4,288.82,0.53
830,17.58,12.28,215.83,0.93,39.66,2.2,1.1,2.42,0.22,532.4,364.26,0.539
831,10.65,16.81,179.13,317.38,33.18,2.2,1.1,2.42,0.22,532.4,315.68,0.554
832,19.27,22.9,441.34,256.43,42.02,2.2,1.1,2.42,0.22,532.4,491.53,0.534
833,28.51,9.17,261.46,79.17,29.8,2.2,1.1,2.42,0.22,532.4,337.28,0.547
834,31.9,29.18,930.78,153.54,4.47,2.2,1.1,2.42,0.22,532.4,318.72,0.506
835,27.13,17.66,479.06,353.15,27.77,2.2,1.1,2.42,0.22,532.4,507.56,0.511
836,8.43,11.67,98.34,144.06,16.14,2.2,1.1,2.42,0.22,532.4,452.52,0.526
837,9.28,25.08,232.69,70.68,2.16,2.2,1.1,2.42,0.22,532.4,480.0,0.544
838,8.75,19.74,172.68,165.42,24.78,2.2,1.1,2.42,0.22,532.4,367.41,0.541
839,29.81,18.38,548.01,220.64,34.57,2.2,1.1,2.42,0.22,532.4,298.2,0.51
840,24.19,27.52,665.77,94.07,4.82,2.2,1.1,2.42,0.22,532.4,518.58,0.493
841,19.63,14.23,279.4,87.13,2.05,2.2,1.1,2.42,0.22,532.4,418.57,0.493
842,21.83,11.73,256.01,337.36,30.31,2.2,1.1,2.42,0.22,532.4,438.62,0.553
843,36.29,9.79,355.33,20.52,25.15,2.2,1.1,2.42,0.22,532.4,362.2,0.533
844,42.61,23.77,1013.06,20.77,36.05,2.2,1.1,2.42,0.22,532.4,485.84,0.525
845,34.18,23.19,792.77,184.46,33.42,2.2,1.1,2.42,0.22,532.4,271.51,0.517
846,21.76,5.58,121.51,239.95,2.94,2.2,1.1,2.42,0.22,532.4,462.38,0.527
847,47.47,12.69,602.44,191.93,0.36,2.2,1.1,2.42,0.22,532.4,365.29,0.499
848,35.27,10.72,378.24,164.5,13.68,2.2,1.1,2.42,0.22,532.4,346.1,0.533
849,48.87,14.11,689.52,327.79,44.02,2.2,1.1,2.42,0.22,532.4,278.05,0.534
850,28.73,6.35,182.57,318.81,0.32,2.2,1.1,2.42,0.22,532.4,268.55,0.527
851,46.73,13.4,626.1,13.91,8.63,2.2,1.1,2.42,0.22,532.4,316.35,0.529
852,9.58,22.65,216.91,17.38,7.62,2.2,1.1,2.42,0.22,532.4,467.57,0.526
853,23.43,5.32,124.57,34.15,40.22,2.2,1.1,2.42,0.22,532.4,298.48,0.542
854,45.59,28.41,1295.25,224.92,31.71,2.2,1.1,2.42,0.22,532.4,333.11,0.53
855,14.45,17.78,256.95,108.54,31.27,2.2,1.1,2.42,0.22,532.4,378.59,0.545
856,32.41,29.07,941.96,50.47,15.53,2.2,1.1,2.42,0.22,532.4,446.02,0.515
857,42.38,10.17,431.15,132.3,33.85,2.2,1.1,2.42,0.22,532.4,328.86,0.491
858,26.7,11.81,315.39,139.27,12.02,2.2,1.1,2.42,0.22,532.4,507.47,0.516
859,12.11,19.33,234.13,318.55,2.81,2.2,1.1,2.42,0.22,532.4,309.61,0.544
860,20.69,27.61,571.38,45.3,37.3,2.2,1.1,2.42,0.22,532.4,351.57,0.522
861,37.25,24.11,898.24,292.04,21.83,2.2,1.1,2.42,0.22,532.4,481.15,0.518
862,24.86,28.05,697.09,30.36,3.14,2.2,1.1,2.42,0.22,532.4,407.32,0.501
863,11.08,14.82,164.18,311.8,44.1,2.2,1.1,2.42,0.22,532.4,353.05,0.511
864,28.86,10.02,289.1,280.0,30.04,2.2,1.1,2.42,0.22,532.4,340.16,0.51
865,47.13,18.53,873.12,144.69,4.63,2.2,1.1,2.42,0.22,532.4,276.91,0.5
866,10.34,27.23,281.63,87.73,22.49,2.2,1.1,2.42,0.22,532.4,303.38,0.506
867,19.44,29.9,581.31,222.65,33.53,2.2,1.1,2.42,0.22,532.4,426.32,0.476
868,38.3,24.91,954.16,15.8,33.37,2.2,1.1,2.42,0.22,532.4,419.49,0.519
869,47.95,6.25,299.68,165.8,27.0,2.2,1.1,2.42,0.22,532.4,385.19,0.548
870,12.38,21.44,265.5,151.59,41.84,2.2,1.1,2.42,0.22,532.4,477.92,0.52
871,22.67,27.72,628.24,193.85,43.51,2.2,1.1,2.42,0.22,532.4,423.1,0.548
872,34.7,28.62,993.06,323.3,15.43,2.2,1.1,2.42,0.22,532.4,466.78,0.55
873,26.0,18.87,490.63,96.59,36.12,2.2,1.1,2.42,0.22,532.4,384.43,0.5
874,23.34,13.63,318.24,256.08,37.67,2.2,1.1,2.42,0.22,532.4,293.11,0.508
875,47.56,20.19,960.14,118.1,2.19,2.2,1.1,2.42,0.22,532.4,512.8,0.528
876,28.54,11.6,331.04,95.1,16.05,2.2,1.1,2.42,0.22,532.4,322.82,0.559
877,45.83,7.91,362.41,287.87,26.62,2.2,1.1,2.42,0.22,532.4,325.98,0.519
878,35.36,28.6,1011.33,146.89,38.21,2.2,1.1,2.42,0.22,532.4,360.35,0.497
879,27.94,17.21,480.72,200.89,25.95,2.2,1.1,2.42,0.22,532.4,515.53,0.518
880,33.05,25.62,846.92,10.53,29.76,2.2,1.1,2.42,0.22,532.4,436.73,0.517
881,46.32,23.5,1088.44,94.28,15.25,2.2,1.1,2.42,0.22,532.4,290.27,0.499
882,34.88,12.27,427.97,259.79,1.9,2.2,1.1,2.42,0.22,532.4,396.32,0.512
883,46.79,22.84,1068.5,46.1,18.73,2.2,1.1,2.42,0.22,532.4,521.66,0.522
884,22.73,15.49,352.08,140.21,35.07,2.2,1.1,2.42,0.22,532.4,359.75,0.512
885,13.57,8.18,110.96,351.19,17.43,2.2,1.1,2.42,0.22,532.4,276.34,0.508
886,16.01,12.34,197.44,279.69,30.13,2.2,1.1,2.42,0.22,532.4,333.15,0.526
887,25.55,6.19,158.2,342.29,37.56,2.2,1.1,2.42,0.22,532.4,446.13,0.563
888,9.45,29.49,278.85,313.73,37.49,2.2,1.1,2.42,0.22,532.4,450.77,0.545
889,42.64,25.15,1072.31,289.27,11.03,2.2,1.1,2.42,0.22,532.4,432.98,0.522
890,48.2,21.03,1013.49,154.29,21.68,2.2,1.1,2.42,0.22,532.4,361.98,0.51
891,7.94,15.03,119.32,102.17,18.95,2.2,1.1,2.42,0.22,532.4,335.45,0.534
892,35.23,12.21,430.2,137.54,13.24,2.2,1.1,2.42,0.22,532.4,392.37,0.526
893,37.6,16.36,615.09,175.6,25.2,2.2,1.1,2.42,0.22,532.4,504.59,0.532
894,29.76,9.33,277.67,241.35,27.54,2.2,1.1,2.42,0.22,532.4,400.62,0.522
895,30.5,27.7,844.65,359.51,11.91,2.2,1.1,2.42,0.22,532.4,317.21,0.526
896,11.1,14.75,163.73,84.81,1.4,2.2,1.1,2.42,0.22,532.4,413.42,0.533
897,36.7,8.35,306.46,280.29,37.17,2.2,1.1,2.42,0.22,532.4,437.1,0.527
898,41.74,29.92,1248.84,140.29,7.2,2.2,1.1,2.42,0.22,532.4,281.13,0.54
899,16.94,22.29,377.59,275.03,35.88,2.2,1.1,2.42,0.22,532.4,462.24,0.514
900,15.48,20.03,310.19,48.64,13.15,2.2,1.1,2.42,0.22,532.4,511.74,0.515
901,6.81,8.44,57.51,29.89,9.4,2.2,1.1,2.42,0.22,532.4,352.43,0.515
902,47.69,24.88,1186.86,95.82,27.06,2.2,1.1,2.42,0.22,532.4,408.14,0.485
903,6.95,20.52,142.63,326.67,25.01,2.2,1.1,2.42,0.22,532.4,485.26,0.501
904,33.37,6.29,209.91,176.27,44.61,2.2,1.1,2.42,0.22,532.4,272.09,0.518
905,39.8,15.03,598.12,256.59,15.62,2.2,1.1,2.42,0.22,532.4,335.85,0.503
906,36.34,21.73,789.74,242.63,25.91,2.2,1.1,2.42,0.22,532.4,514.95,0.515
907,10.64,18.22,193.89,37.26,39.5,2.2,1.1,2.42,0.22,532.4,432.11,0.498
908,48.14,20.9,1006.3,114.15,20.34,2.2,1.1,2.42,0.22,532.4,342.7,0.48
909,47.35,6.26,296.27,98.22,24.65,2.2,1.1,2.42,0.22,532.4,329.48,0.508
910,35.81,11.8,422.48,191.24,3.74,2.2,1.1,2.42,0.22,532.4,305.52,0.514
911,36.34,25.35,921.28,152.29,18.1,2.2,1.1,2.42,0.22,532.4,491.75,0.548
912,36.86,14.76,543.94,131.49,25.38,2.2,1.1,2.42,0.22,532.4,541.64,0.5
913,6.16,18.72,115.41,142.17,2.72,2.2,1.1,2.42,0.22,532.4,444.34,0.489
914,6.99,24.88,173.83,31.04,22.18,2.2,1.1,2.42,0.22,532.4,307.5,0.535
915,9.28,8.18,75.88,344.37,44.14,2.2,1.1,2.42,0.22,532.4,275.05,0.534
916,34.98,24.39,853.11,187.34,29.65,2.2,1.1,2.42,0.22,532.4,305.81,0.543
917,47.22,25.02,1181.18,246.2,17.15,2.2,1.1,2.42,0.22,532.4,444.04,0.496
918,28.18,8.32,234.56,257.34,18.21,2.2,1.1,2.42,0.22,532.4,329.93,0.503
919,26.85,27.5,738.31,146.46,14.3,2.2,1.1,2.42,0.22,532.4,343.99,0.515
920,17.13,13.75,235.6,31.08,1.09,2.2,1.1,2.42,0.22,532.4,396.37,0.538
921,28.83,13.71,395.41,44.35,18.24,2.2,1.1,2.42,0.22,532.4,424.78,0.554
922,34.94,29.7,1037.58,168.94,27.83,2.2,1.1,2.42,0.22,532.4,477.17,0.536
923,45.63,7.23,330.08,351.1,23.43,2.2,1.1,2.42,0.22,532.4,411.28,0.525
924,23.58,26.29,619.99,326.42,27.11,2.2,1.1,2.42,0.22,532.4,440.53,0.492
925,40.62,9.08,368.86,220.78,42.25,2.2,1.1,2.42,0.22,532.4,284.18,0.521
926,24.55,21.07,517.19,249.68,31.22,2.2,1.1,2.42,0.22,532.4,479.32,0.491
927,48.46,5.89,285.52,46.17,32.29,2.2,1.1,2.42,0.22,532.4,417.39,0.51
928,46.39,19.88,922.2,243.41,23.31,2.2,1.1,2.42,0.22,532.4,326.06,0.514
929,10.69,23.93,255.8,157.15,27.58,2.2,1.1,2.42,0.22,532.4,358.64,0.519
930,35.14,25.41,893.05,187.38,1.57,2.2,1.1,2.42,0.22,532.4,486.39,0.519
931,46.84,22.48,1052.89,256.2,44.25,2.2,1.1,2.42,0.22,532.4,278.21,0.513
932,18.05,25.74,464.63,210.8,5.24,2.2,1.1,2.42,0.22,532.4,317.84,0.492
933,16.05,24.58,394.66,204.28,43.86,2.2,1.1,2.42,0.22,532.4,370.98,0.549
934,21.69,13.87,300.8,290.12,17.54,2.2,1.1,2.42,0.22,532.4,264.86,0.54
935,31.88,25.81,822.65,110.31,11.31,2.2,1.1,2.42,0.22,532.4,508.9,0.526
936,23.23,15.81,367.2,275.34,27.47,2.2,1.1,2.42,0.22,532.4,514.67,0.511
937,45.8,6.68,305.86,347.24,20.07,2.2,1.1,2.42,0.22,532.4,311.1,0.514
938,33.99,5.06,172.12,299.04,24.23,2.2,1.1,2.42,0.22,532.4,442.58,0.529
939,5.86,22.74,133.17,234.29,33.88,2.2,1.1,2.42,0.22,532.4,278.89,0.526
940,33.09,11.06,366.03,69.56,18.86,2.2,1.1,2.42,0.22,532.4,472.1,0.513
941,23.56,21.5,506.41,37.09,6.54,2.2,1.1,2.42,0.22,532.4,478.83,0.563
942,14.97,21.1,315.92,192.84,37.7,2.2,1.1,2.42,0.22,532.4,333.4,0.487
943,7.39,13.83,102.18,322.66,12.31,2.2,1.1,2.42,0.22,532.4,465.34,0.492
944,10.27,10.36,106.34,286.07,3.65,2.2,1.1,2.42,0.22,532.4,390.42,0.556
945,14.17,13.93,197.36,31.72,38.47,2.2,1.1,2.42,0.22,532.4,506.32,0.538
946,29.25,6.78,198.18,109.16,13.23,2.2,1.1,2.42,0.22,532.4,456.63,0.498
947,19.61,16.42,321.95,154.95,44.78,2.2,1.1,2.42,0.22,532.4,372.67,0.529
948,35.37,20.11,711.25,99.04,20.11,2.2,1.1,2.42,0.22,532.4,402.46,0.528
949,37.8,26.79,1012.84,185.74,18.17,2.2,1.1,2.42,0.22,532.4,466.74,0.534
950,44.66,24.48,1093.44,232.39,18.68,2.2,1.1,2.42,0.22,532.4,390.86,0.486
951,45.47,23.81,1082.96,157.97,16.15,2.2,1.1,2.42,0.22,532.4,368.84,0.504
952,47.51,28.32,1345.53,230.87,35.19,2.2,1.1,2.42,0.22,532.4,400.03,0.505
953,46.19,6.76,312.43,332.19,26.3,2.2,1.1,2.42,0.22,532.4,507.58,0.502
954,33.08,19.72,652.21,317.31,42.44,2.2,1.1,2.42,0.22,532.4,313.72,0.512
955,48.24,28.38,1368.99,74.46,2.47,2.2,1.1,2.42,0.22,532.4,500.46,0.541
956,38.88,23.98,932.45,73.28,2.57,2.2,1.1,2.42,0.22,532.4,482.72,0.535
957,43.19,15.91,686.95,295.25,21.85,2.2,1.1,2.42,0.22,532.4,470.67,0.523
958,37.42,29.93,1120.08,311.94,4.03,2.2,1.1,2.42,0.22,532.4,552.82,0.474
959,23.15,12.04,278.66,164.07,31.25,2.2,1.1,2.42,0.22,532.4,428.1,0.502
960,42.12,15.8,665.64,267.21,14.68,2.2,1.1,2.42,0.22,532.4,553.83,0.494
961,8.11,20.77,168.53,359.97,21.09,2.2,1.1,2.42,0.22,532.4,285.89,0.484
962,35.81,29.75,1065.53,284.02,23.6,2.2,1.1,2.42,0.22,532.4,379.39,0.545
963,39.25,10.33,405.31,23.84,25.92,2.2,1.1,2.42,0.22,532.4,427.51,0.505
964,29.04,11.36,329.93,81.04,13.67,2.2,1.1,2.42,0.22,532.4,487.48,0.515
965,18.06,27.69,500.02,243.63,30.35,2.2,1.1,2.42,0.22,532.4,465.37,0.495
966,15.54,21.1,328.04,23.88,35.02,2.2,1.1,2.42,0.22,532.4,511.16,0.484
967,30.93,8.97,277.36,152.3,12.18,2.2,1.1,2.42,0.22,532.4,495.33,0.554
968,45.21,14.17,640.8,20.3,22.37,2.2,1.1,2.42,0.22,532.4,315.13,0.521
969,43.02,14.08,605.77,115.33,39.6,2.2,1.1,2.42,0.22,532.4,404.16,0.52
970,28.91,22.82,659.87,209.81,5.38,2.2,1.1,2.42,0.22,532.4,324.93,0.511
971,15.57,28.36,441.53,214.0,38.49,2.2,1.1,2.42,0.22,532.4,273.77,0.539
972,20.23,20.34,411.45,312.55,20.25,2.2,1.1,2.42,0.22,532.4,441.1,0.542
973,37.71,29.33,1106.27,337.79,3.5,2.2,1.1,2.42,0.22,532.4,271.92,0.517
974,36.04,26.9,969.54,329.96,21.91,2.2,1.1,2.42,0.22,532.4,427.35,0.53
975,45.39,17.92,813.45,243.56,41.59,2.2,1.1,2.42,0.22,532.4,272.98,0.547
976,40.89,20.59,841.75,74.44,0.43,2.2,1.1,2.42,0.22,532.4,306.33,0.531
977,41.95,11.13,466.96,73.02,19.28,2.2,1.1,2.42,0.22,532.4,352.28,0.525
978,5.45,5.91,32.18,132.93,7.5,2.2,1.1,2.42,0.22,532.4,325.35,0.523
979,19.38,22.07,427.55,46.39,18.87,2.2,1.1,2.42,0.22,532.4,419.45,0.51
980,31.74,19.1,606.26,203.78,43.76,2.2,1.1,2.42,0.22,532.4,521.78,0.52
981,18.1,18.51,335.03,167.64,13.48,2.2,1.1,2.42,0.22,532.4,453.41,0.538
982,49.35,8.21,405.32,325.95,1.63,2.2,1.1,2.42,0.22,532.4,488.53,0.501
983,19.38,8.42,163.14,328.59,7.31,2.2,1.1,2.42,0.22,532.4,450.93,0.516
984,42.98,9.86,423.94,163.26,35.73,2.2,1.1,2.42,0.22,532.4,296.65,0.54
985,25.85,11.13,287.61,106.14,43.92,2.2,1.1,2.42,0.22,532.4,306.67,0.557
986,22.34,24.9,556.09,232.05,2.25,2.2,1.1,2.42,0.22,532.4,419.99,0.518
987,23.77,22.04,523.78,133.88,40.18,2.2,1.1,2.42,0.22,532.4,352.33,0.536
988,48.0,10.02,480.83,335.94,17.7,2.2,1.1,2.42,0.22,532.4,491.77,0.542
989,7.5,13.7,102.72,86.89,15.61,2.2,1.1,2.42,0.22,532.4,402.99,0.535
990,24.06,26.93,647.99,322.0,7.97,2.2,1.1,2.42,0.22,532.4,437.13,0.552
991,36.27,8.86,321.32,296.96,4.57,2.2,1.1,2.42,0.22,532.4,293.51,0.523
992,5.75,22.74,130.8,245.5,8.58,2.2,1.1,2.42,0.22,532.4,428.65,0.522
993,13.38,24.24,324.34,164.73,3.76,2.2,1.1,2.42,0.22,532.4,475.28,0.569
994,8.79,27.62,242.94,348.2,6.35,2.2,1.1,2.42,0.22,532.4,486.45,0.51
995,14.54,17.72,257.66,294.76,0.57,2.2,1.1,2.42,0.22,532.4,417.83,0.55
996,26.71,10.67,285.07,352.01,9.15,2.2,1.1,2.42,0.22,532.4,345.86,0.534
997,32.15,21.9,704.09,248.59,44.59,2.2,1.1,2.42,0.22,532.4,495.09,0.529
998,7.78,14.03,109.24,91.33,15.36,2.2,1.1,2.42,0.22,532.4,281.47,0.513
999,13.97,21.88,305.81,68.62,39.7,2.2,1.1,2.42,0.22,532.4,404.76,0.542
1000,28.74,20.11,578.07,121.39,28.45,2.2,1.1,2.42,0.22,532.4,271.75,0.536
1001,33.08,10.99,363.5,14.89,41.14,2.2,1.1,2.42,0.22,532.4,495.48,0.524
1002,8.62,11.49,99.02,248.93,7.96,2.2,1.1,2.42,0.22,532.4,300.56,0.552
1003,18.93,25.36,480.15,198.29,34.94,2.2,1.1,2.42,0.22,532.4,473.87,0.502
1004,7.27,22.1,160.57,62.09,12.61,2.2,1.1,2.42,0.22,532.4,422.83,0.535
1005,19.71,10.5,207.03,171.1,27.87,2.2,1.1,2.42,0.22,532.4,509.81,0.514
1006,43.79,24.64,1078.93,111.16,39.08,2.2,1.1,2.42,0.22,532.4,269.25,0.562
1007,28.86,8.76,252.94,299.13,3.26,2.2,1.1,2.42,0.22,532.4,370.83,0.527
1008,16.0,25.81,412.95,32.09,5.55,2.2,1.1,2.42,0.22,532.4,411.18,0.519
1009,47.17,8.08,381.16,277.14,22.27,2.2,1.1,2.42,0.22,532.4,466.04,0.498
1010,26.63,22.24,592.42,235.92,9.21,2.2,1.1,2.42,0.22,532.4,310.92,0.514
1011,43.09,28.78,1240.07,253.86,6.36,2.2,1.1,2.42,0.22,532.4,414.67,0.495
1012,13.48,16.2,218.34,20.43,31.75,2.2,1.1,2.42,0.22,532.4,273.48,0.567
1013,9.76,5.91,57.66,313.32,19.63,2.2,1.1,2.42,0.22,532.4,283.93,0.527
1014,32.67,25.9,846.08,326.65,6.36,2.2,1.1,2.42,0.22,532.4,396.29,0.506
1015,31.83,24.02,764.47,209.99,14.03,2.2,1.1,2.42,0.22,532.4,339.77,0.51
1016,24.78,26.52,657.32,84.04,9.39,2.2,1.1,2.42,0.22,532.4,349.21,0.542
1017,18.25,22.78,415.79,66.05,12.13,2.2,1.1,2.42,0.22,532.4,257.94,0.545
1018,12.44,26.16,325.31,229.22,1.86,2.2,1.1,2.42,0.22,532.4,343.36,0.487
1019,20.74,26.65,552.78,84.58,4.98,2.2,1.1,2.42,0.22,532.4,434.72,0.544
1020,37.29,17.67,658.81,117.12,0.85,2.2,1.1,2.42,0.22,532.4,463.08,0.532
1021,41.3,25.83,1066.69,201.64,41.07,2.2,1.1,2.42,0.22,532.4,409.83,0.511
1022,46.43,20.38,946.33,6.3,12.74,2.2,1.1,2.42,0.22,532.4,347.85,0.548
1023,39.2,8.29,324.95,98.88,20.03,2.2,1.1,2.42,0.22,532.4,487.55,0.546
1024,37.6,15.09,567.29,155.69,17.9,2.2,1.1,2.42,0.22,532.4,503.85,0.509
1025,36.05,16.34,589.14,54.84,15.94,2.2,1.1,2.42,0.22,532.4,379.5,0.488
1026,21.62,24.15,522.21,263.15,14.91,2.2,1.1,2.42,0.22,532.4,353.38,0.55
1027,9.9,18.6,184.11,86.86,1.33,2.2,1.1,2.42,0.22,532.4,438.02,0.528
1028,28.87,19.51,563.3,137.45,44.55,2.2,1.1,2.42,0.22,532.4,522.39,0.516
1029,41.77,24.33,1016.12,310.28,7.76,2.2,1.1,2.42,0.22,532.4,366.42,0.525
1030,7.02,6.65,46.68,114.66,0.24,2.2,1.1,2.42,0.22,532.4,464.41,0.527
1031,48.74,13.33,649.66,351.34,33.53,2.2,1.1,2.42,0.22,532.4,305.08,0.52
1032,13.43,20.26,272.12,267.9,17.98,2.2,1.1,2.42,0.22,532.4,259.19,0.549
1033,11.3,6.58,74.36,100.22,13.28,2.2,1.1,2.42,0.22,532.4,357.04,0.535
1034,24.94,24.3,606.03,111.87,3.51,2.2,1.1,2.42,0.22,532.4,508.95,0.495
1035,49.55,7.37,365.41,221.79,20.56,2.2,1.1,2.42,0.22,532.4,294.08,0.528
1036,37.97,18.44,700.14,23.68,18.93,2.2,1.1,2.42,0.22,532.4,359.68,0.519
1037,33.1,15.55,514.75,49.61,32.25,2.2,1.1,2.42,0.22,532.4,433.79,0.529
1038,37.3,5.63,210.0,348.77,27.44,2.2,1.1,2.42,0.22,532.4,393.5,0.511
1039,10.24,7.63,78.11,122.42,13.26,2.2,1.1,2.42,0.22,532.4,506.21,0.481
1040,34.78,25.93,901.76,310.34,27.26,2.2,1.1,2.42,0.22,532.4,486.65,0.485
1041,47.55,6.21,295.46,267.13,21.4,2.2,1.1,2.42,0.22,532.4,489.97,0.532
1042,19.53,23.56,460.2,263.41,26.61,2.2,1.1,2.42,0.22,532.4,389.56,0.519
1043,18.12,18.8,340.6,211.82,28.74,2.2,1.1,2.42,0.22,532.4,293.58,0.528
1044,19.37,19.13,370.66,322.16,22.51,2.2,1.1,2.42,0.22,532.4,331.87,0.529
1045,23.51,21.11,496.36,87.44,42.36,2.2,1.1,2.42,0.22,532.4,311.79,0.546
1046,20.74,23.17,480.5,60.0,31.03,2.2,1.1,2.42,0.22,532.4,407.48,0.546
1047,24.68,18.41,454.41,73.23,38.81,2.2,1.1,2.42,0.22,532.4,417.68,0.506
1048,36.43,21.06,767.14,9.69,33.1,2.2,1.1,2.42,0.22,532.4,326.69,0.532
1049,32.77,6.98,228.89,145.46,9.49,2.2,1.1,2.42,0.22,532.4,395.62,0.504
1050,15.68,29.56,463.49,141.04,23.37,2.2,1.1,2.42,0.22,532.4,272.91,0.51
1051,12.08,19.89,240.33,287.84,36.77,2.2,1.1,2.42,0.22,532.4,279.33,0.545
1052,22.61,27.74,627.17,33.24,22.73,2.2,1.1,2.42,0.22,532.4,285.01,0.535
1053,28.79,22.0,633.53,218.45,22.56,2.2,1.1,2.42,0.22,532.4,343.05,0.54
1054,33.99,27.65,939.82,228.59,43.28,2.2,1.1,2.42,0.22,532.4,389.37,0.552
1055,34.76,24.59,854.69,27.16,40.99,2.2,1.1,2.42,0.22,532.4,288.66,0.495
1056,19.35,26.81,518.76,225.26,7.6,2.2,1.1,2.42,0.22,532.4,350.77,0.512
1057,20.06,9.7,194.49,305.07,41.0,2.2,1.1,2.42,0.22,532.4,498.38,0.504
1058,16.33,24.57,401.23,334.45,10.76,2.2,1.1,2.42,0.22,532.4,321.64,0.523
1059,15.75,25.31,398.65,337.81,42.31,2.2,1.1,2.42,0.22,532.4,499.77,0.525
1060,44.43,9.4,417.83,221.83,2.73,2.2,1.1,2.42,0.22,532.4,453.99,0.507
1061,8.76,7.66,67.06,13.02,7.17,2.2,1.1,2.42,0.22,532.4,294.64,0.543
1062,34.38,16.58,570.13,223.67,14.2,2.2,1.1,2.42,0.22,532.4,367.09,0.567
1063,15.61,13.68,213.59,132.89,12.43,2.2,1.1,2.42,0.22,532.4,305.93,0.518
1064,43.18,26.57,1147.24,168.77,17.48,2.2,1.1,2.42,0.22,532.4,492.47,0.515
1065,6.95,18.68,129.88,177.14,28.97,2.2,1.1,2.42,0.22,532.4,291.56,0.524
1066,32.24,21.3,686.78,175.35,9.58,2.2,1.1,2.42,0.22,532.4,443.58,0.497
1067,36.95,13.37,493.86,109.15,4.07,2.2,1.1,2.42,0.22,532.4,393.12,0.475
1068,32.37,13.74,444.59,264.62,15.64,2.2,1.1,2.42,0.22,532.4,396.81,0.525
1069,10.5,15.04,157.94,154.22,41.96,2.2,1.1,2.42,0.22,532.4,271.61,0.542
1070,7.66,20.84,159.53,95.98,9.82,2.2,1.1,2.42,0.22,532.4,412.43,0.516
1071,45.1,27.37,1234.43,196.2,25.69,2.2,1.1,2.42,0.22,532.4,528.39,0.509
1072,27.23,19.18,522.31,218.9,33.24,2.2,1.1,2.42,0.22,532.4,415.19,0.531
1073,9.21,7.32,67.41,123.16,5.79,2.2,1.1,2.42,0.22,532.4,264.38,0.526
1074,49.22,7.16,352.26,147.26,20.62,2.2,1.1,2.42,0.22,532.4,456.62,0.533
1075,31.39,5.18,162.46,55.18,27.76,2.2,1.1,2.42,0.22,532.4,434.8,0.512
1076,8.16,8.67,70.74,20.85,39.89,2.2,1.1,2.42,0.22,532.4,487.1,0.555
1077,10.05,28.55,286.85,262.05,29.04,2.2,1.1,2.42,0.22,532.4,331.86,0.499
1078,13.17,14.31,188.58,134.69,0.9,2.2,1.1,2.42,0.22,532.4,417.07,0.535
1079,49.29,14.91,734.64,344.89,42.52,2.2,1.1,2.42,0.22,532.4,454.76,0.499
1080,47.77,9.75,465.9,31.46,10.38,2.2,1.1,2.42,0.22,532.4,344.07,0.581
1081,40.77,11.84,482.72,57.04,38.32,2.2,1.1,2.42,0.22,532.4,382.34,0.535
1082,25.66,9.05,232.35,320.31,2.52,2.2,1.1,2.42,0.22,532.4,493.6,0.514
1083,19.35,23.6,456.56,312.84,20.59,2.2,1.1,2.42,0.22,532.4,287.26,0.507
1084,49.71,13.12,652.03,123.75,25.75,2.2,1.1,2.42,0.22,532.4,453.44,0.564
1085,23.47,7.21,169.28,129.98,37.83,2.2,1.1,2.42,0.22,532.4,499.98,0.512
1086,36.92,24.37,899.88,41.35,36.01,2.2,1.1,2.42,0.22,532.4,354.51,0.55
1087,40.88,22.86,934.52,301.28,11.43,2.2,1.1,2.42,0.22,532.4,509.32,0.534
1088,15.61,16.96,264.65,233.41,10.51,2.2,1.1,2.42,0.22,532.4,425.8,0.523
1089,48.09,21.97,1056.7,99.15,22.78,2.2,1.1,2.42,0.22,532.4,340.87,0.505
1090,6.99,21.34,149.16,314.09,14.05,2.2,1.1,2.42,0.22,532.4,469.51,0.515
1091,10.04,23.99,240.78,276.05,18.59,2.2,1.1,2.42,0.22,532.4,427.63,0.508
1092,28.09,27.63,776.14,217.37,32.91,2.2,1.1,2.42,0.22,532.4,378.5,0.53
1093,13.1,23.67,309.96,332.7,26.44,2.2,1.1,2.42,0.22,532.4,466.91,0.526
1094,42.25,19.46,822.33,47.05,27.44,2.2,1.1,2.42,0.22,532.4,331.24,0.525
1095,28.17,21.51,605.76,245.36,11.71,2.2,1.1,2.42,0.22,532.4,423.75,0.501
1096,28.73,6.4,183.87,161.68,12.09,2.2,1.1,2.42,0.22,532.4,373.17,0.55
1097,49.2,5.75,282.72,235.23,24.1,2.2,1.1,2.42,0.22,532.4,385.54,0.534
1098,42.49,13.0,552.32,33.23,1.35,2.2,1.1,2.42,0.22,532.4,492.27,0.531
1099,38.28,22.57,864.15,2.01,36.16,2.2,1.1,2.42,0.22,532.4,350.44,0.542
1100,10.74,20.26,217.66,234.52,44.77,2.2,1.1,2.42,0.22,532.4,445.36,0.519
1101,35.84,11.69,418.79,196.01,44.54,2.2,1.1,2.42,0.22,532.4,274.87,0.505
1102,6.56,24.62,161.56,96.76,4.72,2.2,1.1,2.42,0.22,532.4,427.6,0.548
1103,24.75,24.17,598.0,74.67,9.39,2.2,1.1,2.42,0.22,532.4,502.35,0.525
1104,48.1,16.94,814.78,118.65,36.2,2.2,1.1,2.42,0.22,532.4,448.4,0.557
1105,13.99,14.19,198.63,250.22,8.49,2.2,1.1,2.42,0.22,532.4,356.28,0.541
1106,9.07,13.03,118.17,323.08,18.75,2.2,1.1,2.42,0.22,532.4,412.1,0.535
1107,47.8,23.81,1137.84,78.79,26.47,2.2,1.1,2.42,0.22,532.4,444.5,0.504
1108,44.25,27.4,1212.14,199.08,26.24,2.2,1.1,2.42,0.22,532.4,327.66,0.531
1109,33.68,23.49,791.0,58.09,17.33,2.2,1.1,2.42,0.22,532.4,287.71,0.497
1110,39.78,11.94,475.06,128.96,41.01,2.2,1.1,2.42,0.22,532.4,309.9,0.498
1111,32.59,24.92,812.14,43.69,22.19,2.2,1.1,2.42,0.22,532.4,416.27,0.478
1112,43.26,20.28,877.37,206.65,31.27,2.2,1.1,2.42,0.22,532.4,485.87,0.546
1113,27.7,28.49,789.31,184.32,12.57,2.2,1.1,2.42,0.22,532.4,272.22,0.559
1114,26.11,15.42,402.75,297.79,4.82,2.2,1.1,2.42,0.22,532.4,339.74,0.537
1115,36.65,17.88,655.41,60.03,35.22,2.2,1.1,2.42,0.22,532.4,375.47,0.534
1116,10.43,20.97,218.7,92.68,23.16,2.2,1.1,2.42,0.22,532.4,308.13,0.511
1117,28.37,5.1,144.55,206.86,13.15,2.2,1.1,2.42,0.22,532.4,285.77,0.499
1118,44.19,26.47,1169.97,200.07,1.19,2.2,1.1,2.42,0.22,532.4,473.47,0.53
1119,33.78,16.41,554.36,265.46,20.74,2.2,1.1,2.42,0.22,532.4,459.3,0.525
1120,46.79,9.58,448.38,189.87,23.34,2.2,1.1,2.42,0.22,532.4,393.96,0.527
1121,22.51,21.44,482.77,335.11,31.67,2.2,1.1,2.42,0.22,532.4,375.34,0.515
1122,25.28,7.51,189.94,16.12,35.95,2.2,1.1,2.42,0.22,532.4,354.6,0.538
1123,14.3,25.33,362.24,67.57,7.06,2.2,1.1,2.42,0.22,532.4,531.13,0.486
1124,33.67,12.33,415.0,135.68,31.04,2.2,1.1,2.42,0.22,532.4,271.32,0.527
1125,8.07,30.0,242.14,284.94,23.19,2.2,1.1,2.42,0.22,532.4,459.38,0.493
1126,16.55,6.6,109.32,332.57,18.56,2.2,1.1,2.42,0.22,532.4,434.62,0.546
1127,34.7,13.7,475.46,62.35,33.82,2.2,1.1,2.42,0.22,532.4,430.69,0.502
1128,37.08,29.18,1081.75,344.78,32.15,2.2,1.1,2.42,0.22,532.4,361.74,0.486
1129,25.97,27.21,706.63,161.56,30.66,2.2,1.1,2.42,0.22,532.4,276.98,0.519
1130,42.3,15.04,636.18,65.84,24.72,2.2,1.1,2.42,0.22,532.4,348.39,0.536
1131,44.65,28.19,1258.77,83.1,19.25,2.2,1.1,2.42,0.22,532.4,290.53,0.521
1132,20.65,19.18,395.94,57.96,36.29,2.2,1.1,2.42,0.22,532.4,322.62,0.533
1133,11.46,13.81,158.32,121.49,6.49,2.2,1.1,2.42,0.22,532.4,483.41,0.491
1134,40.93,26.54,1086.31,284.74,3.03,2.2,1.1,2.42,0.22,532.4,421.08,0.511
1135,23.04,25.36,584.32,187.85,15.3,2.2,1.1,2.42,0.22,532.4,351.79,0.54
1136,44.08,27.29,1203.04,70.09,44.07,2.2,1.1,2.42,0.22,532.4,466.4,0.523
1137,27.08,21.84,591.48,74.81,28.93,2.2,1.1,2.42,0.22,532.4,377.67,0.51
1138,10.75,13.89,149.35,247.25,13.16,2.2,1.1,2.42,0.22,532.4,467.94,0.521
1139,13.28,11.95,158.7,161.17,1.3,2.2,1.1,2.42,0.22,532.4,289.98,0.529
1140,6.51,9.75,63.51,340.84,6.95,2.2,1.1,2.42,0.22,532.4,484.42,0.53
1141,28.94,20.54,594.61,333.17,10.14,2.2,1.1,2.42,0.22,532.4,526.89,0.514
1142,48.48,13.93,675.32,142.78,12.11,2.2,1.1,2.42,0.22,532.4,460.91,0.495
1143,19.22,12.81,246.15,63.38,1.71,2.2,1.1,2.42,0.22,532.4,396.03,0.536
1144,5.21,25.12,130.95,352.69,9.16,2.2,1.1,2.42,0.22,532.4,520.11,0.503
1145,28.71,23.71,680.82,88.56,5.19,2.2,1.1,2.42,0.22,532.4,341.76,0.517
1146,29.6,24.8,734.22,347.49,33.21,2.2,1.1,2.42,0.22,532.4,335.24,0.474
1147,49.89,21.26,1060.86,285.54,12.53,2.2,1.1,2.42,0.22,532.4,396.18,0.507
1148,39.29,6.97,273.67,307.04,16.37,2.2,1.1,2.42,0.22,532.4,470.36,0.525
1149,45.62,7.94,362.14,50.73,15.86,2.2,1.1,2.42,0.22,532.4,495.0,0.538
1150,48.07,28.15,1353.36,64.33,5.2,2.2,1.1,2.42,0.22,532.4,515.2,0.512
1151,43.97,9.61,422.59,321.54,40.0,2.2,1.1,2.42,0.22,532.4,459.58,0.561
1152,7.0,16.83,117.85,176.15,3.89,2.2,1.1,2.42,0.22,532.4,483.78,0.536
1153,29.07,25.81,750.22,290.58,36.67,2.2,1.1,2.42,0.22,532.4,516.48,0.531
1154,42.88,21.9,939.36,356.73,1.86,2.2,1.1,2.42,0.22,532.4,324.12,0.546
1155,34.62,17.89,619.42,53.67,23.11,2.2,1.1,2.42,0.22,532.4,439.46,0.556
1156,28.81,16.86,485.81,255.56,30.31,2.2,1.1,2.42,0.22,532.4,390.81,0.494
1157,8.87,21.67,192.21,354.56,2.88,2.2,1.1,2.42,0.22,532.4,531.33,0.511
1158,7.57,22.72,172.0,343.86,19.27,2.2,1.1,2.42,0.22,532.4,305.61,0.554
1159,41.48,15.81,655.76,54.84,15.83,2.2,1.1,2.42,0.22,532.4,538.98,0.504
1160,16.43,11.08,181.94,182.1,33.59,2.2,1.1,2.42,0.22,532.4,347.28,0.531
1161,12.52,27.47,343.82,100.99,24.23,2.2,1.1,2.42,0.22,532.4,408.12,0.507
1162,42.41,10.98,465.77,248.66,3.25,2.2,1.1,2.42,0.22,532.4,366.62,0.526
1163,6.28,28.22,177.37,236.63,2.96,2.2,1.1,2.42,0.22,532.4,269.99,0.515
1164,40.27,26.42,1064.08,282.61,3.18,2.2,1.1,2.42,0.22,532.4,520.54,0.528
1165,29.86,24.22,723.11,314.23,36.68,2.2,1.1,2.42,0.22,532.4,312.23,0.504
1166,29.87,5.69,169.86,292.03,2.8,2.2,1.1,2.42,0.22,532.4,298.87,0.542
1167,13.1,14.75,193.22,128.64,18.83,2.2,1.1,2.42,0.22,532.4,404.9,0.521
1168,12.86,21.08,271.17,223.53,17.29,2.2,1.1,2.42,0.22,532.4,487.57,0.498
1169,41.77,13.9,580.49,94.79,16.26,2.2,1.1,2.42,0.22,532.4,405.17,0.491
1170,14.09,7.56,106.47,209.38,10.51,2.2,1.1,2.42,0.22,532.4,417.46,0.538
1171,5.1,23.35,119.06,64.46,39.79,2.2,1.1,2.42,0.22,532.4,323.42,0.52
1172,32.16,18.22,586.02,27.19,34.44,2.2,1.1,2.42,0.22,532.4,422.28,0.54
1173,22.32,15.4,343.81,117.19,15.37,2.2,1.1,2.42,0.22,532.4,447.76,0.501
1174,7.18,18.2,130.69,218.79,39.93,2.2,1.1,2.42,0.22,532.4,447.16,0.537
1175,45.57,19.75,900.14,122.54,11.18,2.2,1.1,2.42,0.22,532.4,264.85,0.527
1176,11.47,26.09,299.36,13.79,37.62,2.2,1.1,2.42,0.22,532.4,468.13,0.509
1177,16.82,12.47,209.68,138.25,9.93,2.2,1.1,2.42,0.22,532.4,425.46,0.505
1178,42.26,26.83,1133.85,330.42,17.57,2.2,1.1,2.42,0.22,532.4,266.78,0.532
1179,7.21,16.81,121.26,50.08,11.05,2.2,1.1,2.42,0.22,532.4,383.59,0.538
1180,5.55,7.83,43.47,207.44,39.28,2.2,1.1,2.42,0.22,532.4,406.06,0.533
1181,19.65,19.81,389.36,149.19,34.72,2.2,1.1,2.42,0.22,532.4,376.81,0.546
1182,32.43,14.89,482.72,304.28,11.47,2.2,1.1,2.42,0.22,532.4,376.0,0.521
1183,27.1,10.28,278.52,74.21,33.81,2.2,1.1,2.42,0.22,532.4,346.08,0.524
1184,9.58,20.74,198.65,14.05,11.67,2.2,1.1,2.42,0.22,532.4,399.26,0.545
1185,44.42,7.16,318.24,194.46,11.26,2.2,1.1,2.42,0.22,532.4,495.12,0.513
1186,35.08,14.42,505.93,306.29,32.2,2.2,1.1,2.42,0.22,532.4,451.09,0.469
1187,35.55,13.64,484.83,161.42,41.71,2.2,1.1,2.42,0.22,532.4,481.2,0.533
1188,34.96,28.37,992.05,273.32,20.68,2.2,1.1,2.42,0.22,532.4,484.39,0.502
1189,24.26,20.83,505.4,11.82,30.21,2.2,1.1,2.42,0.22,532.4,284.02,0.518
1190,28.63,6.32,180.92,38.9,34.79,2.2,1.1,2.42,0.22,532.4,474.91,0.545
1191,45.93,7.3,335.13,224.62,24.04,2.2,1.1,2.42,0.22,532.4,298.46,0.546
1192,28.36,12.93,366.65,161.27,30.72,2.2,1.1,2.42,0.22,532.4,354.28,0.549
1193,31.87,28.69,914.13,281.72,10.89,2.2,1.1,2.42,0.22,532.4,507.01,0.521
1194,19.13,29.04,555.34,236.64,36.53,2.2,1.1,2.42,0.22,532.4,385.08,0.508
1195,21.11,10.2,215.26,191.45,21.54,2.2,1.1,2.42,0.22,532.4,489.36,0.514
1196,29.74,28.95,861.09,51.39,8.43,2.2,1.1,2.42,0.22,532.4,395.36,0.477
1197,36.31,9.98,362.47,68.97,12.37,2.2,1.1,2.42,0.22,532.4,291.23,0.536
1198,25.16,9.32,234.45,341.11,41.82,2.2,1.1,2.42,0.22,532.4,377.13,0.537
1199,9.84,28.96,284.85,109.12,7.37,2.2,1.1,2.42,0.22,532.4,291.81,0.516
1200,23.1,17.36,400.85,33.97,25.95,2.2,1.1,2.42,0.22,532.4,468.81,0.548
1201,31.55,21.53,679.14,220.91,27.0,2.2,1.1,2.42,0.22,532.4,504.81,0.528
1202,21.83,9.98,217.87,211.84,17.02,2.2,1.1,2.42,0.22,532.4,277.89,0.538
1203,14.7,8.86,130.22,225.89,7.3,2.2,1.1,2.42,0.22,532.4,402.62,0.48
1204,24.94,23.99,598.5,112.45,16.59,2.2,1.1,2.42,0.22,532.4,404.14,0.535
1205,38.96,11.08,431.63,43.01,7.99,2.2,1.1,2.42,0.22,532.4,415.45,0.49
1206,14.36,20.71,297.51,299.37,3.97,2.2,1.1,2.42,0.22,532.4,332.43,0.513
1207,46.73,6.89,322.15,288.55,33.04,2.2,1.1,2.42,0.22,532.4,400.72,0.531
1208,15.31,12.21,186.97,100.82,15.49,2.2,1.1,2.42,0.22,532.4,311.84,0.531
1209,25.59,19.88,508.67,89.47,37.67,2.2,1.1,2.42,0.22,532.4,492.61,0.542
1210,44.71,17.42,778.97,55.21,11.02,2.2,1.1,2.42,0.22,532.4,292.1,0.547
1211,37.87,24.12,913.5,347.59,44.05,2.2,1.1,2.42,0.22,532.4,412.21,0.558
1212,40.58,28.76,1166.98,292.22,40.75,2.2,1.1,2.42,0.22,532.4,504.87,0.517
1213,31.95,19.45,621.39,191.58,2.0,2.2,1.1,2.42,0.22,532.4,369.41,0.511
1214,7.1,6.3,44.71,2.01,19.95,2.2,1.1,2.42,0.22,532.4,435.28,0.545
1215,23.11,18.39,424.83,325.85,9.17,2.2,1.1,2.42,0.22,532.4,326.32,0.51
1216,49.65,6.09,302.59,259.12,0.8,2.2,1.1,2.42,0.22,532.4,476.26,0.511
1217,34.58,16.08,556.08,198.1,23.57,2.2,1.1,2.42,0.22,532.4,450.55,0.562
1218,28.51,8.36,238.4,211.01,8.39,2.2,1.1,2.42,0.22,532.4,350.18,0.535
1219,18.67,16.62,310.31,289.74,13.75,2.2,1.1,2.42,0.22,532.4,414.76,0.564
1220,18.84,9.74,183.48,283.45,24.09,2.2,1.1,2.42,0.22,532.4,334.53,0.526
1221,31.5,22.95,722.95,50.33,27.16,2.2,1.1,2.42,0.22,532.4,394.95,0.54
1222,30.27,27.2,823.32,224.51,43.41,2.2,1.1,2.42,0.22,532.4,450.03,0.524
1223,14.91,21.33,318.04,245.02,28.74,2.2,1.1,2.42,0.22,532.4,384.59,0.521
1224,28.58,10.98,313.87,323.16,22.41,2.2,1.1,2.42,0.22,532.4,322.1,0.509
1225,40.27,10.14,408.38,85.6,27.14,2.2,1.1,2.42,0.22,532.4,351.0,0.538
1226,48.9,6.89,336.73,147.45,40.99,2.2,1.1,2.42,0.22,532.4,323.15,0.521
1227,48.35,24.76,1196.91,312.96,42.86,2.2,1.1,2.42,0.22,532.4,436.44,0.493
1228,28.43,17.53,498.36,216.23,6.48,2.2,1.1,2.42,0.22,532.4,342.86,0.535
1229,20.56,13.19,271.11,348.31,18.65,2.2,1.1,2.42,0.22,532.4,353.62,0.52
1230,34.11,27.28,930.57,83.78,28.66,2.2,1.1,2.42,0.22,532.4,456.85,0.531
1231,31.96,29.45,940.93,325.12,21.09,2.2,1.1,2.42,0.22,532.4,296.65,0.525
1232,15.1,11.57,174.78,142.95,12.93,2.2,1.1,2.42,0.22,532.4,444.59,0.516
1233,39.09,20.76,811.4,64.57,9.13,2.2,1.1,2.42,0.22,532.4,525.47,0.514
1234,40.1,7.56,303.21,313.72,7.15,2.2,1.1,2.42,0.22,532.4,293.2,0.535
1235,16.81,26.98,453.71,114.51,2.32,2.2,1.1,2.42,0.22,532.4,349.16,0.519
1236,36.06,13.39,482.98,181.22,39.99,2.2,1.1,2.42,0.22,532.4,343.33,0.535
1237,17.93,10.46,187.63,179.43,32.91,2.2,1.1,2.42,0.22,532.4,386.55,0.543
1238,18.63,11.49,214.06,143.59,37.19,2.2,1.1,2.42,0.22,532.4,493.37,0.505
1239,31.05,7.08,219.72,266.06,5.85,2.2,1.1,2.42,0.22,532.4,295.13,0.555
1240,29.62,24.58,728.06,329.19,38.73,2.2,1.1,2.42,0.22,532.4,423.98,0.509
1241,20.69,6.54,135.31,66.07,40.63,2.2,1.1,2.42,0.22,532.4,292.13,0.561
1242,35.48,17.19,609.94,142.55,36.46,2.2,1.1,2.42,0.22,532.4,356.62,0.53
1243,8.22,17.88,146.93,130.44,8.17,2.2,1.1,2.42,0.22,532.4,409.05,0.526
1244,37.03,10.29,381.17,311.22,42.31,2.2,1.1,2.42,0.22,532.4,462.53,0.559
1245,14.88,14.12,210.1,179.6,8.36,2.2,1.1,2.42,0.22,532.4,402.06,0.483
1246,7.69,25.1,193.08,256.29,5.76,2.2,1.1,2.42,0.22,532.4,281.01,0.522
1247,26.3,7.46,196.32,320.65,23.18,2.2,1.1,2.42,0.22,532.4,444.83,0.55
1248,36.62,16.03,587.23,205.23,34.18,2.2,1.1,2.42,0.22,532.4,392.27,0.505
1249,37.88,18.81,712.63,347.13,15.89,2.2,1.1,2.42,0.22,532.4,353.25,0.521
1250,44.33,23.51,1042.39,183.25,32.94,2.2,1.1,2.42,0.22,532.4,409.23,0.584
1251,24.69,16.97,418.92,92.76,9.65,2.2,1.1,2.42,0.22,532.4,442.31,0.513
1252,14.07,16.8,236.46,308.72,1.08,2.2,1.1,2.42,0.22,532.4,300.4,0.599
1253,37.56,24.37,915.1,165.06,39.99,2.2,1.1,2.42,0.22,532.4,302.03,0.493
1254,29.95,14.48,433.7,38.98,32.74,2.2,1.1,2.42,0.22,532.4,361.99,0.579
1255,29.54,20.86,616.21,107.7,39.83,2.2,1.1,2.42,0.22,532.4,463.4,0.524
1256,27.11,10.61,287.53,234.07,10.17,2.2,1.1,2.42,0.22,532.4,382.37,0.549
1257,48.67,29.58,1439.64,156.03,38.23,2.2,1.1,2.42,0.22,532.4,450.32,0.523
1258,12.56,13.1,164.56,1.84,4.11,2.2,1.1,2.42,0.22,532.4,288.6,0.509
1259,45.38,14.81,672.11,71.13,27.55,2.2,1.1,2.42,0.22,532.4,455.65,0.531
1260,8.09,23.44,189.59,123.2,40.01,2.2,1.1,2.42,0.22,532.4,302.52,0.52
1261,32.89,26.0,855.18,37.21,21.69,2.2,1.1,2.42,0.22,532.4,337.38,0.516
1262,12.42,12.6,156.46,2.38,15.53,2.2,1.1,2.42,0.22,532.4,313.76,0.525
1263,7.49,9.05,67.78,5.03,13.07,2.2,1.1,2.42,0.22,532.4,297.28,0.502
1264,7.54,24.68,186.15,286.59,2.02,2.2,1.1,2.42,0.22,532.4,395.8,0.529
1265,6.04,7.38,44.53,246.06,43.8,2.2,1.1,2.42,0.22,532.4,333.01,0.544
1266,18.37,8.16,149.94,249.7,10.07,2.2,1.1,2.42,0.22,532.4,282.08,0.51
1267,16.09,28.62,460.5,287.01,25.74,2.2,1.1,2.42,0.22,532.4,444.88,0.538
1268,18.66,28.85,538.27,287.62,43.25,2.2,1.1,2.42,0.22,532.4,330.78,0.531
1269,8.84,22.13,195.68,224.93,26.54,2.2,1.1,2.42,0.22,532.4,329.09,0.506
1270,27.82,23.06,641.49,124.72,26.29,2.2,1.1,2.42,0.22,532.4,507.55,0.531
1271,15.4,14.71,226.45,188.43,13.55,2.2,1.1,2.42,0.22,532.4,404.41,0.512
1272,44.93,29.43,1322.35,99.49,30.06,2.2,1.1,2.42,0.22,532.4,438.4,0.527
1273,21.05,17.36,365.55,155.7,28.27,2.2,1.1,2.42,0.22,532.4,340.61,0.523
1274,34.03,7.41,252.07,140.16,3.65,2.2,1.1,2.42,0.22,532.4,411.33,0.511
1275,23.3,24.99,582.3,148.74,18.09,2.2,1.1,2.42,0.22,532.4,335.1,0.527
1276,5.13,22.67,116.35,251.26,17.29,2.2,1.1,2.42,0.22,532.4,449.47,0.519
1277,14.42,23.97,345.59,326.47,12.52,2.2,1.1,2.42,0.22,532.4,346.88,0.53
1278,20.01,6.91,138.27,16.69,0.15,2.2,1.1,2.42,0.22,532.4,488.3,0.54
1279,18.4,17.41,320.29,150.57,29.36,2.2,1.1,2.42,0.22,532.4,429.41,0.515
1280,40.48,29.94,1212.28,27.76,36.1,2.2,1.1,2.42,0.22,532.4,425.68,0.555
1281,24.24,16.29,394.89,225.74,30.52,2.2,1.1,2.42,0.22,532.4,317.57,0.522
1282,48.58,10.87,528.06,178.5,17.75,2.2,1.1,2.42,0.22,532.4,504.8,0.541
1283,23.14,23.77,550.03,256.79,11.41,2.2,1.1,2.42,0.22,532.4,469.87,0.517
1284,43.03,24.76,1065.39,7.48,33.53,2.2,1.1,2.42,0.22,532.4,312.68,0.507
1285,10.21,21.54,219.97,139.55,38.13,2.2,1.1,2.42,0.22,532.4,508.06,0.542
1286,29.24,6.25,182.91,61.34,5.52,2.2,1.1,2.42,0.22,532.4,478.23,0.553
1287,26.47,27.82,736.3,162.34,17.12,2.2,1.1,2.42,0.22,532.4,456.46,0.503
1288,19.5,20.48,399.26,85.09,42.7,2.2,1.1,2.42,0.22,532.4,270.34,0.56
1289,12.52,23.68,296.55,204.04,23.2,2.2,1.1,2.42,0.22,532.4,468.51,0.537
1290,8.93,6.07,54.22,100.34,2.42,2.2,1.1,2.42,0.22,532.4,556.51,0.487
1291,48.54,29.35,1424.86,139.07,25.92,2.2,1.1,2.42,0.22,532.4,360.28,0.51
1292,31.85,28.84,918.3,96.68,41.08,2.2,1.1,2.42,0.22,532.4,353.69,0.517
1293,19.66,7.49,147.31,220.76,1.86,2.2,1.1,2.42,0.22,532.4,317.76,0.516
1294,29.73,27.4,814.5,96.35,31.34,2.2,1.1,2.42,0.22,532.4,444.11,0.53
1295,30.93,21.17,654.87,30.91,29.77,2.2,1.1,2.42,0.22,532.4,402.53,0.588
1296,24.98,20.89,521.85,240.69,4.25,2.2,1.1,2.42,0.22,532.4,488.12,0.494
1297,29.83,15.82,471.92,341.65,37.41,2.2,1.1,2.42,0.22,532.4,313.45,0.517
1298,46.8,13.05,610.66,45.07,40.29,2.2,1.1,2.42,0.22,532.4,423.39,0.524
1299,6.12,26.71,163.44,253.01,40.33,2.2,1.1,2.42,0.22,532.4,275.22,0.53
1300,6.03,20.25,122.16,122.54,30.08,2.2,1.1,2.42,0.22,532.4,460.55,0.521
1301,22.65,5.67,128.35,18.8,18.11,2.2,1.1,2.42,0.22,532.4,494.45,0.513
1302,13.72,11.34,155.57,25.65,9.15,2.2,1.1,2.42,0.22,532.4,335.49,0.547
1303,18.11,24.65,446.43,280.81,34.81,2.2,1.1,2.42,0.22,532.4,284.48,0.517
1304,23.74,20.65,490.18,76.49,14.48,2.2,1.1,2.42,0.22,532.4,369.86,0.525
1305,27.64,21.46,593.15,257.52,2.05,2.2,1.1,2.42,0.22,532.4,416.25,0.529
1306,36.33,7.92,287.86,123.42,26.56,2.2,1.1,2.42,0.22,532.4,493.17,0.503
1307,46.63,13.3,620.26,179.45,24.07,2.2,1.1,2.42,0.22,532.4,420.7,0.509
1308,14.2,23.44,332.9,205.95,42.95,2.2,1.1,2.42,0.22,532.4,311.75,0.543
1309,12.18,27.01,329.07,107.69,19.17,2.2,1.1,2.42,0.22,532.4,386.18,0.52
1310,24.47,27.36,669.69,56.04,38.08,2.2,1.1,2.42,0.22,532.4,367.27,0.573
1311,7.5,24.82,186.23,112.87,23.86,2.2,1.1,2.42,0.22,532.4,541.22,0.494
1312,38.46,24.78,953.03,169.75,25.55,2.2,1.1,2.42,0.22,532.4,482.67,0.565
1313,7.75,19.44,150.55,239.2,40.0,2.2,1.1,2.42,0.22,532.4,423.27,0.51
1314,9.75,18.48,180.08,47.99,27.41,2.2,1.1,2.42,0.22,532.4,455.92,0.483
1315,30.29,7.13,216.07,260.18,1.19,2.2,1.1,2.42,0.22,532.4,511.9,0.54
1316,36.29,15.77,572.33,289.96,3.21,2.2,1.1,2.42,0.22,532.4,433.13,0.534
1317,24.32,19.12,464.9,181.11,38.54,2.2,1.1,2.42,0.22,532.4,442.56,0.544
1318,11.99,24.23,290.58,6.11,5.66,2.2,1.1,2.42,0.22,532.4,491.37,0.498
1319,6.09,14.21,86.54,313.07,43.87,2.2,1.1,2.42,0.22,532.4,434.68,0.501
1320,17.84,26.6,474.55,358.94,38.6,2.2,1.1,2.42,0.22,532.4,320.3,0.539
1321,13.88,9.07,125.91,15.78,22.54,2.2,1.1,2.42,0.22,532.4,386.98,0.561
1322,19.0,19.03,361.46,37.47,10.63,2.2,1.1,2.42,0.22,532.4,468.17,0.526
1323,49.73,19.3,960.09,121.63,33.74,2.2,1.1,2.42,0.22,532.4,465.55,0.504
1324,16.41,16.35,268.29,226.56,33.71,2.2,1.1,2.42,0.22,532.4,356.42,0.495
1325,13.73,29.44,404.25,294.62,6.39,2.2,1.1,2.42,0.22,532.4,466.62,0.509
1326,31.27,21.78,681.23,21.99,44.55,2.2,1.1,2.42,0.22,532.4,348.92,0.525
1327,17.32,17.33,300.15,353.88,17.6,2.2,1.1,2.42,0.22,532.4,362.37,0.508
1328,7.09,11.41,80.91,241.32,1.09,2.2,1.1,2.42,0.22,532.4,532.87,0.492
1329,24.82,8.87,220.04,297.57,24.33,2.2,1.1,2.42,0.22,532.4,410.92,0.464
1330,30.56,15.31,467.99,116.47,30.43,2.2,1.1,2.42,0.22,532.4,338.86,0.515
1331,26.99,20.52,553.76,9.37,0.66,2.2,1.1,2.42,0.22,532.4,503.27,0.53
1332,18.34,14.2,260.3,165.44,31.24,2.2,1.1,2.42,0.22,532.4,418.94,0.52
1333,19.55,5.48,107.05,107.85,31.42,2.2,1.1,2.42,0.22,532.4,539.17,0.511
1334,28.39,7.82,221.98,85.27,24.64,2.2,1.1,2.42,0.22,532.4,300.9,0.514
1335,28.65,14.37,411.67,319.29,5.41,2.2,1.1,2.42,0.22,532.4,442.01,0.504
1336,27.87,19.74,550.09,131.8,5.62,2.2,1.1,2.42,0.22,532.4,388.4,0.512
1337,17.66,8.6,151.92,195.64,28.89,2.2,1.1,2.42,0.22,532.4,504.33,0.498
1338,5.24,14.68,77.0,286.46,4.67,2.2,1.1,2.42,0.22,532.4,419.67,0.505
1339,35.18,21.38,752.11,122.56,8.27,2.2,1.1,2.42,0.22,532.4,358.03,0.555
1340,15.76,27.96,440.71,274.6,11.53,2.2,1.1,2.42,0.22,532.4,369.66,0.503
1341,33.26,13.33,443.3,344.09,6.57,2.2,1.1,2.42,0.22,532.4,411.44,0.497
1342,49.37,8.96,442.29,5.8,1.43,2.2,1.1,2.42,0.22,532.4,452.95,0.566
1343,10.87,20.0,217.45,92.19,13.98,2.2,1.1,2.42,0.22,532.4,372.06,0.507
1344,45.18,22.74,1027.28,295.37,30.43,2.2,1.1,2.42,0.22,532.4,313.99,0.52
1345,39.38,12.55,494.08,171.27,8.69,2.2,1.1,2.42,0.22,532.4,389.33,0.548
1346,7.96,29.56,235.27,186.04,5.05,2.2,1.1,2.42,0.22,532.4,496.86,0.547
1347,28.09,24.77,695.98,159.74,25.91,2.2,1.1,2.42,0.22,532.4,311.09,0.549
1348,47.08,28.16,1325.42,200.56,35.57,2.2,1.1,2.42,0.22,532.4,414.44,0.53
1349,47.58,25.61,1218.42,266.19,23.64,2.2,1.1,2.42,0.22,532.4,472.98,0.503
1350,31.55,29.71,937.47,275.17,10.39,2.2,1.1,2.42,0.22,532.4,327.03,0.528
1351,17.3,23.52,406.86,344.35,0.46,2.2,1.1,2.42,0.22,532.4,454.0,0.516
1352,22.97,28.82,662.0,48.72,41.22,2.2,1.1,2.42,0.22,532.4,369.6,0.547
1353,32.81,23.64,775.69,291.68,30.17,2.2,1.1,2.42,0.22,532.4,435.42,0.509
1354,33.98,7.9,268.6,102.04,15.51,2.2,1.1,2.42,0.22,532.4,481.2,0.52
1355,40.17,21.43,860.82,307.26,25.5,2.2,1.1,2.42,0.22,532.4,429.53,0.503
1356,9.3,19.61,182.34,248.93,22.09,2.2,1.1,2.42,0.22,532.4,427.05,0.492
1357,17.82,21.31,379.85,43.14,37.96,2.2,1.1,2.42,0.22,532.4,475.4,0.501
1358,27.79,11.5,319.5,178.89,38.16,2.2,1.1,2.42,0.22,532.4,238.28,0.593
1359,13.16,15.08,198.59,5.09,3.27,2.2,1.1,2.42,0.22,532.4,484.29,0.515
1360,10.67,28.66,305.86,225.85,35.66,2.2,1.1,2.42,0.22,532.4,460.19,0.53
1361,41.72,16.61,693.03,183.45,1.06,2.2,1.1,2.42,0.22,532.4,384.84,0.532
1362,23.77,11.06,262.83,343.74,21.02,2.2,1.1,2.42,0.22,532.4,281.87,0.518
1363,40.04,7.38,295.49,357.95,15.02,2.2,1.1,2.42,0.22,532.4,332.77,0.515
1364,31.21,15.7,490.13,151.31,35.2,2.2,1.1,2.42,0.22,532.4,425.24,0.525
1365,37.13,20.19,749.73,135.08,41.55,2.2,1.1,2.42,0.22,532.4,267.13,0.531
1366,12.1,5.07,61.38,210.78,20.6,2.2,1.1,2.42,0.22,532.4,438.73,0.532
1367,6.87,26.89,184.66,58.05,7.56,2.2,1.1,2.42,0.22,532.4,480.55,0.52
1368,46.4,10.22,474.12,192.39,27.34,2.2,1.1,2.42,0.22,532.4,533.5,0.509
1369,44.95,26.82,1205.47,41.52,1.66,2.2,1.1,2.42,0.22,532.4,547.05,0.481
1370,39.55,23.03,910.95,332.66,34.94,2.2,1.1,2.42,0.22,532.4,528.12,0.502
1371,25.39,25.42,645.58,66.73,34.83,2.2,1.1,2.42,0.22,532.4,401.99,0.53
1372,20.56,22.44,461.4,343.71,7.34,2.2,1.1,2.42,0.22,532.4,321.64,0.518
1373,22.36,25.87,578.46,77.73,23.35,2.2,1.1,2.42,0.22,532.4,503.2,0.53
1374,38.76,25.69,995.78,37.13,41.04,2.2,1.1,2.42,0.22,532.4,300.33,0.517
1375,33.96,5.38,182.57,149.37,7.22,2.2,1.1,2.42,0.22,532.4,445.52,0.495
1376,37.9,9.55,362.14,192.1,15.88,2.2,1.1,2.42,0.22,532.4,529.59,0.507
1377,39.78,19.24,765.31,24.02,36.54,2.2,1.1,2.42,0.22,532.4,429.78,0.531
1378,24.88,20.91,520.28,11.35,13.48,2.2,1.1,2.42,0.22,532.4,266.41,0.522
1379,26.86,24.49,657.83,208.9,21.08,2.2,1.1,2.42,0.22,532.4,465.03,0.498
1380,9.87,19.2,189.59,278.95,22.18,2.2,1.1,2.42,0.22,532.4,258.99,0.557
1381,46.66,16.8,783.59,336.63,39.98,2.2,1.1,2.42,0.22,532.4,539.14,0.505
1382,9.48,14.3,135.56,190.63,43.33,2.2,1.1,2.42,0.22,532.4,502.69,0.547
1383,27.45,29.22,802.16,107.84,14.88,2.2,1.1,2.42,0.22,532.4,424.47,0.524
1384,27.05,10.25,277.16,226.97,1.61,2.2,1.1,2.42,0.22,532.4,433.46,0.489
1385,21.42,12.8,274.22,13.6,10.6,2.2,1.1,2.42,0.22,532.4,468.21,0.553
1386,34.97,25.64,896.57,292.98,19.12,2.2,1.1,2.42,0.22,532.4,465.96,0.55
1387,40.76,16.36,666.61,142.64,12.78,2.2,1.1,2.42,0.22,532.4,456.26,0.506
1388,7.32,26.47,193.71,269.84,44.58,2.2,1.1,2.42,0.22,532.4,423.55,0.537
1389,16.79,27.54,462.25,103.6,12.63,2.2,1.1,2.42,0.22,532.4,453.93,0.531
1390,44.28,5.4,239.13,331.5,39.94,2.2,1.1,2.42,0.22,532.4,477.39,0.533
1391,8.45,21.43,181.09,94.74,21.33,2.2,1.1,2.42,0.22,532.4,365.04,0.547
1392,47.43,28.19,1337.07,338.87,10.42,2.2,1.1,2.42,0.22,532.4,349.71,0.503
1393,47.26,24.01,1134.63,345.66,10.22,2.2,1.1,2.42,0.22,532.4,259.03,0.541
1394,34.44,13.69,471.39,338.39,18.75,2.2,1.1,2.42,0.22,532.4,488.19,0.52
1395,48.78,23.24,1133.81,140.89,0.46,2.2,1.1,2.42,0.22,532.4,394.78,0.522
1396,42.15,15.05,634.37,1.49,28.37,2.2,1.1,2.42,0.22,532.4,460.25,0.542
1397,22.88,18.48,422.83,353.49,14.6,2.2,1.1,2.42,0.22,532.4,348.31,0.492
1398,27.18,26.72,726.27,299.13,41.13,2.2,1.1,2.42,0.22,532.4,297.8,0.508
1399,12.16,24.84,301.99,134.4,23.94,2.2,1.1,2.42,0.22,532.4,470.85,0.549
1400,42.23,28.23,1192.08,324.21,9.63,2.2,1.1,2.42,0.22,532.4,282.39,0.509
1401,33.27,28.06,933.42,351.81,20.01,2.2,1.1,2.42,0.22,532.4,389.37,0.525
1402,11.77,16.31,192.01,142.25,38.11,2.2,1.1,2.42,0.22,532.4,386.28,0.518
1403,13.24,5.81,76.9,292.83,36.48,2.2,1.1,2.42,0.22,532.4,320.96,0.509
1404,21.88,16.37,358.06,209.39,11.08,2.2,1.1,2.42,0.22,532.4,287.31,0.511
1405,27.19,15.74,427.83,108.05,5.16,2.2,1.1,2.42,0.22,532.4,413.15,0.533
1406,18.99,10.21,193.82,207.34,36.87,2.2,1.1,2.42,0.22,532.4,538.86,0.51
1407,43.56,10.9,474.99,74.55,13.26,2.2,1.1,2.42,0.22,532.4,281.62,0.53
1408,35.67,23.67,844.4,314.09,32.12,2.2,1.1,2.42,0.22,532.4,466.64,0.518
1409,21.34,29.27,624.6,113.2,30.87,2.2,1.1,2.42,0.22,532.4,366.76,0.519
1410,28.13,23.08,649.19,41.49,22.59,2.2,1.1,2.42,0.22,532.4,347.79,0.53
1411,26.34,16.91,445.43,175.77,11.43,2.2,1.1,2.42,0.22,532.4,435.06,0.48
1412,45.24,23.6,1067.78,93.96,24.83,2.2,1.1,2.42,0.22,532.4,347.07,0.523
1413,40.27,19.09,768.92,64.23,15.11,2.2,1.1,2.42,0.22,532.4,427.98,0.528
1414,11.29,12.67,143.07,183.2,18.23,2.2,1.1,2.42,0.22,532.4,340.93,0.511
1415,46.81,10.19,477.01,264.46,14.36,2.2,1.1,2.42,0.22,532.4,410.79,0.531
1416,9.17,17.13,157.02,31.88,34.09,2.2,1.1,2.42,0.22,532.4,263.15,0.527
1417,39.46,28.82,1137.38,36.78,24.42,2.2,1.1,2.42,0.22,532.4,504.79,0.515
1418,14.13,11.65,164.67,21.38,27.75,2.2,1.1,2.42,0.22,532.4,349.22,0.555
1419,6.21,23.5,145.85,205.03,28.25,2.2,1.1,2.42,0.22,532.4,319.46,0.534
1420,48.15,16.85,811.32,60.36,14.81,2.2,1.1,2.42,0.22,532.4,298.69,0.525
1421,39.12,21.63,846.28,35.83,2.0,2.2,1.1,2.42,0.22,532.4,398.63,0.504
1422,22.02,29.41,647.49,88.54,20.97,2.2,1.1,2.42,0.22,532.4,316.37,0.51
1423,38.32,14.14,541.95,299.25,2.49,2.2,1.1,2.42,0.22,532.4,277.07,0.511
1424,22.65,20.19,457.4,118.31,24.31,2.2,1.1,2.42,0.22,532.4,336.78,0.507
1425,42.14,28.22,1189.27,79.4,24.4,2.2,1.1,2.42,0.22,532.4,477.81,0.515
1426,25.23,8.65,218.35,324.47,44.95,2.2,1.1,2.42,0.22,532.4,268.74,0.537
1427,14.82,6.16,91.26,6.65,34.83,2.2,1.1,2.42,0.22,532.4,478.92,0.502
1428,38.79,24.95,967.65,121.4,3.72,2.2,1.1,2.42,0.22,532.4,289.15,0.524
1429,16.32,6.93,113.14,309.74,13.63,2.2,1.1,2.42,0.22,532.4,292.06,0.524
1430,38.49,16.32,627.94,243.61,40.97,2.2,1.1,2.42,0.22,532.4,347.76,0.552
1431,10.23,20.08,205.44,133.61,12.2,2.2,1.1,2.42,0.22,532.4,397.46,0.517
1432,31.08,27.04,840.24,67.95,34.67,2.2,1.1,2.42,0.22,532.4,441.98,0.549
1433,16.74,22.69,379.69,215.03,31.5,2.2,1.1,2.42,0.22,532.4,336.07,0.514
1434,23.96,9.33,223.57,107.72,44.85,2.2,1.1,2.42,0.22,532.4,496.64,0.495
1435,36.21,17.4,630.09,245.09,15.28,2.2,1.1,2.42,0.22,532.4,474.47,0.504
1436,9.4,22.44,210.83,5.35,39.71,2.2,1.1,2.42,0.22,532.4,410.49,0.477
1437,19.24,24.67,474.58,186.06,30.68,2.2,1.1,2.42,0.22,532.4,457.03,0.549
1438,45.24,6.26,283.31,266.05,38.92,2.2,1.1,2.42,0.22,532.4,450.49,0.521
1439,25.09,27.37,686.91,39.31,15.33,2.2,1.1,2.42,0.22,532.4,430.0,0.528
1440,29.81,12.14,361.89,107.2,33.53,2.2,1.1,2.42,0.22,532.4,526.02,0.519
1441,20.11,23.92,480.9,198.83,10.04,2.2,1.1,2.42,0.22,532.4,456.01,0.512
1442,31.94,11.25,359.23,252.47,44.54,2.2,1.1,2.42,0.22,532.4,453.53,0.592
1443,36.81,10.51,387.03,117.69,5.54,2.2,1.1,2.42,0.22,532.4,365.7,0.492
1444,49.8,20.24,1007.93,135.42,0.96,2.2,1.1,2.42,0.22,532.4,319.82,0.577
1445,44.61,23.68,1056.32,20.37,34.88,2.2,1.1,2.42,0.22,532.4,382.42,0.512
1446,31.6,11.64,367.72,53.81,14.18,2.2,1.1,2.42,0.22,532.4,401.68,0.516
1447,33.72,26.52,894.08,66.35,2.35,2.2,1.1,2.42,0.22,532.4,547.76,0.481
1448,45.27,18.48,836.71,327.02,17.18,2.2,1.1,2.42,0.22,532.4,354.5,0.523
1449,32.64,8.32,271.53,228.4,35.38,2.2,1.1,2.42,0.22,532.4,395.61,0.522
1450,28.02,14.39,403.2,340.34,28.09,2.2,1.1,2.42,0.22,532.4,446.88,0.509
1451,25.1,23.12,580.36,342.47,16.09,2.2,1.1,2.42,0.22,532.4,412.74,0.49
1452,7.48,5.45,40.76,352.21,11.86,2.2,1.1,2.42,0.22,532.4,277.89,0.554
1453,14.3,22.51,321.97,186.56,3.28,2.2,1.1,2.42,0.22,532.4,418.88,0.531
1454,37.98,26.33,999.91,350.81,20.83,2.2,1.1,2.42,0.22,532.4,526.45,0.517
1455,24.12,18.32,441.72,310.3,3.21,2.2,1.1,2.42,0.22,532.4,347.46,0.508
1456,11.24,16.41,184.37,254.96,27.01,2.2,1.1,2.42,0.22,532.4,419.56,0.488
1457,13.17,11.78,155.18,58.68,28.96,2.2,1.1,2.42,0.22,532.4,409.95,0.516
1458,28.3,23.27,658.54,296.02,27.78,2.2,1.1,2.42,0.22,532.4,479.97,0.502
1459,45.76,28.7,1313.35,252.2,1.15,2.2,1.1,2.42,0.22,532.4,460.17,0.538
1460,16.93,18.85,319.19,39.82,5.93,2.2,1.1,2.42,0.22,532.4,508.57,0.526
1461,11.13,28.27,314.59,160.36,2.45,2.2,1.1,2.42,0.22,532.4,482.1,0.491
1462,14.03,21.04,295.19,99.17,1.54,2.2,1.1,2.42,0.22,532.4,395.93,0.541
1463,43.57,17.21,750.09,16.73,28.83,2.2,1.1,2.42,0.22,532.4,423.44,0.51
1464,49.05,14.73,722.58,214.1,32.82,2.2,1.1,2.42,0.22,532.4,289.63,0.519
1465,16.18,12.52,202.58,326.13,35.48,2.2,1.1,2.42,0.22,532.4,457.57,0.495
1466,29.72,8.66,257.21,133.0,30.2,2.2,1.1,2.42,0.22,532.4,318.36,0.505
1467,34.03,5.64,191.78,129.47,13.07,2.2,1.1,2.42,0.22,532.4,390.32,0.503
1468,47.72,14.58,696.02,69.71,42.3,2.2,1.1,2.42,0.22,532.4,340.55,0.563
1469,6.83,29.9,204.13,352.72,8.37,2.2,1.1,2.42,0.22,532.4,311.4,0.501
1470,44.44,23.57,1047.24,311.07,43.94,2.2,1.1,2.42,0.22,532.4,441.98,0.54
1471,23.13,10.6,245.2,131.88,9.63,2.2,1.1,2.42,0.22,532.4,343.37,0.559
1472,49.85,23.76,1184.54,47.91,22.01,2.2,1.1,2.42,0.22,532.4,400.99,0.537
1473,37.16,14.95,555.39,156.16,42.14,2.2,1.1,2.42,0.22,532.4,484.58,0.544
1474,40.57,14.68,595.68,266.54,34.79,2.2,1.1,2.42,0.22,532.4,490.71,0.504
1475,32.8,20.36,667.97,95.71,8.63,2.2,1.1,2.42,0.22,532.4,281.1,0.56
1476,38.22,24.0,917.42,25.29,3.09,2.2,1.1,2.42,0.22,532.4,367.15,0.496
1477,39.09,13.29,519.51,105.13,22.29,2.2,1.1,2.42,0.22,532.4,268.81,0.566
1478,19.79,22.72,449.48,94.31,17.57,2.2,1.1,2.42,0.22,532.4,500.84,0.498
1479,34.39,15.73,541.1,91.79,9.46,2.2,1.1,2.42,0.22,532.4,288.76,0.536
1480,27.4,29.09,797.26,18.67,4.83,2.2,1.1,2.42,0.22,532.4,407.68,0.533
1481,26.07,7.01,182.68,176.2,35.91,2.2,1.1,2.42,0.22,532.4,416.99,0.539
1482,36.15,29.7,1073.45,69.89,29.44,2.2,1.1,2.42,0.22,532.4,353.72,0.523
1483,16.43,24.23,398.06,48.38,4.7,2.2,1.1,2.42,0.22,532.4,321.88,0.498
1484,30.67,29.44,902.78,115.95,41.14,2.2,1.1,2.42,0.22,532.4,430.32,0.527
1485,19.92,16.15,321.64,310.65,21.64,2.2,1.1,2.42,0.22,532.4,462.53,0.528
1486,27.36,17.74,485.45,335.22,41.93,2.2,1.1,2.42,0.22,532.4,437.95,0.535
1487,12.21,22.56,275.36,318.74,9.63,2.2,1.1,2.42,0.22,532.4,351.39,0.519
1488,20.99,10.06,211.16,251.46,23.46,2.2,1.1,2.42,0.22,532.4,406.49,0.511
1489,14.07,19.05,268.0,308.83,41.14,2.2,1.1,2.42,0.22,532.4,489.79,0.506
1490,9.49,9.28,88.05,327.17,26.22,2.2,1.1,2.42,0.22,532.4,532.43,0.504
1491,33.62,13.48,453.22,134.83,39.19,2.2,1.1,2.42,0.22,532.4,502.33,0.544
1492,23.89,25.47,608.58,202.26,11.33,2.2,1.1,2.42,0.22,532.4,377.46,0.538
1493,19.38,24.25,470.05,257.31,34.02,2.2,1.1,2.42,0.22,532.4,405.44,0.521
1494,22.45,10.86,243.82,61.21,34.4,2.2,1.1,2.42,0.22,532.4,314.05,0.506
1495,28.19,18.78,529.37,277.24,35.77,2.2,1.1,2.42,0.22,532.4,488.8,0.511
1496,36.0,16.56,596.14,14.45,29.0,2.2,1.1,2.42,0.22,532.4,395.09,0.523
1497,31.33,9.05,283.56,90.41,6.63,2.2,1.1,2.42,0.22,532.4,278.29,0.51
1498,42.23,11.68,493.32,254.77,18.94,2.2,1.1,2.42,0.22,532.4,544.38,0.499
1499,15.05,24.69,371.48,272.83,40.28,2.2,1.1,2.42,0.22,532.4,488.27,0.532
1500,47.2,10.78,508.64,298.35,32.83,2.2,1.1,2.42,0.22,532.4,486.58,0.516
1501,35.32,17.06,602.5,134.89,25.04,2.2,1.1,2.42,0.22,532.4,432.99,0.524
1502,47.57,14.44,686.94,13.68,25.16,2.2,1.1,2.42,0.22,532.4,283.59,0.543
1503,25.16,6.29,158.29,66.36,10.72,2.2,1.1,2.42,0.22,532.4,485.49,0.498
1504,29.01,18.12,525.74,88.22,9.28,2.2,1.1,2.42,0.22,532.4,397.06,0.549
1505,10.2,24.8,253.04,84.57,39.52,2.2,1.1,2.42,0.22,532.4,447.75,0.534
1506,25.81,16.98,438.37,286.64,13.4,2.2,1.1,2.42,0.22,532.4,380.62,0.549
1507,36.09,24.93,899.69,190.93,4.51,2.2,1.1,2.42,0.22,532.4,479.79,0.53
1508,35.64,7.78,277.36,174.53,2.48,2.2,1.1,2.42,0.22,532.4,483.64,0.51
1509,27.74,28.17,781.18,342.37,11.6,2.2,1.1,2.42,0.22,532.4,325.72,0.506
1510,45.86,15.98,732.7,286.82,32.72,2.2,1.1,2.42,0.22,532.4,407.08,0.518
1511,13.77,14.9,205.26,317.51,16.04,2.2,1.1,2.42,0.22,532.4,317.48,0.506
1512,38.78,26.66,1033.77,287.58,11.78,2.2,1.1,2.42,0.22,532.4,493.48,0.512
1513,22.21,24.06,534.35,50.19,2.86,2.2,1.1,2.42,0.22,532.4,446.82,0.545
1514,9.26,20.21,187.13,218.98,0.89,2.2,1.1,2.42,0.22,532.4,406.38,0.529
1515,11.87,25.94,307.85,57.88,38.43,2.2,1.1,2.42,0.22,532.4,437.46,0.49
1516,37.48,13.78,516.43,128.72,17.76,2.2,1.1,2.42,0.22,532.4,308.06,0.56
1517,36.34,29.46,1070.41,338.57,40.41,2.2,1.1,2.42,0.22,532.4,403.05,0.54
1518,31.85,11.72,373.39,262.58,30.68,2.2,1.1,2.42,0.22,532.4,467.56,0.491
1519,46.73,18.39,859.34,141.47,8.94,2.2,1.1,2.42,0.22,532.4,364.79,0.514
1520,45.5,16.13,733.77,347.36,41.12,2.2,1.1,2.42,0.22,532.4,375.49,0.555
1521,12.74,7.09,90.28,121.26,42.15,2.2,1.1,2.42,0.22,532.4,433.96,0.518
1522,29.12,27.92,813.03,309.9,29.17,2.2,1.1,2.42,0.22,532.4,481.16,0.551
1523,5.3,19.52,103.51,321.94,21.67,2.2,1.1,2.42,0.22,532.4,422.39,0.513
1524,49.67,24.37,1210.56,155.88,35.18,2.2,1.1,2.42,0.22,532.4,305.37,0.523
1525,24.8,6.1,151.23,188.87,9.62,2.2,1.1,2.42,0.22,532.4,347.62,0.546
1526,35.41,19.85,702.73,358.06,10.76,2.2,1.1,2.42,0.22,532.4,428.99,0.551
1527,6.84,12.1,82.69,337.59,20.96,2.2,1.1,2.42,0.22,532.4,336.23,0.514
1528,34.07,22.03,750.46,204.5,7.6,2.2,1.1,2.42,0.22,532.4,504.66,0.522
1529,24.75,13.04,322.7,286.38,3.78,2.2,1.1,2.42,0.22,532.4,446.76,0.532
1530,42.44,18.94,803.83,131.26,43.63,2.2,1.1,2.42,0.22,532.4,469.97,0.485
1531,9.93,19.37,192.33,131.41,15.01,2.2,1.1,2.42,0.22,532.4,447.23,0.514
1532,25.15,12.44,312.9,8.97,41.13,2.2,1.1,2.42,0.22,532.4,346.66,0.551
1533,40.41,19.27,778.61,109.38,3.47,2.2,1.1,2.42,0.22,532.4,308.61,0.556
1534,27.31,11.17,304.93,87.03,8.6,2.2,1.1,2.42,0.22,532.4,495.97,0.541
1535,38.17,19.22,733.69,315.94,37.56,2.2,1.1,2.42,0.22,532.4,424.57,0.497
1536,37.03,19.48,721.3,301.03,14.24,2.2,1.1,2.42,0.22,532.4,347.58,0.49
1537,36.8,23.55,866.62,321.46,3.19,2.2,1.1,2.42,0.22,532.4,487.46,0.562
1538,29.82,5.07,151.2,72.78,8.28,2.2,1.1,2.42,0.22,532.4,465.47,0.524
1539,39.4,20.36,802.23,107.73,36.14,2.2,1.1,2.42,0.22,532.4,382.72,0.54
1540,47.88,20.76,993.86,124.98,9.94,2.2,1.1,2.42,0.22,532.4,331.54,0.531
1541,12.67,8.67,109.89,85.07,18.25,2.2,1.1,2.42,0.22,532.4,259.98,0.547
1542,19.16,14.01,268.4,32.8,26.51,2.2,1.1,2.42,0.22,532.4,457.74,0.536
1543,8.4,8.79,73.86,253.66,42.34,2.2,1.1,2.42,0.22,532.4,406.08,0.534
1544,16.97,27.28,462.92,144.8,40.04,2.2,1.1,2.42,0.22,532.4,455.57,0.556
1545,27.39,16.51,452.2,305.72,12.3,2.2,1.1,2.42,0.22,532.4,396.75,0.534
1546,11.14,10.76,119.91,218.43,35.47,2.2,1.1,2.42,0.22,532.4,287.36,0.526
1547,7.2,13.15,94.71,155.32,34.3,2.2,1.1,2.42,0.22,532.4,396.92,0.526
1548,21.71,8.74,189.7,334.56,44.86,2.2,1.1,2.42,0.22,532.4,429.13,0.506
1549,9.49,26.54,251.9,356.9,16.57,2.2,1.1,2.42,0.22,532.4,512.97,0.536
1550,25.68,29.49,757.34,187.59,21.88,2.2,1.1,2.42,0.22,532.4,446.99,0.501
1551,17.91,26.98,483.36,175.95,8.37,2.2,1.1,2.42,0.22,532.4,439.08,0.562
1552,15.58,15.02,233.92,81.44,22.05,2.2,1.1,2.42,0.22,532.4,329.7,0.53
1553,15.7,21.57,338.55,357.37,32.77,2.2,1.1,2.42,0.22,532.4,421.25,0.532
1554,46.58,28.43,1324.12,37.25,14.53,2.2,1.1,2.42,0.22,532.4,421.08,0.477
1555,37.25,22.15,825.09,211.71,10.48,2.2,1.1,2.42,0.22,532.4,303.03,0.53
1556,12.42,19.6,243.43,128.83,41.79,2.2,1.1,2.42,0.22,532.4,290.53,0.523
1557,40.99,12.65,518.55,19.9,16.79,2.2,1.1,2.42,0.22,532.4,270.91,0.513
1558,27.87,27.07,754.41,359.46,8.96,2.2,1.1,2.42,0.22,532.4,294.01,0.502
1559,31.01,10.3,319.5,6.94,17.26,2.2,1.1,2.42,0.22,532.4,507.87,0.536
1560,12.52,10.55,132.13,89.02,24.87,2.2,1.1,2.42,0.22,532.4,414.49,0.488
1561,8.46,22.21,187.82,160.48,24.33,2.2,1.1,2.42,0.22,532.4,371.77,0.494
1562,9.68,15.23,147.39,344.47,38.72,2.2,1.1,2.42,0.22,532.4,394.54,0.517
1563,34.43,8.52,293.51,339.3,0.36,2.2,1.1,2.42,0.22,532.4,423.65,0.539
1564,43.16,10.88,469.46,116.76,38.3,2.2,1.1,2.42,0.22,532.4,284.76,0.537
1565,48.87,16.69,815.82,240.95,12.8,2.2,1.1,2.42,0.22,532.4,251.94,0.562
1566,32.74,11.39,372.86,113.23,13.79,2.2,1.1,2.42,0.22,532.4,478.8,0.488
1567,28.27,18.83,532.38,286.15,25.36,2.2,1.1,2.42,0.22,532.4,451.89,0.536
1568,29.99,5.38,161.46,339.9,5.78,2.2,1.1,2.42,0.22,532.4,528.68,0.487
1569,42.02,22.42,942.15,301.77,41.05,2.2,1.1,2.42,0.22,532.4,432.37,0.53
1570,34.51,20.73,715.22,323.22,36.43,2.2,1.1,2.42,0.22,532.4,420.51,0.511
1571,37.79,22.5,850.32,249.41,13.51,2.2,1.1,2.42,0.22,532.4,348.86,0.48
1572,46.62,10.0,466.07,196.56,28.4,2.2,1.1,2.42,0.22,532.4,323.2,0.512
1573,9.73,18.2,177.07,81.38,19.67,2.2,1.1,2.42,0.22,532.4,395.18,0.516
1574,26.02,5.48,142.59,116.0,44.0,2.2,1.1,2.42,0.22,532.4,539.5,0.504
1575,7.96,26.82,213.53,258.22,43.37,2.2,1.1,2.42,0.22,532.4,414.57,0.496
1576,37.2,5.78,215.1,81.09,21.28,2.2,1.1,2.42,0.22,532.4,425.21,0.539
1577,26.21,10.81,283.27,171.06,20.27,2.2,1.1,2.42,0.22,532.4,333.26,0.502
1578,30.36,16.11,489.1,319.01,25.44,2.2,1.1,2.42,0.22,532.4,313.5,0.519
1579,42.2,11.33,478.26,180.8,39.98,2.2,1.1,2.42,0.22,532.4,312.32,0.512
1580,31.61,20.83,658.56,301.32,36.64,2.2,1.1,2.42,0.22,532.4,343.23,0.547
1581,11.16,7.84,87.58,336.0,7.63,2.2,1.1,2.42,0.22,532.4,404.22,0.564
1582,45.67,8.77,400.51,172.86,26.07,2.2,1.1,2.42,0.22,532.4,512.6,0.521
1583,41.42,15.96,661.14,261.59,29.53,2.2,1.1,2.42,0.22,532.4,441.68,0.518
1584,28.25,18.68,527.69,189.46,42.8,2.2,1.1,2.42,0.22,532.4,303.07,0.533
1585,39.53,23.17,916.0,250.17,15.12,2.2,1.1,2.42,0.22,532.4,421.96,0.531
1586,37.21,10.28,382.63,176.95,17.36,2.2,1.1,2.42,0.22,532.4,504.56,0.525
1587,37.66,13.05,491.35,156.03,43.19,2.2,1.1,2.42,0.22,532.4,446.72,0.534
1588,48.11,7.32,352.31,69.73,41.04,2.2,1.1,2.42,0.22,532.4,465.27,0.508
1589,12.66,25.27,319.87,16.18,26.89,2.2,1.1,2.42,0.22,532.4,271.74,0.507
1590,26.48,28.45,753.41,55.02,1.61,2.2,1.1,2.42,0.22,532.4,354.47,0.505
1591,28.06,12.67,355.42,112.45,39.07,2.2,1.1,2.42,0.22,532.4,337.46,0.541
1592,42.07,18.19,765.14,187.32,29.74,2.2,1.1,2.42,0.22,532.4,286.72,0.525
1593,28.25,8.97,253.38,303.86,41.25,2.2,1.1,2.42,0.22,532.4,354.04,0.559
1594,8.64,5.72,49.43,116.14,25.48,2.2,1.1,2.42,0.22,532.4,508.95,0.482
1595,49.27,5.61,276.37,2.59,17.47,2.2,1.1,2.42,0.22,532.4,424.99,0.5
1596,48.32,28.42,1373.35,337.12,35.46,2.2,1.1,2.42,0.22,532.4,540.8,0.506
1597,36.35,16.26,591.12,173.33,4.12,2.2,1.1,2.42,0.22,532.4,280.07,0.539
1598,44.85,8.22,368.66,323.9,18.93,2.2,1.1,2.42,0.22,532.4,540.11,0.494
1599,29.56,15.93,470.98,335.06,44.89,2.2,1.1,2.42,0.22,532.4,326.45,0.529
1600,32.51,9.82,319.25,354.58,10.65,2.2,1.1,2.42,0.22,532.4,260.84,0.566
1601,5.57,7.24,40.3,218.54,32.93,2.2,1.1,2.42,0.22,532.4,454.3,0.506
1602,22.3,5.33,118.87,90.78,17.88,2.2,1.1,2.42,0.22,532.4,420.46,0.546
1603,47.84,23.64,1130.98,351.46,7.65,2.2,1.1,2.42,0.22,532.4,355.22,0.501
1604,34.26,29.91,1024.79,77.39,23.94,2.2,1.1,2.42,0.22,532.4,379.33,0.53
1605,16.06,12.17,195.49,316.8,33.73,2.2,1.1,2.42,0.22,532.4,513.25,0.522
1606,34.88,29.07,1013.99,326.38,30.9,2.2,1.1,2.42,0.22,532.4,283.93,0.5
1607,49.99,27.32,1365.77,319.08,5.01,2.2,1.1,2.42,0.22,532.4,406.37,0.49
1608,49.29,14.73,725.87,172.22,6.79,2.2,1.1,2.42,0.22,532.4,550.16,0.496
1609,44.49,27.69,1232.07,289.73,21.91,2.2,1.1,2.42,0.22,532.4,280.74,0.526
1610,41.06,12.72,522.17,127.04,18.54,2.2,1.1,2.42,0.22,532.4,416.46,0.513
1611,37.95,10.85,411.8,357.6,20.0,2.2,1.1,2.42,0.22,532.4,338.55,0.52
1612,13.84,19.08,263.97,181.73,31.94,2.2,1.1,2.42,0.22,532.4,327.46,0.531
1613,40.42,25.23,1019.76,102.7,38.91,2.2,1.1,2.42,0.22,532.4,492.17,0.508
1614,38.09,9.63,366.76,338.84,38.42,2.2,1.1,2.42,0.22,532.4,356.72,0.509
1615,27.74,17.92,497.07,21.88,29.27,2.2,1.1,2.42,0.22,532.4,331.99,0.547
1616,36.78,10.45,384.33,294.43,1.67,2.2,1.1,2.42,0.22,532.4,373.32,0.509
1617,40.22,29.95,1204.4,340.57,40.36,2.2,1.1,2.42,0.22,532.4,414.54,0.514
1618,36.57,29.3,1071.67,62.25,40.52,2.2,1.1,2.42,0.22,532.4,271.57,0.562
1619,39.5,24.51,968.09,103.7,16.09,2.2,1.1,2.42,0.22,532.4,287.25,0.511
1620,48.38,21.89,1059.16,265.94,35.24,2.2,1.1,2.42,0.22,532.4,494.79,0.555
1621,40.18,22.04,885.49,45.29,15.04,2.2,1.1,2.42,0.22,532.4,370.02,0.538
1622,6.19,15.18,93.91,173.22,24.53,2.2,1.1,2.42,0.22,532.4,466.77,0.548
1623,18.53,25.21,467.19,316.88,2.74,2.2,1.1,2.42,0.22,532.4,377.26,0.466
1624,49.93,21.63,1079.94,162.77,9.77,2.2,1.1,2.42,0.22,532.4,293.56,0.532
1625,39.5,25.82,1019.98,8.41,25.84,2.2,1.1,2.42,0.22,532.4,437.15,0.545
1626,5.81,11.12,64.55,205.15,28.74,2.2,1.1,2.42,0.22,532.4,297.12,0.538
1627,22.35,13.9,310.68,283.68,23.44,2.2,1.1,2.42,0.22,532.4,300.37,0.542
1628,45.52,25.94,1180.63,103.18,13.43,2.2,1.1,2.42,0.22,532.4,504.33,0.533
1629,14.56,29.66,431.75,90.35,9.02,2.2,1.1,2.42,0.22,532.4,323.38,0.515
1630,45.88,15.15,695.05,92.81,13.91,2.2,1.1,2.42,0.22,532.4,439.38,0.533
1631,45.72,19.73,901.98,159.55,14.81,2.2,1.1,2.42,0.22,532.4,452.82,0.527
1632,33.43,23.78,794.98,268.09,9.79,2.2,1.1,2.42,0.22,532.4,477.55,0.525
1633,20.57,23.7,487.56,136.2,42.27,2.2,1.1,2.42,0.22,532.4,285.79,0.534
1634,14.27,9.55,136.3,219.22,44.51,2.2,1.1,2.42,0.22,532.4,522.76,0.501
1635,29.6,22.05,652.81,266.63,27.18,2.2,1.1,2.42,0.22,532.4,356.7,0.521
1636,44.8,10.52,471.46,202.52,15.62,2.2,1.1,2.42,0.22,532.4,421.65,0.576
1637,12.83,22.85,293.23,257.05,0.72,2.2,1.1,2.42,0.22,532.4,280.52,0.501
1638,21.35,22.34,477.01,23.42,36.33,2.2,1.1,2.42,0.22,532.4,327.42,0.508
1639,7.01,11.34,79.41,251.18,42.09,2.2,1.1,2.42,0.22,532.4,282.37,0.504
1640,49.38,18.1,893.91,84.91,1.38,2.2,1.1,2.42,0.22,532.4,432.75,0.514
1641,30.08,24.33,731.89,185.69,17.02,2.2,1.1,2.42,0.22,532.4,429.25,0.49
1642,31.71,24.75,784.72,309.15,21.66,2.2,1.1,2.42,0.22,532.4,403.84,0.496
1643,26.62,18.48,491.95,345.14,10.87,2.2,1.1,2.42,0.22,532.4,269.36,0.538
1644,13.25,26.91,356.63,60.1,16.29,2.2,1.1,2.42,0.22,532.4,279.08,0.522
1645,35.56,24.05,855.08,351.92,8.85,2.2,1.1,2.42,0.22,532.4,255.49,0.56
1646,33.87,16.5,558.94,146.68,14.57,2.2,1.1,2.42,0.22,532.4,474.23,0.492
1647,36.65,12.5,458.18,8.08,21.37,2.2,1.1,2.42,0.22,532.4,334.45,0.548
1648,40.66,16.1,654.76,351.09,33.77,2.2,1.1,2.42,0.22,532.4,426.13,0.53
1649,34.37,14.37,493.91,123.3,3.28,2.2,1.1,2.42,0.22,532.4,418.75,0.5
1650,43.32,18.05,782.1,11.02,17.09,2.2,1.1,2.42,0.22,532.4,406.85,0.531
1651,26.09,25.65,669.28,334.42,27.85,2.2,1.1,2.42,0.22,532.4,313.72,0.525
1652,43.94,9.58,421.08,6.25,6.56,2.2,1.1,2.42,0.22,532.4,325.67,0.542
1653,31.25,13.4,418.75,321.93,39.42,2.2,1.1,2.42,0.22,532.4,432.58,0.524
1654,12.03,23.8,286.28,314.54,43.04,2.2,1.1,2.42,0.22,532.4,342.34,0.518
1655,40.06,29.17,1168.82,344.94,32.29,2.2,1.1,2.42,0.22,532.4,469.78,0.522
1656,7.47,19.48,145.51,234.19,39.99,2.2,1.1,2.42,0.22,532.4,348.11,0.533
1657,10.36,29.95,310.23,10.61,37.87,2.2,1.1,2.42,0.22,532.4,508.2,0.507
1658,26.31,28.84,758.78,159.73,27.7,2.2,1.1,2.42,0.22,532.4,262.79,0.539
1659,40.79,28.52,1163.45,354.57,36.37,2.2,1.1,2.42,0.22,532.4,396.57,0.531
1660,38.43,19.26,740.35,276.9,41.8,2.2,1.1,2.42,0.22,532.4,491.21,0.508
1661,27.03,13.66,369.29,58.57,17.63,2.2,1.1,2.42,0.22,532.4,274.9,0.526
1662,47.94,27.49,1317.99,230.61,1.27,2.2,1.1,2.42,0.22,532.4,390.3,0.522
1663,49.94,28.99,1447.85,90.64,21.68,2.2,1.1,2.42,0.22,532.4,522.83,0.512
1664,37.64,22.42,843.89,200.89,29.57,2.2,1.1,2.42,0.22,532.4,270.73,0.524
1665,37.15,29.45,1094.13,33.15,14.08,2.2,1.1,2.42,0.22,532.4,437.88,0.511
1666,10.14,10.73,108.78,21.36,18.95,2.2,1.1,2.42,0.22,532.4,396.28,0.511
1667,44.54,11.48,511.38,334.74,20.13,2.2,1.1,2.42,0.22,532.4,383.01,0.526
1668,35.92,23.32,837.55,272.07,2.87,2.2,1.1,2.42,0.22,532.4,446.84,0.535
1669,19.54,10.59,206.9,246.79,29.58,2.2,1.1,2.42,0.22,532.4,399.14,0.495
1670,17.15,13.73,235.35,147.58,35.99,2.2,1.1,2.42,0.22,532.4,413.93,0.529
1671,5.27,17.39,91.63,106.09,36.36,2.2,1.1,2.42,0.22,532.4,475.78,0.536
1672,31.68,7.37,233.56,100.34,5.37,2.2,1.1,2.42,0.22,532.4,429.28,0.523
1673,35.53,22.03,782.7,336.38,38.96,2.2,1.1,2.42,0.22,532.4,335.46,0.519
1674,48.09,9.5,456.9,17.06,34.96,2.2,1.1,2.42,0.22,532.4,308.37,0.531
1675,46.61,28.06,1308.04,93.23,25.84,2.2,1.1,2.42,0.22,532.4,487.4,0.548
1676,30.87,17.08,527.34,343.74,22.57,2.2,1.1,2.42,0.22,532.4,361.71,0.513
1677,12.29,23.13,284.35,144.73,9.91,2.2,1.1,2.42,0.22,532.4,452.11,0.519
1678,32.22,11.24,362.15,216.96,10.02,2.2,1.1,2.42,0.22,532.4,415.21,0.528
1679,29.32,7.99,234.27,348.22,35.48,2.2,1.1,2.42,0.22,532.4,359.51,0.54
1680,47.33,26.7,1263.6,193.49,25.14,2.2,1.1,2.42,0.22,532.4,267.3,0.54
1681,40.37,23.05,930.56,256.01,35.86,2.2,1.1,2.42,0.22,532.4,496.03,0.495
1682,34.61,13.69,473.91,52.05,36.31,2.2,1.1,2.42,0.22,532.4,497.24,0.511
1683,26.74,18.44,493.06,11.83,5.99,2.2,1.1,2.42,0.22,532.4,292.47,0.529
1684,17.64,19.71,347.62,149.97,16.82,2.2,1.1,2.42,0.22,532.4,354.35,0.506
1685,43.85,19.72,864.59,107.8,26.39,2.2,1.1,2.42,0.22,532.4,322.1,0.557
1686,44.41,9.09,403.79,313.58,38.05,2.2,1.1,2.42,0.22,532.4,412.91,0.543
1687,26.15,18.43,481.97,4.21,44.2,2.2,1.1,2.42,0.22,532.4,455.9,0.563
1688,49.51,11.82,585.21,110.52,25.28,2.2,1.1,2.42,0.22,532.4,518.56,0.51
1689,41.21,8.74,360.32,203.06,36.55,2.2,1.1,2.42,0.22,532.4,375.82,0.538
1690,47.46,20.41,968.78,123.03,3.7,2.2,1.1,2.42,0.22,532.4,323.22,0.536
1691,30.16,25.45,767.58,324.53,31.93,2.2,1.1,2.42,0.22,532.4,278.35,0.507
1692,48.37,18.42,890.94,290.53,7.82,2.2,1.1,2.42,0.22,532.4,290.23,0.507
1693,43.07,23.91,1029.79,204.46,23.53,2.2,1.1,2.42,0.22,532.4,305.3,0.542
1694,30.81,29.56,910.65,202.98,28.85,2.2,1.1,2.42,0.22,532.4,359.42,0.516
1695,20.94,26.43,553.47,172.32,36.05,2.2,1.1,2.42,0.22,532.4,469.97,0.533
1696,14.24,5.83,83.05,9.14,32.31,2.2,1.1,2.42,0.22,532.4,476.28,0.487
1697,7.19,10.66,76.65,121.01,37.26,2.2,1.1,2.42,0.22,532.4,279.81,0.519
1698,25.55,15.37,392.78,139.04,19.55,2.2,1.1,2.42,0.22,532.4,354.26,0.548
1699,5.61,12.37,69.39,205.31,37.05,2.2,1.1,2.42,0.22,532.4,475.86,0.527
1700,14.71,16.63,244.57,287.18,5.89,2.2,1.1,2.42,0.22,532.4,455.44,0.509
1701,27.02,24.36,658.33,17.73,24.76,2.2,1.1,2.42,0.22,532.4,270.39,0.526
1702,26.0,26.2,681.28,155.61,25.86,2.2,1.1,2.42,0.22,532.4,452.01,0.561
1703,19.72,29.36,578.95,298.63,25.99,2.2,1.1,2.42,0.22,532.4,307.28,0.53
1704,25.28,22.69,573.6,90.68,17.86,2.2,1.1,2.42,0.22,532.4,416.12,0.507
1705,10.21,9.95,101.62,208.22,39.01,2.2,1.1,2.42,0.22,532.4,423.29,0.521
1706,28.81,19.41,559.4,354.8,1.26,2.2,1.1,2.42,0.22,532.4,384.02,0.515
1707,42.39,19.53,828.12,203.84,43.97,2.2,1.1,2.42,0.22,532.4,315.41,0.522
1708,19.12,12.61,241.15,177.33,22.71,2.2,1.1,2.42,0.22,532.4,386.29,0.539
1709,10.05,12.2,122.61,318.46,16.01,2.2,1.1,2.42,0.22,532.4,396.27,0.502
1710,36.95,8.72,322.18,240.33,22.66,2.2,1.1,2.42,0.22,532.4,383.53,0.507
1711,24.75,5.26,130.13,34.76,21.07,2.2,1.1,2.42,0.22,532.4,499.51,0.513
1712,14.78,14.23,210.42,185.39,40.12,2.2,1.1,2.42,0.22,532.4,406.62,0.545
1713,38.84,18.91,734.31,276.75,5.14,2.2,1.1,2.42,0.22,532.4,439.66,0.533
1714,36.18,24.73,894.59,72.72,28.74,2.2,1.1,2.42,0.22,532.4,307.24,0.531
1715,41.59,15.38,639.6,325.04,29.6,2.2,1.1,2.42,0.22,532.4,280.5,0.54
1716,41.99,11.81,496.1,230.47,29.22,2.2,1.1,2.42,0.22,532.4,328.21,0.55
1717,48.04,28.01,1345.43,310.07,44.15,2.2,1.1,2.42,0.22,532.4,255.19,0.563
1718,37.3,14.04,523.63,250.98,41.88,2.2,1.1,2.42,0.22,532.4,298.18,0.53
1719,24.47,18.52,453.19,256.9,31.15,2.2,1.1,2.42,0.22,532.4,534.31,0.507
1720,14.24,27.46,391.01,42.19,0.86,2.2,1.1,2.42,0.22,532.4,292.04,0.509
1721,13.46,5.22,70.24,189.28,0.73,2.2,1.1,2.42,0.22,532.4,411.52,0.524
1722,37.76,21.82,823.74,346.79,27.91,2.2,1.1,2.42,0.22,532.4,368.11,0.528
1723,47.22,22.4,1057.5,163.19,17.84,2.2,1.1,2.42,0.22,532.4,527.08,0.505
1724,40.1,21.72,871.13,32.7,18.36,2.2,1.1,2.42,0.22,532.4,545.08,0.479
1725,9.21,17.61,162.15,4.07,21.39,2.2,1.1,2.42,0.22,532.4,452.56,0.583
1726,9.82,23.96,235.25,15.41,42.1,2.2,1.1,2.42,0.22,532.4,558.38,0.489
1727,19.21,21.54,413.7,273.26,32.41,2.2,1.1,2.42,0.22,532.4,424.67,0.553
1728,20.82,15.5,322.63,184.56,11.8,2.2,1.1,2.42,0.22,532.4,385.08,0.548
1729,6.89,11.01,75.8,160.97,2.0,2.2,1.1,2.42,0.22,532.4,354.66,0.543
1730,45.09,20.2,911.02,333.27,40.07,2.2,1.1,2.42,0.22,532.4,486.02,0.475
1731,42.68,17.09,729.3,351.83,10.37,2.2,1.1,2.42,0.22,532.4,522.78,0.514
1732,9.88,6.72,66.37,254.33,44.95,2.2,1.1,2.42,0.22,532.4,342.63,0.531
1733,46.29,28.31,1310.36,74.23,8.92,2.2,1.1,2.42,0.22,532.4,336.52,0.541
1734,7.67,7.34,56.35,337.33,14.96,2.2,1.1,2.42,0.22,532.4,501.59,0.507
1735,19.56,22.65,442.95,210.54,36.43,2.2,1.1,2.42,0.22,532.4,402.08,0.522
1736,18.37,26.34,483.87,346.72,20.78,2.2,1.1,2.42,0.22,532.4,535.51,0.51
1737,36.38,16.5,600.4,189.75,11.34,2.2,1.1,2.42,0.22,532.4,497.12,0.54
1738,5.56,17.65,98.08,24.16,5.16,2.2,1.1,2.42,0.22,532.4,412.35,0.54
1739,13.43,27.24,365.92,0.87,40.7,2.2,1.1,2.42,0.22,532.4,430.56,0.55
1740,30.07,13.19,396.58,174.21,13.95,2.2,1.1,2.42,0.22,532.4,351.82,0.542
1741,28.07,8.38,235.07,287.35,3.39,2.2,1.1,2.42,0.22,532.4,499.19,0.515
1742,17.15,8.65,148.36,258.04,44.5,2.2,1.1,2.42,0.22,532.4,285.81,0.506
1743,9.99,12.65,126.41,30.29,12.28,2.2,1.1,2.42,0.22,532.4,386.82,0.543
1744,19.37,18.13,351.2,344.84,10.03,2.2,1.1,2.42,0.22,532.4,491.27,0.51
1745,45.6,9.27,422.89,354.27,2.92,2.2,1.1,2.42,0.22,532.4,351.45,0.5
1746,5.46,28.72,156.94,194.46,4.68,2.2,1.1,2.42,0.22,532.4,479.43,0.508
1747,9.36,23.16,216.73,268.72,28.89,2.2,1.1,2.42,0.22,532.4,464.94,0.553
1748,44.27,27.01,1195.61,353.08,22.91,2.2,1.1,2.42,0.22,532.4,415.36,0.49
1749,44.11,29.26,1290.63,187.81,33.21,2.2,1.1,2.42,0.22,532.4,500.33,0.528
1750,44.35,18.62,825.59,66.49,6.22,2.2,1.1,2.42,0.22,532.4,369.46,0.511
1751,33.15,25.49,845.06,214.35,12.68,2.2,1.1,2.42,0.22,532.4,548.25,0.484
1752,19.78,14.7,290.81,17.14,6.73,2.2,1.1,2.42,0.22,532.4,333.92,0.509
1753,49.89,6.91,344.85,269.66,6.99,2.2,1.1,2.42,0.22,532.4,374.68,0.541
1754,30.95,15.74,487.12,222.83,44.88,2.2,1.1,2.42,0.22,532.4,517.38,0.515
1755,47.71,25.35,1209.37,235.17,37.1,2.2,1.1,2.42,0.22,532.4,384.97,0.519
1756,24.49,13.63,333.79,140.53,44.72,2.2,1.1,2.42,0.22,532.4,307.62,0.542
1757,37.37,22.96,858.16,207.31,15.69,2.2,1.1,2.42,0.22,532.4,304.04,0.539
1758,43.05,13.82,595.07,112.95,19.19,2.2,1.1,2.42,0.22,532.4,319.06,0.544
1759,6.04,13.06,78.92,98.67,3.59,2.2,1.1,2.42,0.22,532.4,333.6,0.499
1760,10.81,21.07,227.85,42.64,22.01,2.2,1.1,2.42,0.22,532.4,493.35,0.534
1761,31.87,25.43,810.36,74.13,39.95,2.2,1.1,2.42,0.22,532.4,350.66,0.515
1762,45.06,13.67,615.99,169.82,1.6,2.2,1.1,2.42,0.22,532.4,450.82,0.522
1763,5.38,27.61,148.62,239.68,39.45,2.2,1.1,2.42,0.22,532.4,415.13,0.506
1764,22.17,19.74,437.63,30.07,36.44,2.2,1.1,2.42,0.22,532.4,440.48,0.516
1765,20.66,28.23,583.16,49.75,24.13,2.2,1.1,2.42,0.22,532.4,336.79,0.527
1766,18.51,21.8,403.62,259.25,12.33,2.2,1.1,2.42,0.22,532.4,394.33,0.557
1767,42.38,10.36,439.09,298.84,7.55,2.2,1.1,2.42,0.22,532.4,355.64,0.539
1768,45.23,14.4,651.53,165.74,18.89,2.2,1.1,2.42,0.22,532.4,300.71,0.523
1769,44.84,9.95,446.27,255.18,0.42,2.2,1.1,2.42,0.22,532.4,302.18,0.514
1770,14.71,11.72,172.4,60.07,1.49,2.2,1.1,2.42,0.22,532.4,317.32,0.555
1771,37.86,22.09,836.13,317.34,24.27,2.2,1.1,2.42,0.22,532.4,513.2,0.488
1772,12.65,28.02,354.51,40.59,43.86,2.2,1.1,2.42,0.22,532.4,294.75,0.514
1773,25.57,23.35,597.02,291.04,21.02,2.2,1.1,2.42,0.22,532.4,456.22,0.538
1774,49.47,20.21,999.59,67.41,9.55,2.2,1.1,2.42,0.22,532.4,331.05,0.501
1775,19.28,11.36,218.9,218.29,14.13,2.2,1.1,2.42,0.22,532.4,528.86,0.519
1776,6.6,13.69,90.37,29.6,17.37,2.2,1.1,2.42,0.22,532.4,500.17,0.542
1777,16.58,10.31,170.95,4.19,11.84,2.2,1.1,2.42,0.22,532.4,366.04,0.499
1778,34.53,22.29,769.67,169.4,22.18,2.2,1.1,2.42,0.22,532.4,489.75,0.522
1779,11.87,5.01,59.53,259.33,12.32,2.2,1.1,2.42,0.22,532.4,533.05,0.495
1780,42.84,6.96,298.41,33.79,21.72,2.2,1.1,2.42,0.22,532.4,427.45,0.495
1781,37.73,7.09,267.37,65.23,29.84,2.2,1.1,2.42,0.22,532.4,284.55,0.504
1782,30.39,10.68,324.71,46.83,5.68,2.2,1.1,2.42,0.22,532.4,358.53,0.516
1783,19.04,14.09,268.22,127.54,24.15,2.2,1.1,2.42,0.22,532.4,438.25,0.516
1784,42.19,20.18,851.52,23.24,23.26,2.2,1.1,2.42,0.22,532.4,396.26,0.513
1785,41.8,17.49,730.85,230.68,43.55,2.2,1.1,2.42,0.22,532.4,272.82,0.517
1786,47.25,17.11,808.7,138.56,22.91,2.2,1.1,2.42,0.22,532.4,344.93,0.497
1787,5.32,10.19,54.16,265.35,12.63,2.2,1.1,2.42,0.22,532.4,422.43,0.531
1788,25.61,10.1,258.57,269.16,20.89,2.2,1.1,2.42,0.22,532.4,324.01,0.531
1789,34.25,25.89,886.62,85.66,36.13,2.2,1.1,2.42,0.22,532.4,362.71,0.503
1790,42.57,18.84,802.01,207.53,39.91,2.2,1.1,2.42,0.22,532.4,443.29,0.513
1791,10.67,9.81,104.67,349.21,25.61,2.2,1.1,2.42,0.22,532.4,320.58,0.515
1792,48.94,26.1,1277.35,217.08,41.84,2.2,1.1,2.42,0.22,532.4,408.72,0.495
1793,15.72,21.31,335.12,230.61,15.3,2.2,1.1,2.42,0.22,532.4,374.2,0.526
1794,5.75,15.26,87.71,99.61,0.43,2.2,1.1,2.42,0.22,532.4,359.65,0.51
1795,11.47,26.54,304.48,89.09,6.07,2.2,1.1,2.42,0.22,532.4,511.82,0.542
1796,12.4,8.7,107.89,206.03,26.49,2.2,1.1,2.42,0.22,532.4,314.51,0.504
1797,15.25,27.86,425.03,23.57,31.0,2.2,1.1,2.42,0.22,532.4,327.65,0.537
1798,46.44,11.95,554.8,124.87,6.88,2.2,1.1,2.42,0.22,532.4,279.88,0.493
1799,6.27,7.05,44.21,227.02,37.01,2.2,1.1,2.42,0.22,532.4,471.79,0.552
1800,9.23,13.69,126.34,198.43,41.83,2.2,1.1,2.42,0.22,532.4,318.51,0.508
1801,39.9,18.65,744.06,4.23,14.65,2.2,1.1,2.42,0.22,532.4,466.45,0.527
1802,24.8,16.11,399.42,294.85,12.07,2.2,1.1,2.42,0.22,532.4,488.57,0.526
1803,26.61,6.25,166.4,15.46,28.0,2.2,1.1,2.42,0.22,532.4,458.65,0.534
1804,22.17,29.19,646.94,151.62,40.95,2.2,1.1,2.42,0.22,532.4,297.84,0.552
1805,37.76,23.5,887.49,109.0,40.22,2.2,1.1,2.42,0.22,532.4,339.05,0.531
1806,6.6,11.27,74.44,65.77,24.76,2.2,1.1,2.42,0.22,532.4,465.45,0.512
1807,17.43,19.09,332.73,171.18,42.95,2.2,1.1,2.42,0.22,532.4,442.23,0.514
1808,13.92,5.76,80.12,22.69,8.21,2.2,1.1,2.42,0.22,532.4,337.97,0.52
1809,36.19,9.75,352.76,234.21,37.71,2.2,1.1,2.42,0.22,532.4,417.27,0.518
1810,41.65,12.26,510.47,118.06,42.6,2.2,1.1,2.42,0.22,532.4,450.48,0.57
1811,28.7,21.86,627.3,236.2,19.5,2.2,1.1,2.42,0.22,532.4,519.63,0.521
1812,41.76,10.02,418.58,84.62,30.53,2.2,1.1,2.42,0.22,532.4,476.87,0.524
1813,15.68,14.82,232.39,296.91,40.64,2.2,1.1,2.42,0.22,532.4,355.56,0.523
1814,19.71,8.26,162.81,75.45,9.5,2.2,1.1,2.42,0.22,532.4,471.68,0.501
1815,22.26,28.27,629.35,289.77,38.32,2.2,1.1,2.42,0.22,532.4,527.91,0.5
1816,9.21,12.9,118.8,34.87,32.67,2.2,1.1,2.42,0.22,532.4,283.04,0.545
1817,35.79,10.21,365.3,78.86,38.16,2.2,1.1,2.42,0.22,532.4,395.21,0.507
1818,16.2,26.2,424.39,89.96,9.63,2.2,1.1,2.42,0.22,532.4,343.34,0.532
1819,29.02,14.99,435.14,209.11,26.29,2.2,1.1,2.42,0.22,532.4,394.58,0.514
1820,5.24,10.44,54.71,125.33,38.44,2.2,1.1,2.42,0.22,532.4,324.33,0.504
1821,39.28,16.33,641.23,326.14,38.6,2.2,1.1,2.42,0.22,532.4,404.97,0.548
1822,25.67,11.0,282.44,322.17,31.5,2.2,1.1,2.42,0.22,532.4,466.23,0.537
1823,38.24,19.36,740.32,354.54,9.89,2.2,1.1,2.42,0.22,532.4,446.71,0.547
1824,26.42,11.61,306.68,9.71,2.95,2.2,1.1,2.42,0.22,532.4,399.04,0.522
1825,42.05,10.41,437.61,24.48,23.12,2.2,1.1,2.42,0.22,532.4,394.51,0.543
1826,16.15,17.01,274.7,145.24,13.8,2.2,1.1,2.42,0.22,532.4,297.46,0.509
1827,27.72,27.64,765.95,57.99,0.02,2.2,1.1,2.42,0.22,532.4,426.03,0.486
1828,34.7,5.08,176.44,274.34,42.15,2.2,1.1,2.42,0.22,532.4,508.11,0.504
1829,36.89,10.75,396.46,293.81,15.0,2.2,1.1,2.42,0.22,532.4,419.62,0.55
1830,39.29,9.44,371.02,167.46,22.51,2.2,1.1,2.42,0.22,532.4,325.91,0.524
1831,39.92,5.83,232.61,71.87,41.51,2.2,1.1,2.42,0.22,532.4,307.14,0.547
1832,24.1,15.74,379.47,221.19,2.67,2.2,1.1,2.42,0.22,532.4,355.24,0.554
1833,28.07,25.68,720.87,10.91,2.17,2.2,1.1,2.42,0.22,532.4,315.04,0.534
1834,38.17,13.83,527.85,151.43,44.41,2.2,1.1,2.42,0.22,532.4,290.23,0.509
1835,43.79,5.36,234.54,279.6,7.86,2.2,1.1,2.42,0.22,532.4,471.74,0.505
1836,14.82,10.99,162.85,219.65,5.22,2.2,1.1,2.42,0.22,532.4,390.46,0.566
1837,21.43,9.04,193.74,167.44,34.46,2.2,1.1,2.42,0.22,532.4,498.24,0.547
1838,36.99,6.75,249.79,197.49,20.15,2.2,1.1,2.42,0.22,532.4,367.78,0.537
1839,47.61,22.21,1057.25,17.59,42.06,2.2,1.1,2.42,0.22,532.4,314.5,0.514
1840,22.11,11.63,257.18,51.19,44.52,2.2,1.1,2.42,0.22,532.4,276.03,0.516
1841,43.97,5.74,252.19,42.82,37.87,2.2,1.1,2.42,0.22,532.4,443.91,0.541
1842,37.59,7.9,296.98,218.94,1.46,2.2,1.1,2.42,0.22,532.4,352.59,0.546
1843,31.67,16.77,530.96,24.09,34.23,2.2,1.1,2.42,0.22,532.4,476.23,0.559
1844,5.29,9.89,52.38,231.69,26.55,2.2,1.1,2.42,0.22,532.4,282.22,0.555
1845,35.71,23.55,840.99,68.22,1.8,2.2,1.1,2.42,0.22,532.4,296.74,0.508
1846,5.83,13.81,80.52,280.01,39.26,2.2,1.1,2.42,0.22,532.4,484.52,0.558
1847,17.15,25.84,443.12,145.38,43.29,2.2,1.1,2.42,0.22,532.4,512.73,0.532
1848,29.65,17.6,521.79,268.26,29.11,2.2,1.1,2.42,0.22,532.4,307.25,0.567
1849,5.62,6.23,35.04,128.45,36.46,2.2,1.1,2.42,0.22,532.4,383.56,0.521
1850,23.02,25.93,596.97,324.67,40.06,2.2,1.1,2.42,0.22,532.4,499.81,0.537
1851,43.55,24.8,1079.84,153.24,22.0,2.2,1.1,2.42,0.22,532.4,382.06,0.51
1852,6.18,8.29,51.22,113.79,36.81,2.2,1.1,2.42,0.22,532.4,287.22,0.535
1853,33.69,15.21,512.24,241.45,44.9,2.2,1.1,2.42,0.22,532.4,466.64,0.534
1854,25.18,11.3,284.54,16.15,33.47,2.2,1.1,2.42,0.22,532.4,276.6,0.531
1855,36.34,29.31,1065.05,112.53,29.73,2.2,1.1,2.42,0.22,532.4,299.81,0.519
1856,42.6,9.7,413.13,108.43,11.33,2.2,1.1,2.42,0.22,532.4,466.63,0.495
1857,17.85,8.63,154.11,137.22,6.49,2.2,1.1,2.42,0.22,532.4,315.15,0.532
1858,11.22,27.92,313.17,197.24,19.4,2.2,1.1,2.42,0.22,532.4,461.68,0.532
1859,42.02,11.34,476.46,273.99,28.02,2.2,1.1,2.42,0.22,532.4,319.56,0.53
1860,47.64,7.17,341.65,130.0,37.17,2.2,1.1,2.42,0.22,532.4,525.21,0.519
1861,14.79,11.54,170.71,256.05,1.4,2.2,1.1,2.42,0.22,532.4,466.56,0.561
1862,14.06,21.34,300.06,321.34,39.58,2.2,1.1,2.42,0.22,532.4,363.99,0.541
1863,34.79,8.02,279.16,11.09,44.4,2.2,1.1,2.42,0.22,532.4,511.97,0.517
1864,6.74,20.02,134.94,308.38,10.59,2.2,1.1,2.42,0.22,532.4,390.44,0.508
1865,8.83,12.41,109.53,13.27,19.06,2.2,1.1,2.42,0.22,532.4,453.96,0.518
1866,11.75,18.22,214.09,315.54,36.16,2.2,1.1,2.42,0.22,532.4,311.4,0.538
1867,13.04,25.28,329.61,301.7,29.7,2.2,1.1,2.42,0.22,532.4,495.41,0.507
1868,49.26,24.32,1198.19,319.28,29.05,2.2,1.1,2.42,0.22,532.4,302.48,0.579
1869,15.12,15.34,231.96,38.38,12.72,2.2,1.1,2.42,0.22,532.4,516.14,0.52
1870,19.8,10.59,209.69,201.35,11.74,2.2,1.1,2.42,0.22,532.4,323.23,0.528
1871,18.16,20.29,368.32,135.39,28.24,2.2,1.1,2.42,0.22,532.4,519.09,0.516
1872,36.84,17.19,633.26,189.01,6.89,2.2,1.1,2.42,0.22,532.4,513.92,0.514
1873,7.13,26.57,189.35,110.66,44.86,2.2,1.1,2.42,0.22,532.4,422.14,0.5
1874,48.46,9.6,465.43,330.16,39.08,2.2,1.1,2.42,0.22,532.4,423.87,0.492
1875,34.3,19.21,658.87,53.29,9.35,2.2,1.1,2.42,0.22,532.4,298.63,0.538
1876,14.42,12.83,185.1,322.37,10.5,2.2,1.1,2.42,0.22,532.4,274.1,0.534
1877,38.11,5.74,218.6,266.23,38.02,2.2,1.1,2.42,0.22,532.4,463.25,0.484
1878,30.11,26.42,795.47,292.07,42.72,2.2,1.1,2.42,0.22,532.4,447.15,0.487
1879,11.03,7.49,82.68,182.84,10.88,2.2,1.1,2.42,0.22,532.4,298.66,0.512
1880,23.11,23.83,550.78,223.69,26.6,2.2,1.1,2.42,0.22,532.4,342.46,0.518
1881,37.91,23.47,889.68,204.23,27.18,2.2,1.1,2.42,0.22,532.4,292.1,0.506
1882,32.65,7.16,233.77,254.53,22.32,2.2,1.1,2.42,0.22,532.4,430.91,0.524
1883,14.49,22.93,332.25,253.33,30.69,2.2,1.1,2.42,0.22,532.4,280.66,0.506
1884,49.41,19.1,943.77,8.58,13.85,2.2,1.1,2.42,0.22,532.4,289.46,0.516
1885,36.78,26.16,962.04,213.72,26.07,2.2,1.1,2.42,0.22,532.4,342.22,0.522
1886,42.42,25.19,1068.42,313.67,22.85,2.2,1.1,2.42,0.22,532.4,343.46,0.521
1887,32.51,28.14,914.85,285.96,9.61,2.2,1.1,2.42,0.22,532.4,273.72,0.513
1888,11.0,21.1,232.0,310.07,27.25,2.2,1.1,2.42,0.22,532.4,390.19,0.481
1889,40.88,19.45,795.02,343.86,42.45,2.2,1.1,2.42,0.22,532.4,394.94,0.537
1890,45.22,9.6,434.18,335.1,5.25,2.2,1.1,2.42,0.22,532.4,368.85,0.538
1891,27.39,13.16,360.46,3.14,43.47,2.2,1.1,2.42,0.22,532.4,285.99,0.551
1892,27.77,18.66,518.16,254.42,30.04,2.2,1.1,2.42,0.22,532.4,410.89,0.511
1893,18.73,9.52,178.34,53.84,34.72,2.2,1.1,2.42,0.22,532.4,266.1,0.524
1894,18.45,5.57,102.87,247.39,30.34,2.2,1.1,2.42,0.22,532.4,412.87,0.522
1895,36.96,6.92,255.6,316.34,3.71,2.2,1.1,2.42,0.22,532.4,360.16,0.484
1896,6.04,28.56,172.48,138.66,17.37,2.2,1.1,2.42,0.22,532.4,441.67,0.546
1897,43.3,29.06,1258.23,136.08,8.38,2.2,1.1,2.42,0.22,532.4,282.18,0.518
1898,22.73,11.87,269.68,246.99,40.8,2.2,1.1,2.42,0.22,532.4,526.43,0.505
1899,41.69,26.05,1086.24,169.48,3.26,2.2,1.1,2.42,0.22,532.4,482.0,0.522
1900,24.96,19.13,477.57,175.26,1.25,2.2,1.1,2.42,0.22,532.4,495.47,0.553
1901,38.15,18.37,700.85,132.31,9.41,2.2,1.1,2.42,0.22,532.4,442.56,0.47
1902,27.08,15.81,428.1,185.95,40.61,2.2,1.1,2.42,0.22,532.4,454.24,0.561
1903,30.36,21.38,648.92,34.52,44.11,2.2,1.1,2.42,0.22,532.4,320.35,0.517
1904,28.21,11.24,317.1,79.96,7.42,2.2,1.1,2.42,0.22,532.4,268.49,0.541
1905,41.02,9.27,380.35,140.12,35.1,2.2,1.1,2.42,0.22,532.4,370.03,0.544
1906,24.36,19.18,467.24,310.54,9.63,2.2,1.1,2.42,0.22,532.4,373.14,0.499
1907,12.87,14.77,190.15,317.03,34.05,2.2,1.1,2.42,0.22,532.4,338.98,0.521
1908,14.62,8.66,126.71,25.13,40.1,2.2,1.1,2.42,0.22,532.4,272.16,0.53
1909,36.09,21.92,790.98,291.38,14.79,2.2,1.1,2.42,0.22,532.4,468.52,0.559
1910,25.39,5.06,128.46,336.32,24.85,2.2,1.1,2.42,0.22,532.4,416.2,0.539
1911,36.05,24.88,897.08,253.27,6.11,2.2,1.1,2.42,0.22,532.4,530.85,0.497
1912,26.4,16.02,422.91,29.6,1.04,2.2,1.1,2.42,0.22,532.4,488.76,0.503
1913,15.73,15.36,241.6,266.79,3.72,2.2,1.1,2.42,0.22,532.4,493.45,0.527
1914,20.21,29.1,588.07,295.24,19.69,2.2,1.1,2.42,0.22,532.4,458.5,0.538
1915,36.47,11.88,433.26,248.55,32.26,2.2,1.1,2.42,0.22,532.4,331.16,0.509
1916,9.45,26.93,254.43,179.79,15.22,2.2,1.1,2.42,0.22,532.4,258.95,0.543
1917,41.83,7.17,299.82,134.68,29.16,2.2,1.1,2.42,0.22,532.4,279.64,0.493
1918,44.46,26.28,1168.49,330.8,42.98,2.2,1.1,2.42,0.22,532.4,470.54,0.504
1919,31.69,27.04,856.88,31.57,3.79,2.2,1.1,2.42,0.22,532.4,443.57,0.531
1920,21.86,28.85,630.6,280.43,8.8,2.2,1.1,2.42,0.22,532.4,299.04,0.534
1921,5.4,20.85,112.51,310.28,18.58,2.2,1.1,2.42,0.22,532.4,275.66,0.561
1922,41.78,29.18,1219.19,223.05,27.99,2.2,1.1,2.42,0.22,532.4,447.96,0.564
1923,16.15,6.26,101.11,70.95,7.6,2.2,1.1,2.42,0.22,532.4,511.3,0.538
1924,7.51,14.13,106.11,201.64,1.05,2.2,1.1,2.42,0.22,532.4,263.31,0.568
1925,8.95,21.31,190.78,184.06,35.24,2.2,1.1,2.42,0.22,532.4,318.87,0.524
1926,32.35,5.56,179.97,334.44,36.19,2.2,1.1,2.42,0.22,532.4,329.63,0.552
1927,31.32,23.61,739.73,134.09,9.85,2.2,1.1,2.42,0.22,532.4,522.93,0.507
1928,39.37,7.2,283.5,317.44,3.19,2.2,1.1,2.42,0.22,532.4,335.24,0.558
1929,48.06,17.05,819.46,153.11,17.33,2.2,1.1,2.42,0.22,532.4,261.19,0.54
1930,17.58,27.05,475.41,73.76,32.41,2.2,1.1,2.42,0.22,532.4,482.37,0.509
1931,29.99,13.76,412.56,221.5,22.54,2.2,1.1,2.42,0.22,532.4,325.24,0.518
1932,39.59,19.6,776.06,260.29,31.41,2.2,1.1,2.42,0.22,532.4,324.9,0.513
1933,13.98,11.0,153.78,58.12,25.0,2.2,1.1,2.42,0.22,532.4,254.62,0.561
1934,33.36,27.65,922.5,175.7,37.38,2.2,1.1,2.42,0.22,532.4,265.29,0.523
1935,12.08,18.53,223.85,96.65,31.16,2.2,1.1,2.42,0.22,532.4,357.26,0.504
1936,19.08,19.51,372.11,114.04,23.66,2.2,1.1,2.42,0.22,532.4,532.48,0.481
1937,20.81,7.11,148.07,284.59,18.81,2.2,1.1,2.42,0.22,532.4,329.88,0.529
1938,13.05,20.07,261.82,162.93,30.08,2.2,1.1,2.42,0.22,532.4,303.82,0.494
1939,8.52,8.79,74.91,214.82,9.08,2.2,1.1,2.42,0.22,532.4,369.87,0.523
1940,44.47,14.34,637.63,209.33,27.68,2.2,1.1,2.42,0.22,532.4,377.43,0.517
1941,5.44,28.94,157.55,233.84,13.33,2.2,1.1,2.42,0.22,532.4,468.2,0.5
1942,46.25,28.73,1328.71,211.59,6.67,2.2,1.1,2.42,0.22,532.4,433.2,0.559
1943,18.61,21.56,401.19,270.15,29.29,2.2,1.1,2.42,0.22,532.4,546.24,0.495
1944,22.41,10.63,238.11,244.68,35.14,2.2,1.1,2.42,0.22,532.4,526.67,0.516
1945,35.67,7.85,279.88,11.02,38.52,2.2,1.1,2.42,0.22,532.4,496.28,0.512
1946,43.03,25.72,1106.52,84.07,27.09,2.2,1.1,2.42,0.22,532.4,494.52,0.517
1947,48.34,20.11,972.3,232.6,17.56,2.2,1.1,2.42,0.22,532.4,269.79,0.562
1948,23.44,14.36,336.54,258.16,28.02,2.2,1.1,2.42,0.22,532.4,466.76,0.525
1949,38.0,19.82,753.17,111.39,24.3,2.2,1.1,2.42,0.22,532.4,374.58,0.51
1950,11.05,11.84,130.81,224.89,3.0,2.2,1.1,2.42,0.22,532.4,366.25,0.502
1951,26.71,14.56,388.7,53.64,35.59,2.2,1.1,2.42,0.22,532.4,389.71,0.522
1952,8.72,16.05,139.85,81.38,30.21,2.2,1.1,2.42,0.22,532.4,267.98,0.525
1953,34.32,21.09,723.7,186.17,38.73,2.2,1.1,2.42,0.22,532.4,407.94,0.484
1954,32.79,11.36,372.29,319.6,17.12,2.2,1.1,2.42,0.22,532.4,462.35,0.521
1955,19.9,12.61,251.02,356.73,23.96,2.2,1.1,2.42,0.22,532.4,266.65,0.565
1956,9.77,6.94,67.78,247.8,23.56,2.2,1.1,2.42,0.22,532.4,442.76,0.559
1957,18.04,17.75,320.34,5.44,32.62,2.2,1.1,2.42,0.22,532.4,530.75,0.517
1958,30.49,20.94,638.51,80.33,19.36,2.2,1.1,2.42,0.22,532.4,399.65,0.57
1959,42.59,20.41,869.47,303.38,15.84,2.2,1.1,2.42,0.22,532.4,496.66,0.531
1960,21.45,23.27,499.13,174.83,39.3,2.2,1.1,2.42,0.22,532.4,300.8,0.557
1961,22.62,25.34,573.09,319.95,20.45,2.2,1.1,2.42,0.22,532.4,327.39,0.518
1962,10.09,18.04,182.06,95.09,36.59,2.2,1.1,2.42,0.22,532.4,367.32,0.502
1963,33.37,29.39,980.65,113.58,13.96,2.2,1.1,2.42,0.22,532.4,327.01,0.533
1964,11.25,22.63,254.58,122.99,10.01,2.2,1.1,2.42,0.22,532.4,399.44,0.529
1965,34.87,9.06,315.83,180.91,41.38,2.2,1.1,2.42,0.22,532.4,456.27,0.515
1966,32.88,6.7,220.16,235.35,39.08,2.2,1.1,2.42,0.22,532.4,385.63,0.516
1967,31.29,12.88,403.02,104.23,30.56,2.2,1.1,2.42,0.22,532.4,284.57,0.567
1968,44.11,16.14,712.08,151.48,0.91,2.2,1.1,2.42,0.22,532.4,387.3,0.525
1969,27.96,15.87,443.81,2.38,39.74,2.2,1.1,2.42,0.22,532.4,297.46,0.528
1970,40.05,7.74,310.12,49.32,33.38,2.2,1.1,2.42,0.22,532.4,274.04,0.537
1971,14.07,8.17,114.91,248.87,15.89,2.2,1.1,2.42,0.22,532.4,271.0,0.547
1972,43.19,21.88,945.15,116.66,33.75,2.2,1.1,2.42,0.22,532.4,288.27,0.499
1973,5.24,10.69,56.03,51.59,36.35,2.2,1.1,2.42,0.22,532.4,343.55,0.524
1974,47.27,25.29,1195.62,272.69,14.59,2.2,1.1,2.42,0.22,532.4,478.12,0.539
1975,13.53,5.34,72.3,12.28,27.48,2.2,1.1,2.42,0.22,532.4,328.08,0.575
1976,38.55,17.36,669.29,121.25,17.06,2.2,1.1,2.42,0.22,532.4,360.72,0.497
1977,23.03,11.02,253.7,117.16,11.7,2.2,1.1,2.42,0.22,532.4,471.72,0.505
1978,34.99,24.58,860.19,306.05,4.59,2.2,1.1,2.42,0.22,532.4,287.72,0.494
1979,34.41,15.87,546.1,222.05,0.27,2.2,1.1,2.42,0.22,532.4,265.09,0.528
1980,14.0,12.77,178.75,302.3,7.74,2.2,1.1,2.42,0.22,532.4,317.43,0.518
1981,25.75,24.99,643.47,97.06,9.25,2.2,1.1,2.42,0.22,532.4,325.11,0.518
1982,42.79,18.62,796.63,197.27,31.49,2.2,1.1,2.42,0.22,532.4,523.42,0.497
1983,20.99,14.34,301.02,355.38,36.38,2.2,1.1,2.42,0.22,532.4,290.74,0.515
1984,32.25,26.03,839.43,325.52,24.25,2.2,1.1,2.42,0.22,532.4,334.2,0.513
1985,30.11,5.01,150.87,308.85,39.94,2.2,1.1,2.42,0.22,532.4,408.47,0.518
1986,42.24,8.85,373.97,305.8,20.63,2.2,1.1,2.42,0.22,532.4,332.76,0.51
1987,32.53,28.49,926.79,238.4,37.96,2.2,1.1,2.42,0.22,532.4,388.48,0.547
1988,31.09,20.05,623.45,264.76,21.73,2.2,1.1,2.42,0.22,532.4,286.82,0.506
1989,7.64,11.58,88.48,286.03,36.05,2.2,1.1,2.42,0.22,532.4,379.87,0.524
1990,9.05,11.13,100.69,192.01,2.2,2.2,1.1,2.42,0.22,532.4,460.68,0.497
1991,6.15,14.03,86.34,203.23,42.54,2.2,1.1,2.42,0.22,532.4,281.29,0.521
1992,30.12,19.02,572.82,338.27,22.38,2.2,1.1,2.42,0.22,532.4,392.09,0.523
1993,15.46,26.33,406.98,97.14,4.19,2.2,1.1,2.42,0.22,532.4,406.81,0.509
1994,47.12,8.1,381.74,305.01,38.55,2.2,1.1,2.42,0.22,532.4,345.61,0.547
1995,21.24,21.01,446.35,214.5,35.58,2.2,1.1,2.42,0.22,532.4,417.14,0.559
1996,42.12,5.74,241.98,28.45,39.71,2.2,1.1,2.42,0.22,532.4,345.65,0.565
1997,26.17,22.9,599.37,245.99,28.34,2.2,1.1,2.42,0.22,532.4,280.16,0.504
1998,35.87,18.41,660.56,255.42,14.68,2.2,1.1,2.42,0.22,532.4,309.1,0.526
1999,21.85,15.1,330.03,67.54,41.97,2.2,1.1,2.42,0.22,532.4,408.76,0.511
2000,11.2,11.46,128.31,1.62,33.42,2.2,1.1,2.42,0.22,532.4,341.58,0.522
2001,31.3,5.87,183.83,314.36,31.6,2.2,1.1,2.42,0.22,532.4,279.05,0.541
2002,14.64,8.34,122.15,319.08,18.32,2.2,1.1,2.42,0.22,532.4,463.0,0.524
2003,12.16,21.84,265.65,189.18,20.06,2.2,1.1,2.42,0.22,532.4,425.76,0.518
2004,38.01,18.6,707.14,162.11,24.07,2.2,1.1,2.42,0.22,532.4,408.1,0.5
2005,44.92,11.55,518.67,229.64,12.85,2.2,1.1,2.42,0.22,532.4,432.95,0.534
2006,26.83,10.37,278.29,279.72,9.84,2.2,1.1,2.42,0.22,532.4,373.91,0.51
2007,45.37,23.02,1044.71,51.83,16.32,2.2,1.1,2.42,0.22,532.4,275.73,0.509
2008,40.45,27.06,1094.81,83.99,8.82,2.2,1.1,2.42,0.22,532.4,272.63,0.525
2009,42.84,9.24,396.03,212.53,12.3,2.2,1.1,2.42,0.22,532.4,354.24,0.533
2010,6.64,10.5,69.67,48.83,8.54,2.2,1.1,2.42,0.22,532.4,381.92,0.552
2011,9.39,12.4,116.46,202.46,14.73,2.2,1.1,2.42,0.22,532.4,497.26,0.549
2012,42.9,16.43,704.96,3.42,37.8,2.2,1.1,2.42,0.22,532.4,287.47,0.547
2013,5.52,26.03,143.62,54.79,28.1,2.2,1.1,2.42,0.22,532.4,445.45,0.517
2014,36.27,21.18,768.32,146.42,0.36,2.2,1.1,2.42,0.22,532.4,268.68,0.521
2015,44.55,20.39,908.51,66.15,22.8,2.2,1.1,2.42,0.22,532.4,307.33,0.517
2016,27.24,23.7,645.74,211.78,22.04,2.2,1.1,2.42,0.22,532.4,290.31,0.525
2017,22.56,21.41,483.06,143.77,37.24,2.2,1.1,2.42,0.22,532.4,314.72,0.524
2018,30.19,27.95,843.81,282.06,43.35,2.2,1.1,2.42,0.22,532.4,376.37,0.516
2019,9.35,28.83,269.47,262.15,27.06,2.2,1.1,2.42,0.22,532.4,353.33,0.515
2020,17.17,27.74,476.24,47.04,20.85,2.2,1.1,2.42,0.22,532.4,479.66,0.531
2021,7.62,21.73,165.49,131.01,5.57,2.2,1.1,2.42,0.22,532.4,462.97,0.503
2022,23.05,8.67,199.81,33.76,28.04,2.2,1.1,2.42,0.22,532.4,369.98,0.517
2023,37.9,21.02,796.73,130.59,6.65,2.2,1.1,2.42,0.22,532.4,524.44,0.518
2024,26.14,8.35,218.17,328.41,20.98,2.2,1.1,2.42,0.22,532.4,375.92,0.533
2025,27.34,23.05,630.14,343.61,43.36,2.2,1.1,2.42,0.22,532.4,482.17,0.505
2026,49.15,9.84,483.55,235.73,28.63,2.2,1.1,2.42,0.22,532.4,285.76,0.521
2027,21.67,20.22,438.09,224.23,19.42,2.2,1.1,2.42,0.22,532.4,461.88,0.55
2028,40.68,16.47,669.95,353.78,21.14,2.2,1.1,2.42,0.22,532.4,488.66,0.526
2029,19.59,20.05,392.65,343.85,4.15,2.2,1.1,2.42,0.22,532.4,364.86,0.547
2030,20.21,16.06,324.44,136.7,36.96,2.2,1.1,2.42,0.22,532.4,333.35,0.536
2031,44.42,15.25,677.54,145.36,28.9,2.2,1.1,2.42,0.22,532.4,393.3,0.503
2032,41.99,6.33,265.96,349.09,7.47,2.2,1.1,2.42,0.22,532.4,317.99,0.513
2033,35.73,7.86,280.85,253.49,12.15,2.2,1.1,2.42,0.22,532.4,409.24,0.521
2034,10.64,7.09,75.37,80.62,15.07,2.2,1.1,2.42,0.22,532.4,495.11,0.558
2035,13.97,27.23,380.39,230.69,17.72,2.2,1.1,2.42,0.22,532.4,409.3,0.513
2036,14.29,10.38,148.28,9.49,18.08,2.2,1.1,2.42,0.22,532.4,464.35,0.51
2037,20.44,7.11,145.3,257.96,3.49,2.2,1.1,2.42,0.22,532.4,425.37,0.526
2038,35.38,28.87,1021.31,216.02,11.6,2.2,1.1,2.42,0.22,532.4,486.17,0.528
2039,15.52,11.68,181.23,171.26,0.36,2.2,1.1,2.42,0.22,532.4,527.97,0.508
2040,50.0,12.15,607.34,206.3,19.71,2.2,1.1,2.42,0.22,532.4,453.42,0.579
2041,9.41,5.35,50.37,192.51,20.75,2.2,1.1,2.42,0.22,532.4,300.96,0.525
2042,19.51,18.54,361.67,197.3,20.66,2.2,1.1,2.42,0.22,532.4,487.61,0.522
2043,30.73,15.11,464.28,72.52,35.07,2.2,1.1,2.42,0.22,532.4,356.62,0.539
2044,30.21,19.17,579.19,16.66,39.58,2.2,1.1,2.42,0.22,532.4,463.87,0.525
2045,43.85,6.55,287.19,171.1,7.81,2.2,1.1,2.42,0.22,532.4,374.12,0.555
2046,30.85,26.21,808.37,260.04,31.89,2.2,1.1,2.42,0.22,532.4,365.4,0.54
2047,41.25,26.57,1096.05,115.82,24.53,2.2,1.1,2.42,0.22,532.4,401.63,0.516
2048,9.66,29.95,289.23,104.37,17.85,2.2,1.1,2.42,0.22,532.4,338.07,0.535
2049,8.0,13.22,105.76,192.54,40.72,2.2,1.1,2.42,0.22,532.4,383.31,0.566
2050,24.28,13.95,338.69,96.57,12.17,2.2,1.1,2.42,0.22,532.4,413.57,0.55
2051,44.41,7.71,342.21,303.3,3.14,2.2,1.1,2.42,0.22,532.4,327.05,0.5
2052,46.15,6.6,304.43,179.18,33.0,2.2,1.1,2.42,0.22,532.4,306.28,0.539
2053,7.43,28.69,213.04,193.2,7.09,2.2,1.1,2.42,0.22,532.4,366.37,0.53
2054,22.85,8.84,202.02,229.56,36.7,2.2,1.1,2.42,0.22,532.4,306.88,0.525
2055,9.73,20.19,196.48,226.21,3.39,2.2,1.1,2.42,0.22,532.4,506.62,0.509
2056,12.26,9.84,120.71,13.43,16.1,2.2,1.1,2.42,0.22,532.4,402.65,0.553
2057,10.63,7.96,84.63,237.32,15.82,2.2,1.1,2.42,0.22,532.4,505.13,0.512
2058,5.26,6.53,34.33,85.41,6.27,2.2,1.1,2.42,0.22,532.4,291.56,0.528
2059,38.33,14.01,536.92,251.03,41.85,2.2,1.1,2.42,0.22,532.4,448.78,0.544
2060,22.51,21.13,475.56,176.14,3.23,2.2,1.1,2.42,0.22,532.4,428.64,0.557
2061,15.33,5.73,87.82,148.97,39.44,2.2,1.1,2.42,0.22,532.4,324.39,0.558
2062,37.89,24.87,942.49,15.49,4.64,2.2,1.1,2.42,0.22,532.4,370.21,0.531
2063,10.61,8.33,88.43,35.41,30.9,2.2,1.1,2.42,0.22,532.4,262.03,0.531
2064,40.43,7.48,302.32,275.08,17.13,2.2,1.1,2.42,0.22,532.4,409.33,0.538
2065,6.28,28.51,179.16,173.18,7.02,2.2,1.1,2.42,0.22,532.4,507.06,0.498
2066,31.0,18.8,582.89,108.76,37.73,2.2,1.1,2.42,0.22,532.4,287.47,0.529
2067,22.96,21.01,482.59,283.46,38.12,2.2,1.1,2.42,0.22,532.4,463.09,0.56
2068,29.06,26.19,760.96,305.03,31.05,2.2,1.1,2.42,0.22,532.4,388.16,0.508
2069,45.12,15.92,718.53,183.42,13.79,2.2,1.1,2.42,0.22,532.4,427.4,0.594
2070,16.95,12.89,218.57,325.65,11.34,2.2,1.1,2.42,0.22,532.4,264.03,0.537
2071,8.37,18.59,155.62,201.53,44.03,2.2,1.1,2.42,0.22,532.4,400.68,0.506
2072,43.8,18.17,795.87,288.03,45.0,2.2,1.1,2.42,0.22,532.4,330.92,0.534
2073,42.69,16.31,696.22,31.4,27.77,2.2,1.1,2.42,0.22,532.4,453.07,0.521
2074,30.21,23.4,707.05,357.6,7.87,2.2,1.1,2.42,0.22,532.4,333.26,0.527
2075,47.17,11.43,538.96,86.77,7.3,2.2,1.1,2.42,0.22,532.4,452.9,0.494
2076,41.34,15.38,635.92,95.88,37.86,2.2,1.1,2.42,0.22,532.4,261.12,0.546
2077,26.47,15.0,397.09,47.41,13.17,2.2,1.1,2.42,0.22,532.4,512.39,0.526
2078,30.32,15.98,484.5,190.72,21.02,2.2,1.1,2.42,0.22,532.4,299.31,0.513
2079,39.31,13.5,530.65,38.21,24.09,2.2,1.1,2.42,0.22,532.4,266.17,0.525
2080,18.76,7.03,131.86,106.66,38.08,2.2,1.1,2.42,0.22,532.4,382.24,0.504
2081,17.06,12.62,215.38,39.86,8.23,2.2,1.1,2.42,0.22,532.4,280.14,0.54
2082,35.19,13.82,486.25,179.57,39.26,2.2,1.1,2.42,0.22,532.4,448.99,0.505
2083,6.24,11.67,72.84,49.86,27.94,2.2,1.1,2.42,0.22,532.4,337.16,0.533
2084,22.43,17.5,392.5,26.98,15.23,2.2,1.1,2.42,0.22,532.4,448.3,0.511
2085,5.89,19.33,113.91,295.3,11.97,2.2,1.1,2.42,0.22,532.4,343.06,0.522
2086,7.55,19.51,147.33,282.23,26.61,2.2,1.1,2.42,0.22,532.4,378.59,0.54
2087,27.08,8.48,229.55,266.06,37.22,2.2,1.1,2.42,0.22,532.4,476.83,0.561
2088,10.34,25.82,267.14,272.24,21.99,2.2,1.1,2.42,0.22,532.4,333.3,0.523
2089,35.54,24.07,855.64,130.64,40.64,2.2,1.1,2.42,0.22,532.4,430.41,0.531
2090,17.85,18.87,336.84,332.25,18.75,2.2,1.1,2.42,0.22,532.4,485.79,0.516
2091,16.15,12.02,194.17,344.39,29.52,2.2,1.1,2.42,0.22,532.4,458.42,0.488
2092,5.11,28.05,143.44,205.88,29.74,2.2,1.1,2.42,0.22,532.4,346.84,0.508
2093,9.15,12.35,112.95,220.89,33.48,2.2,1.1,2.42,0.22,532.4,383.96,0.519
2094,23.85,10.31,245.8,171.01,27.64,2.2,1.1,2.42,0.22,532.4,354.79,0.498
2095,41.46,22.34,926.32,268.43,3.84,2.2,1.1,2.42,0.22,532.4,339.91,0.507
2096,31.89,25.27,806.1,131.41,2.93,2.2,1.1,2.42,0.22,532.4,295.47,0.544
2097,48.27,19.94,962.38,161.61,40.03,2.2,1.1,2.42,0.22,532.4,456.95,0.523
2098,21.07,15.59,328.5,190.71,28.9,2.2,1.1,2.42,0.22,532.4,291.8,0.535
2099,42.1,14.08,592.68,328.2,44.18,2.2,1.1,2.42,0.22,532.4,501.88,0.523
2100,21.89,9.99,218.69,356.5,26.53,2.2,1.1,2.42,0.22,532.4,347.47,0.509
2101,6.81,6.39,43.46,22.43,17.06,2.2,1.1,2.42,0.22,532.4,468.39,0.523
2102,12.0,23.31,279.74,319.5,35.23,2.2,1.1,2.42,0.22,532.4,452.65,0.523
2103,38.82,15.38,597.0,31.86,24.84,2.2,1.1,2.42,0.22,532.4,403.73,0.514
2104,5.14,22.9,117.65,334.27,36.23,2.2,1.1,2.42,0.22,532.4,397.58,0.548
2105,40.29,21.17,853.11,218.49,26.93,2.2,1.1,2.42,0.22,532.4,252.36,0.552
2106,14.6,6.86,100.19,163.05,38.69,2.2,1.1,2.42,0.22,532.4,295.13,0.534
2107,21.51,24.3,522.72,281.95,7.69,2.2,1.1,2.42,0.22,532.4,430.19,0.531
2108,39.53,16.66,658.77,275.21,32.02,2.2,1.1,2.42,0.22,532.4,270.0,0.534
2109,32.79,25.8,846.04,164.7,36.17,2.2,1.1,2.42,0.22,532.4,498.26,0.523
2110,16.72,26.11,436.52,305.19,39.17,2.2,1.1,2.42,0.22,532.4,407.92,0.509
2111,42.16,7.38,310.92,217.03,10.21,2.2,1.1,2.42,0.22,532.4,507.39,0.503
2112,43.6,12.28,535.56,153.85,40.31,2.2,1.1,2.42,0.22,532.4,473.52,0.514
2113,17.61,7.57,133.42,140.61,7.27,2.2,1.1,2.42,0.22,532.4,438.56,0.497
2114,35.85,20.66,740.87,69.91,28.85,2.2,1.1,2.42,0.22,532.4,403.14,0.551
2115,10.6,12.25,129.8,92.48,33.82,2.2,1.1,2.42,0.22,532.4,258.67,0.537
2116,43.74,19.5,852.72,353.48,21.58,2.2,1.1,2.42,0.22,532.4,474.78,0.54
2117,11.84,11.1,131.45,140.29,17.37,2.2,1.1,2.42,0.22,532.4,315.21,0.545
2118,35.06,14.68,514.86,256.06,16.74,2.2,1.1,2.42,0.22,532.4,347.56,0.495
2119,11.92,10.09,120.25,357.1,0.77,2.2,1.1,2.42,0.22,532.4,406.4,0.545
2120,29.8,8.8,262.19,56.04,14.04,2.2,1.1,2.42,0.22,532.4,522.75,0.53
2121,46.55,18.63,866.96,116.72,1.86,2.2,1.1,2.42,0.22,532.4,493.3,0.532
2122,45.0,16.46,740.69,195.68,25.89,2.2,1.1,2.42,0.22,532.4,363.65,0.503
2123,25.26,26.48,668.91,226.53,14.98,2.2,1.1,2.42,0.22,532.4,439.05,0.509
2124,39.49,16.6,655.68,235.39,23.14,2.2,1.1,2.42,0.22,532.4,259.45,0.539
2125,47.45,15.3,725.95,327.73,17.01,2.2,1.1,2.42,0.22,532.4,361.69,0.513
2126,28.32,24.22,685.9,108.69,40.84,2.2,1.1,2.42,0.22,532.4,252.62,0.556
2127,5.96,12.5,74.55,235.86,43.34,2.2,1.1,2.42,0.22,532.4,302.24,0.52
2128,35.48,16.14,572.59,67.16,9.88,2.2,1.1,2.42,0.22,532.4,361.67,0.547
2129,41.41,23.11,956.85,169.9,36.85,2.2,1.1,2.42,0.22,532.4,488.93,0.508
2130,26.93,19.98,538.07,62.39,10.85,2.2,1.1,2.42,0.22,532.4,459.36,0.559
2131,15.31,24.09,368.85,81.23,18.04,2.2,1.1,2.42,0.22,532.4,476.25,0.581
2132,33.45,20.97,701.36,267.15,28.95,2.2,1.1,2.42,0.22,532.4,458.25,0.52
2133,47.13,8.85,417.23,106.93,11.32,2.2,1.1,2.42,0.22,532.4,536.2,0.504
2134,40.23,19.24,774.06,350.36,8.15,2.2,1.1,2.42,0.22,532.4,327.41,0.524
2135,10.48,10.52,110.2,283.32,43.11,2.2,1.1,2.42,0.22,532.4,526.38,0.521
2136,13.33,20.04,267.16,274.45,43.46,2.2,1.1,2.42,0.22,532.4,473.85,0.536
2137,21.76,12.66,275.41,90.04,1.43,2.2,1.1,2.42,0.22,532.4,517.63,0.493
2138,49.22,16.63,818.36,153.06,13.15,2.2,1.1,2.42,0.22,532.4,350.89,0.489
2139,14.21,7.6,107.99,87.72,39.66,2.2,1.1,2.42,0.22,532.4,290.31,0.523
2140,46.08,20.7,954.12,138.26,29.91,2.2,1.1,2.42,0.22,532.4,493.28,0.509
2141,22.47,8.75,196.62,108.25,5.39,2.2,1.1,2.42,0.22,532.4,354.23,0.547
2142,41.36,7.59,314.12,202.46,42.48,2.2,1.1,2.42,0.22,532.4,524.49,0.524
2143,40.46,22.32,903.2,308.46,29.48,2.2,1.1,2.42,0.22,532.4,291.36,0.522
2144,38.69,9.19,355.56,79.68,23.62,2.2,1.1,2.42,0.22,532.4,287.33,0.53
2145,16.43,11.24,184.72,227.91,28.16,2.2,1.1,2.42,0.22,532.4,261.99,0.561
2146,20.72,16.37,339.11,36.32,44.9,2.2,1.1,2.42,0.22,532.4,390.31,0.535
2147,24.82,24.65,611.9,159.77,19.03,2.2,1.1,2.42,0.22,532.4,338.99,0.545
2148,11.58,18.8,217.76,186.36,17.27,2.2,1.1,2.42,0.22,532.4,316.14,0.522
2149,13.34,7.55,100.74,8.75,13.8,2.2,1.1,2.42,0.22,532.4,374.64,0.523
2150,33.43,8.82,294.9,127.41,28.06,2.2,1.1,2.42,0.22,532.4,447.09,0.541
2151,27.92,19.9,555.69,105.06,3.47,2.2,1.1,2.42,0.22,532.4,366.88,0.514
2152,28.67,29.93,858.09,165.15,3.92,2.2,1.1,2.42,0.22,532.4,326.79,0.563
2153,29.8,19.18,571.6,134.2,16.93,2.2,1.1,2.42,0.22,532.4,325.84,0.521
2154,14.1,12.08,170.28,85.23,12.36,2.2,1.1,2.42,0.22,532.4,457.06,0.55
2155,11.04,27.79,306.82,218.71,3.83,2.2,1.1,2.42,0.22,532.4,406.94,0.525
2156,33.49,8.47,283.71,32.65,4.21,2.2,1.1,2.42,0.22,532.4,377.32,0.518
2157,40.2,29.29,1177.53,225.99,17.56,2.2,1.1,2.42,0.22,532.4,514.13,0.531
2158,38.22,28.88,1103.93,285.93,12.07,2.2,1.1,2.42,0.22,532.4,321.74,0.511
2159,29.73,13.84,411.43,244.46,37.54,2.2,1.1,2.42,0.22,532.4,429.66,0.543
2160,27.24,11.34,308.79,30.73,40.68,2.2,1.1,2.42,0.22,532.4,303.41,0.531
2161,14.39,6.25,89.95,114.31,29.34,2.2,1.1,2.42,0.22,532.4,299.98,0.501
2162,36.18,27.98,1012.38,116.09,42.85,2.2,1.1,2.42,0.22,532.4,372.57,0.514
2163,5.38,27.19,146.26,75.46,43.63,2.2,1.1,2.42,0.22,532.4,501.55,0.492
2164,46.41,10.0,464.06,275.24,18.62,2.2,1.1,2.42,0.22,532.4,296.02,0.511
2165,45.17,24.88,1123.9,244.0,18.79,2.2,1.1,2.42,0.22,532.4,480.83,0.515
2166,46.08,16.66,767.83,139.34,12.82,2.2,1.1,2.42,0.22,532.4,344.55,0.505
2167,25.21,23.7,597.46,85.5,28.62,2.2,1.1,2.42,0.22,532.4,272.12,0.514
2168,17.13,17.5,299.66,98.75,38.67,2.2,1.1,2.42,0.22,532.4,477.33,0.511
2169,40.52,7.63,309.08,252.64,23.47,2.2,1.1,2.42,0.22,532.4,375.87,0.544
2170,20.32,23.9,485.66,177.07,21.89,2.2,1.1,2.42,0.22,532.4,282.05,0.525
2171,29.2,29.26,854.33,334.42,23.71,2.2,1.1,2.42,0.22,532.4,481.49,0.525
2172,31.16,7.35,229.12,9.23,37.9,2.2,1.1,2.42,0.22,532.4,479.1,0.517
2173,22.23,28.37,630.57,137.04,19.9,2.2,1.1,2.42,0.22,532.4,470.23,0.535
2174,33.66,18.94,637.55,137.86,3.63,2.2,1.1,2.42,0.22,532.4,384.23,0.525
2175,44.45,19.65,873.59,295.19,5.5,2.2,1.1,2.42,0.22,532.4,483.58,0.549
2176,35.91,7.34,263.58,331.12,10.16,2.2,1.1,2.42,0.22,532.4,518.68,0.516
2177,33.9,8.46,286.79,184.42,40.98,2.2,1.1,2.42,0.22,532.4,307.71,0.542
2178,25.92,12.32,319.24,239.29,21.4,2.2,1.1,2.42,0.22,532.4,284.47,0.515
2179,16.07,21.86,351.18,38.33,23.56,2.2,1.1,2.42,0.22,532.4,355.04,0.496
2180,30.88,20.36,628.87,56.17,16.61,2.2,1.1,2.42,0.22,532.4,454.15,0.517
2181,44.86,23.66,1061.21,85.02,27.41,2.2,1.1,2.42,0.22,532.4,301.6,0.588
2182,12.23,6.34,77.5,344.07,15.46,2.2,1.1,2.42,0.22,532.4,463.7,0.539
2183,41.03,11.16,457.83,100.55,0.83,2.2,1.1,2.42,0.22,532.4,472.09,0.527
2184,38.06,29.73,1131.49,271.01,9.8,2.2,1.1,2.42,0.22,532.4,392.61,0.498
2185,32.0,28.0,896.07,206.79,25.09,2.2,1.1,2.42,0.22,532.4,451.17,0.574
2186,10.32,20.19,208.36,232.56,25.92,2.2,1.1,2.42,0.22,532.4,298.78,0.522
2187,11.74,27.78,326.14,252.54,15.77,2.2,1.1,2.42,0.22,532.4,324.18,0.503
2188,39.57,5.39,213.36,244.16,4.57,2.2,1.1,2.42,0.22,532.4,303.52,0.485
2189,45.07,28.06,1264.53,214.27,12.04,2.2,1.1,2.42,0.22,532.4,282.98,0.505
2190,13.55,5.09,68.91,254.32,20.17,2.2,1.1,2.42,0.22,532.4,350.82,0.536
2191,41.36,20.94,866.03,257.59,2.98,2.2,1.1,2.42,0.22,532.4,282.34,0.542
2192,29.81,16.59,494.4,187.64,36.37,2.2,1.1,2.42,0.22,532.4,339.26,0.487
2193,30.59,28.81,881.1,197.5,22.56,2.2,1.1,2.42,0.22,532.4,384.55,0.471
2194,5.46,7.6,41.48,254.62,41.65,2.2,1.1,2.42,0.22,532.4,409.23,0.549
2195,36.74,17.54,644.41,342.3,26.34,2.2,1.1,2.42,0.22,532.4,358.86,0.528
2196,11.4,10.03,114.38,267.47,34.61,2.2,1.1,2.42,0.22,532.4,402.79,0.511
2197,10.03,19.3,193.52,79.93,12.85,2.2,1.1,2.42,0.22,532.4,468.52,0.5
2198,43.02,29.68,1276.59,222.55,3.94,2.2,1.1,2.42,0.22,532.4,280.65,0.563
2199,21.84,14.67,320.46,224.88,30.26,2.2,1.1,2.42,0.22,532.4,270.12,0.522
2200,19.38,18.58,360.08,66.36,5.96,2.2,1.1,2.42,0.22,532.4,282.02,0.527
2201,39.85,21.68,863.82,166.58,35.21,2.2,1.1,2.42,0.22,532.4,413.66,0.548
2202,6.23,14.86,92.5,64.26,29.29,2.2,1.1,2.42,0.22,532.4,489.09,0.504
2203,37.72,26.24,989.94,334.97,18.2,2.2,1.1,2.42,0.22,532.4,474.34,0.532
2204,7.95,24.61,195.69,104.58,25.69,2.2,1.1,2.42,0.22,532.4,436.24,0.524
2205,44.44,23.9,1062.24,93.26,22.92,2.2,1.1,2.42,0.22,532.4,326.53,0.542
2206,27.39,14.23,389.84,138.73,10.21,2.2,1.1,2.42,0.22,532.4,435.46,0.506
2207,13.75,20.96,288.27,38.76,30.76,2.2,1.1,2.42,0.22,532.4,280.19,0.574
2208,24.37,25.08,611.12,47.25,31.23,2.2,1.1,2.42,0.22,532.4,287.48,0.517
2209,7.77,23.45,182.23,93.12,23.1,2.2,1.1,2.42,0.22,532.4,390.57,0.53
2210,47.07,22.58,1062.95,164.88,3.23,2.2,1.1,2.42,0.22,532.4,342.54,0.502
2211,12.02,19.17,230.41,10.23,21.19,2.2,1.1,2.42,0.22,532.4,387.6,0.554
2212,15.41,29.82,459.51,245.43,12.62,2.2,1.1,2.42,0.22,532.4,403.52,0.505
2213,22.91,18.52,424.27,109.02,27.97,2.2,1.1,2.42,0.22,532.4,358.82,0.504
2214,44.76,21.74,973.1,269.46,20.64,2.2,1.1,2.42,0.22,532.4,514.59,0.512
2215,18.45,11.92,219.94,293.09,38.16,2.2,1.1,2.42,0.22,532.4,478.2,0.541
2216,20.66,13.3,274.73,137.07,23.42,2.2,1.1,2.42,0.22,532.4,414.24,0.542
2217,46.86,11.3,529.58,31.26,21.31,2.2,1.1,2.42,0.22,532.4,289.36,0.572
2218,31.13,19.89,619.33,139.17,17.34,2.2,1.1,2.42,0.22,532.4,410.3,0.548
2219,39.9,11.24,448.56,236.23,43.59,2.2,1.1,2.42,0.22,532.4,410.34,0.545
2220,27.79,24.9,692.0,321.26,15.44,2.2,1.1,2.42,0.22,532.4,440.81,0.527
2221,24.03,13.95,335.3,243.22,7.17,2.2,1.1,2.42,0.22,532.4,501.07,0.549
2222,19.7,13.4,264.08,190.32,5.35,2.2,1.1,2.42,0.22,532.4,381.32,0.552
2223,19.71,21.7,427.8,190.34,12.63,2.2,1.1,2.42,0.22,532.4,300.82,0.504
2224,21.85,20.01,437.33,32.66,12.79,2.2,1.1,2.42,0.22,532.4,496.2,0.537
2225,15.29,24.82,379.49,109.14,41.1,2.2,1.1,2.42,0.22,532.4,343.4,0.515
2226,27.5,5.37,147.69,122.97,37.66,2.2,1.1,2.42,0.22,532.4,282.51,0.534
2227,15.21,27.95,425.29,202.57,36.71,2.2,1.1,2.42,0.22,532.4,488.13,0.56
2228,43.12,9.83,423.98,259.96,16.6,2.2,1.1,2.42,0.22,532.4,355.7,0.529
2229,42.75,17.01,727.06,219.09,1.35,2.2,1.1,2.42,0.22,532.4,438.46,0.509
2230,49.26,21.98,1082.7,235.98,2.03,2.2,1.1,2.42,0.22,532.4,395.68,0.519
2231,40.38,27.47,1109.12,31.79,42.22,2.2,1.1,2.42,0.22,532.4,462.37,0.557
2232,28.72,14.21,408.13,112.78,44.69,2.2,1.1,2.42,0.22,532.4,348.52,0.531
2233,18.2,5.15,93.81,186.92,34.17,2.2,1.1,2.42,0.22,532.4,363.57,0.514
2234,33.75,27.64,932.69,199.79,5.02,2.2,1.1,2.42,0.22,532.4,401.9,0.557
2235,37.01,21.72,803.93,162.56,44.93,2.2,1.1,2.42,0.22,532.4,466.11,0.543
2236,17.08,21.1,360.39,349.74,18.45,2.2,1.1,2.42,0.22,532.4,341.21,0.536
2237,22.35,26.38,589.78,15.5,22.6,2.2,1.1,2.42,0.22,532.4,475.47,0.504
2238,35.87,7.66,274.72,174.31,7.75,2.2,1.1,2.42,0.22,532.4,447.26,0.543
2239,19.36,9.69,187.61,239.67,27.36,2.2,1.1,2.42,0.22,532.4,374.88,0.541
2240,40.42,28.78,1163.18,228.58,18.65,2.2,1.1,2.42,0.22,532.4,268.39,0.526
2241,10.34,25.01,258.67,219.23,22.52,2.2,1.1,2.42,0.22,532.4,420.42,0.547
2242,39.4,15.5,610.71,9.08,21.24,2.2,1.1,2.42,0.22,532.4,277.88,0.501
2243,45.57,21.92,999.07,165.86,32.8,2.2,1.1,2.42,0.22,532.4,392.61,0.531
2244,6.97,29.34,204.58,237.72,14.11,2.2,1.1,2.42,0.22,532.4,403.2,0.559
2245,41.28,10.08,416.27,265.23,37.76,2.2,1.1,2.42,0.22,532.4,361.7,0.525
2246,21.53,29.09,626.35,52.94,15.27,2.2,1.1,2.42,0.22,532.4,450.66,0.48
2247,47.24,8.2,387.48,169.31,30.47,2.2,1.1,2.42,0.22,532.4,453.12,0.558
2248,9.2,11.12,102.25,263.51,14.69,2.2,1.1,2.42,0.22,532.4,424.17,0.508
2249,24.7,29.28,723.03,268.86,0.76,2.2,1.1,2.42,0.22,532.4,374.62,0.524
2250,18.5,21.39,395.63,14.42,44.39,2.2,1.1,2.42,0.22,532.4,422.26,0.523
2251,44.42,11.68,518.81,67.14,6.33,2.2,1.1,2.42,0.22,532.4,328.24,0.519
2252,22.99,12.76,293.31,133.59,42.41,2.2,1.1,2.42,0.22,532.4,473.98,0.512
2253,36.47,16.62,606.21,144.11,19.06,2.2,1.1,2.42,0.22,532.4,429.46,0.519
2254,11.79,26.53,312.88,321.09,35.58,2.2,1.1,2.42,0.22,532.4,504.48,0.494
2255,39.86,18.52,738.32,233.57,19.89,2.2,1.1,2.42,0.22,532.4,474.28,0.512
2256,39.35,21.67,852.78,323.2,14.42,2.2,1.1,2.42,0.22,532.4,291.24,0.53
2257,21.82,26.66,581.79,176.2,10.6,2.2,1.1,2.42,0.22,532.4,338.89,0.495
2258,19.59,15.35,300.69,109.17,37.8,2.2,1.1,2.42,0.22,532.4,363.62,0.514
2259,7.95,27.4,217.86,22.2,1.96,2.2,1.1,2.42,0.22,532.4,397.74,0.555
2260,5.35,16.69,89.23,136.45,3.51,2.2,1.1,2.42,0.22,532.4,268.25,0.561
2261,8.69,23.55,204.76,65.84,37.6,2.2,1.1,2.42,0.22,532.4,504.49,0.525
2262,13.12,11.26,147.73,181.72,36.73,2.2,1.1,2.42,0.22,532.4,465.35,0.555
2263,40.77,11.1,452.41,344.76,8.0,2.2,1.1,2.42,0.22,532.4,319.72,0.531
2264,37.37,20.22,755.51,7.53,40.11,2.2,1.1,2.42,0.22,532.4,282.73,0.517
2265,37.3,29.37,1095.62,293.93,39.39,2.2,1.1,2.42,0.22,532.4,413.36,0.508
2266,40.42,24.33,983.53,185.88,3.08,2.2,1.1,2.42,0.22,532.4,299.86,0.528
2267,34.46,9.48,326.76,237.06,8.15,2.2,1.1,2.42,0.22,532.4,380.28,0.51
2268,36.13,12.99,469.27,68.6,25.73,2.2,1.1,2.42,0.22,532.4,282.33,0.524
2269,22.63,12.21,276.19,0.13,0.73,2.2,1.1,2.42,0.22,532.4,265.92,0.536
2270,25.53,7.5,191.45,309.59,13.43,2.2,1.1,2.42,0.22,532.4,308.75,0.482
2271,39.51,27.24,1076.28,342.95,9.2,2.2,1.1,2.42,0.22,532.4,387.64,0.506
2272,20.7,17.11,354.12,62.98,27.67,2.2,1.1,2.42,0.22,532.4,497.88,0.518
2273,39.69,27.06,1074.04,252.38,41.66,2.2,1.1,2.42,0.22,532.4,527.43,0.497
2274,36.9,25.48,940.45,125.57,21.83,2.2,1.1,2.42,0.22,532.4,458.53,0.503
2275,35.51,26.29,933.47,85.1,32.95,2.2,1.1,2.42,0.22,532.4,290.3,0.517
2276,38.17,16.66,635.89,216.61,32.46,2.2,1.1,2.42,0.22,532.4,495.85,0.528
2277,47.63,10.53,501.28,320.98,24.79,2.2,1.1,2.42,0.22,532.4,532.36,0.5
2278,27.3,9.6,261.94,199.31,23.37,2.2,1.1,2.42,0.22,532.4,342.49,0.527
2279,19.21,27.07,519.92,312.02,14.03,2.2,1.1,2.42,0.22,532.4,434.01,0.49
2280,18.76,8.98,168.42,167.46,19.48,2.2,1.1,2.42,0.22,532.4,345.59,0.494
2281,21.49,15.44,331.77,318.93,31.27,2.2,1.1,2.42,0.22,532.4,338.82,0.555
2282,8.05,26.46,212.97,92.3,23.1,2.2,1.1,2.42,0.22,532.4,476.34,0.512
2283,39.57,10.42,412.34,336.63,21.15,2.2,1.1,2.42,0.22,532.4,504.91,0.52
2284,27.88,13.7,382.05,164.87,14.71,2.2,1.1,2.42,0.22,532.4,360.7,0.533
2285,30.11,19.35,582.51,226.01,30.27,2.2,1.1,2.42,0.22,532.4,538.22,0.512
2286,28.2,10.74,302.89,57.22,31.55,2.2,1.1,2.42,0.22,532.4,259.78,0.548
2287,47.99,9.35,448.59,128.15,34.91,2.2,1.1,2.42,0.22,532.4,432.43,0.541
2288,24.93,8.75,218.03,142.32,9.27,2.2,1.1,2.42,0.22,532.4,293.7,0.505
2289,9.61,14.98,143.87,170.87,34.26,2.2,1.1,2.42,0.22,532.4,299.39,0.52
2290,5.14,25.53,131.08,215.83,12.37,2.2,1.1,2.42,0.22,532.4,261.96,0.537
2291,26.06,7.11,185.15,59.49,24.46,2.2,1.1,2.42,0.22,532.4,459.58,0.518
2292,8.92,23.51,209.76,203.43,12.44,2.2,1.1,2.42,0.22,532.4,474.46,0.559
2293,38.91,20.39,793.47,280.28,35.09,2.2,1.1,2.42,0.22,532.4,479.95,0.534
2294,44.01,18.25,803.22,40.62,19.39,2.2,1.1,2.42,0.22,532.4,307.04,0.535
2295,48.41,17.31,837.98,40.55,10.76,2.2,1.1,2.42,0.22,532.4,339.78,0.535
2296,22.88,21.89,500.84,157.68,7.39,2.2,1.1,2.42,0.22,532.4,381.24,0.544
2297,42.39,27.12,1149.38,333.0,18.57,2.2,1.1,2.42,0.22,532.4,387.9,0.485
2298,39.59,14.88,589.0,213.08,8.22,2.2,1.1,2.42,0.22,532.4,311.27,0.51
2299,49.97,13.7,684.72,42.28,22.1,2.2,1.1,2.42,0.22,532.4,440.92,0.525
2300,10.34,9.3,96.25,297.98,23.19,2.2,1.1,2.42,0.22,532.4,314.58,0.51
2301,19.0,5.16,98.14,166.97,33.71,2.2,1.1,2.42,0.22,532.4,399.71,0.499
2302,33.31,29.04,967.33,267.76,26.79,2.2,1.1,2.42,0.22,532.4,508.06,0.518
2303,42.97,16.44,706.5,35.91,20.26,2.2,1.1,2.42,0.22,532.4,436.69,0.515
2304,35.73,7.11,254.02,353.91,19.99,2.2,1.1,2.42,0.22,532.4,417.96,0.55
2305,40.39,10.13,409.07,61.73,11.03,2.2,1.1,2.42,0.22,532.4,353.49,0.518
2306,8.87,10.64,94.45,296.23,40.87,2.2,1.1,2.42,0.22,532.4,485.83,0.529
2307,30.38,24.21,735.37,202.23,26.43,2.2,1.1,2.42,0.22,532.4,469.41,0.529
2308,13.66,22.65,309.53,70.41,2.64,2.2,1.1,2.42,0.22,532.4,304.34,0.496
2309,32.92,20.5,674.74,204.51,30.16,2.2,1.1,2.42,0.22,532.4,480.24,0.524
2310,14.88,25.42,378.21,206.52,24.19,2.2,1.1,2.42,0.22,532.4,387.04,0.514
2311,45.07,19.64,885.25,264.92,6.44,2.2,1.1,2.42,0.22,532.4,519.43,0.519
2312,21.69,10.62,230.3,48.87,24.02,2.2,1.1,2.42,0.22,532.4,344.36,0.513
2313,7.27,12.18,88.53,238.12,33.74,2.2,1.1,2.42,0.22,532.4,418.6,0.517
2314,30.03,10.79,324.07,210.92,1.08,2.2,1.1,2.42,0.22,532.4,399.13,0.498
2315,21.78,9.48,206.54,32.21,7.86,2.2,1.1,2.42,0.22,532.4,375.51,0.507
2316,8.73,15.7,137.0,323.29,5.64,2.2,1.1,2.42,0.22,532.4,426.3,0.552
2317,37.11,12.59,467.06,64.16,11.69,2.2,1.1,2.42,0.22,532.4,425.45,0.504
2318,46.53,28.48,1325.02,314.91,23.72,2.2,1.1,2.42,0.22,532.4,385.87,0.5
2319,8.22,26.22,215.58,55.4,2.47,2.2,1.1,2.42,0.22,532.4,396.23,0.529
2320,39.39,12.87,506.79,82.65,15.76,2.2,1.1,2.42,0.22,532.4,335.63,0.529
2321,37.98,7.84,297.8,15.42,32.48,2.2,1.1,2.42,0.22,532.4,318.79,0.508
2322,42.5,26.34,1119.32,60.54,11.31,2.2,1.1,2.42,0.22,532.4,551.35,0.492
2323,43.09,25.86,1114.3,78.78,17.54,2.2,1.1,2.42,0.22,532.4,517.56,0.522
2324,22.76,19.19,436.62,4.12,32.43,2.2,1.1,2.42,0.22,532.4,364.15,0.529
2325,16.14,20.25,326.82,84.36,25.49,2.2,1.1,2.42,0.22,532.4,311.8,0.548
2326,38.6,16.81,648.64,76.79,18.09,2.2,1.1,2.42,0.22,532.4,390.81,0.536
2327,26.11,21.4,558.67,57.66,1.41,2.2,1.1,2.42,0.22,532.4,296.17,0.52
2328,29.75,19.21,571.61,118.38,6.67,2.2,1.1,2.42,0.22,532.4,511.06,0.532
2329,25.87,20.96,542.16,257.36,20.91,2.2,1.1,2.42,0.22,532.4,412.33,0.512
2330,42.97,6.44,276.52,282.79,18.53,2.2,1.1,2.42,0.22,532.4,388.58,0.502
2331,21.2,12.48,264.52,32.13,29.61,2.2,1.1,2.42,0.22,532.4,433.79,0.513
2332,19.23,24.08,463.02,225.64,7.57,2.2,1.1,2.42,0.22,532.4,434.94,0.508
2333,35.04,11.67,408.76,102.93,28.64,2.2,1.1,2.42,0.22,532.4,276.61,0.518
2334,30.76,21.36,656.86,54.31,21.92,2.2,1.1,2.42,0.22,532.4,397.21,0.541
2335,37.78,18.48,698.3,147.07,27.77,2.2,1.1,2.42,0.22,532.4,426.35,0.514
2336,18.86,16.87,318.34,273.06,24.16,2.2,1.1,2.42,0.22,532.4,407.87,0.539
2337,28.42,5.07,143.96,301.9,35.5,2.2,1.1,2.42,0.22,532.4,305.96,0.508
2338,34.14,14.22,485.37,148.48,31.12,2.2,1.1,2.42,0.22,532.4,275.41,0.519
2339,11.45,29.76,340.86,21.98,23.59,2.2,1.1,2.42,0.22,532.4,433.51,0.515
2340,39.44,18.03,710.99,306.25,17.02,2.2,1.1,2.42,0.22,532.4,375.46,0.52
2341,35.96,13.83,497.4,313.89,23.71,2.2,1.1,2.42,0.22,532.4,291.99,0.529
2342,27.06,18.67,505.2,46.75,1.86,2.2,1.1,2.42,0.22,532.4,488.42,0.528
2343,48.54,21.88,1062.28,269.0,22.64,2.2,1.1,2.42,0.22,532.4,503.81,0.533
2344,14.27,21.52,307.2,125.26,41.81,2.2,1.1,2.42,0.22,532.4,488.85,0.537
2345,20.05,11.3,226.48,201.74,28.91,2.2,1.1,2.42,0.22,532.4,499.24,0.518
2346,19.11,25.74,491.92,146.29,31.67,2.2,1.1,2.42,0.22,532.4,305.98,0.522
2347,12.59,5.33,67.12,277.71,3.17,2.2,1.1,2.42,0.22,532.4,257.74,0.54
2348,42.94,5.56,238.57,131.4,17.19,2.2,1.1,2.42,0.22,532.4,284.94,0.533
2349,28.36,26.11,740.6,312.32,34.81,2.2,1.1,2.42,0.22,532.4,419.97,0.528
2350,41.83,17.0,711.02,254.68,18.08,2.2,1.1,2.42,0.22,532.4,488.99,0.563
2351,41.2,22.17,913.47,324.86,29.44,2.2,1.1,2.42,0.22,532.4,428.98,0.532
2352,16.56,18.69,309.41,92.04,18.57,2.2,1.1,2.42,0.22,532.4,482.89,0.507
2353,49.64,14.34,711.75,105.22,23.57,2.2,1.1,2.42,0.22,532.4,297.96,0.511
2354,44.2,12.12,535.82,267.7,0.54,2.2,1.1,2.42,0.22,532.4,391.63,0.502
2355,41.52,12.28,510.0,46.64,21.0,2.2,1.1,2.42,0.22,532.4,309.22,0.534
2356,16.24,26.82,435.53,139.01,5.7,2.2,1.1,2.42,0.22,532.4,412.91,0.547
2357,48.28,16.53,798.13,311.3,27.64,2.2,1.1,2.42,0.22,532.4,275.17,0.552
2358,33.8,19.98,675.51,9.38,26.67,2.2,1.1,2.42,0.22,532.4,403.91,0.501
2359,5.97,16.34,97.48,50.77,28.41,2.2,1.1,2.42,0.22,532.4,503.47,0.499
2360,17.71,29.21,517.23,311.62,40.85,2.2,1.1,2.42,0.22,532.4,374.17,0.496
2361,42.57,27.49,1170.15,314.57,5.99,2.2,1.1,2.42,0.22,532.4,441.11,0.535
2362,39.66,8.59,340.74,141.84,9.05,2.2,1.1,2.42,0.22,532.4,445.31,0.52
2363,30.41,8.34,253.7,171.37,36.85,2.2,1.1,2.42,0.22,532.4,539.94,0.5
2364,15.77,6.97,109.82,89.25,36.35,2.2,1.1,2.42,0.22,532.4,536.9,0.498
2365,13.51,28.35,382.99,11.23,15.48,2.2,1.1,2.42,0.22,532.4,326.73,0.55
2366,23.32,23.57,549.68,312.87,36.35,2.2,1.1,2.42,0.22,532.4,298.62,0.532
2367,31.66,14.0,443.36,199.95,38.8,2.2,1.1,2.42,0.22,532.4,485.09,0.515
2368,47.71,27.01,1288.6,148.77,3.04,2.2,1.1,2.42,0.22,532.4,466.9,0.504
2369,31.39,29.09,913.22,221.4,33.66,2.2,1.1,2.42,0.22,532.4,420.92,0.544
2370,34.16,23.55,804.38,246.78,35.99,2.2,1.1,2.42,0.22,532.4,429.6,0.496
2371,23.54,15.04,353.87,322.12,1.11,2.2,1.1,2.42,0.22,532.4,453.78,0.524
2372,18.01,25.95,467.28,178.91,22.36,2.2,1.1,2.42,0.22,532.4,285.29,0.536
2373,21.92,13.7,300.34,347.99,35.45,2.2,1.1,2.42,0.22,532.4,476.95,0.533
2374,44.55,14.16,630.7,273.38,9.8,2.2,1.1,2.42,0.22,532.4,491.18,0.523
2375,13.73,21.45,294.41,71.89,42.41,2.2,1.1,2.42,0.22,532.4,469.9,0.549
2376,39.69,8.42,334.12,280.93,29.1,2.2,1.1,2.42,0.22,532.4,287.21,0.524
2377,13.02,23.45,305.49,246.54,2.5,2.2,1.1,2.42,0.22,532.4,362.05,0.536
2378,40.4,18.2,735.34,120.59,34.89,2.2,1.1,2.42,0.22,532.4,359.65,0.508
2379,6.43,20.83,133.98,98.22,29.87,2.2,1.1,2.42,0.22,532.4,402.71,0.522
2380,45.75,12.56,574.54,9.25,13.77,2.2,1.1,2.42,0.22,532.4,285.44,0.528
2381,42.23,17.3,730.52,305.92,1.48,2.2,1.1,2.42,0.22,532.4,467.92,0.545
2382,30.19,9.99,301.6,233.54,30.51,2.2,1.1,2.42,0.22,532.4,302.55,0.511
2383,22.44,14.1,316.31,344.49,26.76,2.2,1.1,2.42,0.22,532.4,366.4,0.491
2384,43.79,17.98,787.26,118.33,10.85,2.2,1.1,2.42,0.22,532.4,403.4,0.516
2385,31.79,18.56,589.82,289.11,6.98,2.2,1.1,2.42,0.22,532.4,536.46,0.51
2386,44.23,23.31,1031.11,74.91,40.05,2.2,1.1,2.42,0.22,532.4,426.75,0.476
2387,12.6,8.86,111.71,47.75,24.32,2.2,1.1,2.42,0.22,532.4,256.78,0.541
2388,47.27,26.1,1233.49,123.68,15.66,2.2,1.1,2.42,0.22,532.4,282.85,0.502
2389,19.27,24.4,470.26,160.96,32.59,2.2,1.1,2.42,0.22,532.4,416.42,0.54
2390,33.15,7.1,235.48,58.94,17.89,2.2,1.1,2.42,0.22,532.4,437.26,0.55
2391,17.58,22.74,399.81,4.91,33.18,2.2,1.1,2.42,0.22,532.4,337.06,0.526
2392,21.84,21.14,461.77,40.87,31.27,2.2,1.1,2.42,0.22,532.4,477.98,0.506
2393,27.54,18.3,504.0,233.17,18.75,2.2,1.1,2.42,0.22,532.4,527.83,0.504
2394,12.74,25.33,322.87,156.16,13.55,2.2,1.1,2.42,0.22,532.4,377.8,0.512
2395,30.71,6.1,187.21,230.02,39.18,2.2,1.1,2.42,0.22,532.4,488.07,0.535
2396,41.45,13.22,548.09,246.94,14.0,2.2,1.1,2.42,0.22,532.4,313.46,0.506
2397,31.49,19.78,622.94,344.66,26.76,2.2,1.1,2.42,0.22,532.4,359.32,0.514
2398,39.96,5.23,208.97,207.08,2.78,2.2,1.1,2.42,0.22,532.4,264.93,0.535
2399,22.34,21.88,488.82,170.74,31.96,2.2,1.1,2.42,0.22,532.4,378.15,0.534
2400,9.43,20.62,194.35,221.49,15.63,2.2,1.1,2.42,0.22,532.4,472.02,0.533
2401,40.37,17.37,701.45,279.38,35.26,2.2,1.1,2.42,0.22,532.4,535.73,0.488
2402,16.28,15.63,254.53,203.11,21.88,2.2,1.1,2.42,0.22,532.4,360.72,0.508
2403,37.04,22.0,814.79,7.42,30.22,2.2,1.1,2.42,0.22,532.4,357.93,0.527
2404,19.27,29.26,563.72,349.51,32.67,2.2,1.1,2.42,0.22,532.4,443.46,0.532
2405,41.88,18.84,789.14,12.82,23.46,2.2,1.1,2.42,0.22,532.4,449.6,0.537
2406,28.45,22.53,641.0,243.97,12.06,2.2,1.1,2.42,0.22,532.4,330.45,0.518
2407,49.64,8.1,402.25,114.11,11.43,2.2,1.1,2.42,0.22,532.4,484.94,0.517
2408,37.74,21.45,809.32,37.31,13.31,2.2,1.1,2.42,0.22,532.4,271.99,0.517
2409,9.34,5.97,55.76,123.55,27.07,2.2,1.1,2.42,0.22,532.4,424.37,0.533
2410,23.4,8.97,209.97,296.69,12.75,2.2,1.1,2.42,0.22,532.4,410.7,0.502
2411,17.17,20.64,354.51,121.39,22.65,2.2,1.1,2.42,0.22,532.4,317.36,0.512
2412,15.14,7.18,108.61,318.39,9.84,2.2,1.1,2.42,0.22,532.4,411.15,0.503
2413,45.4,28.28,1284.05,252.23,20.41,2.2,1.1,2.42,0.22,532.4,459.5,0.549
2414,46.0,7.01,322.26,230.83,13.31,2.2,1.1,2.42,0.22,532.4,528.08,0.51
2415,43.84,10.24,448.86,114.37,42.88,2.2,1.1,2.42,0.22,532.4,402.26,0.501
2416,24.43,7.36,179.81,273.15,44.62,2.2,1.1,2.42,0.22,532.4,312.78,0.493
2417,45.86,15.38,705.43,236.6,4.62,2.2,1.1,2.42,0.22,532.4,286.69,0.524
2418,38.97,23.7,923.62,119.36,4.15,2.2,1.1,2.42,0.22,532.4,427.45,0.526
2419,17.15,21.84,374.59,47.32,1.85,2.2,1.1,2.42,0.22,532.4,455.86,0.509
2420,49.06,15.03,737.62,266.17,37.14,2.2,1.1,2.42,0.22,532.4,356.05,0.502
2421,9.78,11.29,110.46,134.76,5.94,2.2,1.1,2.42,0.22,532.4,350.94,0.536
2422,36.38,14.17,515.27,324.81,5.84,2.2,1.1,2.42,0.22,532.4,418.34,0.507
2423,47.13,21.33,1005.28,223.05,35.94,2.2,1.1,2.42,0.22,532.4,509.89,0.521
2424,48.61,16.71,812.14,220.71,29.59,2.2,1.1,2.42,0.22,532.4,461.34,0.548
2425,43.89,5.5,241.37,206.14,35.31,2.2,1.1,2.42,0.22,532.4,424.72,0.531
2426,48.1,21.72,1044.64,133.16,11.09,2.2,1.1,2.42,0.22,532.4,393.95,0.523
2427,46.64,12.01,560.14,214.15,38.49,2.2,1.1,2.42,0.22,532.4,526.76,0.519
2428,36.46,13.32,485.61,249.09,36.88,2.2,1.1,2.42,0.22,532.4,361.2,0.546
2429,25.43,5.71,145.18,143.03,14.53,2.2,1.1,2.42,0.22,532.4,405.54,0.488
2430,26.92,28.49,766.8,75.62,0.65,2.2,1.1,2.42,0.22,532.4,460.44,0.531
2431,37.98,20.51,779.02,207.95,15.71,2.2,1.1,2.42,0.22,532.4,289.4,0.503
2432,11.92,19.71,234.96,101.33,31.56,2.2,1.1,2.42,0.22,532.4,462.68,0.561
2433,26.03,29.16,759.02,195.56,7.34,2.2,1.1,2.42,0.22,532.4,283.85,0.522
2434,27.27,11.86,323.53,139.15,40.35,2.2,1.1,2.42,0.22,532.4,336.01,0.515
2435,27.21,14.42,392.37,211.69,27.03,2.2,1.1,2.42,0.22,532.4,370.92,0.535
2436,9.02,14.79,133.41,173.86,7.71,2.2,1.1,2.42,0.22,532.4,462.4,0.542
2437,30.99,5.09,157.81,103.16,13.27,2.2,1.1,2.42,0.22,532.4,438.08,0.543
2438,9.94,8.86,88.11,226.02,42.02,2.2,1.1,2.42,0.22,532.4,401.27,0.574
2439,16.58,28.67,475.42,43.64,3.41,2.2,1.1,2.42,0.22,532.4,262.61,0.533
2440,45.26,17.1,774.17,126.0,5.31,2.2,1.1,2.42,0.22,532.4,431.43,0.52
2441,6.98,15.84,110.57,93.15,30.5,2.2,1.1,2.42,0.22,532.4,356.36,0.525
2442,7.86,10.15,79.78,49.23,7.0,2.2,1.1,2.42,0.22,532.4,339.88,0.527
2443,25.17,16.37,412.0,305.07,2.22,2.2,1.1,2.42,0.22,532.4,415.66,0.536
2444,49.08,5.8,284.63,316.21,0.96,2.2,1.1,2.42,0.22,532.4,281.9,0.556
2445,10.04,25.89,260.09,8.19,1.71,2.2,1.1,2.42,0.22,532.4,302.72,0.524
2446,30.74,16.95,521.01,35.24,39.67,2.2,1.1,2.42,0.22,532.4,428.86,0.513
2447,30.35,20.95,636.03,43.66,12.6,2.2,1.1,2.42,0.22,532.4,536.62,0.503
2448,35.15,5.9,207.37,103.04,3.9,2.2,1.1,2.42,0.22,532.4,456.77,0.548
2449,47.35,12.1,572.82,46.98,34.95,2.2,1.1,2.42,0.22,532.4,366.16,0.49
2450,39.89,14.67,585.18,169.59,14.8,2.2,1.1,2.42,0.22,532.4,476.4,0.523
2451,23.03,10.02,230.7,172.08,41.85,2.2,1.1,2.42,0.22,532.4,522.66,0.52
2452,48.7,15.9,774.34,176.73,8.79,2.2,1.1,2.42,0.22,532.4,515.51,0.532
2453,35.32,28.38,1002.29,82.41,29.11,2.2,1.1,2.42,0.22,532.4,300.92,0.531
2454,29.97,10.14,303.86,12.54,34.03,2.2,1.1,2.42,0.22,532.4,494.05,0.517
2455,33.9,22.74,771.12,104.29,13.23,2.2,1.1,2.42,0.22,532.4,362.44,0.503
2456,44.63,5.36,239.45,265.61,42.53,2.2,1.1,2.42,0.22,532.4,290.27,0.528
2457,10.2,23.74,242.21,233.92,28.39,2.2,1.1,2.42,0.22,532.4,488.58,0.509
2458,11.46,16.13,184.92,64.07,25.73,2.2,1.1,2.42,0.22,532.4,409.4,0.516
2459,6.05,15.58,94.27,311.9,19.78,2.2,1.1,2.42,0.22,532.4,352.55,0.507
2460,27.05,21.13,571.53,188.62,34.95,2.2,1.1,2.42,0.22,532.4,439.19,0.529
2461,41.21,27.48,1132.66,44.56,27.69,2.2,1.1,2.42,0.22,532.4,376.33,0.526
2462,17.77,20.16,358.19,307.94,36.13,2.2,1.1,2.42,0.22,532.4,268.52,0.581
2463,41.02,13.7,561.96,226.03,16.8,2.2,1.1,2.42,0.22,532.4,481.03,0.538
2464,36.26,24.69,895.23,252.76,22.83,2.2,1.1,2.42,0.22,532.4,491.84,0.521
2465,43.5,7.48,325.35,46.79,25.15,2.2,1.1,2.42,0.22,532.4,473.78,0.531
2466,36.22,9.04,327.47,250.02,22.27,2.2,1.1,2.42,0.22,532.4,482.07,0.512
2467,13.57,21.67,294.0,317.68,1.9,2.2,1.1,2.42,0.22,532.4,318.11,0.524
2468,25.41,22.78,578.84,259.45,21.25,2.2,1.1,2.42,0.22,532.4,475.46,0.508
2469,20.33,9.09,184.87,322.0,4.81,2.2,1.1,2.42,0.22,532.4,434.59,0.523
2470,36.57,26.04,952.14,150.6,33.55,2.2,1.1,2.42,0.22,532.4,346.18,0.553
2471,34.03,26.71,909.02,275.19,26.12,2.2,1.1,2.42,0.22,532.4,501.36,0.548
2472,33.62,16.69,560.99,297.18,9.44,2.2,1.1,2.42,0.22,532.4,472.7,0.524
2473,33.41,21.16,706.8,174.51,22.84,2.2,1.1,2.42,0.22,532.4,481.61,0.514
2474,37.15,17.67,656.37,199.48,16.62,2.2,1.1,2.42,0.22,532.4,335.72,0.503
2475,46.39,15.37,712.94,358.42,8.09,2.2,1.1,2.42,0.22,532.4,410.22,0.539
2476,31.15,6.8,211.78,18.29,11.64,2.2,1.1,2.42,0.22,532.4,466.09,0.492
2477,12.26,15.28,187.37,180.48,39.55,2.2,1.1,2.42,0.22,532.4,361.7,0.516
2478,44.88,16.57,743.63,84.42,20.56,2.2,1.1,2.42,0.22,532.4,490.71,0.507
2479,20.02,19.44,389.17,198.78,42.06,2.2,1.1,2.42,0.22,532.4,371.26,0.528
2480,24.93,6.89,171.78,298.71,43.31,2.2,1.1,2.42,0.22,532.4,322.76,0.551
2481,35.79,23.96,857.5,259.21,4.73,2.2,1.1,2.42,0.22,532.4,305.01,0.516
2482,11.21,20.3,227.49,169.64,0.3,2.2,1.1,2.42,0.22,532.4,518.23,0.523
2483,28.73,15.54,446.42,74.76,11.55,2.2,1.1,2.42,0.22,532.4,361.7,0.491
2484,29.55,22.86,675.47,208.73,26.41,2.2,1.1,2.42,0.22,532.4,452.23,0.522
2485,39.55,26.21,1036.74,216.45,37.94,2.2,1.1,2.42,0.22,532.4,386.9,0.513
2486,42.2,12.64,533.3,110.33,4.98,2.2,1.1,2.42,0.22,532.4,305.38,0.557
2487,49.32,28.83,1421.71,338.64,22.18,2.2,1.1,2.42,0.22,532.4,341.02,0.552
2488,48.64,16.22,788.67,287.94,16.69,2.2,1.1,2.42,0.22,532.4,463.67,0.564
2489,13.37,27.14,362.86,64.03,7.84,2.2,1.1,2.42,0.22,532.4,494.18,0.525
2490,12.51,17.54,219.29,146.55,36.43,2.2,1.1,2.42,0.22,532.4,307.97,0.528
2491,43.28,9.01,389.96,252.27,2.38,2.2,1.1,2.42,0.22,532.4,351.92,0.516
2492,20.88,11.17,233.27,131.18,6.51,2.2,1.1,2.42,0.22,532.4,415.78,0.531
2493,29.39,26.0,764.19,182.62,29.93,2.2,1.1,2.42,0.22,532.4,383.0,0.508
2494,11.81,9.07,107.07,284.07,27.22,2.2,1.1,2.42,0.22,532.4,529.34,0.521
2495,35.55,28.96,1029.77,352.85,31.72,2.2,1.1,2.42,0.22,532.4,374.98,0.511
2496,18.59,8.59,159.63,101.21,22.26,2.2,1.1,2.42,0.22,532.4,274.22,0.527
2497,27.38,15.41,421.93,239.8,23.3,2.2,1.1,2.42,0.22,532.4,457.04,0.531
2498,43.38,7.84,339.93,270.59,39.1,2.2,1.1,2.42,0.22,532.4,419.14,0.506
2499,44.39,19.88,882.32,101.4,28.26,2.2,1.1,2.42,0.22,532.4,485.74,0.544
2500,24.01,11.41,273.85,45.1,24.41,2.2,1.1,2.42,0.22,532.4,430.55,0.512
2501,11.82,12.62,149.16,136.71,28.46,2.2,1.1,2.42,0.22,532.4,501.78,0.517
2502,46.4,11.87,550.53,100.26,35.83,2.2,1.1,2.42,0.22,532.4,373.81,0.556
2503,21.62,6.18,133.71,257.31,44.87,2.2,1.1,2.42,0.22,532.4,410.83,0.551
2504,45.76,6.84,313.1,157.68,10.24,2.2,1.1,2.42,0.22,532.4,274.76,0.536
2505,10.67,15.02,160.22,90.2,40.75,2.2,1.1,2.42,0.22,532.4,353.75,0.518
2506,15.48,13.56,209.98,105.13,23.59,2.2,1.1,2.42,0.22,532.4,272.28,0.514
2507,29.29,7.37,215.91,193.07,13.25,2.2,1.1,2.42,0.22,532.4,445.78,0.513
2508,10.1,20.1,203.02,84.36,34.9,2.2,1.1,2.42,0.22,532.4,488.01,0.511
2509,5.01,10.27,51.43,214.43,31.83,2.2,1.1,2.42,0.22,532.4,273.87,0.507
2510,6.96,13.26,92.32,289.01,12.71,2.2,1.1,2.42,0.22,532.4,334.77,0.496
2511,49.5,19.73,976.8,140.56,13.24,2.2,1.1,2.42,0.22,532.4,518.26,0.506
2512,34.05,11.74,399.84,9.42,40.77,2.2,1.1,2.42,0.22,532.4,435.14,0.533
2513,23.31,18.3,426.52,182.54,13.16,2.2,1.1,2.42,0.22,532.4,507.05,0.509
2514,8.62,28.86,248.77,306.83,27.35,2.2,1.1,2.42,0.22,532.4,514.89,0.487
2515,12.03,28.12,338.47,146.72,11.51,2.2,1.1,2.42,0.22,532.4,414.94,0.538
2516,20.65,8.34,172.11,146.35,8.25,2.2,1.1,2.42,0.22,532.4,498.25,0.548
2517,27.89,11.1,309.52,268.15,33.32,2.2,1.1,2.42,0.22,532.4,277.19,0.545
2518,25.48,15.57,396.79,28.07,24.33,2.2,1.1,2.42,0.22,532.4,519.91,0.527
2519,6.61,9.76,64.55,194.95,29.54,2.2,1.1,2.42,0.22,532.4,510.65,0.526
2520,26.34,11.31,297.92,5.66,43.79,2.2,1.1,2.42,0.22,532.4,445.87,0.511
2521,29.91,15.08,450.89,215.55,17.82,2.2,1.1,2.42,0.22,532.4,276.84,0.518
2522,25.52,19.97,509.61,38.37,41.82,2.2,1.1,2.42,0.22,532.4,501.79,0.524
2523,27.66,24.0,664.0,5.73,13.15,2.2,1.1,2.42,0.22,532.4,346.67,0.531
2524,12.17,21.35,259.93,75.66,32.1,2.2,1.1,2.42,0.22,532.4,449.13,0.56
2525,43.67,13.04,569.43,20.31,6.66,2.2,1.1,2.42,0.22,532.4,424.81,0.514
2526,26.55,17.98,477.52,345.81,28.75,2.2,1.1,2.42,0.22,532.4,310.91,0.52
2527,24.8,8.14,201.82,167.13,12.26,2.2,1.1,2.42,0.22,532.4,439.03,0.527
2528,43.6,10.3,448.88,229.81,13.74,2.2,1.1,2.42,0.22,532.4,272.17,0.53
2529,35.05,27.23,954.32,262.19,14.55,2.2,1.1,2.42,0.22,532.4,506.14,0.511
2530,44.73,12.52,560.16,191.05,37.81,2.2,1.1,2.42,0.22,532.4,303.74,0.525
2531,40.51,28.46,1152.91,102.45,13.42,2.2,1.1,2.42,0.22,532.4,416.56,0.537
2532,37.23,10.12,376.75,327.87,17.86,2.2,1.1,2.42,0.22,532.4,403.46,0.53
2533,32.83,26.72,877.38,31.45,25.82,2.2,1.1,2.42,0.22,532.4,306.09,0.552
2534,25.96,17.75,460.67,300.11,22.74,2.2,1.1,2.42,0.22,532.4,420.4,0.525
2535,29.21,14.22,415.21,296.8,4.39,2.2,1.1,2.42,0.22,532.4,334.7,0.538
2536,5.89,5.93,34.94,120.68,43.72,2.2,1.1,2.42,0.22,532.4,423.28,0.525
2537,25.75,24.96,642.7,179.0,29.34,2.2,1.1,2.42,0.22,532.4,387.26,0.547
2538,35.04,15.82,554.49,169.27,2.32,2.2,1.1,2.42,0.22,532.4,431.36,0.531
2539,21.93,18.92,415.0,305.41,37.37,2.2,1.1,2.42,0.22,532.4,299.62,0.518
2540,11.18,22.28,249.03,353.49,28.54,2.2,1.1,2.42,0.22,532.4,319.07,0.501
2541,27.41,15.86,434.75,349.57,41.78,2.2,1.1,2.42,0.22,532.4,491.63,0.534
2542,36.1,26.71,964.39,10.1,8.32,2.2,1.1,2.42,0.22,532.4,311.08,0.542
2543,30.67,16.88,517.68,294.69,0.76,2.2,1.1,2.42,0.22,532.4,438.36,0.524
2544,26.12,12.04,314.39,226.12,39.92,2.2,1.1,2.42,0.22,532.4,498.49,0.556
2545,31.62,11.85,374.81,326.88,43.89,2.2,1.1,2.42,0.22,532.4,299.03,0.523
2546,31.6,25.77,814.25,335.16,32.01,2.2,1.1,2.42,0.22,532.4,380.24,0.498
2547,21.52,27.02,581.4,44.55,10.36,2.2,1.1,2.42,0.22,532.4,380.86,0.533
2548,38.21,27.98,1068.98,279.35,44.2,2.2,1.1,2.42,0.22,532.4,372.4,0.532
2549,29.25,18.49,540.97,85.5,23.33,2.2,1.1,2.42,0.22,532.4,298.06,0.52
2550,24.15,8.22,198.51,105.0,38.12,2.2,1.1,2.42,0.22,532.4,379.2,0.528
2551,10.23,27.77,284.02,0.54,1.6,2.2,1.1,2.42,0.22,532.4,408.47,0.517
2552,15.73,15.17,238.63,352.06,44.62,2.2,1.1,2.42,0.22,532.4,480.17,0.515
2553,47.56,26.86,1277.27,278.1,36.88,2.2,1.1,2.42,0.22,532.4,316.66,0.553
2554,30.31,12.75,386.51,196.17,18.6,2.2,1.1,2.42,0.22,532.4,354.76,0.52
2555,45.68,7.97,364.09,350.81,42.9,2.2,1.1,2.42,0.22,532.4,335.85,0.488
2556,39.51,22.83,902.03,130.1,3.51,2.2,1.1,2.42,0.22,532.4,393.84,0.529
2557,22.43,13.03,292.34,236.84,21.93,2.2,1.1,2.42,0.22,532.4,371.92,0.507
2558,41.53,29.18,1211.59,115.77,22.01,2.2,1.1,2.42,0.22,532.4,318.75,0.532
2559,42.52,29.02,1234.02,97.91,35.65,2.2,1.1,2.42,0.22,532.4,460.55,0.536
2560,34.57,27.4,947.37,355.06,39.42,2.2,1.1,2.42,0.22,532.4,441.88,0.498
2561,16.08,14.12,227.09,4.32,2.37,2.2,1.1,2.42,0.22,532.4,379.53,0.528
2562,46.56,5.04,234.73,323.76,16.38,2.2,1.1,2.42,0.22,532.4,514.82,0.527
2563,38.33,19.36,742.08,230.23,43.74,2.2,1.1,2.42,0.22,532.4,325.85,0.491
2564,5.37,5.73,30.74,150.25,42.07,2.2,1.1,2.42,0.22,532.4,296.17,0.541
2565,6.34,23.0,145.8,269.75,17.07,2.2,1.1,2.42,0.22,532.4,390.99,0.516
2566,41.03,7.3,299.63,329.97,38.09,2.2,1.1,2.42,0.22,532.4,515.4,0.53
2567,15.03,12.46,187.32,315.12,31.69,2.2,1.1,2.42,0.22,532.4,404.34,0.598
2568,49.35,8.01,395.32,201.99,44.84,2.2,1.1,2.42,0.22,532.4,531.18,0.501
2569,38.17,17.61,672.1,220.11,21.72,2.2,1.1,2.42,0.22,532.4,342.61,0.525
2570,8.85,27.72,245.28,99.89,42.88,2.2,1.1,2.42,0.22,532.4,450.11,0.523
2571,21.02,12.98,272.91,254.59,41.83,2.2,1.1,2.42,0.22,532.4,469.78,0.528
2572,32.72,6.71,219.46,13.98,13.33,2.2,1.1,2.42,0.22,532.4,451.76,0.528
2573,42.49,19.55,830.78,165.31,27.04,2.2,1.1,2.42,0.22,532.4,393.5,0.542
2574,28.5,23.85,679.6,220.25,41.51,2.2,1.1,2.42,0.22,532.4,495.26,0.555
2575,36.68,8.39,307.73,352.53,40.93,2.2,1.1,2.42,0.22,532.4,497.57,0.524
2576,17.98,27.24,489.66,203.82,10.03,2.2,1.1,2.42,0.22,532.4,428.47,0.523
2577,24.33,10.42,253.52,57.82,20.4,2.2,1.1,2.42,0.22,532.4,372.37,0.51
2578,20.08,6.77,135.89,16.89,15.34,2.2,1.1,2.42,0.22,532.4,516.26,0.506
2579,38.88,26.12,1015.31,346.27,27.55,2.2,1.1,2.42,0.22,532.4,511.12,0.53
2580,36.03,26.54,956.11,300.59,28.58,2.2,1.1,2.42,0.22,532.4,376.4,0.498
2581,30.77,11.76,361.84,52.14,35.46,2.2,1.1,2.42,0.22,532.4,523.22,0.518
2582,48.91,21.42,1047.76,182.37,28.73,2.2,1.1,2.42,0.22,532.4,298.13,0.51
2583,23.6,17.43,411.35,204.2,32.8,2.2,1.1,2.42,0.22,532.4,472.75,0.531
2584,41.14,13.47,553.93,235.43,43.24,2.2,1.1,2.42,0.22,532.4,485.16,0.519
2585,11.68,6.49,75.8,356.62,38.42,2.2,1.1,2.42,0.22,532.4,399.82,0.533
2586,6.66,15.72,104.71,12.48,38.18,2.2,1.1,2.42,0.22,532.4,486.61,0.516
2587,20.11,15.14,304.56,271.02,27.57,2.2,1.1,2.42,0.22,532.4,479.18,0.528
2588,36.75,15.44,567.29,146.94,10.34,2.2,1.1,2.42,0.22,532.4,432.21,0.547
2589,32.25,15.25,491.86,6.62,39.9,2.2,1.1,2.42,0.22,532.4,403.83,0.505
2590,35.44,7.66,271.32,194.1,1.31,2.2,1.1,2.42,0.22,532.4,452.06,0.528
2591,25.36,27.85,706.25,248.97,6.17,2.2,1.1,2.42,0.22,532.4,487.11,0.531
2592,28.67,18.04,517.35,115.91,41.07,2.2,1.1,2.42,0.22,532.4,396.33,0.501
2593,6.75,21.74,146.65,354.38,1.05,2.2,1.1,2.42,0.22,532.4,495.62,0.526
2594,40.05,6.5,260.37,78.03,8.51,2.2,1.1,2.42,0.22,532.4,460.69,0.553
2595,6.25,29.48,184.31,139.41,40.87,2.2,1.1,2.42,0.22,532.4,442.11,0.527
2596,9.66,13.84,133.74,353.89,35.96,2.2,1.1,2.42,0.22,532.4,362.05,0.518
2597,9.4,16.21,152.35,65.84,36.11,2.2,1.1,2.42,0.22,532.4,246.72,0.565
2598,44.9,5.68,254.95,11.64,1.61,2.2,1.1,2.42,0.22,532.4,272.57,0.547
2599,35.83,9.56,342.55,284.87,10.75,2.2,1.1,2.42,0.22,532.4,340.33,0.493
2600,32.01,25.97,831.49,197.49,34.35,2.2,1.1,2.42,0.22,532.4,534.78,0.514
2601,22.81,10.52,239.96,317.78,34.97,2.2,1.1,2.42,0.22,532.4,453.32,0.516
2602,25.91,14.41,373.28,268.74,26.59,2.2,1.1,2.42,0.22,532.4,270.69,0.534
2603,22.65,6.89,156.04,210.49,26.13,2.2,1.1,2.42,0.22,532.4,318.89,0.507
2604,21.93,27.57,604.74,130.77,34.48,2.2,1.1,2.42,0.22,532.4,453.65,0.491
2605,23.52,20.77,488.49,89.94,10.04,2.2,1.1,2.42,0.22,532.4,439.98,0.53
2606,17.39,24.93,433.51,30.56,29.86,2.2,1.1,2.42,0.22,532.4,511.31,0.534
2607,22.11,7.24,160.16,35.81,7.04,2.2,1.1,2.42,0.22,532.4,284.12,0.545
2608,8.28,25.27,209.28,104.58,17.13,2.2,1.1,2.42,0.22,532.4,337.58,0.509
2609,29.29,23.56,689.99,217.71,20.05,2.2,1.1,2.42,0.22,532.4,285.18,0.504
2610,9.88,25.39,250.72,255.65,33.65,2.2,1.1,2.42,0.22,532.4,377.83,0.531
2611,23.49,18.49,434.19,185.11,31.99,2.2,1.1,2.42,0.22,532.4,406.53,0.495
2612,5.14,24.72,127.05,306.38,31.83,2.2,1.1,2.42,0.22,532.4,315.04,0.536
2613,34.39,9.42,324.17,74.37,39.43,2.2,1.1,2.42,0.22,532.4,383.14,0.518
2614,38.38,24.41,937.04,71.89,17.27,2.2,1.1,2.42,0.22,532.4,372.84,0.515
2615,10.52,15.16,159.49,230.01,10.04,2.2,1.1,2.42,0.22,532.4,299.41,0.51
2616,48.76,8.55,416.89,348.64,0.69,2.2,1.1,2.42,0.22,532.4,343.05,0.534
2617,32.45,23.14,750.8,257.75,22.15,2.2,1.1,2.42,0.22,532.4,331.31,0.54
2618,49.53,8.46,419.25,186.16,9.81,2.2,1.1,2.42,0.22,532.4,298.12,0.543
2619,16.55,22.66,374.93,159.04,18.05,2.2,1.1,2.42,0.22,532.4,441.34,0.52
2620,35.03,25.31,886.57,23.32,23.06,2.2,1.1,2.42,0.22,532.4,345.67,0.507
2621,29.24,16.65,486.75,51.26,22.43,2.2,1.1,2.42,0.22,532.4,300.37,0.534
2622,18.26,27.58,503.72,219.21,27.4,2.2,1.1,2.42,0.22,532.4,404.49,0.523
2623,26.62,24.0,638.92,182.07,12.44,2.2,1.1,2.42,0.22,532.4,343.46,0.558
2624,35.46,14.64,519.16,21.18,26.26,2.2,1.1,2.42,0.22,532.4,511.79,0.492
2625,15.37,29.21,448.88,297.03,2.11,2.2,1.1,2.42,0.22,532.4,479.33,0.506
2626,29.12,5.76,167.77,117.94,43.55,2.2,1.1,2.42,0.22,532.4,412.05,0.506
2627,48.45,22.91,1109.83,54.85,22.55,2.2,1.1,2.42,0.22,532.4,297.35,0.507
2628,28.35,14.15,401.21,351.36,35.79,2.2,1.1,2.42,0.22,532.4,421.67,0.508
2629,24.89,26.2,652.32,250.52,11.16,2.2,1.1,2.42,0.22,532.4,524.77,0.499
2630,26.39,16.86,444.92,228.93,9.57,2.2,1.1,2.42,0.22,532.4,393.54,0.54
2631,15.13,12.82,193.91,47.16,38.06,2.2,1.1,2.42,0.22,532.4,261.71,0.531
2632,41.5,29.3,1216.09,234.86,8.64,2.2,1.1,2.42,0.22,532.4,367.05,0.534
2633,42.05,25.73,1082.16,190.1,39.84,2.2,1.1,2.42,0.22,532.4,311.74,0.51
2634,17.39,21.84,379.8,156.57,33.91,2.2,1.1,2.42,0.22,532.4,355.51,0.493
2635,16.39,20.87,341.96,152.61,31.84,2.2,1.1,2.42,0.22,532.4,432.4,0.546
2636,25.19,25.54,643.48,226.07,8.11,2.2,1.1,2.42,0.22,532.4,429.6,0.549
2637,28.71,21.78,625.45,72.69,28.98,2.2,1.1,2.42,0.22,532.4,297.59,0.512
2638,36.84,15.62,575.43,351.53,21.3,2.2,1.1,2.42,0.22,532.4,419.53,0.51
2639,33.53,13.14,440.64,80.2,34.2,2.2,1.1,2.42,0.22,532.4,439.59,0.556
2640,28.26,23.59,666.6,134.89,33.21,2.2,1.1,2.42,0.22,532.4,547.16,0.492
2641,40.7,29.55,1202.82,327.13,38.46,2.2,1.1,2.42,0.22,532.4,273.09,0.519
2642,34.18,17.04,582.46,274.5,41.6,2.2,1.1,2.42,0.22,532.4,496.45,0.532
2643,44.92,29.02,1303.44,102.57,42.16,2.2,1.1,2.42,0.22,532.4,277.88,0.511
2644,34.0,10.44,354.99,334.92,42.85,2.2,1.1,2.42,0.22,532.4,344.86,0.541
2645,41.33,22.67,936.91,174.64,14.88,2.2,1.1,2.42,0.22,532.4,419.46,0.536
2646,21.95,25.52,560.18,354.15,16.77,2.2,1.1,2.42,0.22,532.4,432.51,0.533
2647,42.69,24.72,1055.17,237.71,41.82,2.2,1.1,2.42,0.22,532.4,448.98,0.493
2648,20.79,11.88,247.03,80.49,38.41,2.2,1.1,2.42,0.22,532.4,340.0,0.553
2649,24.63,22.48,553.75,338.23,25.85,2.2,1.1,2.42,0.22,532.4,408.5,0.52
2650,45.57,10.83,493.46,188.18,8.63,2.2,1.1,2.42,0.22,532.4,324.43,0.523
2651,19.86,18.59,369.34,70.59,22.63,2.2,1.1,2.42,0.22,532.4,322.29,0.522
2652,18.71,7.74,144.81,152.38,30.93,2.2,1.1,2.42,0.22,532.4,497.52,0.542
2653,7.67,26.88,206.29,251.06,7.19,2.2,1.1,2.42,0.22,532.4,331.18,0.514
2654,46.04,6.65,306.02,311.34,36.05,2.2,1.1,2.42,0.22,532.4,418.38,0.549
2655,29.9,9.85,294.5,285.49,1.9,2.2,1.1,2.42,0.22,532.4,360.59,0.53
2656,12.86,19.01,244.59,165.42,15.29,2.2,1.1,2.42,0.22,532.4,504.93,0.515
2657,46.07,29.35,1352.04,96.93,10.67,2.2,1.1,2.42,0.22,532.4,357.24,0.563
2658,45.43,9.03,410.31,164.33,34.68,2.2,1.1,2.42,0.22,532.4,339.34,0.554
2659,39.58,7.53,298.05,198.84,11.84,2.2,1.1,2.42,0.22,532.4,298.66,0.572
2660,42.59,21.28,906.4,227.76,11.25,2.2,1.1,2.42,0.22,532.4,363.92,0.513
2661,11.15,17.34,193.32,177.03,37.5,2.2,1.1,2.42,0.22,532.4,466.06,0.51
2662,7.21,7.39,53.26,13.39,1.95,2.2,1.1,2.42,0.22,532.4,362.3,0.57
2663,18.39,12.68,233.31,137.88,12.16,2.2,1.1,2.42,0.22,532.4,295.34,0.495
2664,36.87,21.11,778.31,163.49,4.21,2.2,1.1,2.42,0.22,532.4,468.68,0.514
2665,28.71,25.93,744.58,354.28,17.11,2.2,1.1,2.42,0.22,532.4,408.86,0.527
2666,33.14,14.76,489.35,106.19,12.78,2.2,1.1,2.42,0.22,532.4,305.36,0.521
2667,35.99,10.52,378.63,34.89,37.37,2.2,1.1,2.42,0.22,532.4,367.23,0.512
2668,38.77,13.31,516.2,207.38,6.92,2.2,1.1,2.42,0.22,532.4,363.59,0.539
2669,12.17,6.62,80.65,180.03,11.85,2.2,1.1,2.42,0.22,532.4,461.58,0.508
2670,30.91,23.35,721.81,25.92,41.58,2.2,1.1,2.42,0.22,532.4,368.77,0.519
2671,8.89,17.42,154.94,57.91,33.51,2.2,1.1,2.42,0.22,532.4,289.85,0.501
2672,26.94,16.67,449.23,47.58,12.83,2.2,1.1,2.42,0.22,532.4,490.46,0.5
2673,39.23,27.84,1092.23,18.81,10.97,2.2,1.1,2.42,0.22,532.4,538.32,0.509
2674,14.29,27.17,388.31,83.94,14.74,2.2,1.1,2.42,0.22,532.4,311.95,0.513
2675,18.82,20.78,391.09,314.93,29.13,2.2,1.1,2.42,0.22,532.4,463.74,0.547
2676,35.27,16.62,586.16,191.73,38.18,2.2,1.1,2.42,0.22,532.4,369.82,0.522
2677,32.38,9.27,300.3,312.75,18.82,2.2,1.1,2.42,0.22,532.4,329.27,0.54
2678,6.03,16.9,101.86,117.28,24.28,2.2,1.1,2.42,0.22,532.4,497.7,0.521
2679,42.79,21.07,901.56,327.4,21.62,2.2,1.1,2.42,0.22,532.4,430.19,0.549
2680,6.64,18.69,124.04,114.55,13.13,2.2,1.1,2.42,0.22,532.4,385.68,0.553
2681,28.92,13.93,402.86,183.76,7.0,2.2,1.1,2.42,0.22,532.4,452.95,0.507
2682,47.9,15.75,754.65,208.09,44.95,2.2,1.1,2.42,0.22,532.4,344.6,0.545
2683,27.21,26.47,720.38,149.63,22.32,2.2,1.1,2.42,0.22,532.4,415.64,0.498
2684,43.47,19.32,839.89,84.61,28.43,2.2,1.1,2.42,0.22,532.4,411.63,0.483
2685,30.44,8.52,259.21,162.7,23.86,2.2,1.1,2.42,0.22,532.4,403.52,0.528
2686,32.55,6.01,195.67,144.75,21.12,2.2,1.1,2.42,0.22,532.4,486.42,0.506
2687,12.8,19.37,248.0,88.81,33.97,2.2,1.1,2.42,0.22,532.4,271.56,0.511
2688,15.67,18.84,295.12,185.83,19.42,2.2,1.1,2.42,0.22,532.4,276.82,0.567
2689,41.34,27.34,1130.46,111.13,6.64,2.2,1.1,2.42,0.22,532.4,404.68,0.498
2690,5.53,26.27,145.32,154.78,38.68,2.2,1.1,2.42,0.22,532.4,311.18,0.558
2691,6.37,18.81,119.83,136.24,15.61,2.2,1.1,2.42,0.22,532.4,349.12,0.517
2692,15.67,10.28,161.12,41.77,17.53,2.2,1.1,2.42,0.22,532.4,380.63,0.54
2693,46.82,15.92,745.32,25.27,15.16,2.2,1.1,2.42,0.22,532.4,340.89,0.527
2694,40.19,13.15,528.63,200.3,36.7,2.2,1.1,2.42,0.22,532.4,467.39,0.498
2695,14.94,21.21,316.91,265.19,2.37,2.2,1.1,2.42,0.22,532.4,482.98,0.521
2696,29.21,7.65,223.33,78.49,41.55,2.2,1.1,2.42,0.22,532.4,488.86,0.497
2697,12.76,26.64,339.99,161.65,10.44,2.2,1.1,2.42,0.22,532.4,375.48,0.505
2698,45.55,29.1,1325.71,208.58,18.92,2.2,1.1,2.42,0.22,532.4,374.86,0.514
2699,13.56,13.84,187.65,40.01,30.59,2.2,1.1,2.42,0.22,532.4,394.54,0.512
2700,17.56,17.29,303.55,309.94,33.1,2.2,1.1,2.42,0.22,532.4,326.75,0.511
2701,14.24,20.74,295.19,16.0,16.97,2.2,1.1,2.42,0.22,532.4,498.72,0.505
2702,20.46,14.14,289.25,87.68,30.09,2.2,1.1,2.42,0.22,532.4,498.96,0.54
2703,35.46,18.6,659.71,290.49,10.56,2.2,1.1,2.42,0.22,532.4,390.61,0.49
2704,18.39,8.93,164.28,163.02,13.62,2.2,1.1,2.42,0.22,532.4,352.13,0.517
2705,37.66,17.22,648.49,144.19,40.13,2.2,1.1,2.42,0.22,532.4,368.63,0.568
2706,26.32,28.69,755.09,303.99,6.92,2.2,1.1,2.42,0.22,532.4,346.86,0.532
2707,12.94,22.68,293.54,37.64,44.09,2.2,1.1,2.42,0.22,532.4,427.96,0.533
2708,10.41,8.19,85.21,314.92,38.07,2.2,1.1,2.42,0.22,532.4,290.8,0.549
2709,9.95,9.51,94.66,100.13,33.1,2.2,1.1,2.42,0.22,532.4,399.1,0.514
2710,28.74,9.37,269.12,347.27,33.7,2.2,1.1,2.42,0.22,532.4,404.81,0.49
2711,32.2,11.18,359.93,202.29,43.72,2.2,1.1,2.42,0.22,532.4,343.62,0.52
2712,16.49,20.61,339.72,332.49,44.52,2.2,1.1,2.42,0.22,532.4,366.51,0.55
2713,11.85,11.51,136.39,233.71,3.16,2.2,1.1,2.42,0.22,532.4,495.38,0.508
2714,19.19,10.41,199.82,262.86,6.5,2.2,1.1,2.42,0.22,532.4,330.41,0.569
2715,13.2,14.86,196.22,125.56,28.12,2.2,1.1,2.42,0.22,532.4,336.53,0.531
2716,6.42,17.97,115.28,227.43,30.74,2.2,1.1,2.42,0.22,532.4,378.67,0.577
2717,32.8,7.71,252.87,102.43,40.5,2.2,1.1,2.42,0.22,532.4,324.92,0.524
2718,13.54,28.97,392.18,287.11,35.48,2.2,1.1,2.42,0.22,532.4,345.06,0.555
2719,18.3,28.64,524.23,32.06,8.76,2.2,1.1,2.42,0.22,532.4,256.59,0.563
2720,10.63,12.95,137.64,281.78,35.14,2.2,1.1,2.42,0.22,532.4,334.48,0.525
2721,43.39,13.92,603.88,95.63,34.77,2.2,1.1,2.42,0.22,532.4,342.38,0.491
2722,5.66,26.86,152.02,350.87,28.13,2.2,1.1,2.42,0.22,532.4,433.74,0.499
2723,15.19,11.53,175.04,32.88,21.07,2.2,1.1,2.42,0.22,532.4,291.61,0.531
2724,32.55,23.63,769.02,222.81,39.73,2.2,1.1,2.42,0.22,532.4,424.11,0.537
2725,34.37,23.6,811.21,297.18,39.06,2.2,1.1,2.42,0.22,532.4,323.37,0.541
2726,46.6,28.86,1344.92,16.23,9.53,2.2,1.1,2.42,0.22,532.4,360.29,0.549
2727,12.82,12.58,161.33,172.33,5.43,2.2,1.1,2.42,0.22,532.4,503.16,0.522
2728,35.26,14.12,497.83,240.83,24.71,2.2,1.1,2.42,0.22,532.4,344.79,0.544
2729,40.06,14.01,560.99,216.27,12.72,2.2,1.1,2.42,0.22,532.4,447.28,0.501
2730,42.91,13.07,560.76,304.45,1.7,2.2,1.1,2.42,0.22,532.4,448.9,0.558
2731,8.68,9.5,82.45,234.86,3.43,2.2,1.1,2.42,0.22,532.4,494.25,0.53
2732,43.83,21.46,940.41,196.72,34.06,2.2,1.1,2.42,0.22,532.4,356.71,0.525
2733,46.52,24.04,1118.17,335.48,5.2,2.2,1.1,2.42,0.22,532.4,422.23,0.552
2734,45.73,24.84,1136.0,348.33,25.46,2.2,1.1,2.42,0.22,532.4,271.87,0.52
2735,40.01,6.32,252.68,42.7,4.62,2.2,1.1,2.42,0.22,532.4,300.29,0.508
2736,40.74,18.86,768.42,132.71,5.41,2.2,1.1,2.42,0.22,532.4,359.84,0.505
2737,14.81,21.58,319.67,111.79,20.18,2.2,1.1,2.42,0.22,532.4,344.43,0.532
2738,13.12,29.2,383.16,159.74,12.39,2.2,1.1,2.42,0.22,532.4,290.36,0.529
2739,10.14,19.97,202.45,334.71,40.3,2.2,1.1,2.42,0.22,532.4,544.15,0.489
2740,16.86,21.6,364.14,235.27,42.19,2.2,1.1,2.42,0.22,532.4,432.66,0.574
2741,33.95,25.64,870.75,209.86,15.01,2.2,1.1,2.42,0.22,532.4,408.48,0.552
2742,24.36,9.43,229.64,307.12,12.81,2.2,1.1,2.42,0.22,532.4,344.9,0.554
2743,38.66,13.12,507.27,10.71,6.06,2.2,1.1,2.42,0.22,532.4,433.16,0.502
2744,44.02,9.63,423.79,144.56,37.24,2.2,1.1,2.42,0.22,532.4,491.26,0.55
2745,5.66,28.49,161.23,65.45,44.42,2.2,1.1,2.42,0.22,532.4,496.83,0.555
2746,6.02,12.64,76.15,264.4,32.45,2.2,1.1,2.42,0.22,532.4,404.86,0.538
2747,21.89,12.66,277.04,218.72,32.71,2.2,1.1,2.42,0.22,532.4,485.76,0.563
2748,30.51,10.55,322.02,124.33,10.38,2.2,1.1,2.42,0.22,532.4,555.68,0.479
2749,8.42,16.3,137.22,132.73,14.53,2.2,1.1,2.42,0.22,532.4,526.05,0.504
2750,36.55,15.07,550.82,13.75,33.89,2.2,1.1,2.42,0.22,532.4,287.68,0.538
2751,42.93,19.11,820.48,56.39,42.74,2.2,1.1,2.42,0.22,532.4,453.77,0.522
2752,35.28,17.92,632.14,209.7,30.13,2.2,1.1,2.42,0.22,532.4,346.56,0.519
2753,20.4,24.92,508.49,150.91,44.02,2.2,1.1,2.42,0.22,532.4,393.79,0.504
2754,27.54,18.05,497.05,283.83,33.88,2.2,1.1,2.42,0.22,532.4,263.85,0.537
2755,8.05,29.2,235.08,122.85,38.43,2.2,1.1,2.42,0.22,532.4,462.97,0.522
2756,12.66,19.38,245.23,284.61,24.4,2.2,1.1,2.42,0.22,532.4,429.24,0.503
2757,25.45,19.81,504.26,34.74,39.52,2.2,1.1,2.42,0.22,532.4,308.99,0.512
2758,45.06,19.2,865.09,30.74,37.2,2.2,1.1,2.42,0.22,532.4,523.49,0.499
2759,30.91,21.3,658.44,43.37,32.33,2.2,1.1,2.42,0.22,532.4,479.98,0.528
2760,34.3,7.79,267.09,263.62,24.51,2.2,1.1,2.42,0.22,532.4,381.22,0.527
2761,39.27,26.28,1031.82,11.98,41.17,2.2,1.1,2.42,0.22,532.4,494.33,0.531
2762,29.63,22.57,668.62,158.03,8.92,2.2,1.1,2.42,0.22,532.4,356.84,0.514
2763,26.71,24.62,657.38,313.6,41.59,2.2,1.1,2.42,0.22,532.4,415.25,0.514
2764,7.42,9.21,68.34,139.23,35.52,2.2,1.1,2.42,0.22,532.4,326.37,0.519
2765,45.25,13.82,625.32,333.43,28.79,2.2,1.1,2.42,0.22,532.4,396.04,0.523
2766,43.78,13.17,576.56,196.8,19.01,2.2,1.1,2.42,0.22,532.4,464.64,0.5
2767,5.87,25.27,148.48,27.62,9.09,2.2,1.1,2.42,0.22,532.4,298.78,0.494
2768,45.45,28.87,1312.26,30.81,11.76,2.2,1.1,2.42,0.22,532.4,383.17,0.499
2769,19.09,29.84,569.64,175.4,14.75,2.2,1.1,2.42,0.22,532.4,380.38,0.517
2770,21.05,5.89,123.95,209.43,10.9,2.2,1.1,2.42,0.22,532.4,450.24,0.521
2771,29.95,15.28,457.62,69.61,3.07,2.2,1.1,2.42,0.22,532.4,495.03,0.531
2772,28.37,29.79,845.11,204.72,41.57,2.2,1.1,2.42,0.22,532.4,383.85,0.553
2773,30.6,9.47,289.76,302.04,27.52,2.2,1.1,2.42,0.22,532.4,403.62,0.549
2774,23.17,8.01,185.61,194.35,25.81,2.2,1.1,2.42,0.22,532.4,437.61,0.523
2775,28.82,26.71,769.73,216.43,27.7,2.2,1.1,2.42,0.22,532.4,321.54,0.52
2776,25.36,5.44,137.94,60.54,4.9,2.2,1.1,2.42,0.22,532.4,472.77,0.493
2777,7.81,27.33,213.54,85.99,2.4,2.2,1.1,2.42,0.22,532.4,398.14,0.508
2778,40.36,22.3,899.98,244.77,8.34,2.2,1.1,2.42,0.22,532.4,388.69,0.52
2779,44.29,11.77,521.26,161.65,25.1,2.2,1.1,2.42,0.22,532.4,497.81,0.539
2780,28.38,28.3,803.29,137.76,0.23,2.2,1.1,2.42,0.22,532.4,417.14,0.558
2781,47.55,16.9,803.81,91.68,33.85,2.2,1.1,2.42,0.22,532.4,484.45,0.558
2782,7.78,14.17,110.3,270.59,27.42,2.2,1.1,2.42,0.22,532.4,429.36,0.523
2783,46.17,24.34,1123.73,159.58,41.7,2.2,1.1,2.42,0.22,532.4,465.7,0.549
2784,24.32,7.06,171.67,14.54,5.16,2.2,1.1,2.42,0.22,532.4,307.36,0.511
2785,32.77,9.03,295.78,282.78,16.62,2.2,1.1,2.42,0.22,532.4,311.82,0.52
2786,21.22,7.21,152.91,286.12,43.44,2.2,1.1,2.42,0.22,532.4,503.06,0.537
2787,20.03,10.37,207.74,109.37,3.73,2.2,1.1,2.42,0.22,532.4,530.57,0.515
2788,28.34,8.06,228.44,351.88,10.12,2.2,1.1,2.42,0.22,532.4,425.14,0.488
2789,44.48,12.01,534.22,349.19,10.72,2.2,1.1,2.42,0.22,532.4,373.1,0.545
2790,12.51,15.11,188.94,138.24,42.25,2.2,1.1,2.42,0.22,532.4,291.2,0.565
2791,41.05,27.18,1115.83,123.38,15.62,2.2,1.1,2.42,0.22,532.4,419.68,0.525
2792,40.77,24.45,996.86,28.37,13.31,2.2,1.1,2.42,0.22,532.4,300.05,0.523
2793,17.95,22.42,402.47,174.27,31.75,2.2,1.1,2.42,0.22,532.4,426.66,0.515
2794,34.15,22.31,761.84,306.95,19.07,2.2,1.1,2.42,0.22,532.4,481.87,0.52
2795,31.45,21.6,679.52,321.43,7.02,2.2,1.1,2.42,0.22,532.4,386.59,0.525
2796,20.77,7.23,150.08,22.03,43.7,2.2,1.1,2.42,0.22,532.4,353.58,0.54
2797,23.04,10.52,242.27,197.65,43.24,2.2,1.1,2.42,0.22,532.4,384.47,0.519
2798,26.82,21.44,574.95,192.83,38.74,2.2,1.1,2.42,0.22,532.4,312.45,0.541
2799,49.77,17.49,870.69,174.52,11.78,2.2,1.1,2.42,0.22,532.4,267.92,0.557
2800,12.3,11.12,136.76,309.87,16.1,2.2,1.1,2.42,0.22,532.4,308.36,0.515
2801,46.15,15.08,695.98,241.2,7.17,2.2,1.1,2.42,0.22,532.4,487.75,0.543
2802,30.83,5.99,184.58,117.31,23.1,2.2,1.1,2.42,0.22,532.4,491.6,0.556
2803,47.36,21.98,1041.0,138.53,13.64,2.2,1.1,2.42,0.22,532.4,344.57,0.517
2804,37.36,16.45,614.57,50.64,32.53,2.2,1.1,2.42,0.22,532.4,307.36,0.5
2805,25.82,18.83,486.16,205.05,32.94,2.2,1.1,2.42,0.22,532.4,297.22,0.497
2806,24.14,22.53,543.92,51.24,41.41,2.2,1.1,2.42,0.22,532.4,307.69,0.513
2807,37.75,18.42,695.15,49.01,2.35,2.2,1.1,2.42,0.22,532.4,417.82,0.509
2808,14.23,9.24,131.41,211.32,5.1,2.2,1.1,2.42,0.22,532.4,369.52,0.523
2809,24.12,27.35,659.77,45.09,19.78,2.2,1.1,2.42,0.22,532.4,468.11,0.523
2810,13.17,27.31,359.68,156.75,8.59,2.2,1.1,2.42,0.22,532.4,494.3,0.506
2811,14.31,12.43,177.89,115.98,6.13,2.2,1.1,2.42,0.22,532.4,317.72,0.555
2812,8.85,22.82,201.95,197.5,40.57,2.2,1.1,2.42,0.22,532.4,525.36,0.503
2813,13.05,5.27,68.79,148.62,36.1,2.2,1.1,2.42,0.22,532.4,306.72,0.522
2814,20.77,8.14,169.03,153.76,15.03,2.2,1.1,2.42,0.22,532.4,377.67,0.548
2815,26.17,25.86,676.86,84.19,27.18,2.2,1.1,2.42,0.22,532.4,456.19,0.557
2816,31.57,22.35,705.63,284.95,40.92,2.2,1.1,2.42,0.22,532.4,441.2,0.528
2817,41.87,21.86,915.49,193.08,16.98,2.2,1.1,2.42,0.22,532.4,468.6,0.546
2818,20.45,24.81,507.44,354.14,37.01,2.2,1.1,2.42,0.22,532.4,357.48,0.548
2819,9.32,19.11,178.07,36.58,7.48,2.2,1.1,2.42,0.22,532.4,353.18,0.545
2820,12.7,14.99,190.38,293.74,24.01,2.2,1.1,2.42,0.22,532.4,263.48,0.527
2821,19.68,14.98,294.89,157.27,36.85,2.2,1.1,2.42,0.22,532.4,402.41,0.522
2822,11.7,19.23,224.95,36.23,36.25,2.2,1.1,2.42,0.22,532.4,379.91,0.559
2823,29.48,29.83,879.51,44.49,39.49,2.2,1.1,2.42,0.22,532.4,496.57,0.518
2824,43.16,27.62,1191.81,178.56,41.96,2.2,1.1,2.42,0.22,532.4,324.39,0.51
2825,49.14,28.1,1380.87,343.36,8.67,2.2,1.1,2.42,0.22,532.4,450.34,0.525
2826,33.28,29.62,985.8,291.74,15.58,2.2,1.1,2.42,0.22,532.4,481.5,0.531
2827,27.35,24.35,665.99,217.58,14.69,2.2,1.1,2.42,0.22,532.4,294.43,0.499
2828,20.91,23.5,491.58,291.52,27.9,2.2,1.1,2.42,0.22,532.4,550.37,0.491
2829,18.22,16.17,294.53,40.52,4.77,2.2,1.1,2.42,0.22,532.4,273.42,0.541
2830,12.26,17.56,215.2,331.69,25.41,2.2,1.1,2.42,0.22,532.4,371.97,0.508
2831,44.71,12.0,536.67,325.4,24.82,2.2,1.1,2.42,0.22,532.4,513.02,0.533
2832,20.96,16.21,339.73,298.41,7.31,2.2,1.1,2.42,0.22,532.4,357.64,0.506
2833,34.75,14.66,509.35,255.28,24.18,2.2,1.1,2.42,0.22,532.4,268.56,0.541
2834,22.94,24.4,559.75,244.7,30.12,2.2,1.1,2.42,0.22,532.4,510.47,0.49
2835,41.76,24.76,1034.03,66.18,2.25,2.2,1.1,2.42,0.22,532.4,326.74,0.547
2836,17.31,10.55,182.67,216.44,2.72,2.2,1.1,2.42,0.22,532.4,386.84,0.515
2837,20.86,21.76,453.93,302.17,2.2,2.2,1.1,2.42,0.22,532.4,473.87,0.531
2838,33.92,19.35,656.33,122.61,11.84,2.2,1.1,2.42,0.22,532.4,423.55,0.528
2839,26.65,24.74,659.19,217.15,18.38,2.2,1.1,2.42,0.22,532.4,477.39,0.518
2840,40.8,20.27,826.9,122.24,19.02,2.2,1.1,2.42,0.22,532.4,490.75,0.566
2841,16.61,19.26,319.95,160.25,20.57,2.2,1.1,2.42,0.22,532.4,385.03,0.516
2842,45.29,26.46,1198.47,105.03,21.28,2.2,1.1,2.42,0.22,532.4,407.09,0.57
2843,11.51,15.82,182.11,109.61,34.76,2.2,1.1,2.42,0.22,532.4,303.22,0.545
2844,11.56,17.06,197.15,306.47,10.12,2.2,1.1,2.42,0.22,532.4,503.03,0.515
2845,24.58,13.8,339.14,233.2,3.41,2.2,1.1,2.42,0.22,532.4,465.49,0.55
2846,35.93,9.32,334.69,272.24,32.18,2.2,1.1,2.42,0.22,532.4,442.65,0.564
2847,36.86,6.16,227.22,139.17,38.96,2.2,1.1,2.42,0.22,532.4,523.18,0.5
2848,6.26,8.36,52.32,69.56,26.83,2.2,1.1,2.42,0.22,532.4,266.77,0.541
2849,38.84,9.88,383.66,41.3,11.85,2.2,1.1,2.42,0.22,532.4,280.85,0.568
2850,24.71,20.12,497.01,311.28,39.89,2.2,1.1,2.42,0.22,532.4,498.99,0.548
2851,20.3,12.85,260.84,341.85,5.69,2.2,1.1,2.42,0.22,532.4,285.82,0.533
2852,32.19,6.51,209.4,203.43,15.18,2.2,1.1,2.42,0.22,532.4,523.62,0.482
2853,42.39,24.86,1053.91,79.47,2.66,2.2,1.1,2.42,0.22,532.4,516.7,0.502
2854,37.74,6.62,249.77,191.79,4.7,2.2,1.1,2.42,0.22,532.4,325.23,0.539
2855,12.59,28.25,355.66,28.25,29.25,2.2,1.1,2.42,0.22,532.4,373.81,0.513
2856,20.28,20.13,408.19,163.29,12.61,2.2,1.1,2.42,0.22,532.4,475.64,0.539
2857,10.39,26.07,270.74,21.87,16.34,2.2,1.1,2.42,0.22,532.4,514.43,0.496
2858,29.22,11.53,336.82,69.72,39.54,2.2,1.1,2.42,0.22,532.4,510.27,0.533
2859,18.51,22.3,412.68,324.31,3.18,2.2,1.1,2.42,0.22,532.4,259.98,0.548
2860,49.23,23.15,1139.48,257.24,38.3,2.2,1.1,2.42,0.22,532.4,374.65,0.531
2861,42.25,22.97,970.33,13.62,19.74,2.2,1.1,2.42,0.22,532.4,333.43,0.514
2862,21.48,25.22,541.65,213.17,9.93,2.2,1.1,2.42,0.22,532.4,493.42,0.506
2863,41.84,26.23,1097.36,180.08,23.19,2.2,1.1,2.42,0.22,532.4,385.81,0.541
2864,47.56,23.57,1120.82,17.78,16.53,2.2,1.1,2.42,0.22,532.4,425.41,0.521
2865,14.43,19.23,277.54,26.02,17.51,2.2,1.1,2.42,0.22,532.4,309.37,0.53
2866,16.64,16.44,273.58,106.4,25.75,2.2,1.1,2.42,0.22,532.4,485.02,0.516
2867,25.94,5.98,155.16,83.03,42.03,2.2,1.1,2.42,0.22,532.4,484.89,0.523
2868,7.48,6.52,48.75,176.33,30.08,2.2,1.1,2.42,0.22,532.4,296.75,0.512
2869,26.23,16.43,431.06,225.43,31.01,2.2,1.1,2.42,0.22,532.4,297.35,0.533
2870,21.6,15.54,335.7,24.08,31.05,2.2,1.1,2.42,0.22,532.4,537.75,0.501
2871,23.47,19.79,464.48,5.84,40.84,2.2,1.1,2.42,0.22,532.4,415.11,0.519
2872,34.62,15.12,523.46,39.97,40.34,2.2,1.1,2.42,0.22,532.4,435.45,0.498
2873,20.32,25.13,510.66,104.03,24.38,2.2,1.1,2.42,0.22,532.4,473.83,0.507
2874,31.45,16.57,521.18,138.27,12.85,2.2,1.1,2.42,0.22,532.4,485.6,0.521
2875,41.24,9.45,389.92,123.48,27.13,2.2,1.1,2.42,0.22,532.4,425.47,0.52
2876,10.59,5.1,54.0,263.95,41.36,2.2,1.1,2.42,0.22,532.4,405.26,0.575
2877,5.18,23.97,124.12,130.39,30.94,2.2,1.1,2.42,0.22,532.4,500.42,0.53
2878,42.67,16.24,693.04,235.74,16.46,2.2,1.1,2.42,0.22,532.4,355.32,0.526
2879,11.24,29.95,336.58,102.9,31.07,2.2,1.1,2.42,0.22,532.4,321.17,0.543
2880,25.78,8.05,207.44,350.96,15.42,2.2,1.1,2.42,0.22,532.4,507.11,0.545
2881,41.88,6.53,273.6,27.16,1.73,2.2,1.1,2.42,0.22,532.4,461.68,0.543
2882,44.15,24.19,1067.98,238.47,16.1,2.2,1.1,2.42,0.22,532.4,391.08,0.49
2883,8.38,9.65,80.94,132.03,40.86,2.2,1.1,2.42,0.22,532.4,285.82,0.517
2884,15.92,16.97,270.19,88.3,1.57,2.2,1.1,2.42,0.22,532.4,377.95,0.503
2885,47.41,28.8,1365.51,213.22,11.82,2.2,1.1,2.42,0.22,532.4,470.99,0.556
2886,44.6,29.17,1301.15,167.55,26.68,2.2,1.1,2.42,0.22,532.4,442.82,0.5
2887,24.38,6.86,167.3,197.77,32.18,2.2,1.1,2.42,0.22,532.4,515.02,0.528
2888,34.45,18.03,621.22,330.16,7.65,2.2,1.1,2.42,0.22,532.4,326.47,0.552
2889,38.6,6.54,252.3,155.56,8.62,2.2,1.1,2.42,0.22,532.4,455.28,0.526
2890,45.69,26.27,1200.25,2.68,10.18,2.2,1.1,2.42,0.22,532.4,399.94,0.499
2891,40.46,16.63,672.95,331.48,27.26,2.2,1.1,2.42,0.22,532.4,404.7,0.51
2892,32.2,10.21,328.81,154.07,1.45,2.2,1.1,2.42,0.22,532.4,436.74,0.554
2893,46.35,25.77,1194.3,141.6,16.09,2.2,1.1,2.42,0.22,532.4,302.81,0.51
2894,20.68,24.53,507.41,76.7,9.65,2.2,1.1,2.42,0.22,532.4,544.01,0.502
2895,42.47,19.91,845.54,182.91,21.21,2.2,1.1,2.42,0.22,532.4,291.29,0.517
2896,12.99,25.99,337.54,167.27,25.62,2.2,1.1,2.42,0.22,532.4,329.28,0.524
2897,24.67,12.3,303.48,51.73,32.3,2.2,1.1,2.42,0.22,532.4,355.34,0.544
2898,43.33,14.5,628.32,138.61,41.99,2.2,1.1,2.42,0.22,532.4,338.11,0.568
2899,22.28,14.74,328.47,201.09,42.59,2.2,1.1,2.42,0.22,532.4,358.65,0.534
2900,37.12,29.96,1111.98,300.49,37.13,2.2,1.1,2.42,0.22,532.4,323.92,0.543
2901,41.92,24.71,1036.02,137.91,7.06,2.2,1.1,2.42,0.22,532.4,303.98,0.504
2902,35.63,13.87,494.07,10.33,14.17,2.2,1.1,2.42,0.22,532.4,480.13,0.552
2903,10.06,13.83,139.14,281.4,43.25,2.2,1.1,2.42,0.22,532.4,278.32,0.512
2904,21.5,28.03,602.5,200.17,20.72,2.2,1.1,2.42,0.22,532.4,313.85,0.534
2905,29.6,20.33,601.62,300.42,23.62,2.2,1.1,2.42,0.22,532.4,431.24,0.548
2906,33.25,9.54,317.27,230.72,12.56,2.2,1.1,2.42,0.22,532.4,528.12,0.482
2907,6.81,26.99,183.76,321.83,3.25,2.2,1.1,2.42,0.22,532.4,284.28,0.525
2908,42.05,8.82,370.79,129.77,28.39,2.2,1.1,2.42,0.22,532.4,468.8,0.526
2909,35.68,24.09,859.77,6.07,29.45,2.2,1.1,2.42,0.22,532.4,405.33,0.528
2910,15.66,6.79,106.25,195.41,44.78,2.2,1.1,2.42,0.22,532.4,292.86,0.496
2911,40.73,24.62,1002.5,271.45,28.14,2.2,1.1,2.42,0.22,532.4,408.4,0.542
2912,12.04,26.69,321.43,182.92,11.57,2.2,1.1,2.42,0.22,532.4,491.0,0.54
2913,9.92,13.14,130.29,311.4,31.22,2.2,1.1,2.42,0.22,532.4,421.93,0.514
2914,42.82,5.65,242.05,63.11,27.3,2.2,1.1,2.42,0.22,532.4,410.93,0.5
2915,10.09,10.89,109.82,332.78,21.02,2.2,1.1,2.42,0.22,532.4,348.48,0.511
2916,32.72,12.61,412.56,305.62,22.18,2.2,1.1,2.42,0.22,532.4,512.13,0.527
2917,41.64,25.29,1053.05,67.35,29.18,2.2,1.1,2.42,0.22,532.4,326.06,0.534
2918,20.25,14.65,296.71,194.62,15.22,2.2,1.1,2.42,0.22,532.4,530.35,0.517
2919,33.69,5.36,180.51,91.02,30.72,2.2,1.1,2.42,0.22,532.4,528.47,0.501
2920,17.57,12.97,227.89,115.81,29.25,2.2,1.1,2.42,0.22,532.4,311.51,0.528
2921,48.28,25.3,1221.22,196.4,30.74,2.2,1.1,2.42,0.22,532.4,529.66,0.519
2922,23.76,10.7,254.26,165.59,9.52,2.2,1.1,2.42,0.22,532.4,479.62,0.531
2923,42.18,15.48,653.11,76.88,2.14,2.2,1.1,2.42,0.22,532.4,399.69,0.49
2924,45.51,11.66,530.88,281.05,30.41,2.2,1.1,2.42,0.22,532.4,471.68,0.528
2925,9.36,20.27,189.75,178.04,28.34,2.2,1.1,2.42,0.22,532.4,436.6,0.549
2926,12.44,29.91,372.16,357.16,22.67,2.2,1.1,2.42,0.22,532.4,420.29,0.552
2927,48.18,26.89,1295.57,55.07,6.85,2.2,1.1,2.42,0.22,532.4,368.78,0.528
2928,10.37,15.89,164.71,205.48,19.35,2.2,1.1,2.42,0.22,532.4,465.61,0.545
2929,47.07,12.77,601.02,184.22,31.99,2.2,1.1,2.42,0.22,532.4,417.33,0.555
2930,13.36,12.06,161.13,162.52,25.98,2.2,1.1,2.42,0.22,532.4,492.83,0.507
2931,46.02,17.16,789.83,191.18,27.25,2.2,1.1,2.42,0.22,532.4,342.06,0.549
2932,24.33,29.59,720.1,110.35,44.88,2.2,1.1,2.42,0.22,532.4,300.46,0.565
2933,15.22,25.09,381.89,197.32,39.85,2.2,1.1,2.42,0.22,532.4,536.29,0.512
2934,48.09,15.16,728.92,340.47,12.3,2.2,1.1,2.42,0.22,532.4,348.21,0.528
2935,25.2,19.29,486.05,7.53,0.55,2.2,1.1,2.42,0.22,532.4,309.73,0.538
2936,5.67,27.87,158.06,49.81,2.48,2.2,1.1,2.42,0.22,532.4,412.97,0.551
2937,5.65,8.66,48.95,334.09,29.59,2.2,1.1,2.42,0.22,532.4,280.83,0.521
2938,33.42,24.23,809.94,21.04,41.97,2.2,1.1,2.42,0.22,532.4,488.15,0.531
2939,12.56,8.39,105.36,329.82,0.78,2.2,1.1,2.42,0.22,532.4,459.07,0.535
2940,46.58,14.11,657.04,348.53,23.69,2.2,1.1,2.42,0.22,532.4,467.7,0.536
2941,49.91,28.55,1424.66,191.56,37.48,2.2,1.1,2.42,0.22,532.4,462.81,0.513
2942,34.2,23.56,805.7,170.05,32.64,2.2,1.1,2.42,0.22,532.4,379.01,0.503
2943,20.64,17.17,354.39,150.23,37.04,2.2,1.1,2.42,0.22,532.4,334.26,0.556
2944,5.56,26.7,148.41,51.89,44.54,2.2,1.1,2.42,0.22,532.4,256.33,0.559
2945,16.87,5.78,97.48,238.77,15.28,2.2,1.1,2.42,0.22,532.4,453.37,0.531
2946,40.31,14.42,581.1,180.64,1.58,2.2,1.1,2.42,0.22,532.4,277.83,0.546
2947,48.53,5.31,257.53,126.13,1.39,2.2,1.1,2.42,0.22,532.4,326.64,0.524
2948,37.07,14.4,533.74,349.57,40.2,2.2,1.1,2.42,0.22,532.4,398.88,0.527
2949,27.64,18.73,517.61,345.23,31.34,2.2,1.1,2.42,0.22,532.4,331.13,0.531
2950,34.4,7.02,241.62,146.31,13.91,2.2,1.1,2.42,0.22,532.4,447.07,0.52
2951,36.59,16.37,598.82,211.07,13.33,2.2,1.1,2.42,0.22,532.4,505.13,0.528
2952,48.46,13.86,671.84,154.68,32.98,2.2,1.1,2.42,0.22,532.4,486.55,0.506
2953,33.36,25.35,845.91,18.2,7.72,2.2,1.1,2.42,0.22,532.4,402.33,0.52
2954,5.96,19.69,117.4,13.79,38.63,2.2,1.1,2.42,0.22,532.4,486.35,0.505
2955,38.38,5.58,214.26,144.93,28.75,2.2,1.1,2.42,0.22,532.4,298.32,0.534
2956,10.76,12.38,133.16,249.34,3.2,2.2,1.1,2.42,0.22,532.4,517.38,0.484
2957,17.29,8.13,140.49,296.13,38.76,2.2,1.1,2.42,0.22,532.4,458.13,0.56
2958,48.9,5.99,292.72,15.49,26.61,2.2,1.1,2.42,0.22,532.4,354.51,0.527
2959,18.39,14.95,274.81,28.14,4.36,2.2,1.1,2.42,0.22,532.4,481.93,0.492
2960,13.13,19.08,250.49,150.72,18.18,2.2,1.1,2.42,0.22,532.4,419.27,0.55
2961,6.85,5.7,39.05,86.54,13.69,2.2,1.1,2.42,0.22,532.4,398.69,0.521
2962,19.9,19.7,392.17,193.42,24.68,2.2,1.1,2.42,0.22,532.4,342.23,0.523
2963,6.69,12.81,85.66,254.82,12.56,2.2,1.1,2.42,0.22,532.4,327.78,0.541
2964,38.57,6.78,261.51,249.61,39.48,2.2,1.1,2.42,0.22,532.4,370.93,0.511
2965,42.57,28.26,1203.31,254.91,5.64,2.2,1.1,2.42,0.22,532.4,377.23,0.523
2966,35.73,21.78,778.15,159.43,4.21,2.2,1.1,2.42,0.22,532.4,306.89,0.516
2967,29.83,20.76,619.18,97.55,20.09,2.2,1.1,2.42,0.22,532.4,315.75,0.536
2968,21.41,6.12,131.14,68.31,26.23,2.2,1.1,2.42,0.22,532.4,489.6,0.5
2969,22.72,24.25,550.85,231.29,13.01,2.2,1.1,2.42,0.22,532.4,339.84,0.539
2970,46.69,14.52,677.74,311.16,23.38,2.2,1.1,2.42,0.22,532.4,284.24,0.538
2971,49.24,24.73,1217.56,248.01,39.7,2.2,1.1,2.42,0.22,532.4,471.67,0.527
2972,48.47,16.07,779.1,94.3,21.68,2.2,1.1,2.42,0.22,532.4,402.77,0.498
2973,16.38,16.73,274.06,240.43,9.66,2.2,1.1,2.42,0.22,532.4,360.22,0.539
2974,48.28,20.92,1010.17,129.08,34.38,2.2,1.1,2.42,0.22,532.4,281.78,0.491
2975,36.02,12.21,439.89,312.17,16.44,2.2,1.1,2.42,0.22,532.4,350.96,0.523
2976,32.84,6.45,211.69,9.08,31.6,2.2,1.1,2.42,0.22,532.4,462.93,0.507
2977,7.46,25.96,193.58,358.4,8.7,2.2,1.1,2.42,0.22,532.4,486.18,0.524
2978,31.84,24.84,790.65,234.17,11.51,2.2,1.1,2.42,0.22,532.4,274.69,0.527
2979,45.59,10.3,469.39,114.67,24.45,2.2,1.1,2.42,0.22,532.4,501.47,0.511
2980,13.51,6.85,92.51,300.96,37.3,2.2,1.1,2.42,0.22,532.4,276.71,0.524
2981,16.89,8.99,151.88,51.87,14.24,2.2,1.1,2.42,0.22,532.4,503.02,0.526
2982,13.0,27.19,353.31,134.95,37.4,2.2,1.1,2.42,0.22,532.4,384.55,0.521
2983,46.47,13.71,637.03,164.77,18.29,2.2,1.1,2.42,0.22,532.4,470.99,0.527
2984,40.91,5.49,224.58,316.57,23.77,2.2,1.1,2.42,0.22,532.4,440.87,0.563
2985,19.69,23.31,459.03,337.43,5.45,2.2,1.1,2.42,0.22,532.4,384.61,0.5
2986,42.83,22.5,963.63,255.9,36.49,2.2,1.1,2.42,0.22,532.4,469.89,0.497
2987,40.47,24.74,1001.11,254.87,44.28,2.2,1.1,2.42,0.22,532.4,440.48,0.559
2988,41.72,8.59,358.36,204.01,44.97,2.2,1.1,2.42,0.22,532.4,502.83,0.537
2989,23.5,29.79,700.02,282.77,25.59,2.2,1.1,2.42,0.22,532.4,449.58,0.552
2990,26.55,20.21,536.45,124.25,9.9,2.2,1.1,2.42,0.22,532.4,392.92,0.53
2991,47.19,24.18,1141.16,266.21,23.87,2.2,1.1,2.42,0.22,532.4,343.53,0.572
2992,13.95,8.07,112.62,340.54,8.1,2.2,1.1,2.42,0.22,532.4,363.09,0.52
2993,22.95,15.3,350.95,113.49,29.71,2.2,1.1,2.42,0.22,532.4,416.28,0.568
2994,29.31,9.2,269.69,114.71,18.71,2.2,1.1,2.42,0.22,532.4,331.1,0.523
2995,44.99,26.8,1205.86,353.7,10.12,2.2,1.1,2.42,0.22,532.4,401.91,0.583
2996,42.11,29.03,1222.21,149.89,37.39,2.2,1.1,2.42,0.22,532.4,479.24,0.516
2997,38.27,9.76,373.55,301.28,23.69,2.2,1.1,2.42,0.22,532.4,328.46,0.505
2998,20.38,29.24,595.75,234.03,0.59,2.2,1.1,2.42,0.22,532.4,285.36,0.516
2999,22.37,16.78,375.36,56.52,3.89,2.2,1.1,2.42,0.22,532.4,377.32,0.53
3000,25.02,28.83,721.43,179.61,1.46,2.2,1.1,2.42,0.22,532.4,386.61,0.522
3001,31.92,21.29,679.76,221.93,1.45,2.2,1.1,2.42,0.22,532.4,298.9,0.503
3002,23.14,20.8,481.32,255.25,32.15,2.2,1.1,2.42,0.22,532.4,433.82,0.547
3003,38.3,18.34,702.44,273.5,31.87,2.2,1.1,2.42,0.22,532.4,375.16,0.49
3004,19.53,9.19,179.58,256.79,33.83,2.2,1.1,2.42,0.22,532.4,416.87,0.528
3005,35.91,15.22,546.35,61.71,4.96,2.2,1.1,2.42,0.22,532.4,342.97,0.534
3006,18.95,13.34,252.77,11.45,26.67,2.2,1.1,2.42,0.22,532.4,482.61,0.527
3007,16.91,5.08,85.83,93.3,24.9,2.2,1.1,2.42,0.22,532.4,461.28,0.537
3008,16.88,26.33,444.37,294.38,9.93,2.2,1.1,2.42,0.22,532.4,262.32,0.539
3009,18.01,12.67,228.25,126.5,19.22,2.2,1.1,2.42,0.22,532.4,455.87,0.532
3010,37.91,12.66,480.02,353.85,35.51,2.2,1.1,2.42,0.22,532.4,388.84,0.526
3011,13.45,24.13,324.45,235.01,40.26,2.2,1.1,2.42,0.22,532.4,498.43,0.538
3012,23.48,6.23,146.16,305.11,35.94,2.2,1.1,2.42,0.22,532.4,481.22,0.513
3013,18.62,12.41,231.05,321.27,36.61,2.2,1.1,2.42,0.22,532.4,513.02,0.509
3014,33.36,29.01,967.72,123.01,20.83,2.2,1.1,2.42,0.22,532.4,443.67,0.553
3015,45.4,9.59,435.43,233.61,11.99,2.2,1.1,2.42,0.22,532.4,426.88,0.518
3016,48.37,24.71,1195.15,54.18,6.99,2.2,1.1,2.42,0.22,532.4,429.94,0.521
3017,38.7,25.55,988.91,7.63,14.57,2.2,1.1,2.42,0.22,532.4,385.02,0.549
3018,40.48,26.06,1054.93,1.7,42.72,2.2,1.1,2.42,0.22,532.4,290.1,0.502
3019,7.54,10.11,76.22,192.84,8.02,2.2,1.1,2.42,0.22,532.4,346.93,0.522
3020,42.7,23.35,997.08,167.5,20.85,2.2,1.1,2.42,0.22,532.4,390.52,0.538
3021,5.13,24.83,127.26,79.23,43.35,2.2,1.1,2.42,0.22,532.4,292.14,0.519
3022,33.51,7.58,253.94,151.93,13.38,2.2,1.1,2.42,0.22,532.4,385.96,0.539
3023,35.65,9.81,349.7,89.04,8.93,2.2,1.1,2.42,0.22,532.4,487.0,0.523
3024,15.5,27.15,420.79,316.78,25.24,2.2,1.1,2.42,0.22,532.4,368.73,0.51
3025,48.06,17.07,820.5,37.66,15.18,2.2,1.1,2.42,0.22,532.4,267.88,0.523
3026,22.42,9.02,202.26,261.0,37.05,2.2,1.1,2.42,0.22,532.4,426.31,0.524
3027,15.37,26.41,405.81,133.53,25.51,2.2,1.1,2.42,0.22,532.4,271.5,0.517
3028,12.53,25.24,316.28,263.76,22.68,2.2,1.1,2.42,0.22,532.4,261.14,0.567
3029,48.64,26.06,1267.56,127.37,9.68,2.2,1.1,2.42,0.22,532.4,381.63,0.55
3030,34.16,21.96,750.28,117.26,12.95,2.2,1.1,2.42,0.22,532.4,444.58,0.513
3031,22.19,6.57,145.9,263.85,20.97,2.2,1.1,2.42,0.22,532.4,457.57,0.507
3032,29.8,6.18,184.2,258.04,10.61,2.2,1.1,2.42,0.22,532.4,354.41,0.497
3033,16.73,12.45,208.29,279.53,19.26,2.2,1.1,2.42,0.22,532.4,343.26,0.533
3034,32.89,25.07,824.38,45.32,5.16,2.2,1.1,2.42,0.22,532.4,414.57,0.519
3035,12.19,20.46,249.39,229.54,32.93,2.2,1.1,2.42,0.22,532.4,399.81,0.542
3036,11.38,23.06,262.42,114.07,37.84,2.2,1.1,2.42,0.22,532.4,300.94,0.499
3037,45.71,11.53,527.14,209.82,29.05,2.2,1.1,2.42,0.22,532.4,283.34,0.516
3038,41.38,10.78,446.06,140.3,36.14,2.2,1.1,2.42,0.22,532.4,305.65,0.532
3039,7.94,23.68,187.96,24.26,27.03,2.2,1.1,2.42,0.22,532.4,283.22,0.57
3040,18.1,29.9,541.13,173.94,30.62,2.2,1.1,2.42,0.22,532.4,525.87,0.518
3041,49.6,5.92,293.86,79.23,38.36,2.2,1.1,2.42,0.22,532.4,272.27,0.512
3042,22.65,6.8,154.12,48.84,15.22,2.2,1.1,2.42,0.22,532.4,430.3,0.542
3043,8.05,27.09,218.03,283.29,21.71,2.2,1.1,2.42,0.22,532.4,327.61,0.502
3044,9.89,7.12,70.41,162.03,41.13,2.2,1.1,2.42,0.22,532.4,349.76,0.544
3045,36.12,11.76,424.83,43.93,44.87,2.2,1.1,2.42,0.22,532.4,309.39,0.486
3046,28.28,20.23,571.93,332.09,36.07,2.2,1.1,2.42,0.22,532.4,370.14,0.542
3047,23.48,22.06,517.84,73.81,43.75,2.2,1.1,2.42,0.22,532.4,383.07,0.505
3048,45.87,6.01,275.47,142.22,38.28,2.2,1.1,2.42,0.22,532.4,490.4,0.511
3049,45.07,6.12,275.88,79.11,22.38,2.2,1.1,2.42,0.22,532.4,393.07,0.512
3050,13.22,9.62,127.21,18.11,2.3,2.2,1.1,2.42,0.22,532.4,444.0,0.513
3051,13.92,29.98,417.15,126.21,44.29,2.2,1.1,2.42,0.22,532.4,391.89,0.54
3052,16.23,12.53,203.32,9.96,43.63,2.2,1.1,2.42,0.22,532.4,315.34,0.544
3053,31.51,7.13,224.81,306.88,40.52,2.2,1.1,2.42,0.22,532.4,386.01,0.518
3054,5.26,13.22,69.6,88.85,34.43,2.2,1.1,2.42,0.22,532.4,292.75,0.537
3055,45.99,22.78,1047.79,101.34,22.27,2.2,1.1,2.42,0.22,532.4,318.62,0.527
3056,43.87,14.3,627.17,52.81,31.32,2.2,1.1,2.42,0.22,532.4,469.73,0.521
3057,7.52,12.67,95.19,291.3,33.01,2.2,1.1,2.42,0.22,532.4,502.3,0.531
3058,35.46,11.47,406.7,141.01,19.91,2.2,1.1,2.42,0.22,532.4,413.84,0.525
3059,26.99,16.34,441.09,65.32,7.41,2.2,1.1,2.42,0.22,532.4,363.13,0.529
3060,26.98,26.14,705.34,233.31,9.65,2.2,1.1,2.42,0.22,532.4,348.55,0.542
3061,42.49,17.71,752.52,164.36,27.77,2.2,1.1,2.42,0.22,532.4,385.25,0.557
3062,26.6,13.06,347.47,144.54,34.91,2.2,1.1,2.42,0.22,532.4,423.15,0.531
3063,44.59,26.0,1159.07,169.47,29.19,2.2,1.1,2.42,0.22,532.4,478.87,0.477
3064,37.31,22.38,834.92,25.23,14.51,2.2,1.1,2.42,0.22,532.4,446.25,0.522
3065,44.63,12.86,573.85,271.13,16.27,2.2,1.1,2.42,0.22,532.4,490.77,0.549
3066,5.5,19.36,106.49,65.38,42.56,2.2,1.1,2.42,0.22,532.4,348.15,0.523
3067,26.81,9.1,243.82,246.88,29.6,2.2,1.1,2.42,0.22,532.4,307.45,0.508
3068,33.25,24.67,820.16,150.13,7.46,2.2,1.1,2.42,0.22,532.4,402.29,0.538
3069,44.87,28.24,1266.88,301.53,32.29,2.2,1.1,2.42,0.22,532.4,290.33,0.527
3070,43.71,22.26,972.95,12.45,33.01,2.2,1.1,2.42,0.22,532.4,466.4,0.541
3071,21.12,22.5,475.31,152.15,30.4,2.2,1.1,2.42,0.22,532.4,302.31,0.495
3072,43.68,11.02,481.43,236.54,23.67,2.2,1.1,2.42,0.22,532.4,373.06,0.569
3073,24.54,26.61,652.98,257.52,1.98,2.2,1.1,2.42,0.22,532.4,385.29,0.501
3074,27.4,24.87,681.28,252.8,9.19,2.2,1.1,2.42,0.22,532.4,303.38,0.521
3075,31.9,21.32,680.16,232.61,30.48,2.2,1.1,2.42,0.22,532.4,347.39,0.496
3076,20.65,28.05,579.17,301.06,11.42,2.2,1.1,2.42,0.22,532.4,420.46,0.549
3077,48.58,11.71,568.9,165.03,41.32,2.2,1.1,2.42,0.22,532.4,517.44,0.51
3078,43.73,22.21,971.14,193.96,34.47,2.2,1.1,2.42,0.22,532.4,434.81,0.5
3079,25.08,27.5,689.81,156.01,30.01,2.2,1.1,2.42,0.22,532.4,329.02,0.533
3080,41.27,18.81,776.45,232.42,43.93,2.2,1.1,2.42,0.22,532.4,342.24,0.552
3081,23.62,19.57,462.22,81.12,39.6,2.2,1.1,2.42,0.22,532.4,271.96,0.512
3082,16.37,17.89,292.85,216.53,39.28,2.2,1.1,2.42,0.22,532.4,468.58,0.536
3083,15.08,6.53,98.49,115.46,39.51,2.2,1.1,2.42,0.22,532.4,535.67,0.514
3084,31.22,25.25,788.27,359.64,41.66,2.2,1.1,2.42,0.22,532.4,507.39,0.495
3085,43.33,27.33,1184.27,226.83,4.55,2.2,1.1,2.42,0.22,532.4,520.98,0.515
3086,41.63,10.56,439.49,142.74,39.56,2.2,1.1,2.42,0.22,532.4,471.39,0.554
3087,34.41,25.68,883.6,120.96,17.74,2.2,1.1,2.42,0.22,532.4,263.19,0.537
3088,29.82,16.23,484.01,26.31,40.0,2.2,1.1,2.42,0.22,532.4,288.71,0.528
3089,27.01,17.34,468.24,50.68,8.67,2.2,1.1,2.42,0.22,532.4,443.39,0.556
3090,49.9,8.37,417.54,288.76,3.57,2.2,1.1,2.42,0.22,532.4,364.18,0.547
3091,20.7,8.81,182.36,106.09,2.61,2.2,1.1,2.42,0.22,532.4,362.36,0.551
3092,24.36,7.51,182.89,59.71,35.97,2.2,1.1,2.42,0.22,532.4,381.58,0.552
3093,14.38,6.42,92.28,135.75,40.21,2.2,1.1,2.42,0.22,532.4,420.51,0.538
3094,17.44,17.46,304.49,215.39,17.2,2.2,1.1,2.42,0.22,532.4,371.0,0.521
3095,9.13,6.74,61.55,211.87,17.42,2.2,1.1,2.42,0.22,532.4,527.1,0.516
3096,34.36,19.03,653.96,309.93,35.02,2.2,1.1,2.42,0.22,532.4,322.78,0.549
3097,6.66,13.45,89.54,300.85,3.7,2.2,1.1,2.42,0.22,532.4,372.69,0.5
3098,13.76,8.87,122.12,55.36,29.43,2.2,1.1,2.42,0.22,532.4,425.11,0.525
3099,23.38,9.61,224.54,205.31,33.32,2.2,1.1,2.42,0.22,532.4,535.33,0.5
3100,12.93,7.96,102.91,326.68,3.2,2.2,1.1,2.42,0.22,532.4,349.57,0.53
3101,37.69,7.18,270.57,181.46,27.24,2.2,1.1,2.42,0.22,532.4,477.89,0.513
3102,12.21,29.5,360.1,81.31,32.09,2.2,1.1,2.42,0.22,532.4,345.6,0.51
3103,9.91,22.43,222.22,10.6,30.85,2.2,1.1,2.42,0.22,532.4,518.34,0.502
3104,33.55,12.19,409.17,54.33,41.23,2.2,1.1,2.42,0.22,532.4,483.91,0.507
3105,11.25,14.28,160.64,240.43,10.5,2.2,1.1,2.42,0.22,532.4,307.47,0.538
3106,5.92,21.08,124.85,250.34,24.11,2.2,1.1,2.42,0.22,532.4,448.95,0.518
3107,9.16,12.25,112.28,323.69,22.88,2.2,1.1,2.42,0.22,532.4,513.0,0.506
3108,11.37,27.11,308.26,312.69,41.74,2.2,1.1,2.42,0.22,532.4,448.41,0.529
3109,28.69,6.19,177.68,74.71,2.04,2.2,1.1,2.42,0.22,532.4,516.22,0.52
3110,32.33,14.78,477.99,237.6,16.93,2.2,1.1,2.42,0.22,532.4,334.19,0.472
3111,38.19,23.24,887.63,290.09,5.85,2.2,1.1,2.42,0.22,532.4,319.55,0.536
3112,7.08,6.27,44.42,167.07,42.46,2.2,1.1,2.42,0.22,532.4,358.24,0.512
3113,49.03,29.97,1469.14,218.51,17.0,2.2,1.1,2.42,0.22,532.4,412.96,0.551
3114,14.27,20.74,295.85,64.57,6.07,2.2,1.1,2.42,0.22,532.4,428.03,0.548
3115,23.76,7.59,180.32,26.89,12.33,2.2,1.1,2.42,0.22,532.4,317.06,0.524
3116,32.16,29.86,960.33,132.06,38.01,2.2,1.1,2.42,0.22,532.4,464.03,0.508
3117,37.52,7.22,270.73,283.82,23.11,2.2,1.1,2.42,0.22,532.4,277.37,0.563
3118,34.97,21.28,744.14,340.01,11.52,2.2,1.1,2.42,0.22,532.4,347.11,0.528
3119,15.94,6.04,96.31,238.31,9.71,2.2,1.1,2.42,0.22,532.4,402.35,0.497
3120,44.52,28.12,1251.99,17.2,42.28,2.2,1.1,2.42,0.22,532.4,510.75,0.498
3121,12.36,28.98,358.14,10.5,27.18,2.2,1.1,2.42,0.22,532.4,312.14,0.502
3122,41.83,20.36,851.77,76.03,5.87,2.2,1.1,2.42,0.22,532.4,373.18,0.52
3123,30.47,26.04,793.36,25.39,20.29,2.2,1.1,2.42,0.22,532.4,517.25,0.527
3124,21.94,11.25,246.83,140.98,4.03,2.2,1.1,2.42,0.22,532.4,347.64,0.537
3125,18.94,16.53,313.05,224.37,7.86,2.2,1.1,2.42,0.22,532.4,289.1,0.531
3126,47.96,6.84,328.2,198.88,24.69,2.2,1.1,2.42,0.22,532.4,327.33,0.513
3127,48.69,15.15,737.62,102.12,26.34,2.2,1.1,2.42,0.22,532.4,493.9,0.529
3128,20.52,26.68,547.35,281.03,22.55,2.2,1.1,2.42,0.22,532.4,526.85,0.523
3129,24.63,12.73,313.7,257.29,14.32,2.2,1.1,2.42,0.22,532.4,505.73,0.5
3130,30.67,19.6,600.99,209.91,0.1,2.2,1.1,2.42,0.22,532.4,333.7,0.52
3131,15.33,9.42,144.42,253.45,44.93,2.2,1.1,2.42,0.22,532.4,343.61,0.493
3132,46.19,12.07,557.36,254.78,7.59,2.2,1.1,2.42,0.22,532.4,504.13,0.538
3133,16.61,17.15,284.79,147.93,40.49,2.2,1.1,2.42,0.22,532.4,415.86,0.567
3134,47.24,15.03,710.27,229.61,6.36,2.2,1.1,2.42,0.22,532.4,436.42,0.486
3135,17.95,15.37,276.0,225.48,4.85,2.2,1.1,2.42,0.22,532.4,291.23,0.538
3136,8.09,28.85,233.29,221.49,27.74,2.2,1.1,2.42,0.22,532.4,322.88,0.514
3137,6.0,9.04,54.28,126.16,44.21,2.2,1.1,2.42,0.22,532.4,408.62,0.493
3138,9.43,24.87,234.52,14.52,1.42,2.2,1.1,2.42,0.22,532.4,407.91,0.503
3139,23.56,22.27,524.65,203.17,14.6,2.2,1.1,2.42,0.22,532.4,411.27,0.55
3140,45.09,6.26,282.08,60.81,25.0,2.2,1.1,2.42,0.22,532.4,358.6,0.519
3141,9.13,24.01,219.2,8.29,1.77,2.2,1.1,2.42,0.22,532.4,474.34,0.52
3142,11.31,26.54,300.16,91.26,14.44,2.2,1.1,2.42,0.22,532.4,525.54,0.503
3143,48.81,7.45,363.59,63.45,42.42,2.2,1.1,2.42,0.22,532.4,279.27,0.549
3144,35.98,13.59,488.93,165.9,24.89,2.2,1.1,2.42,0.22,532.4,525.52,0.499
3145,43.71,24.35,1064.52,317.56,27.05,2.2,1.1,2.42,0.22,532.4,343.37,0.558
3146,40.2,23.89,960.3,210.74,36.83,2.2,1.1,2.42,0.22,532.4,444.77,0.525
3147,26.22,10.12,265.45,255.95,23.13,2.2,1.1,2.42,0.22,532.4,479.03,0.498
3148,37.03,12.84,475.33,5.41,21.0,2.2,1.1,2.42,0.22,532.4,451.04,0.52
3149,5.55,9.97,55.36,210.98,34.24,2.2,1.1,2.42,0.22,532.4,439.76,0.55
3150,17.75,29.1,516.5,10.39,2.46,2.2,1.1,2.42,0.22,532.4,502.65,0.51
3151,23.66,9.7,229.52,308.55,3.37,2.2,1.1,2.42,0.22,532.4,383.38,0.52
3152,5.33,18.02,96.02,343.9,22.92,2.2,1.1,2.42,0.22,532.4,428.66,0.5
3153,45.43,7.74,351.53,181.95,0.87,2.2,1.1,2.42,0.22,532.4,364.38,0.533
3154,21.39,18.49,395.63,82.58,11.54,2.2,1.1,2.42,0.22,532.4,421.79,0.523
3155,20.21,7.38,149.08,211.07,10.8,2.2,1.1,2.42,0.22,532.4,387.89,0.537
3156,22.99,5.71,131.35,32.42,5.83,2.2,1.1,2.42,0.22,532.4,427.58,0.516
3157,35.03,9.28,324.88,268.3,20.04,2.2,1.1,2.42,0.22,532.4,524.35,0.491
3158,46.75,8.64,404.07,11.57,30.38,2.2,1.1,2.42,0.22,532.4,298.79,0.509
3159,18.64,24.35,453.88,203.39,21.91,2.2,1.1,2.42,0.22,532.4,451.45,0.502
3160,12.98,28.19,365.84,182.96,11.15,2.2,1.1,2.42,0.22,532.4,351.47,0.512
3161,12.67,25.71,325.76,144.87,25.03,2.2,1.1,2.42,0.22,532.4,530.43,0.501
3162,33.52,14.45,484.37,110.85,27.14,2.2,1.1,2.42,0.22,532.4,375.64,0.528
3163,25.71,10.03,257.8,33.0,8.74,2.2,1.1,2.42,0.22,532.4,397.91,0.54
3164,37.69,9.2,346.85,277.84,22.17,2.2,1.1,2.42,0.22,532.4,409.83,0.52
3165,14.48,29.56,428.05,146.52,40.59,2.2,1.1,2.42,0.22,532.4,284.15,0.598
3166,31.28,7.09,221.88,58.17,24.93,2.2,1.1,2.42,0.22,532.4,384.2,0.526
3167,11.44,6.64,76.02,62.49,25.37,2.2,1.1,2.42,0.22,532.4,453.82,0.507
3168,16.68,11.65,194.34,101.57,18.38,2.2,1.1,2.42,0.22,532.4,385.44,0.541
3169,27.5,12.2,335.37,114.87,27.29,2.2,1.1,2.42,0.22,532.4,416.4,0.552
3170,28.1,7.39,207.66,1.86,21.41,2.2,1.1,2.42,0.22,532.4,431.98,0.586
3171,5.09,17.49,88.98,237.28,4.78,2.2,1.1,2.42,0.22,532.4,381.4,0.521
3172,26.14,7.32,191.46,283.61,32.55,2.2,1.1,2.42,0.22,532.4,337.96,0.548
3173,26.33,24.91,655.89,212.95,11.15,2.2,1.1,2.42,0.22,532.4,360.83,0.553
3174,37.22,18.4,684.84,80.33,24.65,2.2,1.1,2.42,0.22,532.4,408.77,0.543
3175,14.31,14.02,200.62,133.04,10.9,2.2,1.1,2.42,0.22,532.4,380.36,0.518
3176,32.02,9.34,299.21,206.52,35.33,2.2,1.1,2.42,0.22,532.4,523.97,0.523
3177,24.85,23.0,571.57,304.09,16.15,2.2,1.1,2.42,0.22,532.4,323.63,0.524
3178,23.17,18.16,420.71,186.77,18.2,2.2,1.1,2.42,0.22,532.4,443.31,0.526
3179,49.6,24.05,1192.68,267.61,32.52,2.2,1.1,2.42,0.22,532.4,328.34,0.551
3180,20.94,27.96,585.64,37.26,24.05,2.2,1.1,2.42,0.22,532.4,269.08,0.543
3181,26.61,5.88,156.36,171.57,18.0,2.2,1.1,2.42,0.22,532.4,300.68,0.515
3182,9.01,10.65,96.03,20.13,2.49,2.2,1.1,2.42,0.22,532.4,332.57,0.507
3183,7.33,8.34,61.12,71.69,4.77,2.2,1.1,2.42,0.22,532.4,397.71,0.542
3184,28.22,23.99,677.13,358.43,43.91,2.2,1.1,2.42,0.22,532.4,435.82,0.542
3185,23.1,6.4,147.85,202.43,27.83,2.2,1.1,2.42,0.22,532.4,400.63,0.5
3186,28.62,27.42,784.85,279.08,20.01,2.2,1.1,2.42,0.22,532.4,335.66,0.53
3187,21.96,12.22,268.22,233.7,39.33,2.2,1.1,2.42,0.22,532.4,265.85,0.569
3188,18.27,13.15,240.34,77.76,26.86,2.2,1.1,2.42,0.22,532.4,429.04,0.538
3189,5.18,14.58,75.45,4.31,16.8,2.2,1.1,2.42,0.22,532.4,404.95,0.542
3190,30.96,27.99,866.6,224.62,27.34,2.2,1.1,2.42,0.22,532.4,425.48,0.522
3191,23.68,21.47,508.35,340.21,29.84,2.2,1.1,2.42,0.22,532.4,376.44,0.505
3192,28.41,16.31,463.23,263.62,39.4,2.2,1.1,2.42,0.22,532.4,271.86,0.56
3193,46.88,10.17,476.82,71.65,7.76,2.2,1.1,2.42,0.22,532.4,348.17,0.543
3194,6.69,21.07,140.9,56.17,32.9,2.2,1.1,2.42,0.22,532.4,433.5,0.51
3195,43.66,22.24,971.05,250.07,19.32,2.2,1.1,2.42,0.22,532.4,277.97,0.539
3196,31.67,26.93,853.07,33.46,7.77,2.2,1.1,2.42,0.22,532.4,352.87,0.553
3197,26.26,19.83,520.63,223.61,42.24,2.2,1.1,2.42,0.22,532.4,395.56,0.516
3198,11.34,15.0,170.12,343.03,12.09,2.2,1.1,2.42,0.22,532.4,364.87,0.541
3199,22.0,21.99,483.88,267.15,32.01,2.2,1.1,2.42,0.22,532.4,424.61,0.535
3200,19.06,6.43,122.52,30.8,17.94,2.2,1.1,2.42,0.22,532.4,422.7,0.513
3201,6.02,29.78,179.38,185.07,34.25,2.2,1.1,2.42,0.22,532.4,338.04,0.521
3202,26.4,24.79,654.45,97.8,5.4,2.2,1.1,2.42,0.22,532.4,345.02,0.563
3203,41.44,18.4,762.54,224.93,41.69,2.2,1.1,2.42,0.22,532.4,310.58,0.558
3204,26.6,29.1,774.06,306.69,34.31,2.2,1.1,2.42,0.22,532.4,495.7,0.55
3205,25.83,28.5,736.2,186.51,13.22,2.2,1.1,2.42,0.22,532.4,384.17,0.499
3206,33.2,28.36,941.58,112.18,42.21,2.2,1.1,2.42,0.22,532.4,407.57,0.547
3207,25.26,18.76,473.89,228.79,1.88,2.2,1.1,2.42,0.22,532.4,326.99,0.505
3208,46.25,22.81,1055.11,167.58,0.14,2.2,1.1,2.42,0.22,532.4,430.97,0.494
3209,12.62,26.58,335.39,236.16,22.64,2.2,1.1,2.42,0.22,532.4,325.7,0.553
3210,6.97,29.59,206.09,191.49,3.75,2.2,1.1,2.42,0.22,532.4,386.65,0.537
3211,25.25,21.53,543.6,309.78,39.75,2.2,1.1,2.42,0.22,532.4,447.6,0.509
3212,49.36,26.23,1294.57,129.62,19.02,2.2,1.1,2.42,0.22,532.4,270.84,0.512
3213,27.97,19.2,537.06,264.88,5.99,2.2,1.1,2.42,0.22,532.4,426.58,0.524
3214,46.12,15.15,698.57,214.97,17.5,2.2,1.1,2.42,0.22,532.4,356.85,0.505
3215,33.28,13.95,464.09,244.16,44.74,2.2,1.1,2.42,0.22,532.4,441.31,0.523
3216,34.84,29.18,1016.58,64.64,24.09,2.2,1.1,2.42,0.22,532.4,387.4,0.532
3217,24.09,16.76,403.65,40.89,0.58,2.2,1.1,2.42,0.22,532.4,265.41,0.528
3218,36.17,17.96,649.64,84.76,28.16,2.2,1.1,2.42,0.22,532.4,560.0,0.482
3219,7.43,13.36,99.25,79.76,40.46,2.2,1.1,2.42,0.22,532.4,309.86,0.521
3220,48.5,21.0,1018.49,52.27,44.38,2.2,1.1,2.42,0.22,532.4,361.9,0.538
3221,46.49,19.63,912.75,344.69,19.89,2.2,1.1,2.42,0.22,532.4,360.73,0.536
3222,13.12,28.26,370.95,331.1,31.87,2.2,1.1,2.42,0.22,532.4,421.02,0.552
3223,44.63,28.45,1269.79,41.6,38.77,2.2,1.1,2.42,0.22,532.4,349.89,0.52
3224,21.37,20.44,436.72,168.25,34.71,2.2,1.1,2.42,0.22,532.4,252.21,0.573
3225,12.28,15.02,184.43,333.8,23.49,2.2,1.1,2.42,0.22,532.4,294.03,0.537
3226,20.68,28.9,597.7,329.15,6.62,2.2,1.1,2.42,0.22,532.4,318.28,0.525
3227,11.36,27.11,308.07,182.0,0.74,2.2,1.1,2.42,0.22,532.4,406.04,0.504
3228,28.23,9.93,280.27,276.46,7.97,2.2,1.1,2.42,0.22,532.4,271.59,0.512
3229,48.71,12.54,610.6,154.55,0.87,2.2,1.1,2.42,0.22,532.4,379.68,0.501
3230,8.66,21.44,185.7,324.97,30.27,2.2,1.1,2.42,0.22,532.4,476.79,0.52
3231,17.44,8.29,144.7,187.76,0.13,2.2,1.1,2.42,0.22,532.4,521.79,0.496
3232,39.72,9.37,372.3,89.06,2.08,2.2,1.1,2.42,0.22,532.4,336.29,0.534
3233,37.78,13.74,519.05,331.84,26.91,2.2,1.1,2.42,0.22,532.4,423.77,0.523
3234,30.69,7.61,233.57,254.81,11.57,2.2,1.1,2.42,0.22,532.4,405.96,0.539
3235,37.45,29.98,1122.54,326.04,25.32,2.2,1.1,2.42,0.22,532.4,408.3,0.521
3236,6.43,8.94,57.44,226.3,8.18,2.2,1.1,2.42,0.22,532.4,365.92,0.533
3237,24.74,19.37,479.15,127.79,1.1,2.2,1.1,2.42,0.22,532.4,313.19,0.527
3238,19.84,25.79,511.64,97.54,8.6,2.2,1.1,2.42,0.22,532.4,244.35,0.58
3239,19.83,26.0,515.58,286.05,26.44,2.2,1.1,2.42,0.22,532.4,346.81,0.519
3240,34.1,10.59,361.09,308.51,44.74,2.2,1.1,2.42,0.22,532.4,370.63,0.547
3241,16.67,20.78,346.42,349.06,28.78,2.2,1.1,2.42,0.22,532.4,450.11,0.538
3242,45.45,7.51,341.16,252.74,17.07,2.2,1.1,2.42,0.22,532.4,298.94,0.528
3243,21.96,22.03,483.85,227.55,10.65,2.2,1.1,2.42,0.22,532.4,424.65,0.521
3244,19.63,24.06,472.23,326.53,8.17,2.2,1.1,2.42,0.22,532.4,480.63,0.548
3245,28.77,16.67,479.46,311.0,22.08,2.2,1.1,2.42,0.22,532.4,390.78,0.578
3246,10.26,27.0,276.92,15.13,24.03,2.2,1.1,2.42,0.22,532.4,353.9,0.555
3247,14.47,27.33,395.52,212.43,44.79,2.2,1.1,2.42,0.22,532.4,308.16,0.54
3248,42.55,5.99,254.87,155.53,30.69,2.2,1.1,2.42,0.22,532.4,417.78,0.511
3249,23.97,27.91,669.01,227.54,36.69,2.2,1.1,2.42,0.22,532.4,476.72,0.53
3250,11.83,27.27,322.63,214.63,7.9,2.2,1.1,2.42,0.22,532.4,516.19,0.521
3251,37.1,19.06,707.35,260.96,12.37,2.2,1.1,2.42,0.22,532.4,443.1,0.516
3252,36.31,27.81,1009.82,185.2,7.5,2.2,1.1,2.42,0.22,532.4,316.56,0.564
3253,48.54,19.33,938.22,192.21,29.59,2.2,1.1,2.42,0.22,532.4,325.0,0.547
3254,19.73,26.57,524.19,152.27,0.87,2.2,1.1,2.42,0.22,532.4,338.84,0.543
3255,31.1,24.92,775.26,161.58,35.57,2.2,1.1,2.42,0.22,532.4,370.96,0.559
3256,43.15,11.32,488.56,181.32,0.58,2.2,1.1,2.42,0.22,532.4,393.76,0.511
3257,14.54,15.39,223.7,106.38,32.44,2.2,1.1,2.42,0.22,532.4,350.08,0.532
3258,11.84,15.09,178.7,183.5,6.38,2.2,1.1,2.42,0.22,532.4,543.64,0.49
3259,38.59,21.79,840.87,207.32,10.66,2.2,1.1,2.42,0.22,532.4,341.27,0.507
3260,18.62,29.34,546.21,347.55,32.14,2.2,1.1,2.42,0.22,532.4,449.88,0.535
3261,19.55,13.44,262.71,343.64,36.07,2.2,1.1,2.42,0.22,532.4,425.02,0.528
3262,39.06,23.6,922.04,284.34,2.17,2.2,1.1,2.42,0.22,532.4,422.68,0.495
3263,5.76,7.96,45.83,210.41,33.57,2.2,1.1,2.42,0.22,532.4,329.79,0.511
3264,45.47,25.09,1140.74,6.87,41.43,2.2,1.1,2.42,0.22,532.4,466.34,0.507
3265,16.41,24.74,406.02,152.93,38.94,2.2,1.1,2.42,0.22,532.4,290.76,0.549
3266,7.88,15.25,120.19,47.32,6.52,2.2,1.1,2.42,0.22,532.4,348.25,0.542
3267,44.09,17.24,759.98,160.42,40.12,2.2,1.1,2.42,0.22,532.4,372.1,0.568
3268,6.8,22.23,151.23,202.88,27.44,2.2,1.1,2.42,0.22,532.4,282.29,0.522
3269,22.13,27.98,619.2,89.13,31.37,2.2,1.1,2.42,0.22,532.4,489.63,0.501
3270,36.08,11.43,412.24,4.48,28.41,2.2,1.1,2.42,0.22,532.4,430.54,0.542
3271,28.82,26.17,754.26,326.98,33.62,2.2,1.1,2.42,0.22,532.4,321.49,0.529
3272,37.04,27.68,1025.42,110.23,27.69,2.2,1.1,2.42,0.22,532.4,351.23,0.508
3273,34.42,28.41,977.73,108.54,32.8,2.2,1.1,2.42,0.22,532.4,327.45,0.524
3274,38.26,28.03,1072.56,11.74,13.8,2.2,1.1,2.42,0.22,532.4,395.29,0.528
3275,17.45,11.85,206.78,278.92,44.27,2.2,1.1,2.42,0.22,532.4,327.22,0.495
3276,6.19,6.72,41.64,175.69,12.0,2.2,1.1,2.42,0.22,532.4,439.7,0.538
3277,32.12,13.1,420.84,76.53,28.0,2.2,1.1,2.42,0.22,532.4,304.53,0.555
3278,46.78,20.84,974.85,215.55,19.04,2.2,1.1,2.42,0.22,532.4,416.16,0.538
3279,15.59,18.01,280.66,85.64,19.29,2.2,1.1,2.42,0.22,532.4,276.14,0.542
3280,36.67,16.72,613.33,308.2,25.23,2.2,1.1,2.42,0.22,532.4,398.96,0.5
3281,9.45,29.4,277.76,0.68,25.88,2.2,1.1,2.42,0.22,532.4,507.28,0.538
3282,38.84,23.64,917.95,64.16,15.3,2.2,1.1,2.42,0.22,532.4,338.47,0.495
3283,7.88,27.04,212.99,327.44,44.93,2.2,1.1,2.42,0.22,532.4,501.79,0.527
3284,10.13,8.74,88.52,246.29,32.09,2.2,1.1,2.42,0.22,532.4,408.73,0.551
3285,28.94,28.58,827.26,288.39,0.56,2.2,1.1,2.42,0.22,532.4,340.37,0.515
3286,24.51,18.54,454.57,33.67,41.57,2.2,1.1,2.42,0.22,532.4,323.31,0.525
3287,6.47,17.84,115.49,351.87,7.17,2.2,1.1,2.42,0.22,532.4,303.49,0.471
3288,12.89,11.98,154.43,337.37,40.26,2.2,1.1,2.42,0.22,532.4,467.79,0.558
3289,30.97,26.67,825.88,258.37,43.95,2.2,1.1,2.42,0.22,532.4,430.52,0.541
3290,24.38,19.44,474.02,61.43,24.21,2.2,1.1,2.42,0.22,532.4,376.63,0.535
3291,31.45,15.99,503.07,178.75,33.03,2.2,1.1,2.42,0.22,532.4,469.58,0.515
3292,28.63,28.01,801.84,351.19,21.76,2.2,1.1,2.42,0.22,532.4,275.54,0.549
3293,15.56,13.56,210.98,314.93,4.49,2.2,1.1,2.42,0.22,532.4,428.9,0.555
3294,32.82,22.91,752.08,332.51,20.9,2.2,1.1,2.42,0.22,532.4,375.47,0.502
3295,20.17,19.03,383.78,160.31,22.77,2.2,1.1,2.42,0.22,532.4,465.24,0.497
3296,29.89,20.32,607.39,239.03,31.03,2.2,1.1,2.42,0.22,532.4,538.71,0.506
3297,28.75,29.08,835.95,342.29,21.69,2.2,1.1,2.42,0.22,532.4,277.91,0.521
3298,20.18,14.14,285.4,209.66,27.88,2.2,1.1,2.42,0.22,532.4,261.45,0.542
3299,23.59,21.28,501.95,36.6,15.53,2.2,1.1,2.42,0.22,532.4,335.28,0.556
3300,9.73,16.55,161.09,329.32,34.83,2.2,1.1,2.42,0.22,532.4,350.38,0.513
3301,44.86,10.7,479.97,21.38,38.76,2.2,1.1,2.42,0.22,532.4,547.88,0.474
3302,45.22,12.0,542.5,121.55,36.53,2.2,1.1,2.42,0.22,532.4,418.78,0.532
3303,35.75,28.02,1001.72,341.92,28.68,2.2,1.1,2.42,0.22,532.4,287.87,0.52
3304,42.98,6.0,257.91,206.02,38.14,2.2,1.1,2.42,0.22,532.4,534.75,0.505
3305,26.94,21.8,587.25,11.8,9.92,2.2,1.1,2.42,0.22,532.4,426.51,0.512
3306,40.42,8.27,334.38,354.79,41.82,2.2,1.1,2.42,0.22,532.4,334.82,0.504
3307,24.8,23.0,570.43,89.48,19.36,2.2,1.1,2.42,0.22,532.4,425.38,0.545
3308,5.71,5.25,30.0,179.3,38.26,2.2,1.1,2.42,0.22,532.4,376.26,0.531
3309,24.61,29.89,735.56,15.36,29.43,2.2,1.1,2.42,0.22,532.4,521.4,0.515
3310,49.73,16.03,797.16,80.37,33.84,2.2,1.1,2.42,0.22,532.4,328.99,0.521
3311,31.11,13.95,434.08,43.47,14.77,2.2,1.1,2.42,0.22,532.4,277.39,0.534
3312,9.75,10.68,104.13,192.72,36.53,2.2,1.1,2.42,0.22,532.4,491.82,0.488
3313,9.05,20.48,185.33,7.89,15.45,2.2,1.1,2.42,0.22,532.4,481.91,0.54
3314,27.21,5.86,159.48,70.51,40.08,2.2,1.1,2.42,0.22,532.4,471.76,0.565
3315,44.34,20.01,887.19,276.2,4.63,2.2,1.1,2.42,0.22,532.4,483.27,0.528
3316,45.15,16.11,727.45,67.17,0.52,2.2,1.1,2.42,0.22,532.4,543.71,0.495
3317,25.04,28.13,704.37,202.24,22.02,2.2,1.1,2.42,0.22,532.4,526.59,0.524
3318,48.6,5.8,281.92,51.97,16.47,2.2,1.1,2.42,0.22,532.4,518.7,0.526
3319,16.22,20.41,331.17,125.17,7.88,2.2,1.1,2.42,0.22,532.4,351.29,0.563
3320,30.79,27.51,847.08,265.34,3.05,2.2,1.1,2.42,0.22,532.4,442.54,0.528
3321,39.19,8.35,327.36,184.67,10.59,2.2,1.1,2.42,0.22,532.4,386.28,0.521
3322,11.95,20.64,246.77,268.45,24.95,2.2,1.1,2.42,0.22,532.4,408.38,0.547
3323,28.6,17.43,498.67,163.97,23.0,2.2,1.1,2.42,0.22,532.4,392.35,0.552
3324,36.14,9.06,327.32,208.2,4.14,2.2,1.1,2.42,0.22,532.4,383.37,0.557
3325,28.42,11.69,332.07,142.69,2.32,2.2,1.1,2.42,0.22,532.4,430.61,0.502
3326,15.41,9.2,141.77,141.75,13.13,2.2,1.1,2.42,0.22,532.4,352.37,0.501
3327,41.73,14.92,622.61,104.38,24.17,2.2,1.1,2.42,0.22,532.4,456.37,0.52
3328,33.24,16.05,533.65,53.6,21.96,2.2,1.1,2.42,0.22,532.4,511.79,0.525
3329,39.26,28.5,1119.18,11.78,28.02,2.2,1.1,2.42,0.22,532.4,287.14,0.531
3330,39.71,25.07,995.74,294.62,11.75,2.2,1.1,2.42,0.22,532.4,338.08,0.497
3331,38.25,17.53,670.41,199.36,32.53,2.2,1.1,2.42,0.22,532.4,340.28,0.526
3332,7.64,22.6,172.65,221.02,28.95,2.2,1.1,2.42,0.22,532.4,422.32,0.532
3333,25.59,29.83,763.23,44.1,13.82,2.2,1.1,2.42,0.22,532.4,368.48,0.487
3334,35.67,14.41,513.92,233.13,26.88,2.2,1.1,2.42,0.22,532.4,469.86,0.532
3335,11.4,6.19,70.55,278.54,8.63,2.2,1.1,2.42,0.22,532.4,490.4,0.526
3336,5.09,22.93,116.62,112.58,18.33,2.2,1.1,2.42,0.22,532.4,507.01,0.502
3337,32.66,27.95,912.84,48.59,1.94,2.2,1.1,2.42,0.22,532.4,443.59,0.564
3338,16.77,17.47,292.94,48.57,18.09,2.2,1.1,2.42,0.22,532.4,469.15,0.509
3339,34.73,25.8,895.99,325.63,34.43,2.2,1.1,2.42,0.22,532.4,493.92,0.499
3340,49.71,24.02,1194.26,280.72,3.53,2.2,1.1,2.42,0.22,532.4,448.44,0.51
3341,14.73,27.62,406.84,36.91,17.41,2.2,1.1,2.42,0.22,532.4,306.29,0.489
3342,45.04,11.95,538.03,239.97,41.01,2.2,1.1,2.42,0.22,532.4,417.93,0.514
3343,18.55,27.24,505.35,290.47,29.86,2.2,1.1,2.42,0.22,532.4,472.69,0.527
3344,41.76,26.41,1102.96,238.66,9.64,2.2,1.1,2.42,0.22,532.4,354.73,0.496
3345,40.41,24.22,978.61,133.31,11.66,2.2,1.1,2.42,0.22,532.4,340.6,0.531
3346,15.07,16.69,251.46,52.32,34.37,2.2,1.1,2.42,0.22,532.4,319.27,0.481
3347,45.31,12.61,571.57,208.1,24.19,2.2,1.1,2.42,0.22,532.4,482.7,0.513
3348,16.56,28.28,468.2,233.37,33.61,2.2,1.1,2.42,0.22,532.4,307.41,0.535
3349,44.12,19.17,845.93,249.73,16.37,2.2,1.1,2.42,0.22,532.4,291.75,0.513
3350,26.64,17.38,463.04,155.99,0.18,2.2,1.1,2.42,0.22,532.4,266.76,0.535
3351,9.77,17.6,171.98,102.11,30.66,2.2,1.1,2.42,0.22,532.4,388.38,0.541
3352,39.74,11.59,460.68,225.44,15.41,2.2,1.1,2.42,0.22,532.4,485.84,0.501
3353,22.35,20.9,467.04,242.48,37.08,2.2,1.1,2.42,0.22,532.4,365.25,0.487
3354,43.44,12.59,546.99,91.13,36.62,2.2,1.1,2.42,0.22,532.4,343.45,0.541
3355,49.18,14.37,706.48,258.09,44.36,2.2,1.1,2.42,0.22,532.4,329.44,0.53
3356,45.12,14.8,667.9,351.75,4.34,2.2,1.1,2.42,0.22,532.4,435.21,0.522
3357,38.98,19.42,756.87,337.72,10.53,2.2,1.1,2.42,0.22,532.4,299.1,0.519
3358,10.81,29.31,316.87,97.27,17.54,2.2,1.1,2.42,0.22,532.4,361.55,0.496
3359,17.39,10.38,180.58,76.88,26.89,2.2,1.1,2.42,0.22,532.4,522.41,0.524
3360,45.43,5.02,227.95,232.95,35.93,2.2,1.1,2.42,0.22,532.4,387.18,0.513
3361,9.15,11.94,109.25,255.15,12.96,2.2,1.1,2.42,0.22,532.4,315.32,0.531
3362,46.87,13.91,652.08,149.72,32.91,2.2,1.1,2.42,0.22,532.4,303.37,0.51
3363,7.78,13.31,103.54,68.35,39.64,2.2,1.1,2.42,0.22,532.4,331.32,0.523
3364,6.71,28.89,193.9,359.62,41.82,2.2,1.1,2.42,0.22,532.4,300.27,0.54
3365,30.46,15.84,482.55,237.37,32.86,2.2,1.1,2.42,0.22,532.4,438.79,0.532
3366,33.68,16.36,550.85,235.2,39.16,2.2,1.1,2.42,0.22,532.4,496.41,0.53
3367,46.43,11.42,530.0,5.82,13.01,2.2,1.1,2.42,0.22,532.4,498.88,0.553
3368,19.88,20.8,413.37,317.63,3.59,2.2,1.1,2.42,0.22,532.4,509.94,0.506
3369,36.19,8.76,316.88,283.63,21.87,2.2,1.1,2.42,0.22,532.4,353.52,0.515
3370,37.52,6.37,238.95,33.58,8.58,2.2,1.1,2.42,0.22,532.4,405.02,0.53
3371,13.3,25.88,344.22,314.59,17.02,2.2,1.1,2.42,0.22,532.4,374.51,0.521
3372,21.55,13.14,283.31,286.5,43.26,2.2,1.1,2.42,0.22,532.4,408.98,0.524
3373,49.36,20.34,1004.02,285.24,42.35,2.2,1.1,2.42,0.22,532.4,305.39,0.579
3374,38.23,10.84,414.38,28.34,14.05,2.2,1.1,2.42,0.22,532.4,272.75,0.506
3375,8.03,22.25,178.7,251.51,32.78,2.2,1.1,2.42,0.22,532.4,304.85,0.54
3376,11.37,18.86,214.45,205.36,7.3,2.2,1.1,2.42,0.22,532.4,367.71,0.526
3377,48.2,26.22,1263.77,89.78,0.08,2.2,1.1,2.42,0.22,532.4,306.05,0.522
3378,41.74,26.93,1123.95,10.92,8.8,2.2,1.1,2.42,0.22,532.4,298.49,0.536
3379,39.86,5.2,207.27,127.3,30.6,2.2,1.1,2.42,0.22,532.4,513.29,0.517
3380,20.77,9.78,203.01,291.0,6.43,2.2,1.1,2.42,0.22,532.4,465.15,0.551
3381,39.63,28.46,1127.84,160.04,5.03,2.2,1.1,2.42,0.22,532.4,461.9,0.552
3382,29.64,14.99,444.43,222.0,33.27,2.2,1.1,2.42,0.22,532.4,465.73,0.543
3383,48.76,15.22,742.04,180.86,37.69,2.2,1.1,2.42,0.22,532.4,383.15,0.556
3384,43.09,29.78,1283.01,199.78,12.23,2.2,1.1,2.42,0.22,532.4,520.75,0.52
3385,42.22,18.47,779.64,359.29,0.14,2.2,1.1,2.42,0.22,532.4,545.71,0.494
3386,34.32,12.16,417.46,49.6,8.62,2.2,1.1,2.42,0.22,532.4,293.37,0.544
3387,29.59,16.93,500.89,46.78,13.89,2.2,1.1,2.42,0.22,532.4,472.24,0.547
3388,14.76,15.35,226.66,72.5,11.68,2.2,1.1,2.42,0.22,532.4,439.63,0.548
3389,42.9,20.45,877.14,222.88,18.57,2.2,1.1,2.42,0.22,532.4,395.42,0.523
3390,21.96,21.84,479.77,161.59,14.73,2.2,1.1,2.42,0.22,532.4,309.73,0.523
3391,31.43,14.38,451.87,123.17,24.97,2.2,1.1,2.42,0.22,532.4,444.7,0.518
3392,17.11,26.3,449.93,64.85,41.92,2.2,1.1,2.42,0.22,532.4,319.68,0.519
3393,45.73,21.84,998.5,27.89,37.14,2.2,1.1,2.42,0.22,532.4,337.08,0.51
3394,32.49,10.33,335.56,23.68,20.65,2.2,1.1,2.42,0.22,532.4,469.31,0.549
3395,12.48,28.88,360.56,203.22,21.79,2.2,1.1,2.42,0.22,532.4,423.95,0.506
3396,9.95,28.59,284.45,230.89,29.4,2.2,1.1,2.42,0.22,532.4,460.61,0.505
3397,26.63,14.17,377.5,1.14,11.18,2.2,1.1,2.42,0.22,532.4,447.42,0.516
3398,30.18,22.96,692.89,218.09,18.86,2.2,1.1,2.42,0.22,532.4,393.16,0.54
3399,9.28,14.08,130.61,154.38,38.18,2.2,1.1,2.42,0.22,532.4,358.32,0.543
3400,35.21,6.33,222.73,291.73,25.27,2.2,1.1,2.42,0.22,532.4,397.67,0.576
3401,38.99,27.16,1058.93,132.81,31.53,2.2,1.1,2.42,0.22,532.4,425.86,0.52
3402,41.39,14.71,608.89,48.44,27.74,2.2,1.1,2.42,0.22,532.4,354.38,0.528
3403,27.41,29.44,806.84,212.17,42.24,2.2,1.1,2.42,0.22,532.4,420.2,0.53
3404,45.07,19.84,893.93,207.33,37.87,2.2,1.1,2.42,0.22,532.4,297.61,0.544
3405,31.66,28.74,909.97,169.8,33.97,2.2,1.1,2.42,0.22,532.4,460.71,0.529
3406,9.1,24.83,225.94,163.08,17.69,2.2,1.1,2.42,0.22,532.4,291.46,0.531
3407,40.27,11.11,447.41,271.68,1.18,2.2,1.1,2.42,0.22,532.4,263.46,0.526
3408,7.0,6.04,42.26,236.18,17.34,2.2,1.1,2.42,0.22,532.4,496.75,0.519
3409,20.48,16.47,337.24,3.79,11.88,2.2,1.1,2.42,0.22,532.4,362.79,0.551
3410,26.62,7.64,203.28,170.21,6.17,2.2,1.1,2.42,0.22,532.4,460.49,0.527
3411,27.11,6.5,176.12,170.17,26.18,2.2,1.1,2.42,0.22,532.4,341.79,0.519
3412,27.58,11.77,324.54,11.86,24.71,2.2,1.1,2.42,0.22,532.4,481.17,0.546
3413,11.1,16.53,183.55,356.22,21.4,2.2,1.1,2.42,0.22,532.4,471.31,0.526
3414,42.12,15.5,653.01,148.42,22.34,2.2,1.1,2.42,0.22,532.4,480.61,0.511
3415,24.0,22.16,531.89,85.17,26.93,2.2,1.1,2.42,0.22,532.4,305.43,0.523
3416,22.87,8.86,202.63,18.04,13.67,2.2,1.1,2.42,0.22,532.4,310.19,0.548
3417,35.17,9.92,348.82,94.61,5.34,2.2,1.1,2.42,0.22,532.4,286.08,0.525
3418,11.35,26.83,304.45,296.13,15.77,2.2,1.1,2.42,0.22,532.4,410.81,0.547
3419,43.49,25.4,1104.73,54.98,21.62,2.2,1.1,2.42,0.22,532.4,305.35,0.545
3420,32.73,5.61,183.53,350.25,33.62,2.2,1.1,2.42,0.22,532.4,357.35,0.504
3421,17.41,8.44,146.87,11.24,40.56,2.2,1.1,2.42,0.22,532.4,308.89,0.577
3422,7.31,8.57,62.63,48.72,6.79,2.2,1.1,2.42,0.22,532.4,501.6,0.55
3423,42.87,25.31,1085.21,265.48,13.71,2.2,1.1,2.42,0.22,532.4,369.71,0.498
3424,18.94,19.98,378.46,146.35,30.54,2.2,1.1,2.42,0.22,532.4,370.82,0.561
3425,39.15,11.61,454.48,42.7,21.57,2.2,1.1,2.42,0.22,532.4,500.63,0.5
3426,27.91,15.81,441.26,100.62,23.16,2.2,1.1,2.42,0.22,532.4,496.17,0.531
3427,6.66,10.88,72.44,219.66,16.08,2.2,1.1,2.42,0.22,532.4,492.53,0.505
3428,31.47,16.53,520.31,169.98,7.1,2.2,1.1,2.42,0.22,532.4,424.93,0.557
3429,43.55,14.37,625.92,199.62,35.71,2.2,1.1,2.42,0.22,532.4,455.43,0.526
3430,42.71,18.15,775.1,307.19,16.44,2.2,1.1,2.42,0.22,532.4,441.33,0.534
3431,33.51,5.53,185.17,153.03,19.06,2.2,1.1,2.42,0.22,532.4,392.08,0.533
3432,39.43,26.16,1031.5,143.93,11.58,2.2,1.1,2.42,0.22,532.4,431.64,0.563
3433,14.78,10.16,150.18,30.06,17.97,2.2,1.1,2.42,0.22,532.4,507.68,0.529
3434,20.05,26.11,523.5,27.06,27.31,2.2,1.1,2.42,0.22,532.4,491.68,0.524
3435,26.84,24.39,654.69,179.12,13.58,2.2,1.1,2.42,0.22,532.4,503.43,0.523
3436,44.41,23.32,1035.67,54.96,21.26,2.2,1.1,2.42,0.22,532.4,420.68,0.51
3437,33.44,6.02,201.23,214.64,24.63,2.2,1.1,2.42,0.22,532.4,474.41,0.528
3438,48.12,26.61,1280.38,290.56,21.11,2.2,1.1,2.42,0.22,532.4,380.69,0.538
3439,35.0,19.7,689.45,139.0,43.56,2.2,1.1,2.42,0.22,532.4,497.7,0.535
3440,18.41,11.1,204.42,207.95,15.15,2.2,1.1,2.42,0.22,532.4,407.15,0.526
3441,43.14,27.3,1177.61,244.09,26.69,2.2,1.1,2.42,0.22,532.4,437.23,0.537
3442,35.92,8.06,289.38,78.86,8.61,2.2,1.1,2.42,0.22,532.4,445.1,0.521
3443,41.82,9.36,391.4,284.16,9.86,2.2,1.1,2.42,0.22,532.4,385.37,0.528
3444,21.56,16.19,349.15,299.0,19.24,2.2,1.1,2.42,0.22,532.4,516.11,0.477
3445,48.1,5.38,258.99,184.64,11.38,2.2,1.1,2.42,0.22,532.4,360.86,0.495
3446,35.38,16.95,599.53,61.97,11.63,2.2,1.1,2.42,0.22,532.4,336.22,0.538
3447,46.98,14.67,689.17,186.18,19.67,2.2,1.1,2.42,0.22,532.4,339.55,0.511
3448,16.47,11.44,188.45,22.23,24.97,2.2,1.1,2.42,0.22,532.4,515.31,0.538
3449,17.64,6.07,106.98,84.38,32.56,2.2,1.1,2.42,0.22,532.4,513.83,0.502
3450,24.0,29.1,698.43,179.14,10.66,2.2,1.1,2.42,0.22,532.4,279.1,0.524
3451,8.18,29.69,243.03,178.34,25.37,2.2,1.1,2.42,0.22,532.4,264.77,0.527
3452,42.84,19.53,836.7,315.99,8.96,2.2,1.1,2.42,0.22,532.4,459.05,0.501
3453,47.43,27.77,1317.42,53.23,29.25,2.2,1.1,2.42,0.22,532.4,376.66,0.544
3454,8.06,29.45,237.42,50.27,37.66,2.2,1.1,2.42,0.22,532.4,267.83,0.532
3455,39.96,17.8,711.46,342.92,18.39,2.2,1.1,2.42,0.22,532.4,302.08,0.496
3456,15.51,12.97,201.16,200.89,42.68,2.2,1.1,2.42,0.22,532.4,443.24,0.503
3457,12.44,26.88,334.28,292.47,4.76,2.2,1.1,2.42,0.22,532.4,375.88,0.487
3458,25.55,25.55,652.56,284.73,41.36,2.2,1.1,2.42,0.22,532.4,326.13,0.542
3459,22.05,10.07,222.1,235.92,38.71,2.2,1.1,2.42,0.22,532.4,416.05,0.547
3460,17.93,7.38,132.43,75.03,5.34,2.2,1.1,2.42,0.22,532.4,316.5,0.525
3461,22.88,15.55,355.87,161.13,38.0,2.2,1.1,2.42,0.22,532.4,504.84,0.504
3462,45.45,22.75,1033.89,30.72,7.94,2.2,1.1,2.42,0.22,532.4,427.23,0.52
3463,18.6,19.54,363.47,4.8,23.49,2.2,1.1,2.42,0.22,532.4,348.23,0.538
3464,28.95,24.84,719.04,83.18,6.84,2.2,1.1,2.42,0.22,532.4,525.92,0.506
3465,32.93,29.95,986.5,199.05,33.17,2.2,1.1,2.42,0.22,532.4,319.68,0.532
3466,27.42,13.62,373.39,256.06,24.52,2.2,1.1,2.42,0.22,532.4,307.86,0.522
3467,23.51,5.65,132.79,244.79,8.1,2.2,1.1,2.42,0.22,532.4,301.88,0.48
3468,7.3,7.1,51.78,354.08,37.23,2.2,1.1,2.42,0.22,532.4,437.82,0.486
3469,20.01,17.26,345.22,170.56,27.69,2.2,1.1,2.42,0.22,532.4,419.22,0.508
3470,46.76,27.23,1273.38,35.83,13.28,2.2,1.1,2.42,0.22,532.4,406.89,0.508
3471,38.05,12.81,487.21,171.6,31.97,2.2,1.1,2.42,0.22,532.4,345.04,0.504
3472,36.12,28.23,1019.64,198.79,16.8,2.2,1.1,2.42,0.22,532.4,270.98,0.527
3473,47.69,23.65,1127.73,293.99,31.21,2.2,1.1,2.42,0.22,532.4,328.48,0.521
3474,38.88,23.64,919.31,86.5,26.96,2.2,1.1,2.42,0.22,532.4,425.81,0.509
3475,6.23,11.13,69.28,188.69,27.14,2.2,1.1,2.42,0.22,532.4,452.56,0.512
3476,24.76,5.84,144.74,144.02,3.53,2.2,1.1,2.42,0.22,532.4,553.82,0.49
3477,7.92,28.79,228.02,164.48,26.68,2.2,1.1,2.42,0.22,532.4,436.83,0.505
3478,14.98,5.16,77.31,152.2,34.14,2.2,1.1,2.42,0.22,532.4,296.52,0.487
3479,41.01,16.35,670.34,42.67,0.67,2.2,1.1,2.42,0.22,532.4,390.48,0.58
3480,48.53,28.76,1395.83,311.08,3.77,2.2,1.1,2.42,0.22,532.4,402.36,0.507
3481,41.14,19.7,810.57,11.97,4.2,2.2,1.1,2.42,0.22,532.4,506.84,0.539
3482,23.54,21.75,512.04,51.69,21.28,2.2,1.1,2.42,0.22,532.4,472.39,0.519
3483,7.15,5.68,40.67,128.53,29.81,2.2,1.1,2.42,0.22,532.4,499.32,0.539
3484,19.55,24.64,481.68,344.77,39.96,2.2,1.1,2.42,0.22,532.4,332.1,0.51
3485,36.24,19.17,694.69,355.43,8.79,2.2,1.1,2.42,0.22,532.4,309.22,0.557
3486,29.68,13.19,391.48,114.18,29.21,2.2,1.1,2.42,0.22,532.4,293.01,0.514
3487,15.24,16.73,255.01,103.18,10.71,2.2,1.1,2.42,0.22,532.4,344.13,0.54
3488,12.94,24.08,311.59,209.07,43.11,2.2,1.1,2.42,0.22,532.4,387.16,0.563
3489,17.8,5.11,90.98,1.94,28.59,2.2,1.1,2.42,0.22,532.4,277.48,0.516
3490,5.16,17.15,88.49,341.29,41.63,2.2,1.1,2.42,0.22,532.4,473.21,0.541
3491,22.88,15.34,351.06,157.57,27.03,2.2,1.1,2.42,0.22,532.4,399.02,0.538
3492,36.38,14.23,517.67,128.28,35.37,2.2,1.1,2.42,0.22,532.4,411.14,0.534
3493,40.56,13.79,559.4,231.31,29.77,2.2,1.1,2.42,0.22,532.4,287.69,0.535
3494,29.87,20.81,621.55,253.11,8.02,2.2,1.1,2.42,0.22,532.4,344.19,0.568
3495,35.74,28.99,1036.2,228.53,14.25,2.2,1.1,2.42,0.22,532.4,347.21,0.514
3496,14.69,29.22,429.26,48.56,43.84,2.2,1.1,2.42,0.22,532.4,356.37,0.512
3497,7.33,14.05,103.05,214.13,21.99,2.2,1.1,2.42,0.22,532.4,459.49,0.549
3498,24.96,5.79,144.6,79.06,38.29,2.2,1.1,2.42,0.22,532.4,330.38,0.52
3499,46.46,28.83,1339.22,80.96,15.94,2.2,1.1,2.42,0.22,532.4,458.81,0.514
3500,34.4,6.86,235.79,21.84,11.43,2.2,1.1,2.42,0.22,532.4,510.96,0.538
3501,24.76,8.05,199.34,233.0,21.32,2.2,1.1,2.42,0.22,532.4,341.8,0.526
3502,43.49,5.86,255.01,65.3,36.74,2.2,1.1,2.42,0.22,532.4,516.3,0.51
3503,19.63,20.06,393.66,154.94,43.62,2.2,1.1,2.42,0.22,532.4,509.61,0.528
3504,47.37,25.59,1212.13,307.5,11.23,2.2,1.1,2.42,0.22,532.4,309.81,0.557
3505,32.43,18.26,592.14,315.76,27.31,2.2,1.1,2.42,0.22,532.4,363.72,0.549
3506,44.13,20.65,911.5,98.01,3.54,2.2,1.1,2.42,0.22,532.4,461.18,0.518
3507,39.68,22.26,883.16,117.43,12.82,2.2,1.1,2.42,0.22,532.4,288.36,0.525
3508,31.1,28.4,883.27,177.81,17.1,2.2,1.1,2.42,0.22,532.4,367.02,0.507
3509,35.01,5.28,184.73,65.22,27.82,2.2,1.1,2.42,0.22,532.4,468.51,0.51
3510,40.53,19.87,805.4,242.49,40.69,2.2,1.1,2.42,0.22,532.4,312.77,0.493
3511,20.04,25.07,502.26,265.42,3.4,2.2,1.1,2.42,0.22,532.4,487.48,0.531
3512,34.65,6.17,213.82,121.17,2.33,2.2,1.1,2.42,0.22,532.4,374.45,0.489
3513,36.57,19.05,696.67,248.78,18.29,2.2,1.1,2.42,0.22,532.4,492.71,0.533
3514,14.19,13.15,186.55,286.69,14.31,2.2,1.1,2.42,0.22,532.4,293.87,0.537
3515,11.25,6.0,67.5,5.94,0.1,2.2,1.1,2.42,0.22,532.4,393.53,0.497
3516,42.96,8.8,377.97,9.59,23.25,2.2,1.1,2.42,0.22,532.4,456.08,0.495
3517,8.13,27.92,227.11,278.4,30.31,2.2,1.1,2.42,0.22,532.4,347.18,0.492
3518,9.76,19.46,189.94,138.49,19.0,2.2,1.1,2.42,0.22,532.4,290.08,0.548
3519,18.66,15.75,293.8,74.48,18.09,2.2,1.1,2.42,0.22,532.4,397.51,0.542
3520,45.0,8.07,363.0,341.94,36.67,2.2,1.1,2.42,0.22,532.4,401.5,0.489
3521,45.96,12.88,591.78,303.29,8.25,2.2,1.1,2.42,0.22,532.4,308.14,0.533
3522,29.48,18.81,554.54,44.07,7.75,2.2,1.1,2.42,0.22,532.4,297.46,0.534
3523,37.7,12.81,482.72,233.87,28.83,2.2,1.1,2.42,0.22,532.4,537.03,0.494
3524,42.99,26.19,1126.06,188.44,40.67,2.2,1.1,2.42,0.22,532.4,350.54,0.497
3525,48.79,14.0,683.12,0.49,37.75,2.2,1.1,2.42,0.22,532.4,286.71,0.538
3526,31.54,9.96,314.1,173.81,31.66,2.2,1.1,2.42,0.22,532.4,471.36,0.545
3527,9.88,13.36,131.92,210.48,19.69,2.2,1.1,2.42,0.22,532.4,497.13,0.533
3528,22.6,10.34,233.78,340.83,29.59,2.2,1.1,2.42,0.22,532.4,306.12,0.508
3529,40.68,26.36,1072.29,40.01,36.06,2.2,1.1,2.42,0.22,532.4,294.71,0.52
3530,15.64,6.77,105.82,335.19,1.2,2.2,1.1,2.42,0.22,532.4,294.05,0.514
3531,11.4,8.55,97.52,103.41,16.16,2.2,1.1,2.42,0.22,532.4,291.86,0.517
3532,11.34,27.79,314.99,107.02,7.19,2.2,1.1,2.42,0.22,532.4,457.24,0.537
3533,11.28,8.2,92.55,58.49,28.71,2.2,1.1,2.42,0.22,532.4,289.94,0.499
3534,6.32,7.13,45.06,337.47,2.0,2.2,1.1,2.42,0.22,532.4,490.3,0.549
3535,17.85,19.02,339.53,147.97,0.69,2.2,1.1,2.42,0.22,532.4,448.26,0.549
3536,7.63,5.63,42.92,40.89,19.0,2.2,1.1,2.42,0.22,532.4,257.49,0.55
3537,40.09,20.69,829.49,174.71,40.19,2.2,1.1,2.42,0.22,532.4,275.89,0.519
3538,25.62,16.57,424.62,299.19,1.99,2.2,1.1,2.42,0.22,532.4,272.71,0.506
3539,10.05,17.92,180.12,182.35,18.88,2.2,1.1,2.42,0.22,532.4,399.07,0.521
3540,35.91,6.72,241.23,48.13,1.86,2.2,1.1,2.42,0.22,532.4,316.22,0.487
3541,37.21,10.94,407.25,223.98,18.7,2.2,1.1,2.42,0.22,532.4,444.47,0.56
3542,11.67,9.36,109.19,250.0,15.26,2.2,1.1,2.42,0.22,532.4,284.12,0.487
3543,46.82,19.85,929.09,313.99,10.18,2.2,1.1,2.42,0.22,532.4,423.71,0.497
3544,17.14,21.13,362.24,155.29,22.57,2.2,1.1,2.42,0.22,532.4,414.22,0.55
3545,15.92,29.81,474.56,59.43,10.07,2.2,1.1,2.42,0.22,532.4,494.21,0.515
3546,48.49,12.68,614.96,146.42,15.23,2.2,1.1,2.42,0.22,532.4,304.64,0.521
3547,26.15,20.77,543.23,145.65,26.67,2.2,1.1,2.42,0.22,532.4,272.57,0.537
3548,23.89,25.3,604.42,251.29,44.94,2.2,1.1,2.42,0.22,532.4,452.69,0.545
3549,38.27,17.3,662.05,105.76,30.19,2.2,1.1,2.42,0.22,532.4,507.34,0.504
3550,19.18,19.92,382.11,247.29,44.71,2.2,1.1,2.42,0.22,532.4,518.84,0.496
3551,5.09,18.46,93.89,201.64,10.25,2.2,1.1,2.42,0.22,532.4,400.56,0.57
3552,45.31,15.43,698.95,53.11,5.29,2.2,1.1,2.42,0.22,532.4,349.42,0.532
3553,13.74,24.7,339.49,113.27,30.01,2.2,1.1,2.42,0.22,532.4,499.25,0.555
3554,48.18,23.7,1142.05,282.38,6.07,2.2,1.1,2.42,0.22,532.4,458.73,0.524
3555,23.37,24.71,577.55,273.37,15.16,2.2,1.1,2.42,0.22,532.4,379.74,0.541
3556,8.75,14.88,130.22,257.71,25.89,2.2,1.1,2.42,0.22,532.4,313.11,0.516
3557,39.8,27.52,1095.49,312.97,6.62,2.2,1.1,2.42,0.22,532.4,420.36,0.527
3558,5.72,22.3,127.67,67.29,8.27,2.2,1.1,2.42,0.22,532.4,384.1,0.556
3559,39.78,11.69,464.99,26.29,6.08,2.2,1.1,2.42,0.22,532.4,326.43,0.535
3560,27.22,7.42,201.98,54.64,31.81,2.2,1.1,2.42,0.22,532.4,354.57,0.525
3561,32.67,6.97,227.78,6.7,26.83,2.2,1.1,2.42,0.22,532.4,342.76,0.503
3562,36.99,9.64,356.43,173.66,26.37,2.2,1.1,2.42,0.22,532.4,396.66,0.478
3563,41.86,8.48,354.97,1.69,32.62,2.2,1.1,2.42,0.22,532.4,350.13,0.575
3564,17.61,26.98,475.01,168.56,2.53,2.2,1.1,2.42,0.22,532.4,270.09,0.528
3565,33.75,26.05,879.03,162.9,26.57,2.2,1.1,2.42,0.22,532.4,502.69,0.511
3566,25.17,7.48,188.23,169.25,38.51,2.2,1.1,2.42,0.22,532.4,435.3,0.504
3567,8.83,29.47,260.29,53.82,11.06,2.2,1.1,2.42,0.22,532.4,481.0,0.511
3568,17.59,23.64,415.89,317.15,15.59,2.2,1.1,2.42,0.22,532.4,554.1,0.488
3569,15.52,11.06,171.57,268.46,13.12,2.2,1.1,2.42,0.22,532.4,345.66,0.555
3570,19.87,11.51,228.76,252.68,8.36,2.2,1.1,2.42,0.22,532.4,294.45,0.529
3571,37.25,14.77,550.13,9.92,21.79,2.2,1.1,2.42,0.22,532.4,473.79,0.485
3572,8.61,17.24,148.4,89.98,6.71,2.2,1.1,2.42,0.22,532.4,449.61,0.512
3573,35.96,7.76,278.96,182.21,26.76,2.2,1.1,2.42,0.22,532.4,472.23,0.537
3574,30.7,18.13,556.42,210.13,0.59,2.2,1.1,2.42,0.22,532.4,286.21,0.554
3575,25.22,23.16,584.28,246.44,8.14,2.2,1.1,2.42,0.22,532.4,298.79,0.546
3576,34.69,16.51,572.68,28.08,21.64,2.2,1.1,2.42,0.22,532.4,378.96,0.562
3577,7.03,9.82,68.96,155.07,37.26,2.2,1.1,2.42,0.22,532.4,277.71,0.548
3578,16.0,17.47,279.48,136.07,32.17,2.2,1.1,2.42,0.22,532.4,432.24,0.545
3579,31.78,23.1,733.98,353.79,1.56,2.2,1.1,2.42,0.22,532.4,467.04,0.503
3580,43.99,29.19,1283.95,114.73,30.6,2.2,1.1,2.42,0.22,532.4,402.94,0.555
3581,42.53,7.74,329.07,295.31,18.57,2.2,1.1,2.42,0.22,532.4,561.72,0.485
3582,27.88,7.32,204.21,253.14,44.92,2.2,1.1,2.42,0.22,532.4,302.92,0.594
3583,34.49,21.99,758.5,46.65,33.51,2.2,1.1,2.42,0.22,532.4,418.66,0.556
3584,21.08,21.71,457.65,197.24,7.55,2.2,1.1,2.42,0.22,532.4,416.53,0.522
3585,30.91,6.5,201.01,170.89,44.61,2.2,1.1,2.42,0.22,532.4,490.3,0.547
3586,7.61,12.48,94.88,77.75,17.75,2.2,1.1,2.42,0.22,532.4,449.61,0.516
3587,16.77,16.26,272.71,218.31,39.61,2.2,1.1,2.42,0.22,532.4,313.47,0.492
3588,8.91,20.44,182.02,334.76,29.18,2.2,1.1,2.42,0.22,532.4,378.15,0.502
3589,30.07,6.01,180.78,326.02,7.72,2.2,1.1,2.42,0.22,532.4,446.0,0.495
3590,27.62,5.46,150.68,146.34,13.27,2.2,1.1,2.42,0.22,532.4,343.35,0.496
3591,32.63,9.29,303.07,12.74,2.41,2.2,1.1,2.42,0.22,532.4,295.31,0.503
3592,26.6,25.79,686.14,296.09,26.56,2.2,1.1,2.42,0.22,532.4,446.63,0.513
3593,49.22,29.52,1453.12,282.01,34.45,2.2,1.1,2.42,0.22,532.4,484.27,0.519
3594,9.25,27.38,253.35,352.44,14.99,2.2,1.1,2.42,0.22,532.4,320.52,0.541
3595,45.32,11.66,528.57,255.14,34.35,2.2,1.1,2.42,0.22,532.4,537.97,0.487
3596,28.0,7.63,213.54,104.37,23.69,2.2,1.1,2.42,0.22,532.4,389.85,0.529
3597,24.7,14.45,356.92,335.91,36.68,2.2,1.1,2.42,0.22,532.4,304.01,0.512
3598,18.4,15.99,294.21,45.71,39.54,2.2,1.1,2.42,0.22,532.4,340.98,0.533
3599,46.19,26.11,1205.97,65.0,21.46,2.2,1.1,2.42,0.22,532.4,349.12,0.547
3600,5.7,5.72,32.65,251.71,23.88,2.2,1.1,2.42,0.22,532.4,351.12,0.486
3601,20.14,21.34,429.7,14.55,36.91,2.2,1.1,2.42,0.22,532.4,315.26,0.524
3602,8.32,11.77,97.86,49.41,32.73,2.2,1.1,2.42,0.22,532.4,486.18,0.49
3603,31.08,17.35,539.05,16.1,16.91,2.2,1.1,2.42,0.22,532.4,504.05,0.522
3604,45.44,23.79,1080.93,199.02,43.76,2.2,1.1,2.42,0.22,532.4,457.54,0.524
3605,12.07,21.99,265.46,304.12,8.5,2.2,1.1,2.42,0.22,532.4,413.66,0.504
3606,10.72,9.33,100.0,197.99,15.1,2.2,1.1,2.42,0.22,532.4,267.75,0.546
3607,31.78,24.32,772.88,151.89,26.25,2.2,1.1,2.42,0.22,532.4,314.02,0.578
3608,48.99,22.98,1125.76,186.03,17.6,2.2,1.1,2.42,0.22,532.4,430.95,0.508
3609,10.93,28.42,310.7,256.58,24.93,2.2,1.1,2.42,0.22,532.4,365.37,0.537
3610,17.16,19.48,334.25,274.62,11.6,2.2,1.1,2.42,0.22,532.4,350.61,0.519
3611,40.23,28.07,1129.2,354.73,10.42,2.2,1.1,2.42,0.22,532.4,289.12,0.51
3612,10.61,5.61,59.53,184.87,26.34,2.2,1.1,2.42,0.22,532.4,460.05,0.55
3613,6.43,18.85,121.23,174.94,34.72,2.2,1.1,2.42,0.22,532.4,367.33,0.51
3614,10.26,19.37,198.79,140.66,16.79,2.2,1.1,2.42,0.22,532.4,399.81,0.507
3615,19.72,17.16,338.48,58.63,1.01,2.2,1.1,2.42,0.22,532.4,273.07,0.512
3616,12.16,11.58,140.79,293.0,26.6,2.2,1.1,2.42,0.22,532.4,365.58,0.523
3617,27.18,25.84,702.39,335.72,8.93,2.2,1.1,2.42,0.22,532.4,333.33,0.504
3618,24.21,18.18,440.25,172.6,25.38,2.2,1.1,2.42,0.22,532.4,359.88,0.516
3619,31.46,15.77,496.2,195.56,13.76,2.2,1.1,2.42,0.22,532.4,418.54,0.518
3620,48.69,12.09,588.67,354.41,34.82,2.2,1.1,2.42,0.22,532.4,522.01,0.513
3621,34.74,26.92,935.14,306.51,37.35,2.2,1.1,2.42,0.22,532.4,507.92,0.544
3622,32.13,16.46,529.0,130.82,12.67,2.2,1.1,2.42,0.22,532.4,330.57,0.539
3623,11.84,25.98,307.57,95.92,40.12,2.2,1.1,2.42,0.22,532.4,297.2,0.543
3624,37.02,29.65,1097.59,155.24,38.78,2.2,1.1,2.42,0.22,532.4,483.6,0.537
3625,25.15,10.4,261.44,225.37,29.95,2.2,1.1,2.42,0.22,532.4,439.34,0.534
3626,9.26,13.74,127.31,306.62,30.01,2.2,1.1,2.42,0.22,532.4,262.58,0.559
3627,34.65,23.42,811.55,184.63,1.7,2.2,1.1,2.42,0.22,532.4,330.7,0.526
3628,40.91,9.9,404.97,41.89,31.22,2.2,1.1,2.42,0.22,532.4,431.69,0.511
3629,27.81,25.17,699.77,216.51,29.1,2.2,1.1,2.42,0.22,532.4,324.59,0.519
3630,23.6,16.81,396.63,87.25,25.56,2.2,1.1,2.42,0.22,532.4,477.99,0.536
3631,9.55,27.92,266.65,315.67,29.92,2.2,1.1,2.42,0.22,532.4,291.55,0.532
3632,47.48,9.95,472.23,18.91,22.64,2.2,1.1,2.42,0.22,532.4,366.58,0.518
3633,7.3,10.74,78.41,359.95,20.52,2.2,1.1,2.42,0.22,532.4,370.97,0.541
3634,27.81,21.89,608.78,81.65,4.54,2.2,1.1,2.42,0.22,532.4,272.57,0.542
3635,5.94,19.59,116.34,171.28,15.6,2.2,1.1,2.42,0.22,532.4,341.19,0.527
3636,20.19,17.22,347.64,220.27,43.47,2.2,1.1,2.42,0.22,532.4,529.5,0.501
3637,6.71,16.55,111.09,311.78,1.25,2.2,1.1,2.42,0.22,532.4,390.96,0.497
3638,27.53,16.37,450.71,124.67,38.27,2.2,1.1,2.42,0.22,532.4,379.36,0.533
3639,15.79,13.22,208.71,246.16,16.89,2.2,1.1,2.42,0.22,532.4,295.76,0.553
3640,36.63,20.65,756.31,222.04,2.17,2.2,1.1,2.42,0.22,532.4,349.15,0.538
3641,8.14,12.51,101.83,156.91,28.62,2.2,1.1,2.42,0.22,532.4,417.79,0.507
3642,27.11,18.83,510.52,337.0,40.36,2.2,1.1,2.42,0.22,532.4,326.69,0.542
3643,39.53,22.39,885.05,175.7,14.71,2.2,1.1,2.42,0.22,532.4,345.87,0.548
3644,17.83,18.72,333.72,303.21,18.2,2.2,1.1,2.42,0.22,532.4,448.35,0.558
3645,25.16,25.91,652.02,345.19,11.92,2.2,1.1,2.42,0.22,532.4,410.77,0.506
3646,18.4,13.78,253.53,180.21,42.46,2.2,1.1,2.42,0.22,532.4,290.91,0.519
3647,39.46,12.61,497.68,310.64,22.8,2.2,1.1,2.42,0.22,532.4,303.68,0.504
3648,15.75,24.18,380.83,303.81,20.31,2.2,1.1,2.42,0.22,532.4,266.35,0.527
3649,32.21,23.68,762.85,203.06,43.19,2.2,1.1,2.42,0.22,532.4,396.49,0.529
3650,13.3,10.94,145.59,180.77,33.97,2.2,1.1,2.42,0.22,532.4,353.17,0.526
3651,40.75,17.68,720.54,200.89,22.91,2.2,1.1,2.42,0.22,532.4,506.41,0.541
3652,39.99,24.6,983.64,191.21,1.56,2.2,1.1,2.42,0.22,532.4,366.0,0.504
3653,10.92,7.37,80.48,148.72,11.18,2.2,1.1,2.42,0.22,532.4,402.05,0.499
3654,5.94,21.33,126.61,115.18,5.76,2.2,1.1,2.42,0.22,532.4,376.59,0.54
3655,8.3,17.46,144.98,50.53,3.53,2.2,1.1,2.42,0.22,532.4,369.22,0.538
3656,46.94,21.9,1027.98,312.64,43.67,2.2,1.1,2.42,0.22,532.4,432.41,0.523
3657,45.1,19.45,877.3,290.26,17.38,2.2,1.1,2.42,0.22,532.4,397.09,0.506
3658,40.13,6.37,255.55,134.32,8.93,2.2,1.1,2.42,0.22,532.4,323.84,0.53
3659,9.1,19.76,179.89,232.17,3.08,2.2,1.1,2.42,0.22,532.4,449.01,0.502
3660,33.98,22.45,762.8,289.68,41.21,2.2,1.1,2.42,0.22,532.4,276.72,0.518
3661,39.99,23.04,921.2,336.24,14.24,2.2,1.1,2.42,0.22,532.4,297.76,0.514
3662,7.21,28.95,208.73,54.5,18.11,2.2,1.1,2.42,0.22,532.4,367.95,0.525
3663,22.8,24.7,563.36,81.45,43.83,2.2,1.1,2.42,0.22,532.4,353.56,0.523
3664,36.63,17.52,641.6,4.4,22.63,2.2,1.1,2.42,0.22,532.4,477.57,0.511
3665,46.75,26.57,1242.2,98.95,32.29,2.2,1.1,2.42,0.22,532.4,298.4,0.535
3666,16.58,29.81,494.23,353.68,29.25,2.2,1.1,2.42,0.22,532.4,506.77,0.504
3667,32.99,16.55,545.92,88.71,29.52,2.2,1.1,2.42,0.22,532.4,561.32,0.485
3668,17.56,14.46,254.03,157.07,21.43,2.2,1.1,2.42,0.22,532.4,438.76,0.516
3669,40.84,26.88,1097.83,170.07,15.4,2.2,1.1,2.42,0.22,532.4,459.59,0.51
3670,36.71,15.33,562.71,253.73,27.53,2.2,1.1,2.42,0.22,532.4,384.15,0.511
3671,38.06,5.58,212.5,202.31,3.62,2.2,1.1,2.42,0.22,532.4,336.77,0.535
3672,32.42,25.94,841.03,212.24,32.78,2.2,1.1,2.42,0.22,532.4,420.98,0.541
3673,35.91,9.63,345.7,103.63,33.13,2.2,1.1,2.42,0.22,532.4,426.84,0.505
3674,48.61,19.65,955.03,253.82,30.06,2.2,1.1,2.42,0.22,532.4,299.5,0.501
3675,6.97,12.76,88.98,271.94,5.88,2.2,1.1,2.42,0.22,532.4,457.47,0.521
3676,43.29,24.39,1055.83,283.33,29.36,2.2,1.1,2.42,0.22,532.4,401.34,0.544
3677,8.85,24.44,216.26,100.86,0.23,2.2,1.1,2.42,0.22,532.4,469.39,0.556
3678,46.46,27.42,1273.96,82.94,41.96,2.2,1.1,2.42,0.22,532.4,331.36,0.548
3679,24.17,24.58,593.93,113.12,6.19,2.2,1.1,2.42,0.22,532.4,399.63,0.504
3680,28.06,27.0,757.57,294.09,3.98,2.2,1.1,2.42,0.22,532.4,388.87,0.536
3681,7.65,12.06,92.35,86.2,5.56,2.2,1.1,2.42,0.22,532.4,411.7,0.535
3682,10.26,12.08,123.95,28.48,5.94,2.2,1.1,2.42,0.22,532.4,342.65,0.524
3683,44.18,27.31,1206.76,115.29,11.9,2.2,1.1,2.42,0.22,532.4,404.71,0.526
3684,10.28,28.27,290.64,155.67,7.65,2.2,1.1,2.42,0.22,532.4,470.67,0.493
3685,44.94,19.92,895.15,170.41,39.0,2.2,1.1,2.42,0.22,532.4,425.97,0.535
3686,11.39,6.8,77.45,338.72,19.71,2.2,1.1,2.42,0.22,532.4,401.88,0.526
3687,27.38,7.69,210.66,217.16,5.23,2.2,1.1,2.42,0.22,532.4,286.35,0.512
3688,49.79,14.13,703.8,66.69,6.93,2.2,1.1,2.42,0.22,532.4,474.44,0.508
3689,17.73,11.97,212.17,21.6,1.77,2.2,1.1,2.42,0.22,532.4,302.06,0.525
3690,15.25,16.73,255.09,89.85,11.81,2.2,1.1,2.42,0.22,532.4,321.02,0.538
3691,48.05,13.16,632.27,172.08,39.51,2.2,1.1,2.42,0.22,532.4,396.67,0.531
3692,24.79,6.48,160.57,339.64,34.85,2.2,1.1,2.42,0.22,532.4,358.01,0.509
3693,17.07,28.79,491.39,122.59,27.09,2.2,1.1,2.42,0.22,532.4,525.97,0.494
3694,18.89,18.08,341.44,343.4,16.53,2.2,1.1,2.42,0.22,532.4,491.7,0.503
3695,9.4,5.05,47.51,188.78,1.92,2.2,1.1,2.42,0.22,532.4,430.37,0.493
3696,9.51,12.2,116.01,84.65,43.31,2.2,1.1,2.42,0.22,532.4,546.49,0.497
3697,46.36,29.74,1378.82,107.66,36.5,2.2,1.1,2.42,0.22,532.4,439.67,0.519
3698,33.39,14.2,474.29,320.8,9.66,2.2,1.1,2.42,0.22,532.4,467.05,0.566
3699,26.26,13.23,347.49,252.12,4.56,2.2,1.1,2.42,0.22,532.4,263.75,0.542
3700,24.03,13.44,322.96,20.15,6.45,2.2,1.1,2.42,0.22,532.4,486.76,0.517
3701,29.78,20.53,611.49,149.15,5.8,2.2,1.1,2.42,0.22,532.4,426.71,0.532
3702,10.69,9.46,101.17,58.28,26.42,2.2,1.1,2.42,0.22,532.4,386.56,0.524
3703,32.68,28.95,945.94,257.65,27.27,2.2,1.1,2.42,0.22,532.4,370.3,0.51
3704,19.84,24.2,480.1,216.03,15.9,2.2,1.1,2.42,0.22,532.4,347.52,0.528
3705,31.66,5.9,186.68,84.29,42.85,2.2,1.1,2.42,0.22,532.4,369.92,0.517
3706,38.9,28.03,1090.29,114.17,34.85,2.2,1.1,2.42,0.22,532.4,488.82,0.536
3707,31.64,6.59,208.42,292.54,39.92,2.2,1.1,2.42,0.22,532.4,285.91,0.514
3708,30.38,27.81,844.73,181.6,13.24,2.2,1.1,2.42,0.22,532.4,314.86,0.53
3709,43.8,14.69,643.52,138.67,16.16,2.2,1.1,2.42,0.22,532.4,321.18,0.539
3710,37.12,13.83,513.42,108.92,19.9,2.2,1.1,2.42,0.22,532.4,286.96,0.567
3711,13.68,21.89,299.57,80.17,32.46,2.2,1.1,2.42,0.22,532.4,285.9,0.512
3712,49.66,10.1,501.43,161.59,3.81,2.2,1.1,2.42,0.22,532.4,556.45,0.486
3713,8.0,20.19,161.49,253.2,13.49,2.2,1.1,2.42,0.22,532.4,426.63,0.542
3714,8.92,25.19,224.64,108.14,1.61,2.2,1.1,2.42,0.22,532.4,335.43,0.531
3715,24.4,5.21,127.1,228.75,13.08,2.2,1.1,2.42,0.22,532.4,397.67,0.543
3716,7.82,20.68,161.65,204.2,44.19,2.2,1.1,2.42,0.22,532.4,425.01,0.56
3717,36.13,10.56,381.5,89.74,29.92,2.2,1.1,2.42,0.22,532.4,430.74,0.519
3718,11.3,21.18,239.23,234.54,3.28,2.2,1.1,2.42,0.22,532.4,383.06,0.52
3719,15.19,28.54,433.6,158.68,25.22,2.2,1.1,2.42,0.22,532.4,370.0,0.519
3720,41.24,17.52,722.34,198.61,9.06,2.2,1.1,2.42,0.22,532.4,496.95,0.529
3721,25.5,25.21,642.82,34.13,5.54,2.2,1.1,2.42,0.22,532.4,515.44,0.503
3722,44.78,14.68,657.14,173.37,24.46,2.2,1.1,2.42,0.22,532.4,453.09,0.549
3723,26.18,19.35,506.47,233.89,5.99,2.2,1.1,2.42,0.22,532.4,282.43,0.5
3724,32.56,28.88,940.4,317.72,2.64,2.2,1.1,2.42,0.22,532.4,459.9,0.486
3725,26.53,17.89,474.72,267.35,18.82,2.2,1.1,2.42,0.22,532.4,437.3,0.519
3726,38.4,10.76,413.09,54.39,41.36,2.2,1.1,2.42,0.22,532.4,452.19,0.52
3727,32.32,22.17,716.75,305.01,16.66,2.2,1.1,2.42,0.22,532.4,458.48,0.495
3728,35.98,6.27,225.7,176.48,27.4,2.2,1.1,2.42,0.22,532.4,460.35,0.505
3729,36.35,6.78,246.6,183.49,35.02,2.2,1.1,2.42,0.22,532.4,376.51,0.541
3730,49.93,8.76,437.38,103.37,26.59,2.2,1.1,2.42,0.22,532.4,373.88,0.494
3731,21.84,18.85,411.77,249.18,17.71,2.2,1.1,2.42,0.22,532.4,401.33,0.521
3732,32.81,7.28,238.84,157.16,21.87,2.2,1.1,2.42,0.22,532.4,355.07,0.488
3733,25.47,23.49,598.23,315.21,18.7,2.2,1.1,2.42,0.22,532.4,419.39,0.516
3734,38.37,21.67,831.38,325.2,29.43,2.2,1.1,2.42,0.22,532.4,320.25,0.526
3735,42.2,20.71,873.95,333.37,20.82,2.2,1.1,2.42,0.22,532.4,312.85,0.542
3736,18.23,20.47,373.08,320.13,2.99,2.2,1.1,2.42,0.22,532.4,467.15,0.499
3737,6.79,9.5,64.48,4.9,8.82,2.2,1.1,2.42,0.22,532.4,492.64,0.512
3738,35.84,25.05,897.97,338.37,13.5,2.2,1.1,2.42,0.22,532.4,281.07,0.504
3739,13.71,25.42,348.37,309.16,9.69,2.2,1.1,2.42,0.22,532.4,434.55,0.514
3740,9.89,15.61,154.42,256.35,6.56,2.2,1.1,2.42,0.22,532.4,366.54,0.516
3741,7.85,18.92,148.62,184.64,25.4,2.2,1.1,2.42,0.22,532.4,316.0,0.514
3742,29.86,6.4,191.06,68.69,27.93,2.2,1.1,2.42,0.22,532.4,408.51,0.467
3743,13.47,17.73,238.87,131.3,40.94,2.2,1.1,2.42,0.22,532.4,417.22,0.502
3744,37.48,26.42,990.25,188.17,24.12,2.2,1.1,2.42,0.22,532.4,349.31,0.502
3745,7.64,10.77,82.27,32.01,8.75,2.2,1.1,2.42,0.22,532.4,454.45,0.551
3746,19.67,10.47,206.0,29.72,6.93,2.2,1.1,2.42,0.22,532.4,411.17,0.56
3747,27.55,22.03,607.04,254.47,42.31,2.2,1.1,2.42,0.22,532.4,432.86,0.539
3748,18.93,9.04,171.06,95.5,31.12,2.2,1.1,2.42,0.22,532.4,541.48,0.508
3749,47.2,18.47,871.82,36.83,43.72,2.2,1.1,2.42,0.22,532.4,299.84,0.531
3750,31.18,29.43,917.77,226.08,21.5,2.2,1.1,2.42,0.22,532.4,455.87,0.492
3751,9.37,5.3,49.7,303.92,1.44,2.2,1.1,2.42,0.22,532.4,469.39,0.563
3752,25.55,16.41,419.14,108.62,2.1,2.2,1.1,2.42,0.22,532.4,560.71,0.478
3753,25.2,19.16,482.8,308.5,36.22,2.2,1.1,2.42,0.22,532.4,351.27,0.582
3754,32.19,10.61,341.72,205.4,42.89,2.2,1.1,2.42,0.22,532.4,492.58,0.547
3755,26.19,23.11,605.24,146.19,12.87,2.2,1.1,2.42,0.22,532.4,512.16,0.518
3756,18.11,5.03,91.18,14.3,20.53,2.2,1.1,2.42,0.22,532.4,370.52,0.511
3757,19.51,15.56,303.58,340.37,38.29,2.2,1.1,2.42,0.22,532.4,501.0,0.534
3758,27.63,15.3,422.84,350.0,41.3,2.2,1.1,2.42,0.22,532.4,493.72,0.52
3759,25.82,29.83,770.24,29.16,3.84,2.2,1.1,2.42,0.22,532.4,404.44,0.526
3760,14.74,6.23,91.88,281.57,4.01,2.2,1.1,2.42,0.22,532.4,551.68,0.488
3761,24.92,13.93,347.16,45.52,26.79,2.2,1.1,2.42,0.22,532.4,416.73,0.536
3762,17.43,11.94,208.13,294.74,23.85,2.2,1.1,2.42,0.22,532.4,443.84,0.55
3763,32.35,21.86,706.93,145.42,38.68,2.2,1.1,2.42,0.22,532.4,363.02,0.518
3764,41.21,16.62,684.84,233.24,7.66,2.2,1.1,2.42,0.22,532.4,540.46,0.503
3765,40.84,10.29,420.34,178.27,3.4,2.2,1.1,2.42,0.22,532.4,511.93,0.512
3766,32.49,29.75,966.55,38.94,13.04,2.2,1.1,2.42,0.22,532.4,479.36,0.558
3767,37.89,7.75,293.73,158.94,9.09,2.2,1.1,2.42,0.22,532.4,530.82,0.509
3768,14.66,9.84,144.28,177.21,39.9,2.2,1.1,2.42,0.22,532.4,476.79,0.523
3769,24.08,28.73,691.9,73.54,22.36,2.2,1.1,2.42,0.22,532.4,314.19,0.53
3770,40.43,25.58,1034.21,158.55,27.96,2.2,1.1,2.42,0.22,532.4,307.28,0.493
3771,41.74,28.61,1194.16,36.35,21.62,2.2,1.1,2.42,0.22,532.4,429.39,0.471
3772,15.4,19.17,295.24,120.47,8.55,2.2,1.1,2.42,0.22,532.4,283.19,0.484
3773,49.91,7.93,395.85,247.59,36.33,2.2,1.1,2.42,0.22,532.4,317.09,0.546
3774,39.8,8.7,346.27,149.27,21.4,2.2,1.1,2.42,0.22,532.4,486.4,0.542
3775,34.85,25.9,902.74,81.06,33.96,2.2,1.1,2.42,0.22,532.4,450.31,0.549
3776,32.3,13.35,431.35,16.94,0.48,2.2,1.1,2.42,0.22,532.4,505.27,0.534
3777,22.25,22.36,497.51,284.69,15.53,2.2,1.1,2.42,0.22,532.4,283.99,0.526
3778,24.71,15.39,380.18,73.1,44.76,2.2,1.1,2.42,0.22,532.4,472.34,0.582
3779,30.02,10.12,303.91,97.78,10.76,2.2,1.1,2.42,0.22,532.4,495.39,0.554
3780,24.11,21.28,512.95,73.91,9.97,2.2,1.1,2.42,0.22,532.4,476.53,0.518
3781,20.53,14.57,299.12,42.09,35.06,2.2,1.1,2.42,0.22,532.4,285.0,0.546
3782,45.84,27.13,1243.66,101.65,44.88,2.2,1.1,2.42,0.22,532.4,308.0,0.529
3783,28.62,16.51,472.65,71.4,30.48,2.2,1.1,2.42,0.22,532.4,489.55,0.496
3784,32.09,7.01,224.82,133.52,0.73,2.2,1.1,2.42,0.22,532.4,404.3,0.51
3785,33.46,21.56,721.35,301.8,28.21,2.2,1.1,2.42,0.22,532.4,411.98,0.575
3786,20.84,20.41,425.42,188.89,19.85,2.2,1.1,2.42,0.22,532.4,417.19,0.527
3787,41.47,8.55,354.7,204.42,20.58,2.2,1.1,2.42,0.22,532.4,390.98,0.521
3788,8.55,12.98,111.02,241.5,38.02,2.2,1.1,2.42,0.22,532.4,306.37,0.524
3789,20.72,27.67,573.16,131.89,14.79,2.2,1.1,2.42,0.22,532.4,371.4,0.554
3790,34.8,21.21,738.21,311.89,3.88,2.2,1.1,2.42,0.22,532.4,513.29,0.528
3791,33.85,6.95,235.11,74.44,33.33,2.2,1.1,2.42,0.22,532.4,412.19,0.496
3792,40.79,28.31,1155.01,130.21,0.96,2.2,1.1,2.42,0.22,532.4,344.36,0.563
3793,40.32,23.73,956.98,137.63,32.05,2.2,1.1,2.42,0.22,532.4,312.04,0.484
3794,5.04,28.16,141.92,57.79,43.1,2.2,1.1,2.42,0.22,532.4,424.57,0.526
3795,20.66,5.51,113.77,281.46,1.32,2.2,1.1,2.42,0.22,532.4,331.83,0.53
3796,34.29,29.22,1001.93,130.52,21.69,2.2,1.1,2.42,0.22,532.4,457.96,0.538
3797,21.85,12.56,274.55,333.86,11.36,2.2,1.1,2.42,0.22,532.4,355.9,0.523
3798,41.17,20.16,829.84,323.27,14.72,2.2,1.1,2.42,0.22,532.4,494.95,0.493
3799,13.72,28.65,393.12,4.44,14.22,2.2,1.1,2.42,0.22,532.4,437.04,0.505
3800,23.84,12.44,296.59,348.0,22.77,2.2,1.1,2.42,0.22,532.4,485.07,0.516
3801,14.69,10.74,157.77,102.26,26.48,2.2,1.1,2.42,0.22,532.4,298.41,0.559
3802,31.12,10.06,312.97,205.67,37.9,2.2,1.1,2.42,0.22,532.4,286.91,0.485
3803,31.16,16.03,499.67,63.51,7.08,2.2,1.1,2.42,0.22,532.4,338.76,0.503
3804,19.63,5.73,112.39,114.21,14.81,2.2,1.1,2.42,0.22,532.4,419.03,0.54
3805,16.03,28.85,462.38,139.41,22.87,2.2,1.1,2.42,0.22,532.4,371.0,0.534
3806,27.95,22.76,636.19,198.16,23.22,2.2,1.1,2.42,0.22,532.4,380.59,0.514
3807,11.92,23.68,282.28,28.44,7.1,2.2,1.1,2.42,0.22,532.4,356.29,0.556
3808,12.47,26.87,334.88,267.58,1.68,2.2,1.1,2.42,0.22,532.4,495.7,0.522
3809,41.78,20.68,863.86,238.5,31.57,2.2,1.1,2.42,0.22,532.4,305.68,0.545
3810,34.62,9.28,321.3,54.48,31.17,2.2,1.1,2.42,0.22,532.4,392.67,0.533
3811,45.89,26.93,1235.6,336.45,14.65,2.2,1.1,2.42,0.22,532.4,389.49,0.497
3812,40.5,26.01,1053.54,227.46,26.65,2.2,1.1,2.42,0.22,532.4,511.57,0.523
3813,47.03,11.09,521.51,122.05,21.72,2.2,1.1,2.42,0.22,532.4,467.01,0.503
3814,13.59,26.55,360.86,148.6,19.49,2.2,1.1,2.42,0.22,532.4,352.95,0.517
3815,5.47,9.88,54.07,355.72,16.45,2.2,1.1,2.42,0.22,532.4,497.96,0.532
3816,16.63,5.56,92.48,34.51,37.14,2.2,1.1,2.42,0.22,532.4,483.64,0.519
3817,40.34,14.4,580.95,334.06,30.6,2.2,1.1,2.42,0.22,532.4,270.17,0.529
3818,11.51,13.76,158.42,270.08,17.11,2.2,1.1,2.42,0.22,532.4,316.46,0.521
3819,43.51,9.85,428.41,242.97,5.75,2.2,1.1,2.42,0.22,532.4,366.76,0.546
3820,46.11,22.58,1041.28,290.69,3.57,2.2,1.1,2.42,0.22,532.4,311.87,0.535
3821,28.37,16.64,472.14,157.28,28.37,2.2,1.1,2.42,0.22,532.4,302.2,0.521
3822,33.25,15.68,521.27,145.83,34.38,2.2,1.1,2.42,0.22,532.4,385.75,0.544
3823,5.23,10.66,55.74,312.25,8.55,2.2,1.1,2.42,0.22,532.4,383.76,0.576
3824,37.39,8.22,307.19,127.65,33.52,2.2,1.1,2.42,0.22,532.4,247.08,0.573
3825,43.35,7.13,308.97,236.06,34.16,2.2,1.1,2.42,0.22,532.4,501.7,0.513
3826,12.62,13.06,164.84,351.4,11.13,2.2,1.1,2.42,0.22,532.4,291.8,0.514
3827,27.31,28.96,790.74,103.88,2.78,2.2,1.1,2.42,0.22,532.4,453.01,0.53
3828,41.28,23.77,981.21,12.59,5.39,2.2,1.1,2.42,0.22,532.4,357.97,0.506
3829,9.51,14.35,136.54,33.48,3.27,2.2,1.1,2.42,0.22,532.4,315.15,0.546
3830,27.52,12.93,355.75,121.2,36.74,2.2,1.1,2.42,0.22,532.4,339.9,0.537
3831,21.46,29.66,636.35,250.9,37.01,2.2,1.1,2.42,0.22,532.4,322.18,0.552
3832,12.93,11.16,144.36,321.52,19.95,2.2,1.1,2.42,0.22,532.4,418.84,0.495
3833,48.59,8.76,425.73,115.93,12.51,2.2,1.1,2.42,0.22,532.4,505.73,0.505
3834,13.24,14.03,185.83,341.61,43.45,2.2,1.1,2.42,0.22,532.4,350.86,0.523
3835,23.26,19.4,451.37,218.37,22.18,2.2,1.1,2.42,0.22,532.4,299.48,0.505
3836,32.48,24.51,796.06,248.76,37.87,2.2,1.1,2.42,0.22,532.4,524.71,0.525
3837,5.94,14.39,85.45,250.78,19.95,2.2,1.1,2.42,0.22,532.4,334.14,0.535
3838,31.71,15.71,498.14,29.49,25.21,2.2,1.1,2.42,0.22,532.4,524.17,0.523
3839,23.35,16.95,395.91,251.67,29.33,2.2,1.1,2.42,0.22,532.4,426.06,0.53
3840,48.97,7.88,386.01,162.45,19.53,2.2,1.1,2.42,0.22,532.4,512.89,0.522
3841,13.21,24.44,322.77,8.97,33.42,2.2,1.1,2.42,0.22,532.4,291.72,0.497
3842,18.71,9.51,177.99,171.99,30.0,2.2,1.1,2.42,0.22,532.4,475.24,0.518
3843,45.47,14.18,644.58,352.88,0.68,2.2,1.1,2.42,0.22,532.4,347.02,0.525
3844,31.06,12.78,396.88,65.05,32.2,2.2,1.1,2.42,0.22,532.4,273.91,0.534
3845,6.03,10.74,64.82,261.49,27.91,2.2,1.1,2.42,0.22,532.4,368.1,0.521
3846,14.93,12.9,192.68,65.27,34.96,2.2,1.1,2.42,0.22,532.4,322.32,0.562
3847,33.75,8.43,284.58,169.8,33.78,2.2,1.1,2.42,0.22,532.4,338.25,0.474
3848,16.21,6.02,97.57,262.47,44.84,2.2,1.1,2.42,0.22,532.4,370.26,0.528
3849,48.45,21.73,1052.9,236.2,35.68,2.2,1.1,2.42,0.22,532.4,420.89,0.511
3850,45.4,20.52,931.33,81.33,25.33,2.2,1.1,2.42,0.22,532.4,323.35,0.531
3851,9.13,8.2,74.86,167.19,44.05,2.2,1.1,2.42,0.22,532.4,312.96,0.549
3852,28.58,26.67,762.4,182.33,36.81,2.2,1.1,2.42,0.22,532.4,485.46,0.525
3853,23.99,23.07,553.44,120.15,43.2,2.2,1.1,2.42,0.22,532.4,524.6,0.521
3854,22.55,5.62,126.76,195.99,31.8,2.2,1.1,2.42,0.22,532.4,496.7,0.504
3855,42.71,19.9,850.16,243.21,27.48,2.2,1.1,2.42,0.22,532.4,519.17,0.512
3856,16.78,9.59,161.02,107.32,16.86,2.2,1.1,2.42,0.22,532.4,467.52,0.542
3857,49.1,19.99,981.56,337.74,43.6,2.2,1.1,2.42,0.22,532.4,338.23,0.524
3858,16.91,22.62,382.62,32.57,14.67,2.2,1.1,2.42,0.22,532.4,438.52,0.509
3859,36.17,7.61,275.27,118.18,22.11,2.2,1.1,2.42,0.22,532.4,500.16,0.498
3860,39.41,25.15,991.04,231.09,26.89,2.2,1.1,2.42,0.22,532.4,522.93,0.529
3861,35.16,19.03,669.28,343.71,13.85,2.2,1.1,2.42,0.22,532.4,307.16,0.512
3862,20.56,8.68,178.54,285.58,17.0,2.2,1.1,2.42,0.22,532.4,398.87,0.504
3863,35.29,22.61,797.98,146.13,10.03,2.2,1.1,2.42,0.22,532.4,489.25,0.516
3864,47.76,17.62,841.29,284.45,42.72,2.2,1.1,2.42,0.22,532.4,288.96,0.546
3865,30.45,5.61,170.73,14.81,3.6,2.2,1.1,2.42,0.22,532.4,275.5,0.5
3866,11.49,16.86,193.77,252.61,6.96,2.2,1.1,2.42,0.22,532.4,405.07,0.562
3867,10.55,17.46,184.11,271.97,38.86,2.2,1.1,2.42,0.22,532.4,521.63,0.526
3868,32.48,20.88,678.09,253.18,26.6,2.2,1.1,2.42,0.22,532.4,461.78,0.526
3869,22.72,9.78,222.21,139.64,40.03,2.2,1.1,2.42,0.22,532.4,409.69,0.538
3870,22.6,28.33,640.2,199.83,25.92,2.2,1.1,2.42,0.22,532.4,301.63,0.523
3871,13.06,28.56,372.87,20.31,38.57,2.2,1.1,2.42,0.22,532.4,482.3,0.49
3872,33.28,11.25,374.32,222.37,31.88,2.2,1.1,2.42,0.22,532.4,428.26,0.536
3873,40.92,26.49,1083.68,65.99,31.26,2.2,1.1,2.42,0.22,532.4,479.23,0.515
3874,22.13,7.55,167.1,324.72,32.61,2.2,1.1,2.42,0.22,532.4,392.52,0.526
3875,43.44,22.68,985.47,299.66,17.75,2.2,1.1,2.42,0.22,532.4,420.43,0.551
3876,18.69,9.18,171.6,297.9,15.54,2.2,1.1,2.42,0.22,532.4,379.66,0.483
3877,38.99,29.94,1167.23,88.39,9.31,2.2,1.1,2.42,0.22,532.4,512.96,0.494
3878,28.44,10.71,304.65,215.43,40.0,2.2,1.1,2.42,0.22,532.4,345.58,0.519
3879,7.59,15.04,114.19,48.71,37.95,2.2,1.1,2.42,0.22,532.4,377.51,0.505
3880,30.16,28.77,867.64,254.1,14.35,2.2,1.1,2.42,0.22,532.4,320.85,0.527
3881,11.44,28.88,330.49,290.41,0.83,2.2,1.1,2.42,0.22,532.4,386.54,0.572
3882,40.01,6.19,247.51,19.23,37.78,2.2,1.1,2.42,0.22,532.4,365.24,0.541
3883,24.77,9.45,234.15,205.15,35.78,2.2,1.1,2.42,0.22,532.4,434.73,0.539
3884,42.44,12.57,533.54,27.29,3.87,2.2,1.1,2.42,0.22,532.4,539.39,0.488
3885,27.41,16.03,439.27,249.09,6.95,2.2,1.1,2.42,0.22,532.4,433.34,0.526
3886,29.14,29.03,845.88,145.18,38.33,2.2,1.1,2.42,0.22,532.4,433.33,0.528
3887,33.94,13.68,464.24,326.53,8.84,2.2,1.1,2.42,0.22,532.4,508.87,0.527
3888,8.85,5.81,51.36,201.82,42.9,2.2,1.1,2.42,0.22,532.4,382.82,0.536
3889,47.55,21.6,1027.02,57.22,7.34,2.2,1.1,2.42,0.22,532.4,354.36,0.5
3890,39.29,24.67,969.2,233.08,18.05,2.2,1.1,2.42,0.22,532.4,392.65,0.558
3891,10.74,5.99,64.33,256.76,16.57,2.2,1.1,2.42,0.22,532.4,467.74,0.526
3892,14.84,28.93,429.29,315.82,31.56,2.2,1.1,2.42,0.22,532.4,485.44,0.527
3893,31.56,20.37,642.74,153.33,38.67,2.2,1.1,2.42,0.22,532.4,295.75,0.533
3894,15.69,27.11,425.48,33.0,6.84,2.2,1.1,2.42,0.22,532.4,283.0,0.513
3895,26.53,16.48,437.09,20.33,36.54,2.2,1.1,2.42,0.22,532.4,459.54,0.552
3896,35.76,24.74,884.71,106.94,33.82,2.2,1.1,2.42,0.22,532.4,334.31,0.516
3897,6.05,11.59,70.08,316.94,36.34,2.2,1.1,2.42,0.22,532.4,503.8,0.504
3898,17.99,28.62,515.04,120.29,19.66,2.2,1.1,2.42,0.22,532.4,343.96,0.514
3899,49.73,26.01,1293.45,108.86,13.98,2.2,1.1,2.42,0.22,532.4,275.6,0.514
3900,21.29,11.9,253.32,338.55,16.14,2.2,1.1,2.42,0.22,532.4,349.4,0.511
3901,49.73,19.8,984.5,295.16,4.0,2.2,1.1,2.42,0.22,532.4,261.51,0.564
3902,26.44,24.19,639.66,122.97,7.62,2.2,1.1,2.42,0.22,532.4,396.02,0.484
3903,22.35,17.99,402.1,164.42,13.23,2.2,1.1,2.42,0.22,532.4,460.76,0.555
3904,5.35,17.59,94.09,13.01,30.9,2.2,1.1,2.42,0.22,532.4,395.27,0.54
3905,39.14,7.12,278.49,4.15,5.86,2.2,1.1,2.42,0.22,532.4,520.24,0.53
3906,21.39,20.56,439.9,187.55,5.74,2.2,1.1,2.42,0.22,532.4,304.54,0.542
3907,37.31,7.25,270.53,247.75,15.3,2.2,1.1,2.42,0.22,532.4,312.53,0.512
3908,33.52,12.85,430.57,258.67,34.42,2.2,1.1,2.42,0.22,532.4,400.97,0.549
3909,42.39,21.9,928.4,125.11,3.26,2.2,1.1,2.42,0.22,532.4,423.64,0.534
3910,17.89,5.25,93.91,86.71,5.59,2.2,1.1,2.42,0.22,532.4,394.82,0.536
3911,12.69,16.16,205.07,201.86,3.71,2.2,1.1,2.42,0.22,532.4,470.45,0.509
3912,37.35,20.84,778.27,22.73,13.74,2.2,1.1,2.42,0.22,532.4,276.45,0.537
3913,33.18,9.17,304.28,91.84,17.4,2.2,1.1,2.42,0.22,532.4,471.84,0.511
3914,44.32,26.01,1152.64,126.74,38.74,2.2,1.1,2.42,0.22,532.4,506.42,0.515
3915,47.35,15.26,722.36,272.55,14.35,2.2,1.1,2.42,0.22,532.4,388.71,0.56
3916,30.76,11.23,345.49,296.0,2.11,2.2,1.1,2.42,0.22,532.4,340.54,0.536
3917,36.17,21.38,773.37,198.84,25.97,2.2,1.1,2.42,0.22,532.4,421.55,0.541
3918,37.14,13.57,503.98,351.8,9.03,2.2,1.1,2.42,0.22,532.4,536.61,0.51
3919,27.2,22.2,603.66,318.13,23.2,2.2,1.1,2.42,0.22,532.4,330.73,0.546
3920,13.08,17.58,230.01,136.86,40.47,2.2,1.1,2.42,0.22,532.4,495.39,0.503
3921,43.69,5.32,232.29,208.06,41.85,2.2,1.1,2.42,0.22,532.4,345.63,0.535
3922,11.31,7.63,86.26,81.4,17.22,2.2,1.1,2.42,0.22,532.4,479.11,0.503
3923,20.2,5.69,114.85,203.47,30.81,2.2,1.1,2.42,0.22,532.4,474.98,0.525
3924,31.84,24.46,778.92,293.36,31.34,2.2,1.1,2.42,0.22,532.4,495.84,0.499
3925,48.94,27.56,1348.73,249.63,43.45,2.2,1.1,2.42,0.22,532.4,444.64,0.493
3926,44.2,21.05,930.34,352.45,31.74,2.2,1.1,2.42,0.22,532.4,392.23,0.526
3927,28.06,14.09,395.49,357.46,40.52,2.2,1.1,2.42,0.22,532.4,423.04,0.504
3928,11.18,18.92,211.48,314.64,26.93,2.2,1.1,2.42,0.22,532.4,447.6,0.478
3929,15.8,26.88,424.76,226.74,29.14,2.2,1.1,2.42,0.22,532.4,417.03,0.524
3930,33.29,7.5,249.77,136.0,3.14,2.2,1.1,2.42,0.22,532.4,383.11,0.52
3931,33.92,28.54,967.88,204.97,12.43,2.2,1.1,2.42,0.22,532.4,425.18,0.505
3932,16.03,9.33,149.57,231.59,28.88,2.2,1.1,2.42,0.22,532.4,513.54,0.529
3933,40.17,11.84,475.81,77.5,44.9,2.2,1.1,2.42,0.22,532.4,314.92,0.526
3934,34.27,7.95,272.53,77.82,15.11,2.2,1.1,2.42,0.22,532.4,496.54,0.53
3935,44.73,14.14,632.74,46.02,21.99,2.2,1.1,2.42,0.22,532.4,368.91,0.507
3936,49.93,29.76,1486.0,292.71,44.67,2.2,1.1,2.42,0.22,532.4,420.53,0.526
3937,12.83,20.67,265.24,111.76,4.91,2.2,1.1,2.42,0.22,532.4,320.11,0.529
3938,17.31,10.95,189.42,105.3,7.06,2.2,1.1,2.42,0.22,532.4,303.6,0.471
3939,44.0,14.28,628.23,52.48,38.34,2.2,1.1,2.42,0.22,532.4,372.57,0.546
3940,7.71,7.13,54.98,25.96,12.0,2.2,1.1,2.42,0.22,532.4,502.48,0.513
3941,29.89,10.51,314.03,75.89,27.93,2.2,1.1,2.42,0.22,532.4,264.92,0.537
3942,15.62,13.74,214.71,224.11,1.48,2.2,1.1,2.42,0.22,532.4,467.17,0.503
3943,44.09,27.81,1226.15,129.15,9.33,2.2,1.1,2.42,0.22,532.4,354.87,0.506
3944,14.94,19.89,297.14,82.71,29.44,2.2,1.1,2.42,0.22,532.4,436.67,0.517
3945,7.17,16.05,115.07,300.18,4.12,2.2,1.1,2.42,0.22,532.4,476.42,0.532
3946,35.15,25.52,897.0,220.93,17.01,2.2,1.1,2.42,0.22,532.4,362.48,0.528
3947,21.61,26.51,572.95,60.86,33.07,2.2,1.1,2.42,0.22,532.4,487.95,0.502
3948,19.76,6.96,137.56,251.85,8.13,2.2,1.1,2.42,0.22,532.4,273.24,0.509
3949,12.87,14.45,186.04,39.26,11.79,2.2,1.1,2.42,0.22,532.4,479.78,0.549
3950,11.52,15.09,173.75,72.18,19.4,2.2,1.1,2.42,0.22,532.4,365.84,0.503
3951,34.3,10.13,347.59,118.27,17.4,2.2,1.1,2.42,0.22,532.4,440.9,0.547
3952,8.98,8.49,76.24,81.02,29.29,2.2,1.1,2.42,0.22,532.4,385.82,0.488
3953,48.92,21.07,1030.8,54.0,8.49,2.2,1.1,2.42,0.22,532.4,315.2,0.508
3954,7.01,25.53,178.97,210.96,27.51,2.2,1.1,2.42,0.22,532.4,540.05,0.511
3955,30.79,29.87,919.96,291.52,30.62,2.2,1.1,2.42,0.22,532.4,462.11,0.543
3956,25.74,6.81,175.41,270.55,34.15,2.2,1.1,2.42,0.22,532.4,392.76,0.526
3957,21.93,28.2,618.36,218.2,3.9,2.2,1.1,2.42,0.22,532.4,389.72,0.524
3958,32.3,13.8,445.82,297.5,27.94,2.2,1.1,2.42,0.22,532.4,378.45,0.533
3959,15.78,12.52,197.54,185.88,18.22,2.2,1.1,2.42,0.22,532.4,263.37,0.529
3960,20.15,24.07,484.92,264.57,44.69,2.2,1.1,2.42,0.22,532.4,473.4,0.54
3961,29.08,12.3,357.67,254.38,34.26,2.2,1.1,2.42,0.22,532.4,502.02,0.511
3962,5.48,24.04,131.82,43.88,8.41,2.2,1.1,2.42,0.22,532.4,451.16,0.494
3963,29.99,7.66,229.66,34.39,40.84,2.2,1.1,2.42,0.22,532.4,477.99,0.53
3964,39.06,18.69,730.04,319.21,13.63,2.2,1.1,2.42,0.22,532.4,480.35,0.533
3965,41.03,25.79,1057.94,90.93,36.18,2.2,1.1,2.42,0.22,532.4,477.22,0.544
3966,16.18,7.04,113.91,340.91,10.55,2.2,1.1,2.42,0.22,532.4,429.81,0.505
3967,5.33,23.82,126.99,280.56,12.99,2.2,1.1,2.42,0.22,532.4,304.07,0.525
3968,27.87,27.72,772.6,98.81,14.63,2.2,1.1,2.42,0.22,532.4,379.43,0.549
3969,8.79,18.09,158.93,185.53,3.98,2.2,1.1,2.42,0.22,532.4,290.86,0.533
3970,20.32,23.29,473.11,140.91,4.84,2.2,1.1,2.42,0.22,532.4,413.3,0.532
3971,18.81,25.09,471.81,97.16,3.03,2.2,1.1,2.42,0.22,532.4,301.42,0.478
3972,22.83,18.79,428.85,51.34,30.57,2.2,1.1,2.42,0.22,532.4,523.14,0.525
3973,25.52,14.12,360.24,8.7,15.47,2.2,1.1,2.42,0.22,532.4,479.96,0.532
3974,43.32,19.8,857.69,1.98,13.43,2.2,1.1,2.42,0.22,532.4,329.08,0.516
3975,15.09,24.58,370.86,87.66,15.73,2.2,1.1,2.42,0.22,532.4,314.86,0.515
3976,8.42,8.69,73.2,179.07,2.09,2.2,1.1,2.42,0.22,532.4,414.76,0.501
3977,29.15,25.94,756.17,66.81,7.57,2.2,1.1,2.42,0.22,532.4,437.7,0.509
3978,39.38,11.0,433.07,263.66,28.63,2.2,1.1,2.42,0.22,532.4,292.58,0.528
3979,28.64,6.94,198.77,351.76,35.55,2.2,1.1,2.42,0.22,532.4,299.73,0.505
3980,9.4,11.42,107.39,19.86,34.02,2.2,1.1,2.42,0.22,532.4,452.27,0.489
3981,32.1,11.06,355.11,78.48,5.11,2.2,1.1,2.42,0.22,532.4,294.16,0.525
3982,17.52,22.37,391.96,253.26,5.04,2.2,1.1,2.42,0.22,532.4,454.23,0.56
3983,21.64,9.94,215.12,168.28,4.96,2.2,1.1,2.42,0.22,532.4,486.03,0.521
3984,33.08,6.32,209.0,194.39,36.12,2.2,1.1,2.42,0.22,532.4,529.04,0.508
3985,32.58,27.89,908.61,178.81,28.95,2.2,1.1,2.42,0.22,532.4,440.2,0.522
3986,18.48,29.83,551.41,216.3,13.71,2.2,1.1,2.42,0.22,532.4,356.75,0.533
3987,23.83,27.59,657.46,199.74,21.93,2.2,1.1,2.42,0.22,532.4,317.4,0.511
3988,8.66,19.18,166.08,156.74,15.1,2.2,1.1,2.42,0.22,532.4,380.67,0.49
3989,49.24,13.99,688.78,125.33,0.1,2.2,1.1,2.42,0.22,532.4,356.44,0.522
3990,46.27,17.1,791.18,251.16,44.22,2.2,1.1,2.42,0.22,532.4,304.38,0.528
3991,48.15,9.38,451.83,246.63,23.91,2.2,1.1,2.42,0.22,532.4,331.62,0.561
3992,25.05,6.21,155.55,242.81,4.14,2.2,1.1,2.42,0.22,532.4,498.16,0.511
3993,19.49,6.32,123.12,188.62,31.14,2.2,1.1,2.42,0.22,532.4,362.39,0.556
3994,7.41,18.13,134.36,26.75,17.19,2.2,1.1,2.42,0.22,532.4,470.85,0.525
3995,8.36,29.48,246.43,309.83,21.03,2.2,1.1,2.42,0.22,532.4,480.42,0.539
3996,21.48,22.38,480.77,342.99,20.82,2.2,1.1,2.42,0.22,532.4,418.12,0.515
3997,28.97,8.19,237.29,105.16,25.07,2.2,1.1,2.42,0.22,532.4,343.65,0.495
3998,10.46,19.68,205.85,193.63,37.32,2.2,1.1,2.42,0.22,532.4,295.82,0.489
3999,24.15,11.81,285.23,236.67,7.56,2.2,1.1,2.42,0.22,532.4,403.72,0.52
4000,34.21,17.82,609.68,172.43,1.34,2.2,1.1,2.42,0.22,532.4,360.88,0.545
4001,19.45,25.71,499.89,289.45,10.56,2.2,1.1,2.42,0.22,532.4,401.63,0.508
4002,45.77,9.23,422.52,109.63,39.5,2.2,1.1,2.42,0.22,532.4,472.28,0.5
4003,43.68,7.93,346.21,320.13,5.58,2.2,1.1,2.42,0.22,532.4,355.76,0.504
4004,47.3,20.03,947.54,322.97,39.83,2.2,1.1,2.42,0.22,532.4,435.66,0.502
4005,13.65,10.45,142.59,195.21,4.71,2.2,1.1,2.42,0.22,532.4,442.65,0.516
4006,46.15,7.16,330.42,167.88,36.55,2.2,1.1,2.42,0.22,532.4,352.43,0.57
4007,29.54,8.11,239.73,204.05,12.71,2.2,1.1,2.42,0.22,532.4,314.46,0.551
4008,18.57,9.87,183.38,82.84,7.49,2.2,1.1,2.42,0.22,532.4,308.86,0.546
4009,48.97,21.47,1051.37,3.23,4.39,2.2,1.1,2.42,0.22,532.4,291.87,0.503
4010,46.07,12.65,582.89,342.94,13.46,2.2,1.1,2.42,0.22,532.4,522.85,0.502
4011,42.28,27.7,1171.26,192.73,1.87,2.2,1.1,2.42,0.22,532.4,336.1,0.515
4012,21.3,6.11,130.17,80.3,33.52,2.2,1.1,2.42,0.22,532.4,487.8,0.51
4013,11.4,23.9,272.54,278.89,34.08,2.2,1.1,2.42,0.22,532.4,414.56,0.541
4014,34.93,21.16,739.31,356.14,43.17,2.2,1.1,2.42,0.22,532.4,301.97,0.536
4015,17.42,17.24,300.38,179.03,19.38,2.2,1.1,2.42,0.22,532.4,301.63,0.548
4016,39.7,24.44,970.19,21.46,21.39,2.2,1.1,2.42,0.22,532.4,285.71,0.547
4017,41.16,21.21,872.96,324.91,0.08,2.2,1.1,2.42,0.22,532.4,338.67,0.532
4018,33.66,24.11,811.4,250.59,18.4,2.2,1.1,2.42,0.22,532.4,380.63,0.516
4019,7.37,15.04,110.82,234.08,33.74,2.2,1.1,2.42,0.22,532.4,331.71,0.525
4020,26.95,6.17,166.39,264.9,22.75,2.2,1.1,2.42,0.22,532.4,470.95,0.51
4021,17.95,28.69,515.21,4.37,7.36,2.2,1.1,2.42,0.22,532.4,340.05,0.529
4022,44.6,19.73,880.06,66.43,16.92,2.2,1.1,2.42,0.22,532.4,300.28,0.51
4023,6.6,24.42,161.19,289.66,2.88,2.2,1.1,2.42,0.22,532.4,365.55,0.52
4024,41.85,20.38,853.08,21.17,0.73,2.2,1.1,2.42,0.22,532.4,398.44,0.502
4025,6.23,7.72,48.09,49.27,43.65,2.2,1.1,2.42,0.22,532.4,396.61,0.517
4026,27.63,23.19,640.88,232.93,26.34,2.2,1.1,2.42,0.22,532.4,397.42,0.515
4027,37.33,9.71,362.4,357.51,39.86,2.2,1.1,2.42,0.22,532.4,470.91,0.539
4028,8.78,12.15,106.66,215.11,16.96,2.2,1.1,2.42,0.22,532.4,317.54,0.503
4029,30.0,29.08,872.51,127.42,23.94,2.2,1.1,2.42,0.22,532.4,310.12,0.526
4030,19.14,9.82,187.89,333.22,17.14,2.2,1.1,2.42,0.22,532.4,419.67,0.52
4031,20.58,24.26,499.28,200.18,34.35,2.2,1.1,2.42,0.22,532.4,507.17,0.521
4032,27.29,15.54,424.02,25.15,11.83,2.2,1.1,2.42,0.22,532.4,424.05,0.486
4033,37.13,21.26,789.45,331.99,41.2,2.2,1.1,2.42,0.22,532.4,473.08,0.512
4034,27.94,24.23,676.94,212.63,37.96,2.2,1.1,2.42,0.22,532.4,436.91,0.518
4035,39.54,13.34,527.36,319.17,30.67,2.2,1.1,2.42,0.22,532.4,458.22,0.525
4036,13.23,7.64,101.18,107.67,42.83,2.2,1.1,2.42,0.22,532.4,442.11,0.526
4037,48.67,18.55,903.06,18.06,0.49,2.2,1.1,2.42,0.22,532.4,323.63,0.513
4038,16.12,16.71,269.3,312.65,8.05,2.2,1.1,2.42,0.22,532.4,454.27,0.523
4039,27.01,16.85,455.19,321.6,41.85,2.2,1.1,2.42,0.22,532.4,283.29,0.549
4040,16.16,18.06,291.9,30.64,42.99,2.2,1.1,2.42,0.22,532.4,282.41,0.555
4041,30.62,9.29,284.44,33.63,3.0,2.2,1.1,2.42,0.22,532.4,296.74,0.532
4042,28.68,25.0,716.99,339.53,39.21,2.2,1.1,2.42,0.22,532.4,327.39,0.566
4043,34.5,25.17,868.25,232.2,8.28,2.2,1.1,2.42,0.22,532.4,477.68,0.509
4044,41.56,16.98,705.69,267.87,4.91,2.2,1.1,2.42,0.22,532.4,353.55,0.527
4045,46.48,21.53,1000.65,245.93,37.56,2.2,1.1,2.42,0.22,532.4,430.94,0.539
4046,28.36,12.2,345.86,219.61,32.22,2.2,1.1,2.42,0.22,532.4,424.71,0.496
4047,17.85,13.56,242.12,341.78,0.08,2.2,1.1,2.42,0.22,532.4,496.43,0.521
4048,46.6,20.25,943.65,191.28,16.4,2.2,1.1,2.42,0.22,532.4,501.03,0.507
4049,17.49,22.48,393.2,109.93,12.03,2.2,1.1,2.42,0.22,532.4,299.57,0.567
4050,8.32,23.11,192.24,154.63,38.67,2.2,1.1,2.42,0.22,532.4,510.57,0.527
4051,14.62,25.63,374.59,138.69,16.32,2.2,1.1,2.42,0.22,532.4,416.18,0.512
4052,41.22,9.63,396.95,170.12,31.06,2.2,1.1,2.42,0.22,532.4,384.2,0.536
4053,41.68,28.68,1195.32,71.11,17.81,2.2,1.1,2.42,0.22,532.4,427.25,0.541
4054,40.21,5.28,212.28,129.99,25.54,2.2,1.1,2.42,0.22,532.4,506.43,0.506
4055,49.28,22.16,1092.03,210.67,5.43,2.2,1.1,2.42,0.22,532.4,361.14,0.508
4056,5.36,24.48,131.28,202.44,37.25,2.2,1.1,2.42,0.22,532.4,461.55,0.52
4057,49.72,11.78,585.91,292.07,23.47,2.2,1.1,2.42,0.22,532.4,288.27,0.517
4058,12.87,28.35,364.95,333.02,4.62,2.2,1.1,2.42,0.22,532.4,519.47,0.502
4059,36.76,28.03,1030.32,138.14,27.64,2.2,1.1,2.42,0.22,532.4,301.9,0.564
4060,6.94,26.16,181.54,347.31,38.53,2.2,1.1,2.42,0.22,532.4,327.62,0.545
4061,38.1,8.95,341.06,228.9,15.52,2.2,1.1,2.42,0.22,532.4,464.52,0.55
4062,21.51,18.75,403.4,188.35,43.69,2.2,1.1,2.42,0.22,532.4,416.88,0.55
4063,28.59,24.0,686.09,1.68,9.37,2.2,1.1,2.42,0.22,532.4,383.19,0.546
4064,41.13,15.26,627.84,206.88,36.62,2.2,1.1,2.42,0.22,532.4,313.14,0.56
4065,22.25,8.71,193.71,44.74,25.23,2.2,1.1,2.42,0.22,532.4,431.35,0.519
4066,35.36,28.76,1016.95,88.83,1.85,2.2,1.1,2.42,0.22,532.4,521.96,0.531
4067,6.63,20.01,132.67,333.7,11.55,2.2,1.1,2.42,0.22,532.4,524.79,0.503
4068,46.08,13.4,617.53,249.13,33.95,2.2,1.1,2.42,0.22,532.4,352.68,0.541
4069,35.36,25.13,888.59,20.28,26.81,2.2,1.1,2.42,0.22,532.4,472.77,0.488
4070,47.72,29.96,1429.7,323.57,41.34,2.2,1.1,2.42,0.22,532.4,454.64,0.517
4071,33.97,6.17,209.59,274.32,10.82,2.2,1.1,2.42,0.22,532.4,412.35,0.52
4072,40.72,11.34,461.65,96.0,26.99,2.2,1.1,2.42,0.22,532.4,257.02,0.554
4073,7.57,6.7,50.68,312.94,1.55,2.2,1.1,2.42,0.22,532.4,409.7,0.5
4074,34.27,28.1,962.85,119.84,11.93,2.2,1.1,2.42,0.22,532.4,481.92,0.498
4075,16.94,25.68,435.15,245.12,38.68,2.2,1.1,2.42,0.22,532.4,277.9,0.518
4076,10.29,5.07,52.16,283.31,39.75,2.2,1.1,2.42,0.22,532.4,439.67,0.518
4077,31.62,23.49,742.55,78.43,21.25,2.2,1.1,2.42,0.22,532.4,280.8,0.522
4078,8.98,23.01,206.68,84.19,15.27,2.2,1.1,2.42,0.22,532.4,518.66,0.518
4079,36.27,10.5,381.0,62.5,38.14,2.2,1.1,2.42,0.22,532.4,486.29,0.526
4080,36.11,12.55,453.09,232.5,31.74,2.2,1.1,2.42,0.22,532.4,328.33,0.513
4081,17.53,13.36,234.18,226.81,9.73,2.2,1.1,2.42,0.22,532.4,397.66,0.53
4082,33.82,28.58,966.6,95.29,5.56,2.2,1.1,2.42,0.22,532.4,336.12,0.512
4083,5.09,15.85,80.73,102.33,27.96,2.2,1.1,2.42,0.22,532.4,297.08,0.534
4084,21.95,24.09,528.9,211.71,6.4,2.2,1.1,2.42,0.22,532.4,448.22,0.558
4085,25.39,12.81,325.24,209.68,34.52,2.2,1.1,2.42,0.22,532.4,457.05,0.542
4086,6.23,22.06,137.41,205.85,8.82,2.2,1.1,2.42,0.22,532.4,255.12,0.554
4087,41.65,29.16,1214.63,38.35,36.63,2.2,1.1,2.42,0.22,532.4,352.75,0.506
4088,32.67,8.83,288.45,201.23,6.56,2.2,1.1,2.42,0.22,532.4,355.09,0.534
4089,49.19,15.8,777.1,103.76,40.24,2.2,1.1,2.42,0.22,532.4,375.03,0.508
4090,21.46,24.12,517.65,117.74,16.54,2.2,1.1,2.42,0.22,532.4,504.13,0.543
4091,33.43,17.98,601.19,234.68,41.03,2.2,1.1,2.42,0.22,532.4,346.35,0.518
4092,42.99,6.47,278.04,352.02,20.92,2.2,1.1,2.42,0.22,532.4,442.3,0.546
4093,11.54,5.15,59.36,71.53,13.13,2.2,1.1,2.42,0.22,532.4,292.45,0.516
4094,24.07,29.22,703.21,52.2,9.72,2.2,1.1,2.42,0.22,532.4,389.44,0.549
4095,7.9,5.72,45.2,287.04,29.55,2.2,1.1,2.42,0.22,532.4,412.68,0.516
4096,26.24,22.76,597.37,97.62,14.23,2.2,1.1,2.42,0.22,532.4,389.57,0.494
4097,41.47,23.03,955.3,175.45,34.64,2.2,1.1,2.42,0.22,532.4,501.17,0.513
4098,8.21,15.23,125.06,279.27,29.29,2.2,1.1,2.42,0.22,532.4,380.85,0.533
4099,27.47,9.48,260.39,358.94,9.43,2.2,1.1,2.42,0.22,532.4,439.43,0.552
4100,11.86,22.43,266.06,47.71,3.7,2.2,1.1,2.42,0.22,532.4,505.33,0.5
4101,17.48,25.01,437.16,244.81,15.27,2.2,1.1,2.42,0.22,532.4,409.23,0.516
4102,37.21,19.96,742.9,52.06,26.12,2.2,1.1,2.42,0.22,532.4,511.34,0.537
4103,24.98,6.0,150.02,145.44,11.92,2.2,1.1,2.42,0.22,532.4,294.43,0.515
4104,39.96,16.38,654.68,114.81,19.33,2.2,1.1,2.42,0.22,532.4,476.92,0.513
4105,18.47,28.03,517.76,35.78,17.92,2.2,1.1,2.42,0.22,532.4,474.81,0.512
4106,6.8,5.01,34.1,281.17,25.28,2.2,1.1,2.42,0.22,532.4,401.0,0.523
4107,18.51,15.25,282.26,321.23,14.39,2.2,1.1,2.42,0.22,532.4,435.1,0.529
4108,42.07,8.27,348.06,30.06,15.62,2.2,1.1,2.42,0.22,532.4,319.56,0.523
4109,34.02,6.3,214.39,311.86,35.47,2.2,1.1,2.42,0.22,532.4,280.88,0.561
4110,15.55,9.74,151.4,200.01,5.64,2.2,1.1,2.42,0.22,532.4,283.63,0.53
4111,44.72,7.02,313.97,256.99,6.82,2.2,1.1,2.42,0.22,532.4,523.37,0.504
4112,32.24,21.82,703.28,140.72,22.84,2.2,1.1,2.42,0.22,532.4,507.38,0.513
4113,37.52,21.8,817.74,52.34,31.36,2.2,1.1,2.42,0.22,532.4,264.2,0.528
4114,11.35,5.91,67.16,44.19,25.38,2.2,1.1,2.42,0.22,532.4,468.4,0.559
4115,30.36,22.12,671.5,217.77,18.1,2.2,1.1,2.42,0.22,532.4,487.54,0.52
4116,37.91,11.8,447.24,257.38,13.22,2.2,1.1,2.42,0.22,532.4,411.24,0.509
4117,19.84,16.31,323.66,328.17,40.52,2.2,1.1,2.42,0.22,532.4,344.88,0.502
4118,46.02,17.06,785.1,214.78,30.8,2.2,1.1,2.42,0.22,532.4,441.65,0.502
4119,33.94,7.01,237.93,321.76,10.1,2.2,1.1,2.42,0.22,532.4,430.65,0.538
4120,13.32,13.06,174.01,252.71,36.68,2.2,1.1,2.42,0.22,532.4,315.57,0.483
4121,13.93,6.78,94.45,213.51,29.0,2.2,1.1,2.42,0.22,532.4,411.02,0.494
4122,16.77,16.56,277.74,240.08,40.66,2.2,1.1,2.42,0.22,532.4,388.65,0.503
4123,29.01,26.93,781.23,59.41,37.88,2.2,1.1,2.42,0.22,532.4,494.69,0.547
4124,31.68,9.59,303.93,36.83,42.07,2.2,1.1,2.42,0.22,532.4,259.14,0.539
4125,23.86,29.92,713.71,309.91,2.91,2.2,1.1,2.42,0.22,532.4,441.71,0.51
4126,25.33,13.45,340.69,342.9,28.18,2.2,1.1,2.42,0.22,532.4,415.61,0.546
4127,11.42,7.15,81.67,357.91,44.45,2.2,1.1,2.42,0.22,532.4,264.22,0.537
4128,47.82,9.1,435.35,333.65,19.29,2.2,1.1,2.42,0.22,532.4,533.64,0.497
4129,47.58,11.5,547.19,104.75,29.05,2.2,1.1,2.42,0.22,532.4,470.92,0.541
4130,39.77,28.9,1149.24,141.62,13.09,2.2,1.1,2.42,0.22,532.4,318.39,0.54
4131,37.14,19.21,713.39,35.36,16.87,2.2,1.1,2.42,0.22,532.4,284.44,0.508
4132,12.54,18.57,232.77,236.9,24.35,2.2,1.1,2.42,0.22,532.4,269.78,0.514
4133,46.31,25.57,1184.33,92.25,39.93,2.2,1.1,2.42,0.22,532.4,287.68,0.498
4134,40.24,12.22,491.6,193.63,32.22,2.2,1.1,2.42,0.22,532.4,360.84,0.531
4135,20.67,22.65,468.23,294.49,37.78,2.2,1.1,2.42,0.22,532.4,465.31,0.555
4136,36.4,12.04,438.15,321.98,10.19,2.2,1.1,2.42,0.22,532.4,338.23,0.526
4137,13.87,8.34,115.69,242.86,36.63,2.2,1.1,2.42,0.22,532.4,352.67,0.515
4138,46.11,9.53,439.31,177.85,7.24,2.2,1.1,2.42,0.22,532.4,289.09,0.499
4139,32.49,25.28,821.41,18.67,42.27,2.2,1.1,2.42,0.22,532.4,466.89,0.494
4140,32.59,16.25,529.72,219.84,6.81,2.2,1.1,2.42,0.22,532.4,454.24,0.527
4141,21.94,6.59,144.54,111.78,11.01,2.2,1.1,2.42,0.22,532.4,282.84,0.523
4142,30.27,17.42,527.34,304.55,37.25,2.2,1.1,2.42,0.22,532.4,408.16,0.494
4143,9.37,23.03,215.72,57.02,8.35,2.2,1.1,2.42,0.22,532.4,467.22,0.527
4144,38.69,22.44,868.12,298.49,15.89,2.2,1.1,2.42,0.22,532.4,472.86,0.535
4145,5.22,11.35,59.22,47.36,38.13,2.2,1.1,2.42,0.22,532.4,306.56,0.512
4146,40.62,28.01,1137.95,275.3,41.55,2.2,1.1,2.42,0.22,532.4,510.23,0.531
4147,18.21,19.84,361.31,84.65,27.63,2.2,1.1,2.42,0.22,532.4,452.87,0.512
4148,45.61,14.21,648.27,179.8,10.65,2.2,1.1,2.42,0.22,532.4,261.27,0.535
4149,26.0,8.02,208.6,88.0,4.84,2.2,1.1,2.42,0.22,532.4,308.51,0.555
4150,42.45,9.71,412.19,193.55,28.66,2.2,1.1,2.42,0.22,532.4,417.08,0.55
4151,19.02,22.29,423.93,9.46,23.64,2.2,1.1,2.42,0.22,532.4,464.66,0.514
4152,33.21,12.67,420.76,122.73,8.49,2.2,1.1,2.42,0.22,532.4,413.59,0.513
4153,30.04,23.17,696.09,182.98,29.6,2.2,1.1,2.42,0.22,532.4,367.92,0.517
4154,26.61,15.29,406.92,76.9,16.38,2.2,1.1,2.42,0.22,532.4,496.86,0.511
4155,39.29,30.0,1178.48,204.14,5.93,2.2,1.1,2.42,0.22,532.4,461.05,0.514
4156,27.09,8.52,230.71,353.6,18.08,2.2,1.1,2.42,0.22,532.4,389.02,0.489
4157,31.22,14.77,461.23,260.71,33.36,2.2,1.1,2.42,0.22,532.4,316.11,0.51
4158,28.85,29.12,840.03,70.23,19.5,2.2,1.1,2.42,0.22,532.4,456.93,0.525
4159,26.08,29.95,781.2,311.38,1.35,2.2,1.1,2.42,0.22,532.4,468.89,0.508
4160,20.05,7.37,147.85,257.64,24.32,2.2,1.1,2.42,0.22,532.4,295.34,0.492
4161,13.06,27.78,362.98,18.73,28.45,2.2,1.1,2.42,0.22,532.4,353.18,0.552
4162,11.71,27.09,317.21,291.64,15.8,2.2,1.1,2.42,0.22,532.4,531.65,0.504
4163,30.06,17.18,516.49,185.83,22.89,2.2,1.1,2.42,0.22,532.4,329.61,0.542
4164,10.22,14.39,147.04,109.07,35.56,2.2,1.1,2.42,0.22,532.4,474.65,0.526
4165,27.67,20.22,559.65,13.29,37.17,2.2,1.1,2.42,0.22,532.4,275.26,0.521
4166,19.91,24.08,479.53,328.36,24.98,2.2,1.1,2.42,0.22,532.4,434.35,0.528
4167,15.33,10.88,166.76,193.34,8.51,2.2,1.1,2.42,0.22,532.4,525.98,0.502
4168,34.62,8.63,298.87,60.82,19.09,2.2,1.1,2.42,0.22,532.4,492.75,0.536
4169,7.09,10.32,73.15,145.4,19.8,2.2,1.1,2.42,0.22,532.4,323.38,0.55
4170,26.95,7.76,209.09,251.7,29.92,2.2,1.1,2.42,0.22,532.4,483.23,0.528
4171,19.58,17.54,343.42,105.88,43.23,2.2,1.1,2.42,0.22,532.4,521.2,0.525
4172,5.16,13.15,67.92,46.23,33.43,2.2,1.1,2.42,0.22,532.4,465.33,0.512
4173,40.02,11.35,454.34,224.88,20.3,2.2,1.1,2.42,0.22,532.4,386.16,0.543
4174,20.86,17.82,371.78,125.47,15.63,2.2,1.1,2.42,0.22,532.4,449.82,0.566
4175,48.1,8.88,427.38,220.29,40.9,2.2,1.1,2.42,0.22,532.4,309.57,0.495
4176,29.98,19.46,583.36,282.84,33.52,2.2,1.1,2.42,0.22,532.4,499.53,0.534
4177,43.74,13.5,590.49,322.91,10.14,2.2,1.1,2.42,0.22,532.4,442.87,0.531
4178,35.31,18.38,648.84,241.45,11.3,2.2,1.1,2.42,0.22,532.4,505.81,0.51
4179,33.52,17.6,590.02,206.1,34.21,2.2,1.1,2.42,0.22,532.4,251.24,0.556
4180,45.91,28.0,1285.73,0.49,21.94,2.2,1.1,2.42,0.22,532.4,431.8,0.527
4181,20.15,28.67,577.88,306.74,9.98,2.2,1.1,2.42,0.22,532.4,288.96,0.548
4182,15.85,12.69,201.18,205.11,38.78,2.2,1.1,2.42,0.22,532.4,456.72,0.513
4183,29.96,8.68,259.93,346.88,17.92,2.2,1.1,2.42,0.22,532.4,441.55,0.494
4184,33.57,13.86,465.48,50.74,36.83,2.2,1.1,2.42,0.22,532.4,283.24,0.482
4185,46.23,5.12,236.85,221.86,40.32,2.2,1.1,2.42,0.22,532.4,397.34,0.518
4186,8.79,20.75,182.33,177.85,2.41,2.2,1.1,2.42,0.22,532.4,370.51,0.526
4187,10.01,7.71,77.17,250.06,38.75,2.2,1.1,2.42,0.22,532.4,380.22,0.507
4188,48.24,23.65,1140.98,269.95,1.33,2.2,1.1,2.42,0.22,532.4,321.57,0.516
4189,29.52,6.76,199.46,144.84,4.28,2.2,1.1,2.42,0.22,532.4,268.04,0.553
4190,23.61,21.62,510.54,29.09,35.24,2.2,1.1,2.42,0.22,532.4,436.69,0.511
4191,45.47,7.29,331.32,116.8,25.84,2.2,1.1,2.42,0.22,532.4,270.53,0.53
4192,29.38,13.22,388.43,154.67,17.49,2.2,1.1,2.42,0.22,532.4,298.25,0.562
4193,49.82,5.92,294.71,132.19,35.9,2.2,1.1,2.42,0.22,532.4,391.21,0.513
4194,27.19,22.48,611.18,205.76,21.93,2.2,1.1,2.42,0.22,532.4,436.45,0.506
4195,17.98,20.14,362.08,117.86,35.18,2.2,1.1,2.42,0.22,532.4,451.73,0.54
4196,17.29,6.29,108.8,1.51,32.54,2.2,1.1,2.42,0.22,532.4,392.72,0.498
4197,36.84,25.3,932.17,46.67,28.92,2.2,1.1,2.42,0.22,532.4,387.52,0.52
4198,46.41,21.29,988.21,75.95,25.84,2.2,1.1,2.42,0.22,532.4,397.9,0.508
4199,8.64,19.6,169.44,30.54,24.13,2.2,1.1,2.42,0.22,532.4,456.5,0.51
4200,20.88,29.45,615.05,300.75,28.18,2.2,1.1,2.42,0.22,532.4,470.59,0.517
4201,47.59,15.08,717.74,336.94,9.98,2.2,1.1,2.42,0.22,532.4,323.25,0.542
4202,49.0,28.69,1405.88,311.49,6.63,2.2,1.1,2.42,0.22,532.4,437.74,0.49
4203,33.35,25.63,854.95,236.61,2.3,2.2,1.1,2.42,0.22,532.4,433.1,0.545
4204,7.6,20.22,153.71,341.86,44.38,2.2,1.1,2.42,0.22,532.4,382.7,0.55
4205,27.18,9.8,266.49,63.66,3.89,2.2,1.1,2.42,0.22,532.4,476.07,0.564
4206,45.28,10.17,460.31,185.51,18.73,2.2,1.1,2.42,0.22,532.4,452.49,0.531
4207,37.32,11.04,411.94,156.81,19.17,2.2,1.1,2.42,0.22,532.4,498.16,0.545
4208,29.28,15.59,456.45,344.36,8.03,2.2,1.1,2.42,0.22,532.4,400.11,0.501
4209,42.6,12.98,552.99,186.76,14.83,2.2,1.1,2.42,0.22,532.4,433.07,0.538
4210,45.88,20.76,952.35,179.21,42.62,2.2,1.1,2.42,0.22,532.4,499.87,0.55
4211,20.72,9.36,194.01,212.93,11.25,2.2,1.1,2.42,0.22,532.4,477.18,0.543
4212,29.62,11.06,327.7,227.86,36.07,2.2,1.1,2.42,0.22,532.4,355.35,0.519
4213,8.82,13.36,117.77,104.43,17.97,2.2,1.1,2.42,0.22,532.4,384.19,0.538
4214,46.49,10.77,500.69,120.7,33.04,2.2,1.1,2.42,0.22,532.4,434.77,0.538
4215,12.38,5.2,64.4,95.19,6.5,2.2,1.1,2.42,0.22,532.4,503.47,0.52
4216,12.72,8.91,113.36,57.88,36.45,2.2,1.1,2.42,0.22,532.4,477.64,0.492
4217,11.57,6.55,75.83,69.53,44.19,2.2,1.1,2.42,0.22,532.4,413.63,0.532
4218,12.57,11.89,149.48,342.48,43.21,2.2,1.1,2.42,0.22,532.4,446.02,0.508
4219,38.25,28.36,1084.58,189.87,38.22,2.2,1.1,2.42,0.22,532.4,275.24,0.549
4220,47.7,12.72,606.87,249.83,40.83,2.2,1.1,2.42,0.22,532.4,354.97,0.512
4221,47.46,27.04,1283.33,140.14,31.51,2.2,1.1,2.42,0.22,532.4,383.74,0.536
4222,41.89,13.68,572.94,70.41,10.55,2.2,1.1,2.42,0.22,532.4,372.3,0.489
4223,28.82,21.4,616.92,33.5,8.69,2.2,1.1,2.42,0.22,532.4,524.13,0.514
4224,47.88,20.69,990.71,318.47,41.02,2.2,1.1,2.42,0.22,532.4,489.44,0.518
4225,28.28,7.99,225.99,100.86,44.54,2.2,1.1,2.42,0.22,532.4,491.69,0.552
4226,45.17,7.66,346.15,353.48,23.84,2.2,1.1,2.42,0.22,532.4,439.16,0.494
4227,16.08,7.69,123.64,229.49,43.64,2.2,1.1,2.42,0.22,532.4,472.25,0.555
4228,31.7,8.49,269.04,152.08,29.83,2.2,1.1,2.42,0.22,532.4,332.42,0.534
4229,11.41,5.04,57.5,26.8,11.71,2.2,1.1,2.42,0.22,532.4,268.87,0.565
4230,18.68,21.18,395.54,40.13,10.98,2.2,1.1,2.42,0.22,532.4,355.8,0.537
4231,8.58,25.83,221.51,89.4,19.4,2.2,1.1,2.42,0.22,532.4,313.97,0.507
4232,47.0,20.38,958.05,186.07,39.62,2.2,1.1,2.42,0.22,532.4,344.34,0.528
4233,34.61,13.72,474.83,338.21,41.94,2.2,1.1,2.42,0.22,532.4,305.92,0.514
4234,9.37,6.57,61.64,171.32,14.61,2.2,1.1,2.42,0.22,532.4,268.0,0.524
4235,28.92,15.83,457.69,176.45,28.45,2.2,1.1,2.42,0.22,532.4,508.07,0.52
4236,11.18,12.41,138.67,41.71,9.32,2.2,1.1,2.42,0.22,532.4,473.0,0.531
4237,37.53,10.72,402.32,9.84,2.24,2.2,1.1,2.42,0.22,532.4,513.19,0.529
4238,20.31,26.68,541.94,14.89,24.99,2.2,1.1,2.42,0.22,532.4,282.15,0.514
4239,26.25,23.13,607.18,168.16,4.24,2.2,1.1,2.42,0.22,532.4,348.21,0.487
4240,47.29,17.6,832.46,26.69,10.84,2.2,1.1,2.42,0.22,532.4,543.8,0.498
4241,12.87,16.97,218.41,172.1,33.37,2.2,1.1,2.42,0.22,532.4,528.05,0.517
4242,46.37,28.06,1301.34,112.26,4.55,2.2,1.1,2.42,0.22,532.4,450.28,0.518
4243,25.42,20.64,524.71,92.33,41.26,2.2,1.1,2.42,0.22,532.4,287.61,0.514
4244,28.15,8.2,230.85,290.8,18.02,2.2,1.1,2.42,0.22,532.4,437.71,0.506
4245,12.22,11.51,140.66,178.47,5.77,2.2,1.1,2.42,0.22,532.4,472.6,0.534
4246,28.8,27.86,802.21,100.24,40.89,2.2,1.1,2.42,0.22,532.4,448.86,0.515
4247,22.62,17.02,385.07,15.9,33.25,2.2,1.1,2.42,0.22,532.4,370.15,0.529
4248,39.68,8.77,347.94,151.12,42.74,2.2,1.1,2.42,0.22,532.4,269.35,0.527
4249,36.02,7.18,258.78,79.04,1.32,2.2,1.1,2.42,0.22,532.4,422.36,0.561
4250,14.48,25.1,363.47,346.17,15.87,2.2,1.1,2.42,0.22,532.4,376.95,0.521
4251,12.04,25.1,302.21,134.48,12.75,2.2,1.1,2.42,0.22,532.4,470.78,0.542
4252,10.68,11.58,123.64,151.79,40.67,2.2,1.1,2.42,0.22,532.4,298.43,0.512
4253,22.99,19.34,444.43,231.42,3.61,2.2,1.1,2.42,0.22,532.4,329.73,0.559
4254,7.65,6.5,49.74,262.29,24.9,2.2,1.1,2.42,0.22,532.4,449.74,0.562
4255,33.95,29.52,1002.41,197.99,38.8,2.2,1.1,2.42,0.22,532.4,462.02,0.501
4256,12.94,21.45,277.58,26.16,10.08,2.2,1.1,2.42,0.22,532.4,301.06,0.515
4257,32.32,6.99,225.86,134.89,9.04,2.2,1.1,2.42,0.22,532.4,298.85,0.508
4258,35.09,27.31,958.4,295.1,13.51,2.2,1.1,2.42,0.22,532.4,386.55,0.548
4259,25.45,14.06,357.9,226.99,25.98,2.2,1.1,2.42,0.22,532.4,523.75,0.529
4260,25.08,27.91,699.86,164.8,23.2,2.2,1.1,2.42,0.22,532.4,357.12,0.524
4261,40.48,23.12,936.07,100.5,5.43,2.2,1.1,2.42,0.22,532.4,256.43,0.547
4262,40.48,23.46,949.52,280.9,37.19,2.2,1.1,2.42,0.22,532.4,280.69,0.56
4263,45.61,6.45,294.32,30.08,11.78,2.2,1.1,2.42,0.22,532.4,548.0,0.498
4264,10.46,11.27,117.86,304.23,5.17,2.2,1.1,2.42,0.22,532.4,492.53,0.516
4265,28.0,17.02,476.56,137.46,7.57,2.2,1.1,2.42,0.22,532.4,358.1,0.515
4266,11.39,22.28,253.75,143.57,30.88,2.2,1.1,2.42,0.22,532.4,341.32,0.55
4267,8.73,8.3,72.4,128.95,24.63,2.2,1.1,2.42,0.22,532.4,356.5,0.512
4268,9.84,29.44,289.66,14.56,17.76,2.2,1.1,2.42,0.22,532.4,279.07,0.549
4269,29.02,12.6,365.57,210.59,22.52,2.2,1.1,2.42,0.22,532.4,380.73,0.509
4270,40.53,13.61,551.71,134.95,44.83,2.2,1.1,2.42,0.22,532.4,303.67,0.507
4271,44.89,13.29,596.57,352.34,2.37,2.2,1.1,2.42,0.22,532.4,442.25,0.495
4272,23.85,6.39,152.45,328.06,8.97,2.2,1.1,2.42,0.22,532.4,510.53,0.515
4273,39.44,25.42,1002.69,213.14,0.42,2.2,1.1,2.42,0.22,532.4,503.85,0.499
4274,21.88,29.42,643.87,19.53,3.43,2.2,1.1,2.42,0.22,532.4,269.07,0.516
4275,33.98,8.72,296.28,153.24,43.58,2.2,1.1,2.42,0.22,532.4,417.77,0.515
4276,29.51,21.11,622.74,270.01,26.28,2.2,1.1,2.42,0.22,532.4,462.24,0.531
4277,32.35,18.01,582.7,341.16,28.76,2.2,1.1,2.42,0.22,532.4,502.5,0.518
4278,34.47,8.09,278.97,214.07,0.67,2.2,1.1,2.42,0.22,532.4,323.8,0.527
4279,47.88,26.52,1269.95,142.66,36.53,2.2,1.1,2.42,0.22,532.4,274.42,0.502
4280,31.96,20.65,659.87,226.8,17.68,2.2,1.1,2.42,0.22,532.4,528.28,0.517
4281,33.98,13.75,467.32,288.54,26.31,2.2,1.1,2.42,0.22,532.4,403.59,0.513
4282,45.06,13.84,623.47,200.84,6.75,2.2,1.1,2.42,0.22,532.4,563.52,0.48
4283,44.27,15.94,705.77,174.37,22.71,2.2,1.1,2.42,0.22,532.4,486.59,0.519
4284,31.61,22.57,713.27,322.99,40.31,2.2,1.1,2.42,0.22,532.4,262.95,0.53
4285,22.33,14.13,315.64,114.6,39.86,2.2,1.1,2.42,0.22,532.4,298.04,0.525
4286,46.18,11.77,543.53,296.02,4.87,2.2,1.1,2.42,0.22,532.4,467.85,0.524
4287,10.82,8.51,92.05,61.04,21.83,2.2,1.1,2.42,0.22,532.4,477.16,0.549
4288,10.72,12.85,137.83,220.85,27.67,2.2,1.1,2.42,0.22,532.4,372.82,0.503
4289,29.26,24.34,712.03,275.75,13.32,2.2,1.1,2.42,0.22,532.4,329.3,0.542
4290,34.62,18.07,625.55,110.48,34.43,2.2,1.1,2.42,0.22,532.4,483.48,0.529
4291,38.68,23.42,905.92,126.04,35.33,2.2,1.1,2.42,0.22,532.4,480.03,0.496
4292,37.64,11.33,426.47,17.74,38.81,2.2,1.1,2.42,0.22,532.4,358.61,0.522
4293,24.11,19.33,466.06,136.54,28.94,2.2,1.1,2.42,0.22,532.4,387.91,0.506
4294,30.65,15.25,467.41,346.34,39.21,2.2,1.1,2.42,0.22,532.4,468.68,0.553
4295,49.66,11.41,566.65,185.12,8.81,2.2,1.1,2.42,0.22,532.4,456.0,0.535
4296,25.21,19.24,484.91,168.11,28.57,2.2,1.1,2.42,0.22,532.4,415.7,0.56
4297,40.75,20.62,840.42,204.97,35.51,2.2,1.1,2.42,0.22,532.4,319.65,0.512
4298,21.54,7.51,161.77,152.01,23.46,2.2,1.1,2.42,0.22,532.4,410.34,0.546
4299,38.41,29.66,1139.33,257.28,20.17,2.2,1.1,2.42,0.22,532.4,410.64,0.497
4300,20.28,7.07,143.41,268.62,41.42,2.2,1.1,2.42,0.22,532.4,306.62,0.503
4301,29.39,24.47,719.09,123.8,5.22,2.2,1.1,2.42,0.22,532.4,485.51,0.543
4302,10.93,22.27,243.4,219.16,25.15,2.2,1.1,2.42,0.22,532.4,448.27,0.533
4303,15.16,20.34,308.27,39.67,15.04,2.2,1.1,2.42,0.22,532.4,480.82,0.5
4304,12.57,8.34,104.79,189.31,9.82,2.2,1.1,2.42,0.22,532.4,522.92,0.511
4305,17.74,22.52,399.56,154.02,19.77,2.2,1.1,2.42,0.22,532.4,319.69,0.507
4306,13.71,26.52,363.46,137.86,36.88,2.2,1.1,2.42,0.22,532.4,335.54,0.549
4307,15.93,11.12,177.11,309.34,22.91,2.2,1.1,2.42,0.22,532.4,289.48,0.53
4308,46.7,18.11,845.88,95.98,40.32,2.2,1.1,2.42,0.22,532.4,340.61,0.514
4309,28.55,6.25,178.34,186.78,22.06,2.2,1.1,2.42,0.22,532.4,406.78,0.507
4310,9.33,7.57,70.67,56.08,9.43,2.2,1.1,2.42,0.22,532.4,504.98,0.511
4311,16.46,10.65,175.38,17.52,15.77,2.2,1.1,2.42,0.22,532.4,365.03,0.557
4312,28.86,10.86,313.25,85.43,16.18,2.2,1.1,2.42,0.22,532.4,460.99,0.526
4313,36.33,21.21,770.48,285.77,8.24,2.2,1.1,2.42,0.22,532.4,326.28,0.5
4314,31.7,14.51,459.96,0.49,20.45,2.2,1.1,2.42,0.22,532.4,270.47,0.512
4315,46.83,19.15,896.7,200.17,21.87,2.2,1.1,2.42,0.22,532.4,267.23,0.526
4316,39.36,22.68,892.62,19.03,6.75,2.2,1.1,2.42,0.22,532.4,462.8,0.497
4317,27.62,9.98,275.65,286.22,34.67,2.2,1.1,2.42,0.22,532.4,477.6,0.518
4318,29.07,18.48,537.24,159.76,5.6,2.2,1.1,2.42,0.22,532.4,410.58,0.573
4319,39.0,12.6,491.3,239.77,38.37,2.2,1.1,2.42,0.22,532.4,449.37,0.506
4320,43.79,10.16,445.04,19.07,4.18,2.2,1.1,2.42,0.22,532.4,380.82,0.586
4321,27.54,9.59,263.98,197.2,5.24,2.2,1.1,2.42,0.22,532.4,280.39,0.502
4322,18.38,14.68,269.92,260.98,41.77,2.2,1.1,2.42,0.22,532.4,392.29,0.515
4323,7.07,18.1,128.0,52.19,18.46,2.2,1.1,2.42,0.22,532.4,328.92,0.537
4324,22.12,19.23,425.2,194.63,12.82,2.2,1.1,2.42,0.22,532.4,367.06,0.538
4325,15.45,19.71,304.52,5.94,40.47,2.2,1.1,2.42,0.22,532.4,374.8,0.52
4326,17.87,18.48,330.19,171.11,0.15,2.2,1.1,2.42,0.22,532.4,451.66,0.5
4327,19.23,16.18,311.17,152.29,22.4,2.2,1.1,2.42,0.22,532.4,460.08,0.525
4328,47.26,20.8,983.26,163.84,9.92,2.2,1.1,2.42,0.22,532.4,497.48,0.478
4329,43.19,29.08,1255.92,107.85,6.41,2.2,1.1,2.42,0.22,532.4,480.45,0.523
4330,42.48,16.04,681.38,272.79,37.7,2.2,1.1,2.42,0.22,532.4,396.86,0.547
4331,10.88,17.03,185.29,289.0,43.41,2.2,1.1,2.42,0.22,532.4,330.1,0.496
4332,21.99,9.97,219.3,42.22,40.79,2.2,1.1,2.42,0.22,532.4,378.51,0.534
4333,39.01,21.5,838.6,236.33,20.15,2.2,1.1,2.42,0.22,532.4,287.82,0.517
4334,24.59,26.47,651.05,14.74,33.56,2.2,1.1,2.42,0.22,532.4,331.86,0.542
4335,13.22,29.09,384.53,105.85,30.11,2.2,1.1,2.42,0.22,532.4,400.55,0.501
4336,11.3,22.41,253.27,118.17,23.09,2.2,1.1,2.42,0.22,532.4,489.7,0.514
4337,30.6,14.06,430.12,303.15,18.77,2.2,1.1,2.42,0.22,532.4,298.31,0.554
4338,24.49,8.14,199.3,21.47,26.68,2.2,1.1,2.42,0.22,532.4,477.36,0.517
4339,12.76,5.58,71.26,283.86,39.59,2.2,1.1,2.42,0.22,532.4,318.63,0.535
4340,9.0,27.99,251.98,286.79,23.38,2.2,1.1,2.42,0.22,532.4,481.55,0.518
4341,20.81,16.18,336.73,338.93,44.67,2.2,1.1,2.42,0.22,532.4,317.75,0.504
4342,46.36,25.17,1167.15,56.05,42.21,2.2,1.1,2.42,0.22,532.4,330.16,0.503
4343,29.49,10.62,313.1,180.58,16.24,2.2,1.1,2.42,0.22,532.4,427.21,0.512
4344,42.95,23.43,1006.25,86.17,11.18,2.2,1.1,2.42,0.22,532.4,356.39,0.572
4345,10.19,29.42,299.66,105.58,34.35,2.2,1.1,2.42,0.22,532.4,302.7,0.505
4346,40.32,17.62,710.35,233.44,16.14,2.2,1.1,2.42,0.22,532.4,491.57,0.529
4347,11.0,21.45,235.95,225.17,5.23,2.2,1.1,2.42,0.22,532.4,381.68,0.529
4348,6.21,6.93,43.07,54.26,13.12,2.2,1.1,2.42,0.22,532.4,482.95,0.509
4349,36.11,18.57,670.76,150.62,34.79,2.2,1.1,2.42,0.22,532.4,301.4,0.505
4350,20.1,21.75,437.21,44.92,36.28,2.2,1.1,2.42,0.22,532.4,479.53,0.518
4351,26.02,15.63,406.83,132.73,44.22,2.2,1.1,2.42,0.22,532.4,300.03,0.51
4352,34.08,13.14,447.84,240.92,27.59,2.2,1.1,2.42,0.22,532.4,383.8,0.558
4353,6.39,21.55,137.58,257.85,15.64,2.2,1.1,2.42,0.22,532.4,471.7,0.515
4354,40.72,8.24,335.55,327.9,4.95,2.2,1.1,2.42,0.22,532.4,319.49,0.515
4355,5.79,16.05,92.9,306.6,33.84,2.2,1.1,2.42,0.22,532.4,523.48,0.522
4356,7.96,15.2,121.03,182.8,11.27,2.2,1.1,2.42,0.22,532.4,307.66,0.538
4357,12.88,7.7,99.12,359.57,26.52,2.2,1.1,2.42,0.22,532.4,458.6,0.503
4358,42.2,29.31,1236.73,14.09,14.52,2.2,1.1,2.42,0.22,532.4,335.03,0.55
4359,16.91,26.7,451.48,161.46,19.67,2.2,1.1,2.42,0.22,532.4,324.71,0.548
4360,45.96,15.38,706.84,118.33,22.76,2.2,1.1,2.42,0.22,532.4,285.0,0.531
4361,40.6,28.01,1137.34,215.37,41.18,2.2,1.1,2.42,0.22,532.4,401.98,0.498
4362,8.84,11.92,105.44,236.72,11.1,2.2,1.1,2.42,0.22,532.4,282.78,0.529
4363,21.63,9.24,199.78,348.78,18.4,2.2,1.1,2.42,0.22,532.4,456.47,0.51
4364,15.99,18.67,298.54,342.36,17.63,2.2,1.1,2.42,0.22,532.4,338.53,0.513
4365,21.8,16.4,357.47,339.02,2.08,2.2,1.1,2.42,0.22,532.4,390.15,0.53
4366,19.65,21.85,429.37,11.55,11.8,2.2,1.1,2.42,0.22,532.4,449.13,0.523
4367,17.51,18.76,328.35,115.25,0.29,2.2,1.1,2.42,0.22,532.4,398.65,0.513
4368,29.14,12.32,359.03,57.04,26.01,2.2,1.1,2.42,0.22,532.4,480.19,0.533
4369,34.66,14.0,485.18,15.56,23.35,2.2,1.1,2.42,0.22,532.4,460.46,0.523
4370,22.81,9.48,216.19,341.53,34.53,2.2,1.1,2.42,0.22,532.4,354.79,0.498
4371,30.08,6.68,201.02,345.28,7.35,2.2,1.1,2.42,0.22,532.4,432.56,0.518
4372,11.15,13.23,147.5,168.41,19.72,2.2,1.1,2.42,0.22,532.4,456.9,0.52
4373,25.27,17.32,437.62,239.74,41.7,2.2,1.1,2.42,0.22,532.4,327.16,0.48
4374,33.43,8.74,292.24,113.42,26.02,2.2,1.1,2.42,0.22,532.4,294.0,0.491
4375,46.56,11.89,553.58,166.52,36.87,2.2,1.1,2.42,0.22,532.4,505.57,0.535
4376,35.06,7.42,260.05,20.53,21.69,2.2,1.1,2.42,0.22,532.4,385.45,0.525
4377,12.61,14.51,182.96,131.2,19.26,2.2,1.1,2.42,0.22,532.4,370.32,0.523
4378,10.64,8.49,90.33,354.94,32.45,2.2,1.1,2.42,0.22,532.4,292.33,0.523
4379,31.71,22.81,723.16,72.99,29.46,2.2,1.1,2.42,0.22,532.4,357.99,0.516
4380,10.8,24.21,261.52,193.88,17.12,2.2,1.1,2.42,0.22,532.4,456.58,0.565
4381,20.62,8.07,166.45,4.45,7.66,2.2,1.1,2.42,0.22,532.4,309.91,0.536
4382,23.24,6.89,160.25,8.72,32.0,2.2,1.1,2.42,0.22,532.4,284.45,0.508
4383,44.12,22.68,1000.63,345.11,10.43,2.2,1.1,2.42,0.22,532.4,324.39,0.505
4384,35.86,12.19,437.22,327.42,5.57,2.2,1.1,2.42,0.22,532.4,342.13,0.521
4385,32.51,16.84,547.26,291.39,1.09,2.2,1.1,2.42,0.22,532.4,281.14,0.55
4386,25.93,9.19,238.28,359.6,8.31,2.2,1.1,2.42,0.22,532.4,334.44,0.501
4387,28.91,6.96,201.37,308.93,18.91,2.2,1.1,2.42,0.22,532.4,513.65,0.51
4388,19.28,20.98,404.55,0.71,14.25,2.2,1.1,2.42,0.22,532.4,503.61,0.51
4389,46.11,17.17,791.48,324.55,0.21,2.2,1.1,2.42,0.22,532.4,459.41,0.548
4390,43.04,11.95,514.15,268.5,25.58,2.2,1.1,2.42,0.22,532.4,336.79,0.524
4391,36.45,6.3,229.55,192.22,16.25,2.2,1.1,2.42,0.22,532.4,512.05,0.513
4392,45.43,21.24,964.88,260.27,3.93,2.2,1.1,2.42,0.22,532.4,333.69,0.525
4393,37.71,23.37,881.36,59.23,0.18,2.2,1.1,2.42,0.22,532.4,492.66,0.541
4394,34.39,16.43,565.19,103.16,39.0,2.2,1.1,2.42,0.22,532.4,504.93,0.526
4395,43.74,6.87,300.59,26.5,8.42,2.2,1.1,2.42,0.22,532.4,318.08,0.494
4396,44.13,5.97,263.38,209.97,30.09,2.2,1.1,2.42,0.22,532.4,378.83,0.516
4397,38.56,16.75,645.95,97.84,36.63,2.2,1.1,2.42,0.22,532.4,468.93,0.535
4398,31.82,19.77,629.06,212.2,40.48,2.2,1.1,2.42,0.22,532.4,270.64,0.534
4399,9.44,26.09,246.36,269.68,28.57,2.2,1.1,2.42,0.22,532.4,463.31,0.557
4400,8.74,28.62,250.12,59.06,0.07,2.2,1.1,2.42,0.22,532.4,367.66,0.499
4401,32.71,8.78,287.27,210.32,27.28,2.2,1.1,2.42,0.22,532.4,249.07,0.576
4402,41.39,25.17,1041.87,225.84,41.06,2.2,1.1,2.42,0.22,532.4,474.6,0.498
4403,12.2,23.58,287.82,198.26,15.73,2.2,1.1,2.42,0.22,532.4,300.99,0.5
4404,10.99,25.05,275.38,70.43,14.08,2.2,1.1,2.42,0.22,532.4,500.33,0.547
4405,40.37,22.48,907.5,215.67,23.68,2.2,1.1,2.42,0.22,532.4,484.45,0.551
4406,32.96,27.28,899.28,347.36,31.21,2.2,1.1,2.42,0.22,532.4,266.13,0.543
4407,14.85,27.8,412.79,307.97,33.29,2.2,1.1,2.42,0.22,532.4,376.6,0.559
4408,33.74,22.2,749.05,91.57,21.87,2.2,1.1,2.42,0.22,532.4,478.92,0.529
4409,14.14,5.11,72.22,47.23,7.2,2.2,1.1,2.42,0.22,532.4,330.33,0.522
4410,40.37,18.57,749.6,349.32,0.77,2.2,1.1,2.42,0.22,532.4,265.67,0.534
4411,19.99,11.92,238.34,6.99,17.74,2.2,1.1,2.42,0.22,532.4,529.08,0.523
4412,43.08,17.83,768.29,2.2,38.28,2.2,1.1,2.42,0.22,532.4,454.54,0.543
4413,46.5,11.85,550.99,277.96,17.34,2.2,1.1,2.42,0.22,532.4,350.47,0.548
4414,21.75,12.33,268.08,165.21,43.02,2.2,1.1,2.42,0.22,532.4,270.57,0.526
4415,39.85,15.45,615.67,77.1,19.41,2.2,1.1,2.42,0.22,532.4,389.25,0.521
4416,31.85,26.05,829.75,212.45,36.68,2.2,1.1,2.42,0.22,532.4,292.47,0.544
4417,20.85,14.18,295.74,175.0,21.06,2.2,1.1,2.42,0.22,532.4,454.53,0.51
4418,48.35,21.12,1021.13,172.46,23.81,2.2,1.1,2.42,0.22,532.4,516.31,0.5
4419,35.44,18.55,657.4,253.69,28.48,2.2,1.1,2.42,0.22,532.4,351.03,0.509
4420,20.61,18.47,380.69,182.03,37.86,2.2,1.1,2.42,0.22,532.4,502.13,0.528
4421,14.04,20.95,294.16,0.48,26.52,2.2,1.1,2.42,0.22,532.4,322.96,0.523
4422,8.7,18.27,158.97,213.49,3.78,2.2,1.1,2.42,0.22,532.4,406.42,0.535
4423,47.53,5.54,263.14,2.47,13.54,2.2,1.1,2.42,0.22,532.4,289.76,0.505
4424,44.43,28.16,1251.23,130.98,17.14,2.2,1.1,2.42,0.22,532.4,287.92,0.518
4425,32.71,21.44,701.12,281.03,32.08,2.2,1.1,2.42,0.22,532.4,463.48,0.515
4426,24.09,25.24,608.02,258.88,44.45,2.2,1.1,2.42,0.22,532.4,463.43,0.518
4427,8.57,7.75,66.38,60.66,4.77,2.2,1.1,2.42,0.22,532.4,455.19,0.516
4428,33.02,11.93,394.03,350.46,29.82,2.2,1.1,2.42,0.22,532.4,414.77,0.552
4429,38.89,27.9,1085.04,8.34,37.24,2.2,1.1,2.42,0.22,532.4,475.34,0.514
4430,15.84,19.99,316.55,84.06,20.85,2.2,1.1,2.42,0.22,532.4,373.39,0.5
4431,48.28,11.15,538.18,58.9,11.62,2.2,1.1,2.42,0.22,532.4,381.29,0.509
4432,44.7,13.13,587.06,77.54,9.36,2.2,1.1,2.42,0.22,532.4,464.13,0.532
4433,48.27,19.98,964.73,320.28,6.91,2.2,1.1,2.42,0.22,532.4,444.18,0.515
4434,26.13,19.53,510.3,15.89,13.25,2.2,1.1,2.42,0.22,532.4,522.81,0.525
4435,32.86,25.81,848.14,125.02,29.17,2.2,1.1,2.42,0.22,532.4,497.68,0.535
4436,24.91,8.8,219.09,96.82,22.38,2.2,1.1,2.42,0.22,532.4,440.72,0.501
4437,22.81,11.69,266.58,55.88,14.16,2.2,1.1,2.42,0.22,532.4,280.86,0.54
4438,9.33,19.59,182.73,339.69,26.68,2.2,1.1,2.42,0.22,532.4,405.94,0.547
4439,40.15,28.13,1129.17,51.3,40.06,2.2,1.1,2.42,0.22,532.4,448.09,0.49
4440,47.65,19.13,911.75,185.68,28.38,2.2,1.1,2.42,0.22,532.4,381.25,0.502
4441,29.41,17.32,509.42,249.84,3.12,2.2,1.1,2.42,0.22,532.4,514.17,0.532
4442,31.81,16.61,528.58,89.9,44.58,2.2,1.1,2.42,0.22,532.4,368.35,0.504
4443,31.91,12.03,384.0,138.11,21.16,2.2,1.1,2.42,0.22,532.4,448.87,0.546
4444,39.83,19.99,796.25,46.73,11.95,2.2,1.1,2.42,0.22,532.4,407.41,0.517
4445,22.86,8.44,192.86,204.49,9.53,2.2,1.1,2.42,0.22,532.4,559.3,0.483
4446,33.34,8.68,289.42,189.14,38.34,2.2,1.1,2.42,0.22,532.4,477.5,0.548
4447,20.34,8.42,171.33,5.27,9.22,2.2,1.1,2.42,0.22,532.4,342.58,0.533
4448,18.86,15.19,286.54,130.91,17.85,2.2,1.1,2.42,0.22,532.4,538.18,0.504
4449,40.58,27.17,1102.72,70.1,0.77,2.2,1.1,2.42,0.22,532.4,495.08,0.538
4450,24.6,14.68,361.06,201.78,39.13,2.2,1.1,2.42,0.22,532.4,469.74,0.499
4451,20.54,15.91,326.73,358.72,14.77,2.2,1.1,2.42,0.22,532.4,464.45,0.54
4452,30.83,15.82,487.79,33.16,21.28,2.2,1.1,2.42,0.22,532.4,352.39,0.494
4453,33.01,25.03,826.26,48.18,23.86,2.2,1.1,2.42,0.22,532.4,404.48,0.521
4454,22.67,14.83,336.34,155.3,27.67,2.2,1.1,2.42,0.22,532.4,275.21,0.577
4455,46.14,26.19,1208.5,75.64,30.38,2.2,1.1,2.42,0.22,532.4,336.13,0.548
4456,25.48,22.82,581.3,146.12,29.26,2.2,1.1,2.42,0.22,532.4,341.95,0.51
4457,37.1,13.24,491.31,147.63,44.39,2.2,1.1,2.42,0.22,532.4,489.2,0.524
4458,34.05,29.38,1000.34,184.65,1.91,2.2,1.1,2.42,0.22,532.4,423.89,0.544
4459,10.39,5.46,56.71,74.83,18.82,2.2,1.1,2.42,0.22,532.4,492.58,0.522
4460,42.61,26.9,1146.17,10.89,34.95,2.2,1.1,2.42,0.22,532.4,519.71,0.505
4461,41.53,24.43,1014.67,309.39,7.17,2.2,1.1,2.42,0.22,532.4,461.28,0.5
4462,11.48,23.34,267.93,296.46,23.68,2.2,1.1,2.42,0.22,532.4,506.61,0.485
4463,43.16,15.29,660.07,150.87,33.13,2.2,1.1,2.42,0.22,532.4,418.09,0.577
4464,26.87,25.19,676.77,325.57,41.61,2.2,1.1,2.42,0.22,532.4,500.67,0.533
4465,15.85,21.7,343.98,275.77,19.96,2.2,1.1,2.42,0.22,532.4,322.45,0.534
4466,30.15,21.76,656.09,209.72,35.46,2.2,1.1,2.42,0.22,532.4,394.05,0.503
4467,25.24,18.06,455.94,256.4,31.33,2.2,1.1,2.42,0.22,532.4,427.4,0.523
4468,15.47,8.28,128.13,100.28,1.67,2.2,1.1,2.42,0.22,532.4,381.71,0.482
4469,31.97,15.37,491.23,14.51,3.06,2.2,1.1,2.42,0.22,532.4,306.47,0.502
4470,11.15,18.8,209.57,78.73,37.28,2.2,1.1,2.42,0.22,532.4,399.93,0.526
4471,28.21,12.78,360.54,112.48,12.01,2.2,1.1,2.42,0.22,532.4,389.83,0.517
4472,36.92,7.26,267.99,54.97,34.56,2.2,1.1,2.42,0.22,532.4,477.28,0.547
4473,41.8,8.77,366.4,269.84,21.78,2.2,1.1,2.42,0.22,532.4,379.35,0.553
4474,32.35,24.89,805.22,99.05,34.13,2.2,1.1,2.42,0.22,532.4,356.73,0.57
4475,23.5,28.69,674.04,251.46,40.3,2.2,1.1,2.42,0.22,532.4,508.02,0.504
4476,6.32,7.18,45.35,275.22,35.7,2.2,1.1,2.42,0.22,532.4,486.37,0.484
4477,28.04,6.85,192.12,132.24,29.52,2.2,1.1,2.42,0.22,532.4,440.4,0.548
4478,49.76,9.22,458.74,106.71,15.87,2.2,1.1,2.42,0.22,532.4,310.26,0.508
4479,30.19,19.77,597.0,54.02,30.29,2.2,1.1,2.42,0.22,532.4,308.38,0.497
4480,21.8,16.48,359.2,348.09,1.14,2.2,1.1,2.42,0.22,532.4,287.38,0.528
4481,37.63,15.97,601.05,302.18,4.9,2.2,1.1,2.42,0.22,532.4,363.95,0.509
4482,39.87,23.95,955.07,133.56,37.07,2.2,1.1,2.42,0.22,532.4,457.93,0.526
4483,43.34,7.71,334.29,351.93,20.21,2.2,1.1,2.42,0.22,532.4,443.01,0.499
4484,38.85,15.45,600.18,313.51,8.72,2.2,1.1,2.42,0.22,532.4,357.89,0.534
4485,30.35,22.74,690.22,60.62,13.98,2.2,1.1,2.42,0.22,532.4,396.77,0.572
4486,13.98,18.96,265.11,226.59,24.69,2.2,1.1,2.42,0.22,532.4,496.05,0.514
4487,20.36,8.02,163.41,59.39,43.15,2.2,1.1,2.42,0.22,532.4,447.57,0.532
4488,25.32,25.71,650.87,97.68,34.65,2.2,1.1,2.42,0.22,532.4,324.55,0.534
4489,31.2,7.03,219.27,218.35,1.11,2.2,1.1,2.42,0.22,532.4,520.99,0.513
4490,14.47,24.83,359.28,276.73,40.1,2.2,1.1,2.42,0.22,532.4,341.12,0.533
4491,42.52,5.84,248.47,0.24,26.31,2.2,1.1,2.42,0.22,532.4,387.74,0.525
4492,12.65,16.89,213.69,204.41,36.93,2.2,1.1,2.42,0.22,532.4,548.99,0.493
4493,35.67,5.35,190.85,164.67,11.24,2.2,1.1,2.42,0.22,532.4,422.98,0.518
4494,38.59,13.67,527.48,281.06,37.24,2.2,1.1,2.42,0.22,532.4,351.69,0.521
4495,12.78,22.62,289.16,222.22,31.01,2.2,1.1,2.42,0.22,532.4,505.96,0.536
4496,48.23,5.45,263.04,235.03,18.63,2.2,1.1,2.42,0.22,532.4,343.6,0.516
4497,27.65,22.65,626.33,140.83,13.29,2.2,1.1,2.42,0.22,532.4,514.65,0.535
4498,37.18,26.5,985.07,142.94,11.2,2.2,1.1,2.42,0.22,532.4,380.47,0.528
4499,25.55,16.47,420.8,194.31,18.7,2.2,1.1,2.42,0.22,532.4,416.5,0.509
4500,38.3,22.0,842.55,169.28,5.17,2.2,1.1,2.42,0.22,532.4,320.74,0.479
4501,29.74,20.43,607.46,203.87,38.05,2.2,1.1,2.42,0.22,532.4,321.8,0.506
4502,43.0,22.76,978.83,70.3,5.21,2.2,1.1,2.42,0.22,532.4,397.5,0.552
4503,24.94,15.95,397.93,232.14,40.69,2.2,1.1,2.42,0.22,532.4,446.66,0.51
4504,36.29,28.0,1016.01,106.79,20.7,2.2,1.1,2.42,0.22,532.4,311.24,0.526
4505,48.77,8.6,419.58,87.14,21.7,2.2,1.1,2.42,0.22,532.4,442.42,0.545
4506,31.21,5.53,172.61,48.43,6.52,2.2,1.1,2.42,0.22,532.4,296.14,0.544
4507,21.6,11.28,243.61,16.66,34.31,2.2,1.1,2.42,0.22,532.4,430.04,0.527
4508,49.65,23.43,1163.14,207.43,26.3,2.2,1.1,2.42,0.22,532.4,527.87,0.5
4509,45.19,28.69,1296.45,338.96,13.29,2.2,1.1,2.42,0.22,532.4,515.56,0.497
4510,35.24,22.41,789.83,330.79,11.1,2.2,1.1,2.42,0.22,532.4,359.79,0.515
4511,38.1,7.41,282.15,329.25,7.66,2.2,1.1,2.42,0.22,532.4,319.99,0.508
4512,38.64,21.91,846.54,29.77,26.58,2.2,1.1,2.42,0.22,532.4,306.65,0.557
4513,41.82,13.53,565.67,12.95,7.95,2.2,1.1,2.42,0.22,532.4,345.7,0.546
4514,47.12,5.0,235.59,13.48,27.68,2.2,1.1,2.42,0.22,532.4,455.25,0.554
4515,37.5,9.68,362.88,169.79,14.8,2.2,1.1,2.42,0.22,532.4,502.51,0.535
4516,33.19,5.16,171.29,320.99,41.67,2.2,1.1,2.42,0.22,532.4,359.08,0.5
4517,47.51,15.18,720.97,8.15,19.65,2.2,1.1,2.42,0.22,532.4,382.33,0.503
4518,22.52,21.73,489.42,45.88,31.35,2.2,1.1,2.42,0.22,532.4,308.09,0.478
4519,7.55,6.89,52.06,245.08,18.36,2.2,1.1,2.42,0.22,532.4,322.41,0.51
4520,47.4,17.91,849.06,20.73,18.59,2.2,1.1,2.42,0.22,532.4,306.91,0.554
4521,17.14,24.64,422.32,306.56,19.56,2.2,1.1,2.42,0.22,532.4,445.45,0.521
4522,17.48,14.52,253.82,2.92,31.64,2.2,1.1,2.42,0.22,532.4,337.33,0.54
4523,31.35,8.93,279.99,197.31,10.59,2.2,1.1,2.42,0.22,532.4,452.2,0.542
4524,14.29,21.88,312.65,327.56,14.41,2.2,1.1,2.42,0.22,532.4,406.92,0.534
4525,11.71,20.28,237.55,329.61,13.5,2.2,1.1,2.42,0.22,532.4,512.94,0.516
4526,19.8,12.52,247.98,141.69,35.83,2.2,1.1,2.42,0.22,532.4,382.05,0.512
4527,40.14,28.54,1145.74,114.29,11.98,2.2,1.1,2.42,0.22,532.4,292.54,0.512
4528,12.31,27.21,335.06,287.9,34.1,2.2,1.1,2.42,0.22,532.4,486.26,0.549
4529,21.88,12.21,267.11,234.58,31.36,2.2,1.1,2.42,0.22,532.4,419.64,0.542
4530,24.92,28.94,721.07,134.52,26.2,2.2,1.1,2.42,0.22,532.4,298.24,0.529
4531,5.39,26.24,141.35,227.01,19.43,2.2,1.1,2.42,0.22,532.4,390.63,0.505
4532,45.7,28.74,1313.36,78.95,17.68,2.2,1.1,2.42,0.22,532.4,349.72,0.526
4533,32.13,26.76,859.79,240.16,0.3,2.2,1.1,2.42,0.22,532.4,391.88,0.488
4534,31.7,13.31,421.94,248.5,44.99,2.2,1.1,2.42,0.22,532.4,383.71,0.503
4535,46.54,15.56,723.95,144.2,1.93,2.2,1.1,2.42,0.22,532.4,498.61,0.551
4536,23.59,29.39,693.27,253.47,13.57,2.2,1.1,2.42,0.22,532.4,460.46,0.538
4537,46.03,8.51,391.56,312.16,6.54,2.2,1.1,2.42,0.22,532.4,378.52,0.52
4538,14.59,20.23,295.08,222.79,21.47,2.2,1.1,2.42,0.22,532.4,482.25,0.514
4539,47.25,14.78,698.65,211.37,29.26,2.2,1.1,2.42,0.22,532.4,443.15,0.522
4540,31.49,7.09,223.42,308.73,21.04,2.2,1.1,2.42,0.22,532.4,483.81,0.523
4541,31.65,17.49,553.75,256.28,1.04,2.2,1.1,2.42,0.22,532.4,393.97,0.535
4542,45.87,26.31,1206.69,90.03,14.91,2.2,1.1,2.42,0.22,532.4,293.64,0.561
4543,6.61,16.7,110.36,310.83,1.62,2.2,1.1,2.42,0.22,532.4,397.67,0.539
4544,37.78,26.14,987.66,158.94,12.17,2.2,1.1,2.42,0.22,532.4,403.76,0.532
4545,7.04,14.17,99.71,284.28,11.31,2.2,1.1,2.42,0.22,532.4,413.12,0.519
4546,49.33,25.15,1240.64,83.02,36.64,2.2,1.1,2.42,0.22,532.4,335.87,0.51
4547,19.3,15.04,290.36,248.08,8.11,2.2,1.1,2.42,0.22,532.4,368.41,0.512
4548,27.0,16.36,441.55,152.04,18.24,2.2,1.1,2.42,0.22,532.4,331.44,0.558
4549,10.47,7.13,74.63,235.1,1.65,2.2,1.1,2.42,0.22,532.4,453.81,0.537
4550,41.89,14.86,622.53,120.9,40.33,2.2,1.1,2.42,0.22,532.4,385.86,0.528
4551,42.76,24.54,1049.23,165.21,0.76,2.2,1.1,2.42,0.22,532.4,429.11,0.553
4552,26.43,22.6,597.28,236.75,14.4,2.2,1.1,2.42,0.22,532.4,359.52,0.566
4553,36.38,6.47,235.47,344.57,7.2,2.2,1.1,2.42,0.22,532.4,460.08,0.546
4554,44.13,24.08,1062.49,187.23,1.9,2.2,1.1,2.42,0.22,532.4,326.47,0.556
4555,42.07,26.53,1116.11,220.7,40.95,2.2,1.1,2.42,0.22,532.4,287.44,0.492
4556,33.45,29.46,985.51,78.75,44.75,2.2,1.1,2.42,0.22,532.4,456.99,0.541
4557,19.36,5.98,115.71,281.51,25.37,2.2,1.1,2.42,0.22,532.4,350.97,0.535
4558,12.07,25.66,309.77,92.22,10.01,2.2,1.1,2.42,0.22,532.4,492.52,0.506
4559,17.9,5.34,95.6,292.65,2.48,2.2,1.1,2.42,0.22,532.4,358.34,0.521
4560,38.73,23.88,924.95,209.72,42.01,2.2,1.1,2.42,0.22,532.4,433.47,0.51
4561,37.52,8.04,301.73,15.15,34.49,2.2,1.1,2.42,0.22,532.4,304.67,0.523
4562,43.23,29.82,1288.88,139.25,27.27,2.2,1.1,2.42,0.22,532.4,483.74,0.519
4563,29.37,5.05,148.46,299.41,11.25,2.2,1.1,2.42,0.22,532.4,266.07,0.527
4564,29.53,17.26,509.65,163.6,39.47,2.2,1.1,2.42,0.22,532.4,267.75,0.539
4565,30.93,17.41,538.37,243.95,0.47,2.2,1.1,2.42,0.22,532.4,393.85,0.528
4566,10.56,18.68,197.18,114.74,34.2,2.2,1.1,2.42,0.22,532.4,497.88,0.553
4567,18.44,21.32,393.09,141.44,40.01,2.2,1.1,2.42,0.22,532.4,347.82,0.506
4568,35.27,19.08,673.18,79.74,13.53,2.2,1.1,2.42,0.22,532.4,332.42,0.529
4569,8.17,13.71,111.98,267.16,17.86,2.2,1.1,2.42,0.22,532.4,417.15,0.55
4570,32.21,15.16,488.32,163.81,15.49,2.2,1.1,2.42,0.22,532.4,368.24,0.541
4571,9.07,13.66,123.87,207.58,21.43,2.2,1.1,2.42,0.22,532.4,384.93,0.52
4572,19.67,20.65,406.06,116.56,5.81,2.2,1.1,2.42,0.22,532.4,542.96,0.508
4573,15.32,13.33,204.16,94.88,36.37,2.2,1.1,2.42,0.22,532.4,299.05,0.509
4574,28.52,5.6,159.62,195.69,13.21,2.2,1.1,2.42,0.22,532.4,362.58,0.504
4575,14.95,9.95,148.67,228.25,11.17,2.2,1.1,2.42,0.22,532.4,408.5,0.555
4576,30.21,15.48,467.69,88.36,12.1,2.2,1.1,2.42,0.22,532.4,482.3,0.537
4577,8.38,25.66,215.11,348.02,38.73,2.2,1.1,2.42,0.22,532.4,470.56,0.532
4578,27.29,29.46,804.01,202.33,36.1,2.2,1.1,2.42,0.22,532.4,437.36,0.573
4579,29.99,9.84,295.24,323.01,30.98,2.2,1.1,2.42,0.22,532.4,466.42,0.509
4580,42.39,29.87,1266.22,307.53,26.72,2.2,1.1,2.42,0.22,532.4,428.18,0.514
4581,24.1,17.76,427.94,130.27,30.49,2.2,1.1,2.42,0.22,532.4,369.67,0.543
4582,38.2,18.66,712.7,169.41,2.72,2.2,1.1,2.42,0.22,532.4,381.67,0.556
4583,25.79,26.0,670.48,217.96,32.8,2.2,1.1,2.42,0.22,532.4,456.08,0.507
4584,24.85,18.97,471.55,189.19,33.13,2.2,1.1,2.42,0.22,532.4,364.88,0.5
4585,14.93,27.66,413.14,329.56,0.8,2.2,1.1,2.42,0.22,532.4,453.96,0.505
4586,14.77,6.64,98.07,43.66,20.46,2.2,1.1,2.42,0.22,532.4,474.23,0.506
4587,31.44,6.49,203.97,327.72,39.73,2.2,1.1,2.42,0.22,532.4,516.84,0.504
4588,40.81,16.62,678.15,110.94,36.31,2.2,1.1,2.42,0.22,532.4,399.8,0.544
4589,39.24,24.64,966.73,153.16,24.91,2.2,1.1,2.42,0.22,532.4,416.14,0.53
4590,42.51,15.1,641.78,327.21,2.18,2.2,1.1,2.42,0.22,532.4,406.99,0.583
4591,14.11,28.01,395.31,74.22,25.78,2.2,1.1,2.42,0.22,532.4,398.34,0.523
4592,39.4,10.79,425.17,269.23,31.39,2.2,1.1,2.42,0.22,532.4,418.89,0.528
4593,5.11,19.79,101.17,101.35,38.13,2.2,1.1,2.42,0.22,532.4,252.84,0.556
4594,27.66,20.85,576.84,274.07,30.54,2.2,1.1,2.42,0.22,532.4,493.71,0.549
4595,34.18,27.42,937.11,328.29,16.93,2.2,1.1,2.42,0.22,532.4,445.41,0.508
4596,45.62,19.26,878.72,149.2,42.95,2.2,1.1,2.42,0.22,532.4,377.51,0.57
4597,7.49,6.28,47.02,347.99,24.65,2.2,1.1,2.42,0.22,532.4,421.62,0.499
4598,46.51,25.47,1184.9,40.8,19.08,2.2,1.1,2.42,0.22,532.4,358.04,0.513
4599,36.11,20.8,751.09,112.21,38.43,2.2,1.1,2.42,0.22,532.4,398.49,0.534
4600,32.69,19.63,641.71,206.17,13.59,2.2,1.1,2.42,0.22,532.4,402.03,0.523
4601,8.33,28.84,240.18,63.24,4.43,2.2,1.1,2.42,0.22,532.4,465.92,0.498
4602,6.47,10.19,65.96,164.84,4.31,2.2,1.1,2.42,0.22,532.4,546.32,0.504
4603,45.24,25.85,1169.49,262.03,11.21,2.2,1.1,2.42,0.22,532.4,395.76,0.544
4604,38.0,13.85,526.46,218.22,42.44,2.2,1.1,2.42,0.22,532.4,496.44,0.497
4605,11.16,23.93,267.07,56.06,11.51,2.2,1.1,2.42,0.22,532.4,357.83,0.492
4606,6.91,17.82,123.23,340.19,25.99,2.2,1.1,2.42,0.22,532.4,387.25,0.545
4607,15.36,20.69,317.89,153.96,1.52,2.2,1.1,2.42,0.22,532.4,499.91,0.509
4608,14.14,18.17,256.91,5.48,36.18,2.2,1.1,2.42,0.22,532.4,467.26,0.517
4609,9.25,25.42,235.05,124.0,38.47,2.2,1.1,2.42,0.22,532.4,299.08,0.544
4610,11.86,15.94,189.14,304.2,25.06,2.2,1.1,2.42,0.22,532.4,446.95,0.561
4611,14.87,27.05,402.19,90.52,21.21,2.2,1.1,2.42,0.22,532.4,389.55,0.515
4612,25.14,26.69,671.06,257.19,39.99,2.2,1.1,2.42,0.22,532.4,292.76,0.503
4613,9.55,18.02,171.96,65.85,40.38,2.2,1.1,2.42,0.22,532.4,398.18,0.541
4614,27.69,9.73,269.57,107.65,42.39,2.2,1.1,2.42,0.22,532.4,378.52,0.511
4615,33.86,17.74,600.69,67.09,12.14,2.2,1.1,2.42,0.22,532.4,514.15,0.531
4616,30.43,8.07,245.61,106.34,34.35,2.2,1.1,2.42,0.22,532.4,293.66,0.514
4617,30.68,28.61,877.84,87.5,35.19,2.2,1.1,2.42,0.22,532.4,454.61,0.505
4618,14.74,19.05,280.81,167.19,41.95,2.2,1.1,2.42,0.22,532.4,415.58,0.494
4619,24.5,22.76,557.66,296.1,44.3,2.2,1.1,2.42,0.22,532.4,370.08,0.537
4620,9.76,16.09,157.11,72.98,17.3,2.2,1.1,2.42,0.22,532.4,507.8,0.531
4621,25.9,7.79,201.7,205.34,22.75,2.2,1.1,2.42,0.22,532.4,467.07,0.532
4622,30.17,28.12,848.35,299.99,13.9,2.2,1.1,2.42,0.22,532.4,285.39,0.512
4623,11.27,5.66,63.81,211.07,1.63,2.2,1.1,2.42,0.22,532.4,541.93,0.507
4624,6.13,24.31,149.05,244.85,10.71,2.2,1.1,2.42,0.22,532.4,334.17,0.54
4625,16.75,13.79,231.07,48.87,3.28,2.2,1.1,2.42,0.22,532.4,470.1,0.519
4626,9.09,9.88,89.73,298.07,41.98,2.2,1.1,2.42,0.22,532.4,374.68,0.519
4627,27.0,9.81,264.79,104.19,12.23,2.2,1.1,2.42,0.22,532.4,368.68,0.506
4628,29.56,21.37,631.64,172.83,5.09,2.2,1.1,2.42,0.22,532.4,412.65,0.519
4629,42.0,8.5,357.08,203.58,35.16,2.2,1.1,2.42,0.22,532.4,275.03,0.555
4630,37.95,17.33,657.72,118.63,42.31,2.2,1.1,2.42,0.22,532.4,489.49,0.485
4631,37.32,28.27,1055.18,168.98,23.8,2.2,1.1,2.42,0.22,532.4,406.01,0.547
4632,37.86,5.15,194.99,156.09,44.55,2.2,1.1,2.42,0.22,532.4,399.01,0.511
4633,44.13,13.71,605.24,68.57,16.59,2.2,1.1,2.42,0.22,532.4,437.43,0.515
4634,6.49,28.65,185.84,70.38,20.93,2.2,1.1,2.42,0.22,532.4,285.21,0.512
4635,13.53,16.54,223.83,281.04,10.88,2.2,1.1,2.42,0.22,532.4,425.72,0.531
4636,34.54,25.26,872.48,196.28,1.54,2.2,1.1,2.42,0.22,532.4,328.81,0.553
4637,27.09,7.24,196.11,136.32,18.78,2.2,1.1,2.42,0.22,532.4,372.42,0.564
4638,35.08,26.92,944.35,278.79,13.05,2.2,1.1,2.42,0.22,532.4,512.1,0.504
4639,12.79,26.3,336.4,104.0,24.83,2.2,1.1,2.42,0.22,532.4,435.02,0.533
4640,24.08,19.84,477.74,72.01,27.91,2.2,1.1,2.42,0.22,532.4,325.01,0.555
4641,40.97,28.27,1158.39,72.34,0.2,2.2,1.1,2.42,0.22,532.4,380.02,0.511
4642,11.0,21.57,237.32,328.02,15.54,2.2,1.1,2.42,0.22,532.4,435.65,0.514
4643,35.13,12.37,434.66,76.88,35.75,2.2,1.1,2.42,0.22,532.4,316.07,0.518
4644,15.01,29.14,437.38,192.81,2.64,2.2,1.1,2.42,0.22,532.4,447.14,0.536
4645,30.28,8.78,265.95,202.7,38.9,2.2,1.1,2.42,0.22,532.4,439.3,0.543
4646,24.49,17.83,436.74,180.83,8.53,2.2,1.1,2.42,0.22,532.4,519.87,0.527
4647,40.7,17.17,698.59,40.08,12.87,2.2,1.1,2.42,0.22,532.4,302.57,0.562
4648,5.87,6.39,37.52,179.91,8.02,2.2,1.1,2.42,0.22,532.4,549.65,0.485
4649,40.9,20.45,836.43,320.28,0.2,2.2,1.1,2.42,0.22,532.4,528.04,0.483
4650,8.71,17.62,153.51,187.67,31.86,2.2,1.1,2.42,0.22,532.4,404.51,0.518
4651,23.13,14.41,333.27,195.73,39.16,2.2,1.1,2.42,0.22,532.4,322.74,0.572
4652,13.24,12.96,171.67,322.81,28.09,2.2,1.1,2.42,0.22,532.4,470.79,0.524
4653,18.66,24.31,453.6,295.6,1.1,2.2,1.1,2.42,0.22,532.4,288.4,0.515
4654,17.34,14.93,258.87,32.42,16.33,2.2,1.1,2.42,0.22,532.4,342.66,0.49
4655,41.95,21.0,880.87,203.21,9.55,2.2,1.1,2.42,0.22,532.4,439.93,0.516
4656,43.14,25.5,1099.88,160.72,11.27,2.2,1.1,2.42,0.22,532.4,525.94,0.505
4657,20.46,22.9,468.38,243.13,35.12,2.2,1.1,2.42,0.22,532.4,331.11,0.541
4658,49.74,12.77,635.26,69.25,4.41,2.2,1.1,2.42,0.22,532.4,265.41,0.537
4659,38.83,14.82,575.6,335.72,41.86,2.2,1.1,2.42,0.22,532.4,470.32,0.512
4660,35.55,9.99,355.19,306.05,7.94,2.2,1.1,2.42,0.22,532.4,503.39,0.534
4661,41.4,15.36,635.83,344.36,41.87,2.2,1.1,2.42,0.22,532.4,296.88,0.498
4662,12.35,26.89,332.11,178.88,6.55,2.2,1.1,2.42,0.22,532.4,291.83,0.52
4663,41.44,10.36,429.12,325.24,9.44,2.2,1.1,2.42,0.22,532.4,290.71,0.532
4664,31.27,5.58,174.37,239.83,19.05,2.2,1.1,2.42,0.22,532.4,390.74,0.501
4665,39.85,18.81,749.38,85.58,30.69,2.2,1.1,2.42,0.22,532.4,274.04,0.535
4666,11.35,27.66,314.04,38.82,43.02,2.2,1.1,2.42,0.22,532.4,337.73,0.512
4667,11.69,23.96,279.98,192.84,23.76,2.2,1.1,2.42,0.22,532.4,295.63,0.529
4668,7.66,6.84,52.43,227.52,39.12,2.2,1.1,2.42,0.22,532.4,482.59,0.558
4669,19.46,29.69,577.74,324.9,29.72,2.2,1.1,2.42,0.22,532.4,409.53,0.532
4670,30.21,15.53,469.16,146.58,42.16,2.2,1.1,2.42,0.22,532.4,438.52,0.51
4671,22.31,20.17,450.06,188.98,15.23,2.2,1.1,2.42,0.22,532.4,496.05,0.52
4672,45.98,10.28,472.62,88.47,9.48,2.2,1.1,2.42,0.22,532.4,537.73,0.508
4673,30.86,12.98,400.58,122.11,22.59,2.2,1.1,2.42,0.22,532.4,266.62,0.527
4674,8.39,26.99,226.42,285.98,21.7,2.2,1.1,2.42,0.22,532.4,399.58,0.504
4675,15.54,12.03,186.96,337.42,37.01,2.2,1.1,2.42,0.22,532.4,464.18,0.537
4676,7.6,16.68,126.72,117.3,17.41,2.2,1.1,2.42,0.22,532.4,398.6,0.49
4677,25.9,25.3,655.18,57.57,6.82,2.2,1.1,2.42,0.22,532.4,349.99,0.504
4678,6.95,25.26,175.61,282.23,9.96,2.2,1.1,2.42,0.22,532.4,386.38,0.541
4679,11.0,11.19,123.13,123.02,20.49,2.2,1.1,2.42,0.22,532.4,383.46,0.507
4680,15.64,21.47,335.94,275.59,40.64,2.2,1.1,2.42,0.22,532.4,304.9,0.497
4681,41.28,22.25,918.39,6.82,41.42,2.2,1.1,2.42,0.22,532.4,306.5,0.561
4682,7.47,18.75,140.07,322.94,15.68,2.2,1.1,2.42,0.22,532.4,482.58,0.532
4683,31.5,24.26,764.2,127.1,41.5,2.2,1.1,2.42,0.22,532.4,386.88,0.534
4684,5.58,28.19,157.37,60.08,25.28,2.2,1.1,2.42,0.22,532.4,482.71,0.518
4685,34.3,18.24,625.7,346.63,11.39,2.2,1.1,2.42,0.22,532.4,325.28,0.548
4686,28.17,28.91,814.4,53.12,33.04,2.2,1.1,2.42,0.22,532.4,353.28,0.531
4687,29.19,29.21,852.61,336.7,42.33,2.2,1.1,2.42,0.22,532.4,369.59,0.553
4688,45.54,12.39,564.19,44.58,40.08,2.2,1.1,2.42,0.22,532.4,267.1,0.524
4689,43.51,16.14,702.38,315.92,34.41,2.2,1.1,2.42,0.22,532.4,438.7,0.535
4690,14.25,8.28,117.92,239.79,44.7,2.2,1.1,2.42,0.22,532.4,389.54,0.506
4691,33.48,22.14,741.33,253.4,38.77,2.2,1.1,2.42,0.22,532.4,394.55,0.525
4692,34.95,8.63,301.7,98.29,44.81,2.2,1.1,2.42,0.22,532.4,360.79,0.518
4693,18.85,22.18,418.06,163.96,43.69,2.2,1.1,2.42,0.22,532.4,282.38,0.548
4694,19.08,28.75,548.53,31.1,17.25,2.2,1.1,2.42,0.22,532.4,283.28,0.522
4695,37.62,24.59,925.01,46.38,13.11,2.2,1.1,2.42,0.22,532.4,467.46,0.49
4696,39.86,15.56,620.11,354.26,14.59,2.2,1.1,2.42,0.22,532.4,323.7,0.519
4697,25.49,18.51,471.84,303.89,33.1,2.2,1.1,2.42,0.22,532.4,356.1,0.529
4698,18.18,8.46,153.83,107.07,40.8,2.2,1.1,2.42,0.22,532.4,502.9,0.545
4699,10.94,9.42,103.05,327.98,41.52,2.2,1.1,2.42,0.22,532.4,311.77,0.527
4700,48.49,26.36,1278.25,254.93,43.5,2.2,1.1,2.42,0.22,532.4,361.39,0.517
4701,20.61,11.5,237.08,350.11,3.4,2.2,1.1,2.42,0.22,532.4,541.41,0.494
4702,15.47,12.31,190.42,337.42,37.91,2.2,1.1,2.42,0.22,532.4,416.02,0.499
4703,49.06,17.79,872.6,14.71,33.0,2.2,1.1,2.42,0.22,532.4,325.27,0.52
4704,44.41,24.22,1075.59,259.41,26.73,2.2,1.1,2.42,0.22,532.4,431.88,0.507
4705,18.27,11.17,204.15,283.54,40.24,2.2,1.1,2.42,0.22,532.4,362.73,0.538
4706,7.28,24.39,177.66,196.18,13.6,2.2,1.1,2.42,0.22,532.4,412.01,0.513
4707,49.04,13.14,644.49,57.45,35.27,2.2,1.1,2.42,0.22,532.4,294.66,0.519
4708,8.95,19.05,170.54,175.6,36.22,2.2,1.1,2.42,0.22,532.4,492.99,0.524
4709,5.89,16.86,99.27,186.97,12.78,2.2,1.1,2.42,0.22,532.4,349.43,0.513
4710,11.4,14.61,166.65,168.39,22.62,2.2,1.1,2.42,0.22,532.4,309.46,0.526
4711,29.54,25.84,763.38,175.42,16.28,2.2,1.1,2.42,0.22,532.4,290.47,0.581
4712,41.82,9.83,411.16,351.75,35.78,2.2,1.1,2.42,0.22,532.4,270.34,0.54
4713,8.96,20.35,182.42,15.09,13.13,2.2,1.1,2.42,0.22,532.4,515.18,0.527
4714,16.6,22.69,376.61,189.38,16.78,2.2,1.1,2.42,0.22,532.4,483.08,0.547
4715,33.44,10.45,349.33,307.64,18.57,2.2,1.1,2.42,0.22,532.4,403.39,0.515
4716,34.14,23.31,795.88,195.92,20.7,2.2,1.1,2.42,0.22,532.4,530.87,0.506
4717,6.64,19.23,127.67,289.09,10.18,2.2,1.1,2.42,0.22,532.4,423.72,0.512
4718,34.98,18.9,661.34,218.92,24.92,2.2,1.1,2.42,0.22,532.4,284.83,0.499
4719,11.51,29.33,337.61,56.07,13.63,2.2,1.1,2.42,0.22,532.4,400.45,0.528
4720,43.22,29.42,1271.51,197.67,32.14,2.2,1.1,2.42,0.22,532.4,278.29,0.524
4721,13.05,26.66,347.98,297.2,20.34,2.2,1.1,2.42,0.22,532.4,358.66,0.507
4722,20.13,23.76,478.2,272.61,31.5,2.2,1.1,2.42,0.22,532.4,508.15,0.503
4723,17.49,23.14,404.69,290.0,33.89,2.2,1.1,2.42,0.22,532.4,488.27,0.511
4724,18.49,26.82,495.89,190.31,12.14,2.2,1.1,2.42,0.22,532.4,452.45,0.523
4725,39.02,10.24,399.46,283.12,31.44,2.2,1.1,2.42,0.22,532.4,281.15,0.546
4726,23.06,24.75,570.7,310.62,26.8,2.2,1.1,2.42,0.22,532.4,261.65,0.559
4727,27.19,15.74,427.83,206.73,24.3,2.2,1.1,2.42,0.22,532.4,410.26,0.541
4728,41.57,6.75,280.79,276.68,43.45,2.2,1.1,2.42,0.22,532.4,262.12,0.536
4729,29.12,7.22,210.3,322.61,29.21,2.2,1.1,2.42,0.22,532.4,501.42,0.527
4730,25.48,27.22,693.49,84.32,34.73,2.2,1.1,2.42,0.22,532.4,327.31,0.562
4731,15.55,21.76,338.36,105.6,21.84,2.2,1.1,2.42,0.22,532.4,255.68,0.556
4732,47.19,20.62,972.9,62.97,36.18,2.2,1.1,2.42,0.22,532.4,391.17,0.533
4733,8.58,14.2,121.88,38.81,14.25,2.2,1.1,2.42,0.22,532.4,375.88,0.537
4734,40.44,28.33,1145.48,232.81,34.68,2.2,1.1,2.42,0.22,532.4,456.85,0.51
4735,6.23,25.89,161.37,232.73,11.89,2.2,1.1,2.42,0.22,532.4,402.69,0.536
4736,36.49,22.76,830.59,141.48,43.22,2.2,1.1,2.42,0.22,532.4,315.34,0.528
4737,24.56,26.67,655.05,295.6,19.5,2.2,1.1,2.42,0.22,532.4,352.68,0.526
4738,39.52,18.38,726.2,12.45,30.46,2.2,1.1,2.42,0.22,532.4,298.36,0.525
4739,25.1,25.57,641.91,25.4,5.34,2.2,1.1,2.42,0.22,532.4,525.85,0.527
4740,11.67,8.86,103.42,167.28,3.15,2.2,1.1,2.42,0.22,532.4,336.35,0.52
4741,23.57,5.94,139.91,192.65,9.46,2.2,1.1,2.42,0.22,532.4,479.85,0.487
4742,41.75,8.48,353.97,252.33,11.43,2.2,1.1,2.42,0.22,532.4,474.96,0.53
4743,31.5,21.51,677.55,164.19,13.57,2.2,1.1,2.42,0.22,532.4,429.34,0.542
4744,20.75,7.09,147.04,88.57,16.2,2.2,1.1,2.42,0.22,532.4,327.23,0.493
4745,9.99,21.86,218.45,260.42,40.21,2.2,1.1,2.42,0.22,532.4,314.55,0.524
4746,32.57,23.91,778.79,206.63,25.75,2.2,1.1,2.42,0.22,532.4,394.16,0.528
4747,33.95,8.28,281.01,250.11,40.64,2.2,1.1,2.42,0.22,532.4,429.87,0.556
4748,28.21,12.29,346.54,199.19,0.57,2.2,1.1,2.42,0.22,532.4,508.42,0.54
4749,40.68,7.71,313.72,194.18,7.54,2.2,1.1,2.42,0.22,532.4,287.01,0.551
4750,28.78,29.05,836.22,16.93,42.82,2.2,1.1,2.42,0.22,532.4,434.17,0.559
4751,11.35,17.08,193.8,236.02,39.99,2.2,1.1,2.42,0.22,532.4,527.8,0.52
4752,21.55,12.08,260.46,36.97,7.45,2.2,1.1,2.42,0.22,532.4,467.19,0.521
4753,20.47,13.97,285.97,80.61,5.29,2.2,1.1,2.42,0.22,532.4,439.23,0.502
4754,37.37,22.77,850.77,201.4,38.43,2.2,1.1,2.42,0.22,532.4,425.49,0.49
4755,12.07,22.02,265.84,252.95,32.78,2.2,1.1,2.42,0.22,532.4,440.04,0.54
4756,5.49,6.64,36.47,25.26,32.18,2.2,1.1,2.42,0.22,532.4,345.15,0.54
4757,15.44,15.14,233.9,240.84,16.62,2.2,1.1,2.42,0.22,532.4,419.01,0.536
4758,15.23,11.21,170.65,35.2,44.86,2.2,1.1,2.42,0.22,532.4,307.72,0.565
4759,37.64,9.24,347.94,3.73,5.49,2.2,1.1,2.42,0.22,532.4,301.19,0.531
4760,26.75,29.72,795.06,29.16,12.63,2.2,1.1,2.42,0.22,532.4,534.96,0.513
4761,43.32,8.23,356.49,208.53,30.06,2.2,1.1,2.42,0.22,532.4,317.13,0.546
4762,44.76,5.01,224.1,49.82,1.83,2.2,1.1,2.42,0.22,532.4,386.55,0.547
4763,14.59,23.81,347.23,253.69,14.33,2.2,1.1,2.42,0.22,532.4,324.86,0.532
4764,37.03,5.27,195.21,294.98,20.25,2.2,1.1,2.42,0.22,532.4,464.91,0.532
4765,48.99,14.57,713.85,207.92,41.3,2.2,1.1,2.42,0.22,532.4,352.38,0.503
4766,12.72,11.19,142.33,173.08,29.58,2.2,1.1,2.42,0.22,532.4,301.85,0.529
4767,17.6,22.59,397.57,254.99,18.28,2.2,1.1,2.42,0.22,532.4,269.66,0.538
4768,16.74,19.29,322.95,149.02,24.83,2.2,1.1,2.42,0.22,532.4,344.75,0.517
4769,21.44,11.0,235.92,227.07,3.52,2.2,1.1,2.42,0.22,532.4,318.32,0.476
4770,6.16,19.9,122.53,270.21,25.6,2.2,1.1,2.42,0.22,532.4,524.17,0.528
4771,29.91,28.64,856.59,108.79,36.98,2.2,1.1,2.42,0.22,532.4,430.29,0.524
4772,21.29,16.47,350.64,350.42,34.78,2.2,1.1,2.42,0.22,532.4,351.02,0.508
4773,12.26,27.64,338.83,264.53,39.19,2.2,1.1,2.42,0.22,532.4,397.11,0.498
4774,19.41,22.23,431.41,225.95,9.93,2.2,1.1,2.42,0.22,532.4,338.6,0.476
4775,17.93,15.68,281.08,179.45,6.68,2.2,1.1,2.42,0.22,532.4,364.81,0.518
4776,18.2,10.32,187.8,115.21,29.16,2.2,1.1,2.42,0.22,532.4,294.16,0.522
4777,24.61,14.14,348.17,78.96,10.91,2.2,1.1,2.42,0.22,532.4,288.09,0.506
4778,14.17,27.14,384.58,21.47,35.44,2.2,1.1,2.42,0.22,532.4,404.71,0.551
4779,10.38,20.89,216.85,276.48,39.98,2.2,1.1,2.42,0.22,532.4,270.77,0.572
4780,11.86,7.92,93.92,69.11,35.74,2.2,1.1,2.42,0.22,532.4,458.02,0.491
4781,23.1,5.47,126.4,89.45,8.64,2.2,1.1,2.42,0.22,532.4,447.41,0.493
4782,31.17,7.86,245.04,298.12,25.79,2.2,1.1,2.42,0.22,532.4,350.69,0.525
4783,35.41,15.98,565.89,216.05,10.16,2.2,1.1,2.42,0.22,532.4,306.9,0.529
4784,33.62,27.71,931.46,323.83,41.29,2.2,1.1,2.42,0.22,532.4,500.28,0.517
4785,31.34,5.04,157.89,57.73,5.37,2.2,1.1,2.42,0.22,532.4,304.76,0.51
4786,19.63,21.07,413.63,23.15,28.8,2.2,1.1,2.42,0.22,532.4,468.97,0.541
4787,13.46,14.92,200.78,74.33,30.6,2.2,1.1,2.42,0.22,532.4,312.18,0.52
4788,43.72,14.25,622.78,80.2,17.9,2.2,1.1,2.42,0.22,532.4,348.52,0.464
4789,16.18,29.58,478.67,56.63,36.57,2.2,1.1,2.42,0.22,532.4,328.56,0.525
4790,47.22,7.36,347.73,207.94,13.36,2.2,1.1,2.42,0.22,532.4,421.14,0.546
4791,9.35,19.67,183.89,79.27,36.84,2.2,1.1,2.42,0.22,532.4,297.2,0.541
4792,20.21,27.99,565.86,181.02,0.14,2.2,1.1,2.42,0.22,532.4,439.05,0.552
4793,39.15,5.45,213.35,205.32,34.52,2.2,1.1,2.42,0.22,532.4,438.19,0.517
4794,32.03,19.81,634.71,189.89,30.25,2.2,1.1,2.42,0.22,532.4,279.33,0.502
4795,36.38,10.09,367.1,18.29,16.61,2.2,1.1,2.42,0.22,532.4,306.92,0.54
4796,32.1,26.54,851.96,217.05,23.95,2.2,1.1,2.42,0.22,532.4,313.31,0.539
4797,46.05,27.92,1285.73,158.78,28.3,2.2,1.1,2.42,0.22,532.4,376.45,0.53
4798,20.53,22.13,454.47,43.93,41.35,2.2,1.1,2.42,0.22,532.4,275.04,0.538
4799,42.43,21.2,899.72,174.31,41.86,2.2,1.1,2.42,0.22,532.4,389.66,0.5
4800,17.4,24.42,424.9,45.75,33.89,2.2,1.1,2.42,0.22,532.4,411.09,0.515
4801,10.47,24.66,258.09,163.04,44.01,2.2,1.1,2.42,0.22,532.4,391.32,0.505
4802,11.42,7.73,88.3,105.77,9.2,2.2,1.1,2.42,0.22,532.4,445.65,0.491
4803,5.52,20.22,111.65,209.3,35.08,2.2,1.1,2.42,0.22,532.4,514.17,0.539
4804,40.54,20.25,820.83,128.91,20.59,2.2,1.1,2.42,0.22,532.4,404.65,0.552
4805,9.94,29.29,291.07,345.63,18.66,2.2,1.1,2.42,0.22,532.4,478.0,0.538
4806,5.27,10.94,57.59,165.8,43.11,2.2,1.1,2.42,0.22,532.4,388.63,0.493
4807,21.82,29.57,645.34,86.85,3.84,2.2,1.1,2.42,0.22,532.4,422.63,0.507
4808,37.06,24.93,923.78,296.64,38.11,2.2,1.1,2.42,0.22,532.4,340.09,0.537
4809,31.94,13.69,437.27,325.37,41.64,2.2,1.1,2.42,0.22,532.4,516.13,0.507
4810,35.82,25.96,929.8,298.58,27.08,2.2,1.1,2.42,0.22,532.4,259.51,0.539
4811,6.82,29.31,200.02,261.34,17.49,2.2,1.1,2.42,0.22,532.4,492.76,0.495
4812,47.04,10.36,487.32,36.66,43.12,2.2,1.1,2.42,0.22,532.4,427.88,0.541
4813,5.31,17.75,94.17,41.56,5.11,2.2,1.1,2.42,0.22,532.4,378.89,0.514
4814,17.49,22.46,392.81,58.94,40.0,2.2,1.1,2.42,0.22,532.4,421.57,0.508
4815,36.51,27.23,994.14,278.63,17.22,2.2,1.1,2.42,0.22,532.4,401.02,0.542
4816,49.65,14.4,715.05,349.54,27.04,2.2,1.1,2.42,0.22,532.4,394.25,0.514
4817,11.85,9.6,113.74,272.28,16.79,2.2,1.1,2.42,0.22,532.4,354.55,0.497
4818,44.86,25.18,1129.62,327.38,27.03,2.2,1.1,2.42,0.22,532.4,368.82,0.516
4819,33.36,22.59,753.58,240.15,40.92,2.2,1.1,2.42,0.22,532.4,440.8,0.549
4820,15.3,7.0,107.1,173.16,16.46,2.2,1.1,2.42,0.22,532.4,282.81,0.509
4821,18.57,28.7,532.9,24.4,24.32,2.2,1.1,2.42,0.22,532.4,438.54,0.533
4822,22.65,23.63,535.17,164.44,34.84,2.2,1.1,2.42,0.22,532.4,333.43,0.55
4823,35.08,21.66,759.85,44.89,31.71,2.2,1.1,2.42,0.22,532.4,531.17,0.516
4824,40.22,13.97,561.82,256.47,11.37,2.2,1.1,2.42,0.22,532.4,518.82,0.509
4825,24.46,5.73,140.2,10.71,6.76,2.2,1.1,2.42,0.22,532.4,497.82,0.515
4826,24.66,20.24,499.07,202.67,15.82,2.2,1.1,2.42,0.22,532.4,263.31,0.55
4827,32.79,28.97,950.11,4.04,2.4,2.2,1.1,2.42,0.22,532.4,324.66,0.526
4828,46.51,16.38,761.75,221.3,37.58,2.2,1.1,2.42,0.22,532.4,504.47,0.511
4829,16.35,24.19,395.43,252.11,18.69,2.2,1.1,2.42,0.22,532.4,469.55,0.52
4830,18.15,13.02,236.43,3.87,38.5,2.2,1.1,2.42,0.22,532.4,469.64,0.513
4831,26.56,7.26,192.78,224.16,30.0,2.2,1.1,2.42,0.22,532.4,334.93,0.55
4832,41.17,24.53,1009.9,51.79,7.53,2.2,1.1,2.42,0.22,532.4,352.52,0.5
4833,30.64,14.14,433.25,98.95,14.03,2.2,1.1,2.42,0.22,532.4,404.55,0.536
4834,37.81,9.66,365.38,220.88,18.74,2.2,1.1,2.42,0.22,532.4,474.15,0.531
4835,12.53,17.07,213.91,198.76,24.59,2.2,1.1,2.42,0.22,532.4,325.14,0.553
4836,33.69,22.41,755.1,3.54,7.48,2.2,1.1,2.42,0.22,532.4,451.82,0.489
4837,24.66,15.17,374.09,197.4,34.14,2.2,1.1,2.42,0.22,532.4,305.51,0.555
4838,27.6,23.52,649.32,204.07,39.95,2.2,1.1,2.42,0.22,532.4,374.5,0.522
4839,21.14,15.16,320.37,50.06,27.63,2.2,1.1,2.42,0.22,532.4,404.19,0.552
4840,20.94,26.34,551.48,36.21,25.98,2.2,1.1,2.42,0.22,532.4,278.52,0.508
4841,23.64,22.63,534.96,55.25,14.9,2.2,1.1,2.42,0.22,532.4,372.29,0.483
4842,36.23,11.0,398.38,205.25,37.03,2.2,1.1,2.42,0.22,532.4,373.33,0.512
4843,35.96,6.19,222.64,256.55,25.1,2.2,1.1,2.42,0.22,532.4,292.67,0.512
4844,27.62,18.8,519.33,278.11,31.2,2.2,1.1,2.42,0.22,532.4,359.97,0.52
4845,27.76,7.49,207.83,34.53,16.78,2.2,1.1,2.42,0.22,532.4,422.01,0.517
4846,14.87,11.89,176.78,1.13,3.28,2.2,1.1,2.42,0.22,532.4,341.88,0.491
4847,46.35,26.83,1243.79,352.67,8.32,2.2,1.1,2.42,0.22,532.4,327.07,0.522
4848,21.37,26.13,558.34,114.81,0.38,2.2,1.1,2.42,0.22,532.4,448.46,0.539
4849,17.88,12.46,222.7,111.47,23.22,2.2,1.1,2.42,0.22,532.4,348.61,0.533
4850,17.88,22.49,402.12,319.1,12.05,2.2,1.1,2.42,0.22,532.4,495.51,0.507
4851,13.19,28.12,370.78,11.76,37.91,2.2,1.1,2.42,0.22,532.4,492.02,0.506
4852,45.61,13.35,609.04,2.32,10.64,2.2,1.1,2.42,0.22,532.4,331.39,0.501
4853,11.48,8.32,95.54,79.47,43.95,2.2,1.1,2.42,0.22,532.4,353.27,0.525
4854,31.79,24.54,780.26,104.12,39.37,2.2,1.1,2.42,0.22,532.4,262.13,0.567
4855,43.98,15.28,672.13,301.31,31.85,2.2,1.1,2.42,0.22,532.4,506.81,0.506
4856,6.91,22.15,153.01,105.5,3.95,2.2,1.1,2.42,0.22,532.4,366.88,0.504
4857,48.48,28.93,1402.54,127.42,20.47,2.2,1.1,2.42,0.22,532.4,371.79,0.531
4858,47.68,24.55,1170.58,66.94,13.31,2.2,1.1,2.42,0.22,532.4,322.54,0.532
4859,20.75,24.89,516.32,80.68,15.36,2.2,1.1,2.42,0.22,532.4,518.57,0.517
4860,13.47,5.79,77.99,109.07,28.48,2.2,1.1,2.42,0.22,532.4,302.42,0.521
4861,20.98,9.96,208.84,290.07,37.69,2.2,1.1,2.42,0.22,532.4,486.68,0.497
4862,35.8,15.04,538.47,37.51,10.21,2.2,1.1,2.42,0.22,532.4,512.62,0.507
4863,22.32,17.69,394.7,309.94,36.07,2.2,1.1,2.42,0.22,532.4,326.29,0.519
4864,22.62,24.96,564.51,359.12,25.7,2.2,1.1,2.42,0.22,532.4,467.33,0.559
4865,42.67,6.24,266.34,71.21,42.73,2.2,1.1,2.42,0.22,532.4,294.6,0.548
4866,46.59,19.05,887.38,297.44,14.75,2.2,1.1,2.42,0.22,532.4,330.4,0.499
4867,11.03,23.77,262.33,151.37,35.22,2.2,1.1,2.42,0.22,532.4,480.34,0.511
4868,39.43,27.27,1075.49,149.07,32.45,2.2,1.1,2.42,0.22,532.4,444.1,0.499
4869,5.88,28.21,165.92,137.33,17.39,2.2,1.1,2.42,0.22,532.4,440.47,0.541
4870,28.25,23.58,666.27,67.97,8.38,2.2,1.1,2.42,0.22,532.4,526.28,0.503
4871,23.64,29.36,694.2,171.4,8.8,2.2,1.1,2.42,0.22,532.4,367.66,0.526
4872,45.13,8.97,404.77,49.98,21.71,2.2,1.1,2.42,0.22,532.4,297.21,0.522
4873,12.34,25.06,309.26,302.64,17.76,2.2,1.1,2.42,0.22,532.4,274.84,0.519
4874,20.01,24.84,496.97,111.43,33.56,2.2,1.1,2.42,0.22,532.4,277.79,0.527
4875,38.6,16.09,620.88,4.5,44.85,2.2,1.1,2.42,0.22,532.4,405.04,0.536
4876,18.56,17.86,331.44,233.16,26.53,2.2,1.1,2.42,0.22,532.4,318.38,0.539
4877,15.33,11.36,174.06,192.51,40.94,2.2,1.1,2.42,0.22,532.4,370.99,0.5
4878,43.29,9.35,404.69,163.51,11.81,2.2,1.1,2.42,0.22,532.4,335.79,0.548
4879,20.4,8.11,165.32,31.05,29.46,2.2,1.1,2.42,0.22,532.4,320.56,0.552
4880,48.56,8.01,388.88,213.43,10.57,2.2,1.1,2.42,0.22,532.4,414.12,0.531
4881,27.09,12.42,336.53,103.65,18.2,2.2,1.1,2.42,0.22,532.4,486.9,0.54
4882,46.31,16.22,751.13,66.57,17.18,2.2,1.1,2.42,0.22,532.4,350.82,0.53
4883,32.31,6.01,194.07,278.89,15.41,2.2,1.1,2.42,0.22,532.4,484.9,0.492
4884,29.61,24.81,734.7,242.72,4.52,2.2,1.1,2.42,0.22,532.4,432.63,0.551
4885,48.54,12.44,603.63,321.22,33.91,2.2,1.1,2.42,0.22,532.4,295.18,0.537
4886,8.09,9.08,73.46,192.36,2.91,2.2,1.1,2.42,0.22,532.4,409.29,0.536
4887,15.68,24.93,390.89,156.7,13.02,2.2,1.1,2.42,0.22,532.4,341.78,0.528
4888,14.57,25.44,370.7,22.8,0.21,2.2,1.1,2.42,0.22,532.4,395.49,0.565
4889,41.06,11.06,454.11,1.32,24.85,2.2,1.1,2.42,0.22,532.4,348.62,0.583
4890,42.97,16.65,715.5,193.47,10.64,2.2,1.1,2.42,0.22,532.4,377.41,0.497
4891,9.12,18.69,170.51,90.18,26.16,2.2,1.1,2.42,0.22,532.4,306.75,0.515
4892,46.27,10.19,471.36,37.42,1.89,2.2,1.1,2.42,0.22,532.4,364.77,0.571
4893,16.07,21.68,348.39,318.85,17.76,2.2,1.1,2.42,0.22,532.4,393.27,0.493
4894,13.61,16.96,230.8,279.69,19.74,2.2,1.1,2.42,0.22,532.4,521.8,0.521
4895,36.39,7.69,279.68,334.33,40.81,2.2,1.1,2.42,0.22,532.4,279.04,0.517
4896,14.68,8.17,119.85,263.46,15.88,2.2,1.1,2.42,0.22,532.4,422.73,0.582
4897,31.3,14.18,443.86,194.82,10.28,2.2,1.1,2.42,0.22,532.4,488.66,0.509
4898,47.44,19.5,924.94,121.89,43.95,2.2,1.1,2.42,0.22,532.4,267.65,0.537
4899,20.9,20.86,435.95,266.71,3.24,2.2,1.1,2.42,0.22,532.4,299.31,0.581
4900,6.6,26.53,175.15,261.25,27.19,2.2,1.1,2.42,0.22,532.4,352.75,0.525
4901,44.79,13.61,609.42,34.38,35.21,2.2,1.1,2.42,0.22,532.4,461.35,0.541
4902,21.36,14.55,310.88,164.94,23.75,2.2,1.1,2.42,0.22,532.4,318.46,0.476
4903,39.01,13.74,536.1,68.55,43.96,2.2,1.1,2.42,0.22,532.4,462.15,0.535
4904,15.25,20.26,309.05,145.11,6.68,2.2,1.1,2.42,0.22,532.4,288.72,0.523
4905,43.91,9.63,422.68,89.26,17.75,2.2,1.1,2.42,0.22,532.4,352.93,0.504
4906,21.6,10.9,235.58,299.17,12.38,2.2,1.1,2.42,0.22,532.4,288.57,0.509
4907,36.4,24.35,886.07,302.84,22.07,2.2,1.1,2.42,0.22,532.4,321.07,0.488
4908,33.58,23.08,774.98,62.88,38.34,2.2,1.1,2.42,0.22,532.4,530.93,0.497
4909,49.02,21.99,1077.78,55.2,29.17,2.2,1.1,2.42,0.22,532.4,320.9,0.531
4910,34.15,23.88,815.46,6.13,2.42,2.2,1.1,2.42,0.22,532.4,527.1,0.512
4911,28.44,25.3,719.56,20.96,27.72,2.2,1.1,2.42,0.22,532.4,471.24,0.507
4912,49.85,26.3,1311.17,193.28,0.53,2.2,1.1,2.42,0.22,532.4,329.02,0.549
4913,7.86,17.88,140.57,253.75,1.6,2.2,1.1,2.42,0.22,532.4,313.66,0.512
4914,17.6,16.11,283.53,13.51,31.98,2.2,1.1,2.42,0.22,532.4,346.38,0.549
4915,18.76,7.99,149.94,310.42,31.77,2.2,1.1,2.42,0.22,532.4,384.47,0.502
4916,41.49,28.13,1167.17,178.06,24.33,2.2,1.1,2.42,0.22,532.4,416.57,0.519
4917,14.57,17.94,261.27,133.65,18.1,2.2,1.1,2.42,0.22,532.4,492.55,0.549
4918,29.51,13.28,391.8,207.5,34.37,2.2,1.1,2.42,0.22,532.4,517.99,0.53
4919,49.57,28.63,1419.11,279.68,30.98,2.2,1.1,2.42,0.22,532.4,461.2,0.536
4920,25.05,17.82,446.28,8.06,1.98,2.2,1.1,2.42,0.22,532.4,486.85,0.498
4921,42.4,20.05,850.13,149.93,31.79,2.2,1.1,2.42,0.22,532.4,456.38,0.517
4922,47.94,7.47,357.93,293.74,4.22,2.2,1.1,2.42,0.22,532.4,293.97,0.553
4923,49.84,29.59,1474.55,156.16,19.98,2.2,1.1,2.42,0.22,532.4,397.18,0.494
4924,28.12,9.96,280.01,224.91,5.45,2.2,1.1,2.42,0.22,532.4,362.0,0.518
4925,49.45,29.1,1438.77,124.63,0.26,2.2,1.1,2.42,0.22,532.4,336.43,0.511
4926,5.31,11.75,62.46,140.46,2.84,2.2,1.1,2.42,0.22,532.4,514.13,0.525
4927,38.36,26.71,1024.46,351.33,35.49,2.2,1.1,2.42,0.22,532.4,340.39,0.51
4928,19.63,22.47,441.17,323.03,5.21,2.2,1.1,2.42,0.22,532.4,419.92,0.494
4929,6.79,18.29,124.12,187.71,1.29,2.2,1.1,2.42,0.22,532.4,296.96,0.551
4930,16.32,6.78,110.68,52.94,28.88,2.2,1.1,2.42,0.22,532.4,377.87,0.516
4931,38.14,19.35,737.89,71.98,8.6,2.2,1.1,2.42,0.22,532.4,465.24,0.521
4932,5.55,7.92,43.91,110.63,7.44,2.2,1.1,2.42,0.22,532.4,259.53,0.569
4933,21.98,12.64,277.83,288.74,20.62,2.2,1.1,2.42,0.22,532.4,516.93,0.503
4934,33.63,27.65,929.88,69.33,16.81,2.2,1.1,2.42,0.22,532.4,457.83,0.51
4935,30.09,21.16,636.77,228.93,32.0,2.2,1.1,2.42,0.22,532.4,515.22,0.527
4936,10.31,16.51,170.2,338.46,40.07,2.2,1.1,2.42,0.22,532.4,308.46,0.519
4937,14.75,20.5,302.34,53.07,34.63,2.2,1.1,2.42,0.22,532.4,387.44,0.564
4938,45.97,16.16,742.7,211.88,37.28,2.2,1.1,2.42,0.22,532.4,375.81,0.548
4939,28.64,10.79,308.96,89.35,37.07,2.2,1.1,2.42,0.22,532.4,467.73,0.515
4940,10.15,29.46,298.89,4.78,36.43,2.2,1.1,2.42,0.22,532.4,439.93,0.553
4941,27.91,24.1,672.49,195.07,39.89,2.2,1.1,2.42,0.22,532.4,457.36,0.522
4942,38.95,6.68,260.21,316.51,8.22,2.2,1.1,2.42,0.22,532.4,459.55,0.54
4943,13.21,13.29,175.67,137.06,8.26,2.2,1.1,2.42,0.22,532.4,462.85,0.505
4944,34.15,6.39,218.16,341.96,7.5,2.2,1.1,2.42,0.22,532.4,496.72,0.515
4945,18.0,16.45,296.09,267.25,25.68,2.2,1.1,2.42,0.22,532.4,314.52,0.529
4946,22.13,21.36,472.72,107.22,18.87,2.2,1.1,2.42,0.22,532.4,475.11,0.526
4947,17.48,29.33,512.72,265.64,17.63,2.2,1.1,2.42,0.22,532.4,470.67,0.515
4948,19.46,17.49,340.3,267.68,7.43,2.2,1.1,2.42,0.22,532.4,493.93,0.511
4949,10.55,29.48,311.04,175.04,10.29,2.2,1.1,2.42,0.22,532.4,389.92,0.515
4950,20.6,6.32,130.22,358.52,28.14,2.2,1.1,2.42,0.22,532.4,516.66,0.522
4951,6.7,21.49,144.0,311.45,42.67,2.2,1.1,2.42,0.22,532.4,334.0,0.509
4952,36.71,5.06,185.85,270.75,41.29,2.2,1.1,2.42,0.22,532.4,378.91,0.531
4953,42.58,22.75,968.9,139.53,13.89,2.2,1.1,2.42,0.22,532.4,452.81,0.542
4954,23.28,11.08,257.87,202.61,35.42,2.2,1.1,2.42,0.22,532.4,500.81,0.53
4955,25.06,7.81,195.67,14.5,43.27,2.2,1.1,2.42,0.22,532.4,306.31,0.563
4956,34.33,13.07,448.86,34.84,22.22,2.2,1.1,2.42,0.22,532.4,355.55,0.562
4957,48.5,20.21,980.23,174.09,40.16,2.2,1.1,2.42,0.22,532.4,338.58,0.515
4958,20.99,12.22,256.45,293.1,4.63,2.2,1.1,2.42,0.22,532.4,538.5,0.493
4959,35.59,27.78,988.69,62.71,40.5,2.2,1.1,2.42,0.22,532.4,417.77,0.508
4960,34.24,16.56,566.84,197.45,11.62,2.2,1.1,2.42,0.22,532.4,263.13,0.531
4961,47.62,18.63,887.07,21.73,22.9,2.2,1.1,2.42,0.22,532.4,458.41,0.531
4962,38.47,26.33,1012.7,331.67,34.84,2.2,1.1,2.42,0.22,532.4,281.9,0.526
4963,38.71,26.08,1009.36,213.88,22.94,2.2,1.1,2.42,0.22,532.4,390.88,0.567
4964,18.91,24.24,458.46,12.25,29.06,2.2,1.1,2.42,0.22,532.4,273.11,0.533
4965,24.6,29.49,725.3,259.84,32.3,2.2,1.1,2.42,0.22,532.4,508.33,0.543
4966,32.87,15.16,498.2,114.09,10.76,2.2,1.1,2.42,0.22,532.4,390.46,0.494
4967,6.72,20.68,138.9,76.6,1.31,2.2,1.1,2.42,0.22,532.4,472.26,0.521
4968,44.7,19.83,886.64,168.63,31.72,2.2,1.1,2.42,0.22,532.4,334.84,0.518
4969,6.44,21.96,141.49,137.98,1.49,2.2,1.1,2.42,0.22,532.4,398.59,0.549
4970,26.86,8.94,240.08,39.49,12.08,2.2,1.1,2.42,0.22,532.4,485.31,0.529
4971,47.12,18.53,873.16,107.27,2.18,2.2,1.1,2.42,0.22,532.4,496.25,0.536
4972,5.68,20.23,114.96,54.65,14.45,2.2,1.1,2.42,0.22,532.4,486.09,0.516
4973,31.33,27.23,852.93,179.39,17.65,2.2,1.1,2.42,0.22,532.4,445.89,0.53
4974,34.95,26.08,911.47,82.93,20.13,2.2,1.1,2.42,0.22,532.4,489.44,0.526
4975,30.48,28.94,882.29,307.07,26.28,2.2,1.1,2.42,0.22,532.4,500.25,0.532
4976,30.42,24.97,759.46,46.85,42.94,2.2,1.1,2.42,0.22,532.4,448.82,0.521
4977,13.41,20.34,272.84,233.58,35.18,2.2,1.1,2.42,0.22,532.4,354.0,0.509
4978,43.83,11.31,495.76,315.02,27.37,2.2,1.1,2.42,0.22,532.4,332.25,0.515
4979,24.23,8.48,205.33,199.64,34.92,2.2,1.1,2.42,0.22,532.4,323.28,0.509
4980,13.22,17.76,234.83,134.29,22.39,2.2,1.1,2.42,0.22,532.4,287.56,0.497
4981,36.65,6.53,239.51,257.45,11.65,2.2,1.1,2.42,0.22,532.4,358.61,0.565
4982,22.85,18.1,413.61,347.3,39.88,2.2,1.1,2.42,0.22,532.4,389.06,0.541
4983,20.3,26.94,546.88,230.28,18.09,2.2,1.1,2.42,0.22,532.4,549.77,0.498
4984,48.21,28.34,1366.23,33.19,16.61,2.2,1.1,2.42,0.22,532.4,509.6,0.522
4985,40.4,29.41,1187.96,226.92,23.26,2.2,1.1,2.42,0.22,532.4,544.21,0.501
4986,47.01,14.8,695.62,242.38,1.97,2.2,1.1,2.42,0.22,532.4,360.11,0.55
4987,48.17,20.69,996.71,343.01,16.01,2.2,1.1,2.42,0.22,532.4,472.03,0.559
4988,37.09,22.11,820.01,333.06,30.44,2.2,1.1,2.42,0.22,532.4,332.61,0.508
4989,12.65,13.81,174.69,169.64,32.81,2.2,1.1,2.42,0.22,532.4,418.28,0.573
4990,14.1,11.36,160.21,298.27,22.5,2.2,1.1,2.42,0.22,532.4,441.95,0.564
4991,10.28,19.41,199.5,132.3,43.36,2.2,1.1,2.42,0.22,532.4,522.28,0.489
4992,46.49,21.7,1008.8,218.28,25.13,2.2,1.1,2.42,0.22,532.4,332.32,0.509
4993,36.84,24.61,906.77,28.06,10.34,2.2,1.1,2.42,0.22,532.4,361.73,0.485
4994,17.18,29.02,498.55,216.32,1.26,2.2,1.1,2.42,0.22,532.4,359.2,0.506
4995,10.82,27.86,301.44,178.02,10.8,2.2,1.1,2.42,0.22,532.4,360.87,0.524
4996,37.58,5.32,199.77,11.42,4.75,2.2,1.1,2.42,0.22,532.4,380.95,0.549
4997,18.68,25.11,469.11,85.22,40.82,2.2,1.1,2.42,0.22,532.4,295.6,0.533
4998,28.9,10.15,293.24,344.75,17.3,2.2,1.1,2.42,0.22,532.4,406.36,0.523
4999,17.96,7.06,126.84,202.31,5.85,2.2,1.1,2.42,0.22,532.4,366.6,0.521
5000,36.26,22.29,808.32,260.07,11.03,2.2,1.1,2.42,0.22,532.4,279.06,0.511
5001,36.67,15.88,582.42,277.31,14.01,2.2,1.1,2.42,0.22,532.4,500.91,0.545
5002,20.95,15.41,322.85,353.23,6.11,2.2,1.1,2.42,0.22,532.4,443.9,0.508
5003,46.05,12.19,561.32,223.6,21.57,2.2,1.1,2.42,0.22,532.4,457.36,0.515
5004,13.14,22.92,301.28,148.32,34.95,2.2,1.1,2.42,0.22,532.4,363.14,0.552
5005,29.19,21.94,640.3,300.65,25.62,2.2,1.1,2.42,0.22,532.4,398.85,0.525
5006,8.32,13.02,108.34,242.45,18.81,2.2,1.1,2.42,0.22,532.4,259.06,0.559
5007,7.4,26.7,197.52,350.35,19.17,2.2,1.1,2.42,0.22,532.4,514.71,0.489
5008,44.79,6.19,277.15,60.77,7.24,2.2,1.1,2.42,0.22,532.4,316.4,0.545
5009,5.95,19.23,114.4,182.04,17.66,2.2,1.1,2.42,0.22,532.4,355.27,0.535
5010,43.5,5.1,221.94,295.19,19.98,2.2,1.1,2.42,0.22,532.4,423.5,0.561
5011,13.34,28.07,374.41,92.29,11.43,2.2,1.1,2.42,0.22,532.4,370.26,0.543
5012,26.51,22.92,607.68,274.65,2.72,2.2,1.1,2.42,0.22,532.4,423.13,0.539
5013,48.56,18.62,904.43,197.95,6.14,2.2,1.1,2.42,0.22,532.4,356.56,0.554
5014,22.66,25.84,585.33,119.77,34.14,2.2,1.1,2.42,0.22,532.4,375.04,0.497
5015,25.46,6.78,172.59,133.73,44.11,2.2,1.1,2.42,0.22,532.4,328.27,0.49
5016,7.91,27.72,219.13,237.42,28.83,2.2,1.1,2.42,0.22,532.4,502.86,0.514
5017,34.21,19.66,672.64,148.31,23.28,2.2,1.1,2.42,0.22,532.4,283.06,0.562
5018,25.57,13.35,341.22,24.96,41.68,2.2,1.1,2.42,0.22,532.4,490.15,0.505
5019,10.43,20.39,212.64,155.2,1.8,2.2,1.1,2.42,0.22,532.4,366.03,0.519
5020,11.69,17.84,208.66,243.83,10.94,2.2,1.1,2.42,0.22,532.4,373.17,0.529
5021,12.41,27.31,338.85,242.27,29.88,2.2,1.1,2.42,0.22,532.4,493.13,0.548
5022,15.94,16.91,269.48,75.65,37.24,2.2,1.1,2.42,0.22,532.4,389.92,0.522
5023,43.64,7.86,343.01,307.9,0.14,2.2,1.1,2.42,0.22,532.4,499.54,0.517
5024,37.53,5.31,199.16,303.68,16.11,2.2,1.1,2.42,0.22,532.4,455.34,0.469
5025,39.06,11.62,453.75,236.27,40.63,2.2,1.1,2.42,0.22,532.4,442.99,0.524
5026,32.86,21.55,708.31,115.74,3.49,2.2,1.1,2.42,0.22,532.4,285.07,0.531
5027,15.52,26.39,409.43,95.28,30.58,2.2,1.1,2.42,0.22,532.4,489.86,0.553
5028,11.06,24.19,267.52,18.03,25.69,2.2,1.1,2.42,0.22,532.4,328.39,0.529
5029,39.45,8.5,335.4,21.11,0.75,2.2,1.1,2.42,0.22,532.4,383.14,0.512
5030,41.77,7.52,314.13,83.49,7.24,2.2,1.1,2.42,0.22,532.4,479.76,0.552
5031,13.68,19.04,260.46,260.35,39.14,2.2,1.1,2.42,0.22,532.4,519.46,0.507
5032,18.7,14.86,277.98,264.86,27.19,2.2,1.1,2.42,0.22,532.4,332.39,0.505
5033,48.27,24.17,1166.73,136.83,0.46,2.2,1.1,2.42,0.22,532.4,497.78,0.538
5034,10.08,27.27,274.83,163.57,2.12,2.2,1.1,2.42,0.22,532.4,284.53,0.523
5035,34.46,9.21,317.25,97.79,26.36,2.2,1.1,2.42,0.22,532.4,502.63,0.552
5036,25.94,12.79,331.79,133.56,40.43,2.2,1.1,2.42,0.22,532.4,324.85,0.542
5037,27.25,20.75,565.62,280.93,17.6,2.2,1.1,2.42,0.22,532.4,303.47,0.555
5038,14.59,15.82,230.78,24.91,41.08,2.2,1.1,2.42,0.22,532.4,284.15,0.514
5039,40.91,22.47,919.23,3.55,32.33,2.2,1.1,2.42,0.22,532.4,338.98,0.513
5040,10.7,10.15,108.57,49.46,19.01,2.2,1.1,2.42,0.22,532.4,498.25,0.514
5041,36.04,5.51,198.68,103.44,25.68,2.2,1.1,2.42,0.22,532.4,476.69,0.501
5042,18.98,25.62,486.09,337.31,15.16,2.2,1.1,2.42,0.22,532.4,487.41,0.513
5043,5.79,18.86,109.16,126.48,27.89,2.2,1.1,2.42,0.22,532.4,522.1,0.519
5044,10.96,8.07,88.49,341.62,23.1,2.2,1.1,2.42,0.22,532.4,411.7,0.53
5045,21.84,7.77,169.75,239.7,6.51,2.2,1.1,2.42,0.22,532.4,486.87,0.51
5046,36.3,29.63,1075.76,24.84,24.25,2.2,1.1,2.42,0.22,532.4,322.83,0.504
5047,10.15,15.19,154.07,212.37,6.11,2.2,1.1,2.42,0.22,532.4,402.07,0.532
5048,40.69,22.57,918.42,3.46,7.55,2.2,1.1,2.42,0.22,532.4,255.4,0.547
5049,17.35,6.14,106.45,357.61,18.69,2.2,1.1,2.42,0.22,532.4,331.46,0.552
5050,8.74,19.04,166.34,198.74,33.07,2.2,1.1,2.42,0.22,532.4,463.53,0.51
5051,22.18,16.03,355.5,258.87,41.92,2.2,1.1,2.42,0.22,532.4,433.19,0.509
5052,20.17,6.99,140.94,91.68,4.44,2.2,1.1,2.42,0.22,532.4,359.47,0.518
5053,39.08,23.18,905.77,19.04,8.23,2.2,1.1,2.42,0.22,532.4,517.3,0.536
5054,34.9,10.95,382.3,180.6,39.21,2.2,1.1,2.42,0.22,532.4,360.62,0.534
5055,8.94,12.06,107.88,30.15,24.66,2.2,1.1,2.42,0.22,532.4,350.38,0.523
5056,46.68,27.89,1301.82,330.85,38.18,2.2,1.1,2.42,0.22,532.4,459.93,0.552
5057,45.37,13.75,623.6,22.63,13.48,2.2,1.1,2.42,0.22,532.4,276.46,0.548
5058,36.63,11.68,427.94,311.04,27.92,2.2,1.1,2.42,0.22,532.4,321.81,0.561
5059,13.12,27.66,362.77,38.54,18.6,2.2,1.1,2.42,0.22,532.4,252.38,0.565
5060,13.74,14.42,198.16,221.02,36.71,2.2,1.1,2.42,0.22,532.4,524.07,0.526
5061,16.62,20.66,343.29,185.26,37.88,2.2,1.1,2.42,0.22,532.4,363.56,0.53
5062,32.29,7.8,251.77,320.55,31.58,2.2,1.1,2.42,0.22,532.4,304.27,0.471
5063,48.65,16.47,801.43,161.08,22.48,2.2,1.1,2.42,0.22,532.4,408.75,0.525
5064,14.49,24.84,359.88,203.53,2.84,2.2,1.1,2.42,0.22,532.4,543.81,0.496
5065,5.22,27.63,144.14,111.3,40.99,2.2,1.1,2.42,0.22,532.4,514.18,0.521
5066,34.22,21.2,725.48,9.66,42.55,2.2,1.1,2.42,0.22,532.4,380.88,0.541
5067,21.09,29.61,624.37,331.11,1.62,2.2,1.1,2.42,0.22,532.4,473.43,0.503
5068,41.78,22.34,933.36,200.71,3.18,2.2,1.1,2.42,0.22,532.4,522.36,0.53
5069,42.76,28.19,1205.09,58.53,44.86,2.2,1.1,2.42,0.22,532.4,427.11,0.53
5070,31.08,18.6,578.29,193.76,3.4,2.2,1.1,2.42,0.22,532.4,355.21,0.514
5071,48.25,24.06,1160.91,72.31,11.38,2.2,1.1,2.42,0.22,532.4,406.24,0.52
5072,29.57,5.71,168.89,199.49,36.92,2.2,1.1,2.42,0.22,532.4,298.84,0.551
5073,18.88,17.69,333.98,214.36,37.38,2.2,1.1,2.42,0.22,532.4,425.6,0.543
5074,15.45,19.88,307.17,155.32,25.56,2.2,1.1,2.42,0.22,532.4,475.37,0.532
5075,45.87,20.32,932.08,11.61,16.64,2.2,1.1,2.42,0.22,532.4,288.59,0.49
5076,14.4,20.54,295.81,344.01,26.6,2.2,1.1,2.42,0.22,532.4,495.71,0.497
5077,20.38,11.0,224.12,345.68,15.16,2.2,1.1,2.42,0.22,532.4,484.44,0.525
5078,21.6,12.49,269.75,277.89,11.08,2.2,1.1,2.42,0.22,532.4,502.02,0.511
5079,21.84,9.24,201.68,174.06,33.6,2.2,1.1,2.42,0.22,532.4,310.59,0.539
5080,46.5,28.37,1319.11,284.07,33.27,2.2,1.1,2.42,0.22,532.4,356.68,0.51
5081,8.18,22.9,187.25,21.18,3.1,2.2,1.1,2.42,0.22,532.4,340.11,0.499
5082,40.22,26.24,1055.1,74.64,32.98,2.2,1.1,2.42,0.22,532.4,272.6,0.516
5083,43.7,23.03,1006.3,128.1,22.42,2.2,1.1,2.42,0.22,532.4,410.05,0.516
5084,12.48,15.56,194.16,185.01,40.3,2.2,1.1,2.42,0.22,532.4,540.94,0.507
5085,6.46,17.78,114.94,230.3,16.96,2.2,1.1,2.42,0.22,532.4,437.26,0.535
5086,18.77,15.96,299.7,196.04,20.21,2.2,1.1,2.42,0.22,532.4,412.42,0.509
5087,22.2,17.6,390.6,38.4,37.93,2.2,1.1,2.42,0.22,532.4,341.73,0.533
5088,6.8,8.0,54.39,329.95,8.4,2.2,1.1,2.42,0.22,532.4,490.82,0.506
5089,28.42,19.89,565.25,119.18,22.92,2.2,1.1,2.42,0.22,532.4,290.86,0.495
5090,14.57,29.15,424.8,164.82,8.7,2.2,1.1,2.42,0.22,532.4,522.58,0.499
5091,23.5,6.18,145.15,341.75,30.51,2.2,1.1,2.42,0.22,532.4,362.22,0.507
5092,40.22,29.24,1176.08,110.63,11.51,2.2,1.1,2.42,0.22,532.4,311.13,0.518
5093,47.01,16.71,785.6,157.09,2.55,2.2,1.1,2.42,0.22,532.4,314.75,0.511
5094,45.11,27.28,1230.64,346.29,13.02,2.2,1.1,2.42,0.22,532.4,369.19,0.512
5095,49.0,11.46,561.59,293.06,39.48,2.2,1.1,2.42,0.22,532.4,426.67,0.538
5096,42.69,14.66,625.6,176.49,26.66,2.2,1.1,2.42,0.22,532.4,514.69,0.534
5097,23.47,26.73,627.32,156.55,9.84,2.2,1.1,2.42,0.22,532.4,315.18,0.504
5098,40.14,21.05,844.87,223.23,37.24,2.2,1.1,2.42,0.22,532.4,468.92,0.523
5099,49.77,12.58,625.93,154.5,15.22,2.2,1.1,2.42,0.22,532.4,286.8,0.5
5100,31.87,23.2,739.37,237.6,28.77,2.2,1.1,2.42,0.22,532.4,301.21,0.51
5101,37.83,13.27,502.14,139.62,16.6,2.2,1.1,2.42,0.22,532.4,313.93,0.507
5102,32.61,25.7,838.0,243.25,33.51,2.2,1.1,2.42,0.22,532.4,328.92,0.553
5103,36.79,25.64,943.45,4.11,11.76,2.2,1.1,2.42,0.22,532.4,302.6,0.516
5104,26.33,8.98,236.55,88.46,28.27,2.2,1.1,2.42,0.22,532.4,410.46,0.523
5105,46.07,8.74,402.7,186.19,31.33,2.2,1.1,2.42,0.22,532.4,329.34,0.523
5106,38.08,18.42,701.38,18.48,26.65,2.2,1.1,2.42,0.22,532.4,392.17,0.535
5107,21.92,9.68,212.27,61.96,20.98,2.2,1.1,2.42,0.22,532.4,294.78,0.533
5108,16.21,28.55,462.9,300.55,30.04,2.2,1.1,2.42,0.22,532.4,335.13,0.534
5109,33.53,20.88,700.06,221.37,35.7,2.2,1.1,2.42,0.22,532.4,289.75,0.521
5110,8.27,23.32,192.85,353.67,26.03,2.2,1.1,2.42,0.22,532.4,278.39,0.517
5111,11.46,26.55,304.25,90.68,36.59,2.2,1.1,2.42,0.22,532.4,371.56,0.497
5112,46.09,16.66,767.7,50.68,40.84,2.2,1.1,2.42,0.22,532.4,477.47,0.553
5113,27.1,27.21,737.48,328.64,42.65,2.2,1.1,2.42,0.22,532.4,475.06,0.539
5114,34.94,8.75,305.89,322.36,15.56,2.2,1.1,2.42,0.22,532.4,480.85,0.545
5115,13.94,7.01,97.71,124.2,21.65,2.2,1.1,2.42,0.22,532.4,444.94,0.539
5116,12.86,29.43,378.34,266.62,10.63,2.2,1.1,2.42,0.22,532.4,379.68,0.501
5117,12.45,8.1,100.91,57.09,15.68,2.2,1.1,2.42,0.22,532.4,403.09,0.514
5118,11.92,14.51,172.96,356.47,37.14,2.2,1.1,2.42,0.22,532.4,399.51,0.521
5119,21.2,25.54,541.3,3.61,11.07,2.2,1.1,2.42,0.22,532.4,313.39,0.516
5120,36.04,21.24,765.66,305.07,5.34,2.2,1.1,2.42,0.22,532.4,503.81,0.544
5121,5.39,18.42,99.25,231.17,23.57,2.2,1.1,2.42,0.22,532.4,408.75,0.515
5122,7.76,22.69,176.15,166.74,39.93,2.2,1.1,2.42,0.22,532.4,511.46,0.512
5123,46.0,23.97,1102.61,42.03,6.12,2.2,1.1,2.42,0.22,532.4,376.9,0.51
5124,11.11,23.77,264.03,309.33,20.96,2.2,1.1,2.42,0.22,532.4,259.84,0.553
5125,9.71,25.4,246.53,199.01,2.87,2.2,1.1,2.42,0.22,532.4,421.51,0.53
5126,12.31,28.75,353.94,75.47,42.09,2.2,1.1,2.42,0.22,532.4,313.66,0.487
5127,24.69,14.04,346.69,136.86,29.64,2.2,1.1,2.42,0.22,532.4,402.8,0.524
5128,14.26,27.85,397.27,186.3,32.91,2.2,1.1,2.42,0.22,532.4,482.62,0.487
5129,16.72,22.66,378.92,197.66,13.54,2.2,1.1,2.42,0.22,532.4,470.52,0.55
5130,21.53,13.87,298.52,87.87,11.19,2.2,1.1,2.42,0.22,532.4,265.09,0.551
5131,11.43,25.14,287.44,17.37,15.39,2.2,1.1,2.42,0.22,532.4,288.95,0.526
5132,12.9,8.94,115.37,51.89,23.63,2.2,1.1,2.42,0.22,532.4,397.51,0.484
5133,13.85,25.01,346.31,98.16,5.65,2.2,1.1,2.42,0.22,532.4,365.27,0.546
5134,31.92,7.68,245.25,246.9,11.83,2.2,1.1,2.42,0.22,532.4,265.0,0.529
5135,14.84,7.98,118.38,127.71,14.52,2.2,1.1,2.42,0.22,532.4,384.83,0.5
5136,34.15,8.83,301.65,78.64,42.25,2.2,1.1,2.42,0.22,532.4,319.45,0.525
5137,44.12,14.84,654.86,260.46,4.06,2.2,1.1,2.42,0.22,532.4,432.59,0.556
5138,25.48,7.08,180.26,244.6,14.36,2.2,1.1,2.42,0.22,532.4,451.5,0.569
5139,45.59,9.37,427.15,245.17,14.63,2.2,1.1,2.42,0.22,532.4,493.93,0.533
5140,18.35,29.2,535.81,338.09,28.55,2.2,1.1,2.42,0.22,532.4,279.12,0.502
5141,6.24,22.53,140.54,358.76,32.69,2.2,1.1,2.42,0.22,532.4,398.95,0.509
5142,48.86,11.38,556.17,42.68,30.13,2.2,1.1,2.42,0.22,532.4,370.72,0.519
5143,39.65,10.05,398.65,297.05,5.93,2.2,1.1,2.42,0.22,532.4,361.3,0.508
5144,33.6,18.19,611.02,107.44,9.68,2.2,1.1,2.42,0.22,532.4,502.18,0.547
5145,17.82,12.02,214.24,309.23,19.89,2.2,1.1,2.42,0.22,532.4,497.59,0.52
5146,36.43,24.24,883.16,66.4,43.35,2.2,1.1,2.42,0.22,532.4,420.7,0.561
5147,7.24,20.51,148.55,265.48,36.9,2.2,1.1,2.42,0.22,532.4,360.96,0.525
5148,20.21,15.21,307.37,266.36,33.77,2.2,1.1,2.42,0.22,532.4,468.37,0.542
5149,46.68,10.36,483.57,1.52,13.22,2.2,1.1,2.42,0.22,532.4,523.17,0.495
5150,18.77,5.18,97.26,320.03,9.61,2.2,1.1,2.42,0.22,532.4,432.2,0.521
5151,41.64,21.85,909.95,160.91,0.47,2.2,1.1,2.42,0.22,532.4,446.02,0.477
5152,40.89,5.6,229.14,116.53,9.97,2.2,1.1,2.42,0.22,532.4,358.02,0.498
5153,28.92,17.99,520.35,339.17,30.9,2.2,1.1,2.42,0.22,532.4,323.18,0.536
5154,16.05,6.68,107.11,292.38,24.54,2.2,1.1,2.42,0.22,532.4,270.53,0.539
5155,41.85,20.51,858.37,118.23,14.72,2.2,1.1,2.42,0.22,532.4,352.31,0.501
5156,31.03,16.91,524.7,327.7,28.53,2.2,1.1,2.42,0.22,532.4,529.91,0.503
5157,18.96,25.57,484.88,31.89,5.93,2.2,1.1,2.42,0.22,532.4,360.56,0.509
5158,19.89,7.81,155.45,253.4,5.25,2.2,1.1,2.42,0.22,532.4,337.45,0.517
5159,46.52,21.34,992.96,300.16,10.43,2.2,1.1,2.42,0.22,532.4,336.85,0.512
5160,28.36,16.95,480.65,239.94,13.02,2.2,1.1,2.42,0.22,532.4,258.77,0.549
5161,47.29,24.85,1175.36,73.29,9.01,2.2,1.1,2.42,0.22,532.4,377.42,0.509
5162,33.63,16.25,546.66,193.22,40.9,2.2,1.1,2.42,0.22,532.4,335.45,0.514
5163,9.04,7.15,64.71,56.24,37.07,2.2,1.1,2.42,0.22,532.4,337.12,0.505
5164,7.85,22.54,176.93,133.47,41.47,2.2,1.1,2.42,0.22,532.4,402.39,0.531
5165,49.27,29.31,1444.12,2.88,23.22,2.2,1.1,2.42,0.22,532.4,519.79,0.524
5166,25.64,23.68,607.23,281.51,14.62,2.2,1.1,2.42,0.22,532.4,500.77,0.503
5167,37.14,23.88,886.75,100.76,34.33,2.2,1.1,2.42,0.22,532.4,482.12,0.541
5168,6.0,19.43,116.48,119.97,26.75,2.2,1.1,2.42,0.22,532.4,406.3,0.496
5169,36.72,26.02,955.34,228.09,38.85,2.2,1.1,2.42,0.22,532.4,447.37,0.556
5170,47.09,15.64,736.5,56.08,8.98,2.2,1.1,2.42,0.22,532.4,294.17,0.553
5171,42.88,19.63,841.55,106.34,33.62,2.2,1.1,2.42,0.22,532.4,515.27,0.515
5172,24.52,29.13,714.15,178.19,15.39,2.2,1.1,2.42,0.22,532.4,473.92,0.526
5173,11.68,16.29,190.33,358.71,37.09,2.2,1.1,2.42,0.22,532.4,506.12,0.511
5174,16.47,10.06,165.6,212.32,44.24,2.2,1.1,2.42,0.22,532.4,441.65,0.489
5175,9.75,28.4,276.77,83.95,19.98,2.2,1.1,2.42,0.22,532.4,386.96,0.506
5176,49.42,26.6,1314.29,345.61,10.83,2.2,1.1,2.42,0.22,532.4,521.71,0.529
5177,48.38,27.91,1350.01,1.35,17.64,2.2,1.1,2.42,0.22,532.4,377.35,0.548
5178,18.16,8.6,156.15,216.59,27.08,2.2,1.1,2.42,0.22,532.4,485.76,0.507
5179,29.61,12.93,382.69,214.83,44.3,2.2,1.1,2.42,0.22,532.4,471.92,0.521
5180,38.85,25.3,983.19,349.55,18.48,2.2,1.1,2.42,0.22,532.4,428.49,0.539
5181,44.44,24.76,1100.19,30.59,5.52,2.2,1.1,2.42,0.22,532.4,294.58,0.533
5182,38.27,16.77,641.72,41.97,21.42,2.2,1.1,2.42,0.22,532.4,414.03,0.517
5183,31.95,19.33,617.4,298.77,23.91,2.2,1.1,2.42,0.22,532.4,454.91,0.527
5184,17.69,8.59,151.92,3.35,26.39,2.2,1.1,2.42,0.22,532.4,362.64,0.56
5185,20.79,5.83,121.28,71.83,25.25,2.2,1.1,2.42,0.22,532.4,496.19,0.529
5186,16.26,24.98,406.19,58.74,5.69,2.2,1.1,2.42,0.22,532.4,280.68,0.506
5187,48.15,17.22,829.27,166.58,27.92,2.2,1.1,2.42,0.22,532.4,328.99,0.535
5188,15.53,12.54,194.83,240.08,38.86,2.2,1.1,2.42,0.22,532.4,395.89,0.499
5189,29.5,7.9,233.02,221.33,7.87,2.2,1.1,2.42,0.22,532.4,333.27,0.544
5190,27.23,16.79,457.18,187.8,43.25,2.2,1.1,2.42,0.22,532.4,431.18,0.558
5191,11.96,18.36,219.66,20.66,18.84,2.2,1.1,2.42,0.22,532.4,401.0,0.533
5192,8.04,25.32,203.7,91.35,17.05,2.2,1.1,2.42,0.22,532.4,426.91,0.535
5193,21.92,14.5,317.86,297.36,5.96,2.2,1.1,2.42,0.22,532.4,324.97,0.504
5194,36.41,12.25,445.86,153.78,7.53,2.2,1.1,2.42,0.22,532.4,379.02,0.533
5195,16.82,17.95,301.92,353.42,32.99,2.2,1.1,2.42,0.22,532.4,346.9,0.533
5196,16.45,5.93,97.57,217.09,31.66,2.2,1.1,2.42,0.22,532.4,502.24,0.537
5197,5.55,10.23,56.77,118.7,42.32,2.2,1.1,2.42,0.22,532.4,404.3,0.513
5198,6.59,27.71,182.61,262.16,44.38,2.2,1.1,2.42,0.22,532.4,470.66,0.531
5199,48.07,10.04,482.6,64.78,26.51,2.2,1.1,2.42,0.22,532.4,521.74,0.499
5200,41.27,14.35,592.09,160.73,24.67,2.2,1.1,2.42,0.22,532.4,427.32,0.532
5201,16.24,13.25,215.26,9.17,4.88,2.2,1.1,2.42,0.22,532.4,339.5,0.525
5202,43.08,16.99,731.95,291.76,26.9,2.2,1.1,2.42,0.22,532.4,398.96,0.538
5203,31.84,27.65,880.45,244.93,15.84,2.2,1.1,2.42,0.22,532.4,391.02,0.515
5204,10.92,8.03,87.68,6.18,11.26,2.2,1.1,2.42,0.22,532.4,470.88,0.51
5205,8.08,16.93,136.7,299.68,30.36,2.2,1.1,2.42,0.22,532.4,412.19,0.547
5206,13.57,28.07,380.82,156.32,14.88,2.2,1.1,2.42,0.22,532.4,379.18,0.51
5207,33.36,17.71,590.8,322.32,33.32,2.2,1.1,2.42,0.22,532.4,361.04,0.49
5208,30.62,10.58,323.87,226.48,28.19,2.2,1.1,2.42,0.22,532.4,308.2,0.5
5209,20.82,14.42,300.34,16.96,6.82,2.2,1.1,2.42,0.22,532.4,297.59,0.534
5210,14.05,21.61,303.53,243.55,31.05,2.2,1.1,2.42,0.22,532.4,348.15,0.516
5211,20.29,5.34,108.46,133.92,36.16,2.2,1.1,2.42,0.22,532.4,321.95,0.524
5212,29.02,24.69,716.5,69.37,12.28,2.2,1.1,2.42,0.22,532.4,476.21,0.519
5213,18.66,24.11,449.88,212.69,11.93,2.2,1.1,2.42,0.22,532.4,507.61,0.52
5214,24.4,26.22,639.77,19.2,40.57,2.2,1.1,2.42,0.22,532.4,482.03,0.545
5215,40.46,18.5,748.73,234.13,29.07,2.2,1.1,2.42,0.22,532.4,331.16,0.54
5216,17.41,6.8,118.33,156.33,22.61,2.2,1.1,2.42,0.22,532.4,339.87,0.53
5217,17.94,14.3,256.56,89.95,38.77,2.2,1.1,2.42,0.22,532.4,308.71,0.525
5218,33.76,20.8,702.15,344.22,10.92,2.2,1.1,2.42,0.22,532.4,487.25,0.528
5219,23.11,15.16,350.23,356.91,30.93,2.2,1.1,2.42,0.22,532.4,261.99,0.53
5220,46.74,5.17,241.59,140.83,21.65,2.2,1.1,2.42,0.22,532.4,331.6,0.523
5221,23.95,8.3,198.74,87.7,7.75,2.2,1.1,2.42,0.22,532.4,466.25,0.515
5222,7.5,12.32,92.33,211.2,18.86,2.2,1.1,2.42,0.22,532.4,483.15,0.499
5223,20.72,5.19,107.63,180.3,35.91,2.2,1.1,2.42,0.22,532.4,302.89,0.522
5224,21.15,16.55,350.05,293.15,25.7,2.2,1.1,2.42,0.22,532.4,262.99,0.541
5225,29.64,19.59,580.71,110.79,6.9,2.2,1.1,2.42,0.22,532.4,333.28,0.547
5226,37.9,5.46,207.0,11.33,2.44,2.2,1.1,2.42,0.22,532.4,355.91,0.533
5227,5.87,21.21,124.57,127.92,12.13,2.2,1.1,2.42,0.22,532.4,354.43,0.517
5228,6.0,9.53,57.22,346.15,42.62,2.2,1.1,2.42,0.22,532.4,528.67,0.486
5229,32.5,21.51,698.98,109.53,29.5,2.2,1.1,2.42,0.22,532.4,349.23,0.496
5230,33.99,23.14,786.42,349.31,23.49,2.2,1.1,2.42,0.22,532.4,471.73,0.516
5231,44.44,26.76,1189.33,290.5,14.55,2.2,1.1,2.42,0.22,532.4,375.98,0.504
5232,11.22,14.46,162.22,142.49,4.92,2.2,1.1,2.42,0.22,532.4,526.0,0.526
5233,20.21,15.88,320.94,224.86,23.51,2.2,1.1,2.42,0.22,532.4,484.41,0.527
5234,46.1,5.09,234.46,256.65,19.29,2.2,1.1,2.42,0.22,532.4,484.31,0.485
5235,21.02,9.55,200.84,90.02,13.81,2.2,1.1,2.42,0.22,532.4,270.48,0.516
5236,17.16,14.84,254.63,40.19,2.79,2.2,1.1,2.42,0.22,532.4,368.54,0.574
5237,49.8,7.45,370.88,182.51,0.98,2.2,1.1,2.42,0.22,532.4,507.78,0.521
5238,41.47,24.36,1010.27,48.92,11.17,2.2,1.1,2.42,0.22,532.4,510.91,0.512
5239,48.17,25.31,1219.22,347.46,14.8,2.2,1.1,2.42,0.22,532.4,506.82,0.506
5240,43.0,7.78,334.68,335.27,6.95,2.2,1.1,2.42,0.22,532.4,513.13,0.522
5241,17.08,24.8,423.65,49.93,9.81,2.2,1.1,2.42,0.22,532.4,449.13,0.559
5242,41.04,9.48,388.83,270.72,25.07,2.2,1.1,2.42,0.22,532.4,434.63,0.537
5243,45.56,24.19,1102.29,107.93,6.89,2.2,1.1,2.42,0.22,532.4,489.86,0.515
5244,5.23,7.12,37.27,331.69,5.88,2.2,1.1,2.42,0.22,532.4,363.4,0.534
5245,45.06,23.44,1056.21,22.43,34.86,2.2,1.1,2.42,0.22,532.4,461.16,0.508
5246,13.17,13.35,175.74,350.12,41.71,2.2,1.1,2.42,0.22,532.4,506.38,0.525
5247,46.68,13.88,648.0,211.2,37.54,2.2,1.1,2.42,0.22,532.4,504.22,0.492
5248,36.02,5.9,212.5,218.69,32.44,2.2,1.1,2.42,0.22,532.4,486.7,0.518
5249,25.52,5.07,129.34,313.1,26.26,2.2,1.1,2.42,0.22,532.4,378.07,0.54
5250,31.57,7.36,232.18,156.72,21.38,2.2,1.1,2.42,0.22,532.4,255.3,0.553
5251,19.87,23.73,471.35,73.6,12.09,2.2,1.1,2.42,0.22,532.4,316.65,0.541
5252,27.0,9.51,256.63,211.07,18.22,2.2,1.1,2.42,0.22,532.4,520.38,0.511
5253,44.05,12.02,529.25,163.99,27.13,2.2,1.1,2.42,0.22,532.4,308.92,0.508
5254,30.35,13.46,408.56,250.22,11.66,2.2,1.1,2.42,0.22,532.4,325.86,0.502
5255,26.85,27.21,730.49,203.72,38.87,2.2,1.1,2.42,0.22,532.4,278.41,0.505
5256,27.93,21.23,593.07,273.17,0.91,2.2,1.1,2.42,0.22,532.4,342.02,0.562
5257,45.64,24.01,1095.72,329.18,1.77,2.2,1.1,2.42,0.22,532.4,368.74,0.523
5258,47.76,26.58,1269.24,211.21,34.59,2.2,1.1,2.42,0.22,532.4,444.94,0.506
5259,40.51,24.87,1007.34,41.39,39.79,2.2,1.1,2.42,0.22,532.4,251.86,0.566
5260,29.26,13.94,407.74,82.3,24.05,2.2,1.1,2.42,0.22,532.4,356.13,0.541
5261,7.81,13.72,107.13,345.17,3.79,2.2,1.1,2.42,0.22,532.4,317.43,0.521
5262,46.96,14.61,686.28,168.8,30.98,2.2,1.1,2.42,0.22,532.4,534.18,0.504
5263,19.25,13.5,259.77,72.66,44.93,2.2,1.1,2.42,0.22,532.4,431.58,0.504
5264,46.28,26.75,1237.97,329.04,3.71,2.2,1.1,2.42,0.22,532.4,296.05,0.523
5265,23.85,22.29,531.55,261.92,30.38,2.2,1.1,2.42,0.22,532.4,334.11,0.556
5266,14.39,28.45,409.59,2.26,22.36,2.2,1.1,2.42,0.22,532.4,491.47,0.484
5267,10.98,12.47,136.96,344.12,39.4,2.2,1.1,2.42,0.22,532.4,448.08,0.557
5268,31.03,25.46,790.02,143.62,31.58,2.2,1.1,2.42,0.22,532.4,362.45,0.504
5269,16.14,28.76,464.23,19.23,31.28,2.2,1.1,2.42,0.22,532.4,440.39,0.548
5270,39.34,27.41,1078.46,7.27,24.83,2.2,1.1,2.42,0.22,532.4,301.94,0.514
5271,15.49,15.64,242.17,161.32,36.8,2.2,1.1,2.42,0.22,532.4,304.17,0.547
5272,36.53,13.08,477.64,325.41,44.95,2.2,1.1,2.42,0.22,532.4,344.96,0.514
5273,31.34,9.92,310.93,49.72,25.7,2.2,1.1,2.42,0.22,532.4,485.05,0.541
5274,5.64,8.53,48.08,157.2,42.38,2.2,1.1,2.42,0.22,532.4,285.62,0.537
5275,12.77,28.43,363.11,190.19,1.08,2.2,1.1,2.42,0.22,532.4,481.42,0.54
5276,32.77,17.67,579.24,315.57,40.62,2.2,1.1,2.42,0.22,532.4,458.06,0.502
5277,23.1,16.46,380.31,136.34,35.98,2.2,1.1,2.42,0.22,532.4,472.68,0.506
5278,18.61,5.09,94.82,254.35,1.91,2.2,1.1,2.42,0.22,532.4,406.04,0.551
5279,29.79,29.15,868.26,295.19,16.64,2.2,1.1,2.42,0.22,532.4,492.12,0.537
5280,46.04,20.27,933.19,263.0,27.55,2.2,1.1,2.42,0.22,532.4,335.91,0.566
5281,46.52,10.77,501.28,261.93,42.52,2.2,1.1,2.42,0.22,532.4,446.97,0.538
5282,39.8,13.93,554.63,273.81,22.92,2.2,1.1,2.42,0.22,532.4,370.0,0.571
5283,17.99,7.4,133.2,93.5,33.36,2.2,1.1,2.42,0.22,532.4,465.67,0.493
5284,26.12,17.95,468.89,234.19,12.65,2.2,1.1,2.42,0.22,532.4,279.88,0.53
5285,25.83,15.35,396.43,300.01,33.46,2.2,1.1,2.42,0.22,532.4,493.08,0.519
5286,7.98,14.38,114.83,84.52,10.46,2.2,1.1,2.42,0.22,532.4,312.19,0.523
5287,19.27,15.71,302.66,139.92,17.35,2.2,1.1,2.42,0.22,532.4,456.64,0.506
5288,20.97,23.1,484.41,245.57,38.83,2.2,1.1,2.42,0.22,532.4,432.75,0.539
5289,16.33,14.56,237.68,215.02,2.56,2.2,1.1,2.42,0.22,532.4,474.25,0.543
5290,45.68,21.86,998.56,38.41,19.93,2.2,1.1,2.42,0.22,532.4,290.55,0.483
5291,37.36,15.49,578.91,250.04,44.75,2.2,1.1,2.42,0.22,532.4,471.7,0.559
5292,23.43,19.87,465.55,222.62,9.98,2.2,1.1,2.42,0.22,532.4,533.53,0.493
5293,24.99,20.06,501.29,145.62,7.6,2.2,1.1,2.42,0.22,532.4,507.83,0.509
5294,44.73,27.91,1248.09,154.84,24.92,2.2,1.1,2.42,0.22,532.4,328.41,0.501
5295,47.0,6.47,304.3,14.17,14.28,2.2,1.1,2.42,0.22,532.4,311.39,0.505
5296,41.91,6.55,274.5,233.2,20.79,2.2,1.1,2.42,0.22,532.4,497.55,0.543
5297,24.25,21.3,516.64,285.4,8.29,2.2,1.1,2.42,0.22,532.4,550.19,0.496
5298,34.75,26.1,906.8,98.87,30.2,2.2,1.1,2.42,0.22,532.4,338.71,0.519
5299,33.5,9.12,305.48,303.69,30.17,2.2,1.1,2.42,0.22,532.4,432.59,0.566
5300,13.72,25.88,355.23,103.98,7.18,2.2,1.1,2.42,0.22,532.4,316.7,0.513
5301,10.76,16.99,182.83,122.5,31.49,2.2,1.1,2.42,0.22,532.4,316.1,0.526
5302,22.35,20.16,450.54,96.27,5.54,2.2,1.1,2.42,0.22,532.4,424.39,0.521
5303,43.8,22.55,987.51,211.44,21.06,2.2,1.1,2.42,0.22,532.4,393.46,0.531
5304,17.19,11.07,190.32,278.6,37.46,2.2,1.1,2.42,0.22,532.4,284.76,0.518
5305,29.3,6.63,194.24,164.54,42.39,2.2,1.1,2.42,0.22,532.4,507.47,0.507
5306,14.05,21.92,308.06,281.29,36.01,2.2,1.1,2.42,0.22,532.4,321.44,0.544
5307,39.02,5.15,201.12,278.8,3.01,2.2,1.1,2.42,0.22,532.4,315.85,0.513
5308,41.26,19.11,788.27,63.12,13.67,2.2,1.1,2.42,0.22,532.4,513.77,0.489
5309,9.17,9.79,89.79,126.98,19.37,2.2,1.1,2.42,0.22,532.4,331.75,0.523
5310,38.59,13.89,535.83,177.22,9.6,2.2,1.1,2.42,0.22,532.4,499.79,0.529
5311,17.72,12.18,215.91,280.13,11.65,2.2,1.1,2.42,0.22,532.4,276.32,0.513
5312,22.05,13.24,291.96,276.43,24.34,2.2,1.1,2.42,0.22,532.4,310.04,0.541
5313,40.79,9.55,389.65,102.55,37.28,2.2,1.1,2.42,0.22,532.4,371.11,0.55
5314,18.25,6.18,112.68,347.55,23.41,2.2,1.1,2.42,0.22,532.4,523.68,0.495
5315,7.14,5.19,37.05,32.03,18.46,2.2,1.1,2.42,0.22,532.4,463.74,0.558
5316,44.9,24.71,1109.32,144.41,10.99,2.2,1.1,2.42,0.22,532.4,278.8,0.505
5317,34.84,9.9,345.07,284.12,18.14,2.2,1.1,2.42,0.22,532.4,445.56,0.519
5318,15.59,12.04,187.74,42.67,43.12,2.2,1.1,2.42,0.22,532.4,276.52,0.501
5319,17.15,6.19,106.16,349.11,9.11,2.2,1.1,2.42,0.22,532.4,325.73,0.519
5320,36.04,11.57,416.86,28.39,6.14,2.2,1.1,2.42,0.22,532.4,402.46,0.513
5321,36.99,14.5,536.37,233.3,35.29,2.2,1.1,2.42,0.22,532.4,427.1,0.498
5322,33.65,19.32,650.12,346.8,3.92,2.2,1.1,2.42,0.22,532.4,484.82,0.511
5323,47.0,21.81,1025.08,18.42,14.69,2.2,1.1,2.42,0.22,532.4,289.95,0.534
5324,43.02,28.26,1215.81,43.48,8.68,2.2,1.1,2.42,0.22,532.4,418.84,0.522
5325,47.63,29.12,1387.05,267.56,16.29,2.2,1.1,2.42,0.22,532.4,492.01,0.516
5326,29.43,18.74,551.4,314.61,16.64,2.2,1.1,2.42,0.22,532.4,326.91,0.512
5327,17.01,18.53,315.28,327.36,20.73,2.2,1.1,2.42,0.22,532.4,308.74,0.505
5328,9.77,20.17,197.03,331.9,20.18,2.2,1.1,2.42,0.22,532.4,382.98,0.537
5329,25.72,12.4,318.92,304.28,14.34,2.2,1.1,2.42,0.22,532.4,440.18,0.5
5330,30.83,8.7,268.07,22.62,7.66,2.2,1.1,2.42,0.22,532.4,400.59,0.519
5331,49.49,29.89,1479.37,60.41,24.56,2.2,1.1,2.42,0.22,532.4,424.84,0.551
5332,23.49,5.98,140.53,90.25,44.5,2.2,1.1,2.42,0.22,532.4,287.53,0.521
5333,48.24,23.19,1118.91,160.14,39.67,2.2,1.1,2.42,0.22,532.4,428.2,0.513
5334,22.84,14.08,321.72,252.66,18.15,2.2,1.1,2.42,0.22,532.4,373.66,0.546
5335,46.86,6.61,309.91,111.53,38.18,2.2,1.1,2.42,0.22,532.4,474.11,0.551
5336,23.53,23.28,547.67,102.52,22.87,2.2,1.1,2.42,0.22,532.4,279.63,0.529
5337,33.28,20.77,691.19,223.32,9.5,2.2,1.1,2.42,0.22,532.4,385.68,0.546
5338,14.06,26.5,372.56,320.7,11.81,2.2,1.1,2.42,0.22,532.4,394.55,0.539
5339,40.09,29.92,1199.36,279.94,17.9,2.2,1.1,2.42,0.22,532.4,487.95,0.535
5340,7.84,11.35,88.94,117.09,0.21,2.2,1.1,2.42,0.22,532.4,492.46,0.501
5341,26.35,12.68,333.97,329.18,31.71,2.2,1.1,2.42,0.22,532.4,309.21,0.514
5342,22.76,9.82,223.5,309.16,16.09,2.2,1.1,2.42,0.22,532.4,393.29,0.517
5343,21.56,16.29,351.31,103.45,13.35,2.2,1.1,2.42,0.22,532.4,488.79,0.481
5344,42.5,23.37,993.16,185.0,7.61,2.2,1.1,2.42,0.22,532.4,354.3,0.494
5345,47.02,5.52,259.73,3.69,30.46,2.2,1.1,2.42,0.22,532.4,483.9,0.514
5346,17.45,14.87,259.46,133.93,24.94,2.2,1.1,2.42,0.22,532.4,459.28,0.523
5347,33.29,9.49,316.04,164.23,37.59,2.2,1.1,2.42,0.22,532.4,507.9,0.525
5348,16.63,5.71,94.88,261.36,4.29,2.2,1.1,2.42,0.22,532.4,510.48,0.516
5349,25.12,17.29,434.22,6.01,4.01,2.2,1.1,2.42,0.22,532.4,506.24,0.524
5350,31.71,5.53,175.35,350.18,8.77,2.2,1.1,2.42,0.22,532.4,343.98,0.511
5351,30.85,28.44,877.48,51.49,7.28,2.2,1.1,2.42,0.22,532.4,415.11,0.523
5352,6.94,13.9,96.51,218.74,4.87,2.2,1.1,2.42,0.22,532.4,265.93,0.522
5353,40.91,29.47,1205.58,27.74,39.75,2.2,1.1,2.42,0.22,532.4,269.87,0.519
5354,11.22,10.64,119.39,265.98,0.65,2.2,1.1,2.42,0.22,532.4,351.66,0.512
5355,47.97,18.42,883.8,34.87,19.92,2.2,1.1,2.42,0.22,532.4,475.88,0.52
5356,30.87,12.51,386.01,29.37,21.53,2.2,1.1,2.42,0.22,532.4,360.83,0.524
5357,26.86,23.88,641.32,152.37,43.06,2.2,1.1,2.42,0.22,532.4,273.21,0.512
5358,33.27,23.79,791.53,345.51,4.02,2.2,1.1,2.42,0.22,532.4,368.85,0.509
5359,21.59,15.48,334.21,158.32,24.54,2.2,1.1,2.42,0.22,532.4,475.99,0.512
5360,30.32,7.19,217.93,42.53,40.98,2.2,1.1,2.42,0.22,532.4,416.78,0.523
5361,27.83,11.13,309.74,0.5,9.96,2.2,1.1,2.42,0.22,532.4,364.0,0.515
5362,29.37,22.7,666.54,150.24,30.4,2.2,1.1,2.42,0.22,532.4,328.56,0.504
5363,15.65,18.92,296.06,142.14,30.79,2.2,1.1,2.42,0.22,532.4,476.48,0.505
5364,25.38,14.03,355.93,224.22,27.41,2.2,1.1,2.42,0.22,532.4,399.8,0.535
5365,12.43,16.95,210.72,37.38,22.44,2.2,1.1,2.42,0.22,532.4,438.76,0.52
5366,41.51,8.84,367.02,12.84,2.96,2.2,1.1,2.42,0.22,532.4,376.26,0.533
5367,12.84,27.03,347.15,267.95,2.67,2.2,1.1,2.42,0.22,532.4,409.63,0.536
5368,43.88,18.18,797.93,292.67,15.59,2.2,1.1,2.42,0.22,532.4,318.16,0.505
5369,6.47,27.49,177.88,337.06,8.15,2.2,1.1,2.42,0.22,532.4,537.14,0.509
5370,7.17,20.35,145.92,40.5,43.88,2.2,1.1,2.42,0.22,532.4,395.74,0.536
5371,45.1,16.12,726.93,287.41,21.92,2.2,1.1,2.42,0.22,532.4,352.36,0.545
5372,6.24,22.18,138.49,118.95,42.56,2.2,1.1,2.42,0.22,532.4,447.89,0.495
5373,44.86,22.48,1008.41,186.1,3.41,2.2,1.1,2.42,0.22,532.4,361.24,0.527
5374,18.34,7.81,143.17,214.73,18.81,2.2,1.1,2.42,0.22,532.4,471.88,0.512
5375,46.3,22.7,1050.73,3.49,3.44,2.2,1.1,2.42,0.22,532.4,417.78,0.53
5376,36.1,15.73,567.96,280.63,23.04,2.2,1.1,2.42,0.22,532.4,362.0,0.523
5377,37.42,12.9,482.63,152.07,3.01,2.2,1.1,2.42,0.22,532.4,466.92,0.524
5378,22.17,8.06,178.63,276.56,40.98,2.2,1.1,2.42,0.22,532.4,392.3,0.529
5379,27.7,27.29,756.12,244.04,44.01,2.2,1.1,2.42,0.22,532.4,339.22,0.53
5380,10.66,11.13,118.59,42.15,44.55,2.2,1.1,2.42,0.22,532.4,277.49,0.55
5381,5.05,8.12,41.02,80.96,40.3,2.2,1.1,2.42,0.22,532.4,291.14,0.516
5382,26.67,21.46,572.45,271.96,14.97,2.2,1.1,2.42,0.22,532.4,401.61,0.578
5383,40.64,13.69,556.38,319.84,16.83,2.2,1.1,2.42,0.22,532.4,285.7,0.519
5384,12.57,5.19,65.26,39.01,40.6,2.2,1.1,2.42,0.22,532.4,358.09,0.537
5385,8.28,16.98,140.52,100.79,6.2,2.2,1.1,2.42,0.22,532.4,400.53,0.528
5386,14.1,17.09,241.01,33.95,22.29,2.2,1.1,2.42,0.22,532.4,494.88,0.527
5387,37.95,17.45,662.3,140.31,6.5,2.2,1.1,2.42,0.22,532.4,451.35,0.505
5388,31.44,23.79,747.95,177.85,33.41,2.2,1.1,2.42,0.22,532.4,289.76,0.54
5389,29.77,13.84,412.05,334.67,17.47,2.2,1.1,2.42,0.22,532.4,417.75,0.521
5390,40.28,5.95,239.62,316.67,24.48,2.2,1.1,2.42,0.22,532.4,394.04,0.528
5391,43.34,18.89,818.77,54.07,6.58,2.2,1.1,2.42,0.22,532.4,457.83,0.514
5392,36.52,24.01,876.81,141.76,10.58,2.2,1.1,2.42,0.22,532.4,367.84,0.513
5393,35.49,24.45,867.83,304.72,18.31,2.2,1.1,2.42,0.22,532.4,348.66,0.527
5394,45.56,13.4,610.64,48.04,0.89,2.2,1.1,2.42,0.22,532.4,372.62,0.533
5395,46.66,12.71,593.09,99.31,40.66,2.2,1.1,2.42,0.22,532.4,520.8,0.484
5396,21.1,21.76,459.21,211.65,10.43,2.2,1.1,2.42,0.22,532.4,354.56,0.536
5397,7.8,21.72,169.41,331.43,3.81,2.2,1.1,2.42,0.22,532.4,427.41,0.542
5398,26.2,22.81,597.79,321.73,38.13,2.2,1.1,2.42,0.22,532.4,355.9,0.538
5399,37.83,19.0,718.94,69.68,24.24,2.2,1.1,2.42,0.22,532.4,288.75,0.54
5400,34.89,14.94,521.13,76.47,14.25,2.2,1.1,2.42,0.22,532.4,530.26,0.522
5401,24.82,28.26,701.39,16.16,5.32,2.2,1.1,2.42,0.22,532.4,423.37,0.529
5402,29.35,8.95,262.7,180.95,38.55,2.2,1.1,2.42,0.22,532.4,458.18,0.536
5403,47.05,24.56,1155.67,135.88,7.07,2.2,1.1,2.42,0.22,532.4,442.33,0.497
5404,26.27,6.8,178.56,79.23,26.54,2.2,1.1,2.42,0.22,532.4,408.93,0.513
5405,45.95,7.13,327.58,29.11,44.51,2.2,1.1,2.42,0.22,532.4,326.39,0.488
5406,32.28,15.77,508.92,67.55,20.62,2.2,1.1,2.42,0.22,532.4,548.11,0.495
5407,7.74,17.44,134.97,68.58,14.48,2.2,1.1,2.42,0.22,532.4,484.18,0.55
5408,29.33,9.4,275.86,279.91,8.88,2.2,1.1,2.42,0.22,532.4,453.59,0.546
5409,15.1,18.45,278.65,357.95,1.52,2.2,1.1,2.42,0.22,532.4,465.37,0.527
5410,37.25,18.26,680.08,228.47,16.21,2.2,1.1,2.42,0.22,532.4,438.79,0.513
5411,22.42,16.7,374.4,258.79,14.02,2.2,1.1,2.42,0.22,532.4,521.7,0.529
5412,14.12,28.3,399.54,326.4,20.81,2.2,1.1,2.42,0.22,532.4,388.84,0.534
5413,21.57,9.62,207.47,339.2,29.56,2.2,1.1,2.42,0.22,532.4,347.73,0.517
5414,41.86,8.41,352.17,259.85,12.67,2.2,1.1,2.42,0.22,532.4,498.79,0.546
5415,19.84,22.37,443.8,171.85,27.77,2.2,1.1,2.42,0.22,532.4,388.2,0.506
5416,5.03,20.85,104.94,321.9,34.87,2.2,1.1,2.42,0.22,532.4,264.49,0.525
5417,40.7,25.43,1035.12,82.41,23.38,2.2,1.1,2.42,0.22,532.4,534.53,0.503
5418,6.26,11.35,71.09,165.03,1.71,2.2,1.1,2.42,0.22,532.4,490.65,0.518
5419,26.43,5.38,142.19,282.68,13.15,2.2,1.1,2.42,0.22,532.4,421.36,0.544
5420,16.55,29.6,489.84,356.99,13.89,2.2,1.1,2.42,0.22,532.4,481.03,0.503
5421,7.32,27.45,200.99,348.27,38.59,2.2,1.1,2.42,0.22,532.4,382.37,0.499
5422,15.43,17.13,264.37,317.52,5.65,2.2,1.1,2.42,0.22,532.4,541.59,0.509
5423,6.1,6.25,38.13,302.18,6.83,2.2,1.1,2.42,0.22,532.4,355.32,0.499
5424,47.55,29.03,1380.65,80.34,26.37,2.2,1.1,2.42,0.22,532.4,439.81,0.575
5425,10.1,25.21,254.67,334.04,32.57,2.2,1.1,2.42,0.22,532.4,286.54,0.534
5426,38.15,5.41,206.34,221.48,18.26,2.2,1.1,2.42,0.22,532.4,438.78,0.504
5427,34.45,21.27,732.63,89.17,17.92,2.2,1.1,2.42,0.22,532.4,433.93,0.566
5428,47.6,8.2,390.26,101.19,18.76,2.2,1.1,2.42,0.22,532.4,462.9,0.563
5429,12.02,6.0,72.16,120.5,18.49,2.2,1.1,2.42,0.22,532.4,432.83,0.532
5430,12.74,19.18,244.35,150.32,11.23,2.2,1.1,2.42,0.22,532.4,477.69,0.497
5431,19.19,21.81,418.59,239.56,3.84,2.2,1.1,2.42,0.22,532.4,407.06,0.492
5432,19.2,20.87,400.77,355.47,5.25,2.2,1.1,2.42,0.22,532.4,480.88,0.52
5433,21.57,8.84,190.63,132.47,11.76,2.2,1.1,2.42,0.22,532.4,420.86,0.514
5434,8.56,6.54,55.92,31.61,44.62,2.2,1.1,2.42,0.22,532.4,425.88,0.534
5435,49.94,13.7,684.32,56.85,43.71,2.2,1.1,2.42,0.22,532.4,345.87,0.531
5436,37.07,20.78,770.26,53.7,13.15,2.2,1.1,2.42,0.22,532.4,389.98,0.531
5437,8.91,9.26,82.43,125.84,14.8,2.2,1.1,2.42,0.22,532.4,525.83,0.499
5438,11.32,12.69,143.57,95.08,10.1,2.2,1.1,2.42,0.22,532.4,357.14,0.521
5439,41.2,16.4,675.84,252.66,41.93,2.2,1.1,2.42,0.22,532.4,544.67,0.501
5440,19.81,18.62,368.8,275.26,34.93,2.2,1.1,2.42,0.22,532.4,305.53,0.543
5441,12.03,15.32,184.27,17.23,21.29,2.2,1.1,2.42,0.22,532.4,284.07,0.563
5442,17.14,17.92,307.15,358.7,4.6,2.2,1.1,2.42,0.22,532.4,368.25,0.496
5443,42.98,11.0,472.64,11.89,16.4,2.2,1.1,2.42,0.22,532.4,473.38,0.506
5444,45.52,13.86,630.83,291.2,18.84,2.2,1.1,2.42,0.22,532.4,522.18,0.517
5445,44.65,12.46,556.21,172.14,8.32,2.2,1.1,2.42,0.22,532.4,404.56,0.503
5446,24.26,5.9,143.26,275.55,6.85,2.2,1.1,2.42,0.22,532.4,392.37,0.533
5447,6.44,11.5,74.08,254.74,41.6,2.2,1.1,2.42,0.22,532.4,363.68,0.522
5448,27.23,21.9,596.47,48.65,6.38,2.2,1.1,2.42,0.22,532.4,430.86,0.546
5449,13.82,6.95,96.07,68.07,24.39,2.2,1.1,2.42,0.22,532.4,504.75,0.518
5450,12.03,23.27,279.92,90.06,38.07,2.2,1.1,2.42,0.22,532.4,309.73,0.521
5451,5.31,7.54,40.01,45.16,29.92,2.2,1.1,2.42,0.22,532.4,517.23,0.533
5452,39.11,23.06,901.93,148.21,23.39,2.2,1.1,2.42,0.22,532.4,387.78,0.519
5453,43.83,25.95,1137.35,2.39,37.05,2.2,1.1,2.42,0.22,532.4,548.58,0.484
5454,39.86,24.67,983.22,296.69,30.9,2.2,1.1,2.42,0.22,532.4,309.02,0.51
5455,16.68,8.57,143.04,250.99,33.76,2.2,1.1,2.42,0.22,532.4,491.25,0.545
5456,22.42,20.77,465.64,296.16,43.5,2.2,1.1,2.42,0.22,532.4,461.8,0.522
5457,22.34,9.63,215.24,27.59,1.13,2.2,1.1,2.42,0.22,532.4,436.8,0.509
5458,8.07,18.62,150.2,258.32,9.08,2.2,1.1,2.42,0.22,532.4,505.45,0.502
5459,45.14,9.29,419.32,281.79,6.07,2.2,1.1,2.42,0.22,532.4,307.47,0.517
5460,26.21,21.36,559.92,252.26,12.92,2.2,1.1,2.42,0.22,532.4,388.17,0.535
5461,46.9,6.23,292.05,349.55,31.83,2.2,1.1,2.42,0.22,532.4,315.3,0.521
5462,30.0,26.11,783.16,62.99,20.39,2.2,1.1,2.42,0.22,532.4,296.91,0.546
5463,14.07,19.6,275.69,180.34,11.93,2.2,1.1,2.42,0.22,532.4,305.07,0.541
5464,35.96,27.09,974.25,123.58,5.24,2.2,1.1,2.42,0.22,532.4,503.39,0.511
5465,38.98,8.05,313.79,169.79,3.38,2.2,1.1,2.42,0.22,532.4,291.76,0.537
5466,18.34,12.32,225.86,108.22,7.46,2.2,1.1,2.42,0.22,532.4,286.48,0.541
5467,5.7,27.87,158.81,17.85,31.54,2.2,1.1,2.42,0.22,532.4,320.61,0.499
5468,16.66,16.09,267.99,280.06,31.04,2.2,1.1,2.42,0.22,532.4,367.1,0.546
5469,5.34,25.64,136.83,282.2,19.9,2.2,1.1,2.42,0.22,532.4,323.73,0.545
5470,29.23,24.88,727.35,88.28,34.93,2.2,1.1,2.42,0.22,532.4,511.86,0.509
5471,7.39,10.88,80.42,269.71,18.66,2.2,1.1,2.42,0.22,532.4,344.13,0.495
5472,17.68,16.64,294.19,95.87,4.52,2.2,1.1,2.42,0.22,532.4,321.23,0.525
5473,19.89,20.99,417.47,249.74,8.73,2.2,1.1,2.42,0.22,532.4,375.62,0.529
5474,19.32,29.95,578.73,104.27,5.43,2.2,1.1,2.42,0.22,532.4,451.85,0.504
5475,23.46,19.02,446.2,6.83,15.74,2.2,1.1,2.42,0.22,532.4,382.57,0.542
5476,6.62,20.19,133.68,267.57,27.29,2.2,1.1,2.42,0.22,532.4,329.36,0.523
5477,23.43,6.13,143.59,267.28,43.84,2.2,1.1,2.42,0.22,532.4,425.58,0.543
5478,23.02,21.63,497.83,238.11,1.35,2.2,1.1,2.42,0.22,532.4,318.32,0.512
5479,7.33,21.38,156.65,54.61,33.79,2.2,1.1,2.42,0.22,532.4,297.01,0.536
5480,11.08,13.45,149.11,253.01,9.17,2.2,1.1,2.42,0.22,532.4,264.27,0.53
5481,49.61,24.51,1215.98,257.28,12.7,2.2,1.1,2.42,0.22,532.4,490.21,0.518
5482,19.72,6.38,125.86,204.41,7.45,2.2,1.1,2.42,0.22,532.4,448.24,0.558
5483,39.74,29.39,1167.94,318.24,39.27,2.2,1.1,2.42,0.22,532.4,273.6,0.524
5484,18.86,9.08,171.32,197.64,7.08,2.2,1.1,2.42,0.22,532.4,521.12,0.506
5485,31.21,18.01,562.17,95.44,6.99,2.2,1.1,2.42,0.22,532.4,453.27,0.509
5486,22.71,10.7,242.97,32.97,39.78,2.2,1.1,2.42,0.22,532.4,469.64,0.531
5487,33.63,21.19,712.55,338.67,1.54,2.2,1.1,2.42,0.22,532.4,270.25,0.54
5488,38.68,24.9,963.28,51.96,12.27,2.2,1.1,2.42,0.22,532.4,539.54,0.511
5489,37.74,25.11,947.85,321.01,42.25,2.2,1.1,2.42,0.22,532.4,351.37,0.511
5490,7.88,29.75,234.49,89.92,20.3,2.2,1.1,2.42,0.22,532.4,342.57,0.541
5491,6.53,5.15,33.65,263.35,10.37,2.2,1.1,2.42,0.22,532.4,492.0,0.5
5492,9.31,28.95,269.65,332.29,18.34,2.2,1.1,2.42,0.22,532.4,396.67,0.482
5493,43.69,27.73,1211.81,143.15,31.56,2.2,1.1,2.42,0.22,532.4,376.05,0.52
5494,47.72,13.15,627.58,232.01,33.94,2.2,1.1,2.42,0.22,532.4,444.36,0.527
5495,24.3,7.35,178.48,68.07,4.54,2.2,1.1,2.42,0.22,532.4,515.06,0.521
5496,43.1,15.34,661.3,74.11,10.89,2.2,1.1,2.42,0.22,532.4,427.48,0.537
5497,41.85,8.98,376.0,73.02,34.91,2.2,1.1,2.42,0.22,532.4,428.66,0.557
5498,41.67,13.23,551.14,266.18,31.86,2.2,1.1,2.42,0.22,532.4,307.63,0.559
5499,11.52,5.94,68.45,346.77,33.04,2.2,1.1,2.42,0.22,532.4,266.38,0.56
5500,37.94,8.65,328.22,342.16,12.47,2.2,1.1,2.42,0.22,532.4,305.66,0.549
5501,16.22,16.31,264.65,242.09,21.43,2.2,1.1,2.42,0.22,532.4,448.76,0.528
5502,33.44,12.35,412.86,167.11,33.31,2.2,1.1,2.42,0.22,532.4,292.2,0.516
5503,25.42,18.79,477.62,12.94,20.55,2.2,1.1,2.42,0.22,532.4,402.39,0.499
5504,31.67,29.14,922.67,266.26,26.29,2.2,1.1,2.42,0.22,532.4,429.99,0.507
5505,20.49,22.05,451.86,98.75,35.59,2.2,1.1,2.42,0.22,532.4,527.03,0.512
5506,14.51,5.28,76.69,44.48,7.84,2.2,1.1,2.42,0.22,532.4,315.96,0.503
5507,5.78,5.0,28.9,205.5,36.42,2.2,1.1,2.42,0.22,532.4,443.09,0.509
5508,20.01,10.1,202.11,335.5,36.06,2.2,1.1,2.42,0.22,532.4,547.12,0.502
5509,41.92,12.7,532.49,97.75,19.71,2.2,1.1,2.42,0.22,532.4,326.33,0.496
5510,28.77,13.57,390.47,208.86,25.28,2.2,1.1,2.42,0.22,532.4,351.48,0.518
5511,25.28,18.9,477.92,223.27,26.23,2.2,1.1,2.42,0.22,532.4,416.35,0.52
5512,33.56,25.11,842.95,88.43,9.37,2.2,1.1,2.42,0.22,532.4,365.79,0.527
5513,47.39,14.71,697.23,238.76,18.91,2.2,1.1,2.42,0.22,532.4,492.37,0.49
5514,34.84,27.67,963.91,47.51,43.99,2.2,1.1,2.42,0.22,532.4,323.88,0.581
5515,26.41,11.98,316.51,341.61,21.99,2.2,1.1,2.42,0.22,532.4,525.6,0.516
5516,47.62,24.88,1184.67,312.66,29.87,2.2,1.1,2.42,0.22,532.4,292.02,0.521
5517,39.54,15.92,629.48,320.94,23.19,2.2,1.1,2.42,0.22,532.4,377.36,0.481
5518,43.09,29.29,1262.08,300.38,17.32,2.2,1.1,2.42,0.22,532.4,352.15,0.529
5519,18.54,9.55,177.05,75.84,3.43,2.2,1.1,2.42,0.22,532.4,314.56,0.53
5520,29.07,9.72,282.46,254.0,29.09,2.2,1.1,2.42,0.22,532.4,327.72,0.508
5521,32.26,7.05,227.46,338.99,1.11,2.2,1.1,2.42,0.22,532.4,378.28,0.536
5522,28.61,19.29,551.94,208.57,3.82,2.2,1.1,2.42,0.22,532.4,285.3,0.517
5523,33.97,28.13,955.7,178.47,23.39,2.2,1.1,2.42,0.22,532.4,482.23,0.518
5524,30.25,27.96,845.68,108.25,21.61,2.2,1.1,2.42,0.22,532.4,301.95,0.519
5525,45.98,20.01,919.92,321.99,5.91,2.2,1.1,2.42,0.22,532.4,276.1,0.529
5526,31.57,11.43,360.73,212.57,27.76,2.2,1.1,2.42,0.22,532.4,510.97,0.506
5527,47.04,18.26,858.73,311.9,43.72,2.2,1.1,2.42,0.22,532.4,355.46,0.515
5528,43.12,28.61,1233.66,34.88,9.75,2.2,1.1,2.42,0.22,532.4,372.79,0.548
5529,21.99,10.52,231.26,165.41,0.72,2.2,1.1,2.42,0.22,532.4,381.93,0.538
5530,16.95,14.14,239.61,161.16,40.91,2.2,1.1,2.42,0.22,532.4,382.72,0.492
5531,30.26,15.89,480.83,151.9,20.33,2.2,1.1,2.42,0.22,532.4,268.73,0.544
5532,11.03,17.11,188.64,8.14,17.74,2.2,1.1,2.42,0.22,532.4,374.83,0.532
5533,8.02,29.27,234.63,199.23,38.84,2.2,1.1,2.42,0.22,532.4,513.93,0.516
5534,32.69,19.61,640.95,216.13,13.75,2.2,1.1,2.42,0.22,532.4,350.59,0.546
5535,34.4,25.0,860.17,283.54,15.93,2.2,1.1,2.42,0.22,532.4,316.37,0.492
5536,31.2,14.48,451.76,237.15,42.38,2.2,1.1,2.42,0.22,532.4,287.62,0.509
5537,47.88,20.76,994.03,109.55,22.51,2.2,1.1,2.42,0.22,532.4,492.67,0.533
5538,36.11,16.05,579.58,50.07,23.96,2.2,1.1,2.42,0.22,532.4,307.63,0.523
5539,6.54,8.74,57.2,28.71,26.23,2.2,1.1,2.42,0.22,532.4,348.34,0.535
5540,6.42,16.74,107.46,9.62,21.73,2.2,1.1,2.42,0.22,532.4,373.61,0.5
5541,44.34,28.84,1278.5,59.68,42.1,2.2,1.1,2.42,0.22,532.4,435.14,0.519
5542,22.45,7.5,168.31,282.08,5.33,2.2,1.1,2.42,0.22,532.4,407.07,0.533
5543,27.09,21.46,581.39,264.66,7.58,2.2,1.1,2.42,0.22,532.4,463.29,0.501
5544,13.62,12.97,176.64,90.23,43.05,2.2,1.1,2.42,0.22,532.4,496.69,0.51
5545,17.13,8.36,143.18,215.13,11.1,2.2,1.1,2.42,0.22,532.4,416.62,0.514
5546,48.01,16.41,787.9,127.21,0.01,2.2,1.1,2.42,0.22,532.4,303.29,0.541
5547,28.18,8.45,238.01,37.76,27.87,2.2,1.1,2.42,0.22,532.4,397.56,0.559
5548,44.34,7.75,343.52,310.74,0.78,2.2,1.1,2.42,0.22,532.4,417.2,0.528
5549,31.99,12.86,411.24,352.6,40.19,2.2,1.1,2.42,0.22,532.4,451.88,0.523
5550,22.65,18.72,423.89,89.41,30.85,2.2,1.1,2.42,0.22,532.4,302.24,0.54
5551,49.15,10.57,519.47,258.94,24.01,2.2,1.1,2.42,0.22,532.4,454.15,0.543
5552,40.88,21.79,890.8,25.78,12.01,2.2,1.1,2.42,0.22,532.4,286.21,0.567
5553,25.41,13.29,337.58,1.71,13.91,2.2,1.1,2.42,0.22,532.4,345.97,0.517
5554,39.63,24.6,974.8,140.47,4.77,2.2,1.1,2.42,0.22,532.4,407.23,0.535
5555,5.47,18.25,99.9,154.69,36.51,2.2,1.1,2.42,0.22,532.4,429.02,0.515
5556,22.14,6.6,146.16,85.56,6.75,2.2,1.1,2.42,0.22,532.4,455.2,0.553
5557,18.93,12.33,233.3,63.63,9.41,2.2,1.1,2.42,0.22,532.4,273.24,0.551
5558,47.66,26.48,1261.89,117.68,43.56,2.2,1.1,2.42,0.22,532.4,346.66,0.513
5559,49.54,13.7,678.68,177.63,42.13,2.2,1.1,2.42,0.22,532.4,539.12,0.501
5560,26.96,26.71,720.22,55.03,4.71,2.2,1.1,2.42,0.22,532.4,500.89,0.542
5561,18.68,26.46,494.23,131.84,40.98,2.2,1.1,2.42,0.22,532.4,381.61,0.504
5562,34.86,13.7,477.43,296.55,29.89,2.2,1.1,2.42,0.22,532.4,366.96,0.516
5563,14.01,29.57,414.25,86.48,31.79,2.2,1.1,2.42,0.22,532.4,327.51,0.527
5564,46.1,14.62,674.02,204.59,32.5,2.2,1.1,2.42,0.22,532.4,397.83,0.529
5565,36.02,24.69,889.24,150.07,8.8,2.2,1.1,2.42,0.22,532.4,270.46,0.54
5566,5.1,25.96,132.36,223.45,38.61,2.2,1.1,2.42,0.22,532.4,509.83,0.511
5567,45.34,9.4,426.0,272.23,5.04,2.2,1.1,2.42,0.22,532.4,414.43,0.528
5568,25.21,21.15,533.22,284.54,27.42,2.2,1.1,2.42,0.22,532.4,276.67,0.512
5569,31.97,15.89,507.9,102.44,4.13,2.2,1.1,2.42,0.22,532.4,334.03,0.489
5570,29.85,14.54,434.05,228.88,25.27,2.2,1.1,2.42,0.22,532.4,434.05,0.538
5571,20.74,11.97,248.31,172.5,5.57,2.2,1.1,2.42,0.22,532.4,480.44,0.574
5572,13.93,23.11,321.82,51.6,37.49,2.2,1.1,2.42,0.22,532.4,284.26,0.53
5573,18.01,16.62,299.28,263.83,3.5,2.2,1.1,2.42,0.22,532.4,356.5,0.535
5574,22.71,9.21,209.21,44.71,6.29,2.2,1.1,2.42,0.22,532.4,552.07,0.496
5575,5.72,18.4,105.28,216.1,29.8,2.2,1.1,2.42,0.22,532.4,367.46,0.509
5576,23.48,23.0,540.07,86.36,30.3,2.2,1.1,2.42,0.22,532.4,335.13,0.522
5577,7.21,8.73,62.89,138.65,17.34,2.2,1.1,2.42,0.22,532.4,284.42,0.524
5578,24.78,23.52,582.69,40.4,2.56,2.2,1.1,2.42,0.22,532.4,528.81,0.493
5579,6.24,23.95,149.56,258.63,14.1,2.2,1.1,2.42,0.22,532.4,388.35,0.521
5580,14.39,22.89,329.42,206.7,11.19,2.2,1.1,2.42,0.22,532.4,373.81,0.471
5581,47.81,18.94,905.61,83.2,1.86,2.2,1.1,2.42,0.22,532.4,387.28,0.522
5582,41.44,14.62,606.08,259.25,15.17,2.2,1.1,2.42,0.22,532.4,442.62,0.52
5583,15.45,19.74,304.94,327.89,1.21,2.2,1.1,2.42,0.22,532.4,365.43,0.529
5584,9.78,12.58,123.0,21.48,3.0,2.2,1.1,2.42,0.22,532.4,505.55,0.529
5585,31.28,23.0,719.43,100.9,24.99,2.2,1.1,2.42,0.22,532.4,470.58,0.496
5586,37.12,14.46,536.61,169.28,12.57,2.2,1.1,2.42,0.22,532.4,283.3,0.522
5587,18.94,19.16,362.92,1.06,9.75,2.2,1.1,2.42,0.22,532.4,275.64,0.563
5588,7.51,17.83,133.85,95.66,10.9,2.2,1.1,2.42,0.22,532.4,441.61,0.512
5589,8.77,18.56,162.85,253.96,35.04,2.2,1.1,2.42,0.22,532.4,328.39,0.571
5590,14.16,25.86,366.18,149.63,8.57,2.2,1.1,2.42,0.22,532.4,328.86,0.501
5591,44.1,12.84,566.19,176.02,8.72,2.2,1.1,2.42,0.22,532.4,287.09,0.534
5592,11.9,9.08,107.97,246.2,40.78,2.2,1.1,2.42,0.22,532.4,302.68,0.571
5593,26.38,24.27,640.32,295.07,10.32,2.2,1.1,2.42,0.22,532.4,511.06,0.504
5594,18.96,9.59,181.83,80.8,10.78,2.2,1.1,2.42,0.22,532.4,313.1,0.537
5595,11.55,18.04,208.38,353.11,41.88,2.2,1.1,2.42,0.22,532.4,290.67,0.526
5596,27.11,7.63,206.83,88.19,18.3,2.2,1.1,2.42,0.22,532.4,304.88,0.506
5597,30.72,24.24,744.67,111.66,28.39,2.2,1.1,2.42,0.22,532.4,386.91,0.509
5598,30.21,22.07,666.91,209.52,14.23,2.2,1.1,2.42,0.22,532.4,409.52,0.505
5599,8.32,5.25,43.71,36.89,14.39,2.2,1.1,2.42,0.22,532.4,309.8,0.553
5600,16.98,11.96,203.15,358.16,9.81,2.2,1.1,2.42,0.22,532.4,408.56,0.517
5601,33.41,13.27,443.36,170.94,18.1,2.2,1.1,2.42,0.22,532.4,324.42,0.528
5602,22.99,13.79,316.91,85.5,40.82,2.2,1.1,2.42,0.22,532.4,323.98,0.558
5603,36.57,6.99,255.46,91.6,16.96,2.2,1.1,2.42,0.22,532.4,511.47,0.528
5604,38.27,13.57,519.27,17.79,21.07,2.2,1.1,2.42,0.22,532.4,459.23,0.531
5605,15.88,12.73,202.11,347.06,20.56,2.2,1.1,2.42,0.22,532.4,478.76,0.565
5606,8.18,18.24,149.26,76.28,40.82,2.2,1.1,2.42,0.22,532.4,340.06,0.52
5607,18.37,10.95,201.17,229.16,15.32,2.2,1.1,2.42,0.22,532.4,471.21,0.524
5608,47.33,6.31,298.78,60.73,44.35,2.2,1.1,2.42,0.22,532.4,385.18,0.505
5609,37.29,16.26,606.55,339.59,17.31,2.2,1.1,2.42,0.22,532.4,322.34,0.545
5610,23.07,11.52,265.76,322.48,28.36,2.2,1.1,2.42,0.22,532.4,532.75,0.495
5611,28.61,15.56,445.21,109.17,39.43,2.2,1.1,2.42,0.22,532.4,477.86,0.528
5612,6.82,23.95,163.25,268.4,30.47,2.2,1.1,2.42,0.22,532.4,287.76,0.541
5613,37.55,26.81,1006.86,179.55,36.64,2.2,1.1,2.42,0.22,532.4,512.4,0.512
5614,12.89,10.77,138.81,197.53,11.5,2.2,1.1,2.42,0.22,532.4,291.71,0.528
5615,27.98,12.57,351.6,304.27,19.13,2.2,1.1,2.42,0.22,532.4,351.01,0.557
5616,37.65,19.07,717.98,209.35,10.91,2.2,1.1,2.42,0.22,532.4,473.4,0.554
5617,41.12,18.62,765.67,276.49,33.19,2.2,1.1,2.42,0.22,532.4,527.22,0.508
5618,40.66,11.53,468.81,331.79,39.38,2.2,1.1,2.42,0.22,532.4,434.47,0.512
5619,15.44,7.0,108.11,180.56,8.43,2.2,1.1,2.42,0.22,532.4,343.76,0.528
5620,39.25,24.3,953.87,119.24,10.8,2.2,1.1,2.42,0.22,532.4,436.81,0.512
5621,25.53,11.43,291.93,41.6,28.74,2.2,1.1,2.42,0.22,532.4,476.52,0.528
5622,18.75,20.3,380.69,197.16,41.57,2.2,1.1,2.42,0.22,532.4,494.65,0.499
5623,49.9,7.05,352.05,300.36,35.95,2.2,1.1,2.42,0.22,532.4,372.07,0.545
5624,45.21,18.88,853.72,322.7,24.99,2.2,1.1,2.42,0.22,532.4,304.47,0.513
5625,38.29,29.12,1114.78,75.13,3.3,2.2,1.1,2.42,0.22,532.4,507.06,0.535
5626,45.48,21.47,976.62,24.67,42.95,2.2,1.1,2.42,0.22,532.4,564.14,0.482
5627,22.17,8.44,187.18,259.47,12.9,2.2,1.1,2.42,0.22,532.4,277.45,0.518
5628,36.46,14.25,519.33,70.59,35.3,2.2,1.1,2.42,0.22,532.4,283.86,0.509
5629,21.0,18.18,381.72,146.72,22.11,2.2,1.1,2.42,0.22,532.4,493.87,0.526
5630,25.69,20.69,531.65,256.18,43.86,2.2,1.1,2.42,0.22,532.4,449.14,0.518
5631,16.84,21.09,355.19,230.98,36.28,2.2,1.1,2.42,0.22,532.4,268.36,0.544
5632,6.73,21.18,142.45,48.21,40.02,2.2,1.1,2.42,0.22,532.4,305.78,0.483
5633,23.63,21.24,501.83,171.26,31.86,2.2,1.1,2.42,0.22,532.4,537.61,0.513
5634,5.93,5.62,33.3,306.45,15.6,2.2,1.1,2.42,0.22,532.4,309.14,0.548
5635,37.55,5.37,201.54,158.05,42.76,2.2,1.1,2.42,0.22,532.4,276.03,0.52
5636,40.87,19.74,806.64,80.73,18.59,2.2,1.1,2.42,0.22,532.4,301.05,0.532
5637,42.84,26.16,1120.8,252.22,1.3,2.2,1.1,2.42,0.22,532.4,500.5,0.528
5638,11.68,5.22,60.96,121.37,8.02,2.2,1.1,2.42,0.22,532.4,293.18,0.518
5639,22.47,16.41,368.83,59.31,21.75,2.2,1.1,2.42,0.22,532.4,455.94,0.524
5640,36.25,13.43,486.97,165.99,21.21,2.2,1.1,2.42,0.22,532.4,269.1,0.536
5641,12.61,6.09,76.84,106.96,1.16,2.2,1.1,2.42,0.22,532.4,440.17,0.514
5642,41.05,15.27,626.75,278.02,14.75,2.2,1.1,2.42,0.22,532.4,310.72,0.542
5643,27.28,21.3,580.9,202.78,18.7,2.2,1.1,2.42,0.22,532.4,357.2,0.515
5644,27.38,6.26,171.32,324.56,5.9,2.2,1.1,2.42,0.22,532.4,533.69,0.498
5645,41.38,23.34,965.78,111.75,34.9,2.2,1.1,2.42,0.22,532.4,435.48,0.537
5646,37.31,5.83,217.41,316.57,0.85,2.2,1.1,2.42,0.22,532.4,494.94,0.537
5647,22.51,28.95,651.58,147.21,17.86,2.2,1.1,2.42,0.22,532.4,402.37,0.554
5648,19.64,22.48,441.56,349.26,44.59,2.2,1.1,2.42,0.22,532.4,488.29,0.54
5649,22.34,20.97,468.51,163.27,39.85,2.2,1.1,2.42,0.22,532.4,411.96,0.523
5650,42.45,13.79,585.3,326.85,22.12,2.2,1.1,2.42,0.22,532.4,466.19,0.532
5651,28.75,8.19,235.44,249.66,34.13,2.2,1.1,2.42,0.22,532.4,410.86,0.507
5652,15.23,23.54,358.51,337.35,40.68,2.2,1.1,2.42,0.22,532.4,520.06,0.516
5653,8.82,28.89,254.74,295.85,6.47,2.2,1.1,2.42,0.22,532.4,455.98,0.57
5654,36.15,24.19,874.56,312.81,12.79,2.2,1.1,2.42,0.22,532.4,387.24,0.544
5655,23.09,28.68,662.17,154.56,39.02,2.2,1.1,2.42,0.22,532.4,398.29,0.525
5656,9.8,14.28,139.87,222.96,39.33,2.2,1.1,2.42,0.22,532.4,469.69,0.501
5657,27.09,7.64,206.95,213.14,14.96,2.2,1.1,2.42,0.22,532.4,495.18,0.528
5658,18.76,23.5,440.95,249.75,32.18,2.2,1.1,2.42,0.22,532.4,386.21,0.535
5659,7.05,17.88,126.17,122.67,25.27,2.2,1.1,2.42,0.22,532.4,469.01,0.553
5660,45.36,14.54,659.38,290.09,3.63,2.2,1.1,2.42,0.22,532.4,487.33,0.565
5661,47.11,24.38,1148.44,162.38,34.64,2.2,1.1,2.42,0.22,532.4,319.31,0.506
5662,10.07,27.88,280.63,83.03,1.5,2.2,1.1,2.42,0.22,532.4,271.86,0.523
5663,49.26,11.9,586.21,263.75,7.96,2.2,1.1,2.42,0.22,532.4,358.28,0.499
5664,40.21,23.4,941.01,104.65,6.28,2.2,1.1,2.42,0.22,532.4,446.12,0.526
5665,26.26,17.18,451.25,123.66,29.75,2.2,1.1,2.42,0.22,532.4,420.91,0.534
5666,15.31,27.37,419.04,198.68,9.92,2.2,1.1,2.42,0.22,532.4,499.09,0.497
5667,5.15,25.4,130.92,107.04,11.67,2.2,1.1,2.42,0.22,532.4,469.52,0.515
5668,44.33,24.57,1089.28,21.98,9.64,2.2,1.1,2.42,0.22,532.4,375.45,0.527
5669,38.12,14.49,552.28,215.31,4.48,2.2,1.1,2.42,0.22,532.4,392.33,0.536
5670,8.66,12.44,107.74,14.05,38.57,2.2,1.1,2.42,0.22,532.4,308.55,0.518
5671,34.08,17.19,585.86,54.81,31.69,2.2,1.1,2.42,0.22,532.4,459.57,0.498
5672,24.63,11.7,288.27,96.31,5.77,2.2,1.1,2.42,0.22,532.4,488.95,0.507
5673,20.89,15.87,331.57,249.44,19.86,2.2,1.1,2.42,0.22,532.4,351.78,0.529
5674,34.19,11.22,383.62,274.69,3.54,2.2,1.1,2.42,0.22,532.4,418.83,0.528
5675,5.35,15.94,85.25,359.36,37.05,2.2,1.1,2.42,0.22,532.4,356.67,0.52
5676,12.81,10.36,132.74,203.66,0.62,2.2,1.1,2.42,0.22,532.4,278.92,0.518
5677,31.86,18.38,585.54,132.12,19.98,2.2,1.1,2.42,0.22,532.4,550.91,0.488
5678,15.17,27.97,424.27,239.99,19.21,2.2,1.1,2.42,0.22,532.4,343.39,0.516
5679,25.41,20.06,509.89,236.95,2.49,2.2,1.1,2.42,0.22,532.4,431.35,0.533
5680,39.15,12.19,477.46,183.43,36.73,2.2,1.1,2.42,0.22,532.4,395.7,0.511
5681,41.64,15.82,658.63,262.25,11.03,2.2,1.1,2.42,0.22,532.4,299.91,0.568
5682,33.94,20.9,709.24,147.08,13.25,2.2,1.1,2.42,0.22,532.4,251.94,0.556
5683,24.92,8.0,199.28,129.06,28.66,2.2,1.1,2.42,0.22,532.4,331.84,0.558
5684,42.27,6.75,285.31,340.49,7.19,2.2,1.1,2.42,0.22,532.4,529.19,0.509
5685,32.48,18.72,608.07,113.98,20.62,2.2,1.1,2.42,0.22,532.4,428.62,0.537
5686,26.7,19.39,517.66,90.39,37.06,2.2,1.1,2.42,0.22,532.4,408.67,0.504
5687,26.68,5.28,140.8,21.51,34.62,2.2,1.1,2.42,0.22,532.4,419.96,0.513
5688,46.25,11.21,518.49,171.62,12.94,2.2,1.1,2.42,0.22,532.4,533.57,0.499
5689,36.76,28.72,1055.71,210.29,14.09,2.2,1.1,2.42,0.22,532.4,450.59,0.539
5690,33.91,15.57,528.04,301.77,27.35,2.2,1.1,2.42,0.22,532.4,360.25,0.51
5691,48.57,14.28,693.43,246.42,41.07,2.2,1.1,2.42,0.22,532.4,373.82,0.525
5692,22.61,23.99,542.2,267.06,36.11,2.2,1.1,2.42,0.22,532.4,497.71,0.519
5693,19.58,27.41,536.73,338.65,34.82,2.2,1.1,2.42,0.22,532.4,444.85,0.556
5694,45.05,5.81,261.8,262.04,25.08,2.2,1.1,2.42,0.22,532.4,312.63,0.515
5695,9.88,17.36,171.53,113.92,31.98,2.2,1.1,2.42,0.22,532.4,261.88,0.539
5696,46.34,9.83,455.63,293.18,28.3,2.2,1.1,2.42,0.22,532.4,357.74,0.529
5697,18.98,16.29,309.25,342.68,29.44,2.2,1.1,2.42,0.22,532.4,432.1,0.5
5698,20.11,16.12,324.27,312.96,37.56,2.2,1.1,2.42,0.22,532.4,311.87,0.524
5699,36.37,12.39,450.48,110.02,10.92,2.2,1.1,2.42,0.22,532.4,546.87,0.497
5700,31.78,10.07,320.07,197.87,17.9,2.2,1.1,2.42,0.22,532.4,388.47,0.513
5701,43.87,23.5,1030.93,226.5,14.1,2.2,1.1,2.42,0.22,532.4,308.93,0.55
5702,19.61,26.33,516.25,143.82,38.97,2.2,1.1,2.42,0.22,532.4,442.65,0.502
5703,30.34,10.3,312.53,207.14,34.59,2.2,1.1,2.42,0.22,532.4,445.95,0.526
5704,16.44,11.16,183.43,336.84,23.97,2.2,1.1,2.42,0.22,532.4,388.84,0.535
5705,38.76,29.69,1150.89,89.9,38.63,2.2,1.1,2.42,0.22,532.4,416.39,0.516
5706,20.49,25.51,522.53,9.23,32.51,2.2,1.1,2.42,0.22,532.4,504.31,0.487
5707,29.6,17.49,517.77,225.46,25.87,2.2,1.1,2.42,0.22,532.4,324.39,0.492
5708,13.48,20.6,277.67,2.34,17.29,2.2,1.1,2.42,0.22,532.4,480.97,0.528
5709,33.97,17.5,594.51,229.8,6.89,2.2,1.1,2.42,0.22,532.4,391.6,0.519
5710,46.12,20.86,962.14,69.37,28.23,2.2,1.1,2.42,0.22,532.4,366.33,0.558
5711,39.67,21.5,852.83,48.37,6.47,2.2,1.1,2.42,0.22,532.4,447.04,0.512
5712,21.71,13.09,284.09,48.47,26.67,2.2,1.1,2.42,0.22,532.4,299.31,0.512
5713,29.4,7.17,210.9,27.47,22.95,2.2,1.1,2.42,0.22,532.4,482.53,0.523
5714,47.93,6.77,324.53,136.96,22.31,2.2,1.1,2.42,0.22,532.4,274.19,0.546
5715,15.42,9.37,144.4,200.22,27.03,2.2,1.1,2.42,0.22,532.4,443.34,0.511
5716,17.99,29.41,528.88,286.36,10.57,2.2,1.1,2.42,0.22,532.4,340.55,0.527
5717,31.51,28.29,891.4,297.25,15.82,2.2,1.1,2.42,0.22,532.4,488.64,0.531
5718,10.24,6.01,61.56,47.13,20.33,2.2,1.1,2.42,0.22,532.4,287.49,0.522
5719,25.55,28.98,740.3,49.41,21.28,2.2,1.1,2.42,0.22,532.4,299.07,0.486
5720,21.03,17.96,377.59,136.74,3.3,2.2,1.1,2.42,0.22,532.4,362.15,0.527
5721,14.31,28.88,413.13,207.13,37.18,2.2,1.1,2.42,0.22,532.4,466.04,0.507
5722,42.97,11.83,508.21,265.88,28.1,2.2,1.1,2.42,0.22,532.4,265.33,0.532
5723,26.89,12.14,326.52,174.36,24.81,2.2,1.1,2.42,0.22,532.4,332.92,0.493
5724,16.61,24.56,407.83,188.63,10.26,2.2,1.1,2.42,0.22,532.4,478.18,0.542
5725,41.52,19.41,805.7,20.96,23.71,2.2,1.1,2.42,0.22,532.4,477.57,0.538
5726,16.07,15.76,253.34,309.77,13.67,2.2,1.1,2.42,0.22,532.4,505.92,0.511
5727,25.88,21.76,563.33,265.87,37.32,2.2,1.1,2.42,0.22,532.4,320.12,0.533
5728,21.15,5.18,109.48,160.02,7.09,2.2,1.1,2.42,0.22,532.4,519.73,0.506
5729,20.33,24.24,492.8,265.67,4.97,2.2,1.1,2.42,0.22,532.4,345.44,0.599
5730,42.35,22.29,943.97,210.99,33.24,2.2,1.1,2.42,0.22,532.4,266.51,0.525
5731,16.21,10.75,174.31,169.09,39.76,2.2,1.1,2.42,0.22,532.4,464.88,0.509
5732,38.2,6.09,232.77,154.62,7.89,2.2,1.1,2.42,0.22,532.4,343.49,0.509
5733,17.51,9.14,159.92,114.92,3.2,2.2,1.1,2.42,0.22,532.4,299.21,0.523
5734,31.89,29.92,954.13,304.55,27.33,2.2,1.1,2.42,0.22,532.4,440.62,0.556
5735,16.08,21.14,339.84,165.4,41.04,2.2,1.1,2.42,0.22,532.4,271.49,0.515
5736,23.99,29.01,696.03,19.78,0.45,2.2,1.1,2.42,0.22,532.4,317.58,0.503
5737,42.57,16.77,713.89,321.44,13.55,2.2,1.1,2.42,0.22,532.4,400.41,0.503
5738,49.86,12.93,644.49,124.56,27.92,2.2,1.1,2.42,0.22,532.4,502.18,0.525
5739,10.53,26.19,275.84,115.95,3.73,2.2,1.1,2.42,0.22,532.4,451.78,0.547
5740,5.2,13.08,67.96,304.58,17.89,2.2,1.1,2.42,0.22,532.4,419.8,0.509
5741,41.82,8.26,345.44,162.99,0.45,2.2,1.1,2.42,0.22,532.4,363.63,0.521
5742,5.75,15.53,89.36,85.14,14.41,2.2,1.1,2.42,0.22,532.4,461.27,0.539
5743,42.68,9.17,391.34,206.58,18.33,2.2,1.1,2.42,0.22,532.4,516.18,0.535
5744,10.3,7.43,76.59,81.95,19.16,2.2,1.1,2.42,0.22,532.4,285.81,0.506
5745,31.73,27.22,863.72,158.56,0.21,2.2,1.1,2.42,0.22,532.4,343.15,0.509
5746,24.52,6.56,160.89,295.98,1.42,2.2,1.1,2.42,0.22,532.4,289.82,0.516
5747,27.84,7.08,196.99,150.84,39.69,2.2,1.1,2.42,0.22,532.4,338.55,0.512
5748,27.65,29.37,812.11,251.54,10.16,2.2,1.1,2.42,0.22,532.4,414.02,0.541
5749,26.04,28.67,746.67,348.74,43.37,2.2,1.1,2.42,0.22,532.4,301.5,0.541
5750,19.02,24.04,457.28,332.47,5.88,2.2,1.1,2.42,0.22,532.4,454.64,0.56
5751,23.37,10.88,254.18,304.13,8.05,2.2,1.1,2.42,0.22,532.4,386.49,0.516
5752,16.55,18.91,312.98,187.29,17.99,2.2,1.1,2.42,0.22,532.4,450.72,0.49
5753,15.99,27.92,446.47,279.19,30.22,2.2,1.1,2.42,0.22,532.4,304.89,0.508
5754,40.65,25.95,1055.03,74.36,2.67,2.2,1.1,2.42,0.22,532.4,488.86,0.535
5755,35.8,13.1,469.04,199.33,36.76,2.2,1.1,2.42,0.22,532.4,451.58,0.57
5756,20.07,14.04,281.9,133.96,44.77,2.2,1.1,2.42,0.22,532.4,269.48,0.529
5757,46.95,21.36,1003.01,166.86,40.2,2.2,1.1,2.42,0.22,532.4,309.79,0.514
5758,33.66,21.09,710.06,354.19,35.93,2.2,1.1,2.42,0.22,532.4,450.36,0.513
5759,45.08,19.53,880.35,34.73,19.32,2.2,1.1,2.42,0.22,532.4,321.3,0.524
5760,15.02,15.58,233.98,121.89,29.28,2.2,1.1,2.42,0.22,532.4,451.17,0.548
5761,44.35,17.54,777.75,311.61,42.53,2.2,1.1,2.42,0.22,532.4,439.76,0.515
5762,16.18,10.47,169.39,156.87,40.55,2.2,1.1,2.42,0.22,532.4,384.52,0.529
5763,41.87,13.52,566.01,84.32,25.37,2.2,1.1,2.42,0.22,532.4,509.0,0.505
5764,48.86,20.5,1001.65,147.43,28.3,2.2,1.1,2.42,0.22,532.4,264.87,0.559
5765,29.17,24.34,709.95,197.69,33.66,2.2,1.1,2.42,0.22,532.4,392.18,0.5
5766,23.21,28.82,669.02,344.49,27.53,2.2,1.1,2.42,0.22,532.4,400.0,0.529
5767,44.61,27.28,1216.85,137.48,25.49,2.2,1.1,2.42,0.22,532.4,369.02,0.525
5768,29.22,22.21,648.78,74.73,5.17,2.2,1.1,2.42,0.22,532.4,482.36,0.539
5769,29.95,27.02,809.5,69.66,16.61,2.2,1.1,2.42,0.22,532.4,429.55,0.499
5770,22.42,28.79,645.46,125.94,8.77,2.2,1.1,2.42,0.22,532.4,392.89,0.518
5771,8.46,9.71,82.16,352.4,4.97,2.2,1.1,2.42,0.22,532.4,312.13,0.517
5772,11.48,14.1,161.89,4.88,21.8,2.2,1.1,2.42,0.22,532.4,486.68,0.545
5773,11.99,22.77,272.9,151.89,17.68,2.2,1.1,2.42,0.22,532.4,394.1,0.544
5774,33.38,29.65,989.75,278.54,22.78,2.2,1.1,2.42,0.22,532.4,437.59,0.571
5775,41.1,13.16,541.0,347.1,23.33,2.2,1.1,2.42,0.22,532.4,335.08,0.486
5776,15.25,9.48,144.64,92.47,22.42,2.2,1.1,2.42,0.22,532.4,478.07,0.545
5777,48.37,29.91,1446.51,79.29,34.24,2.2,1.1,2.42,0.22,532.4,460.66,0.487
5778,35.96,26.51,953.16,151.84,34.89,2.2,1.1,2.42,0.22,532.4,347.9,0.523
5779,7.13,10.69,76.26,142.58,8.02,2.2,1.1,2.42,0.22,532.4,296.39,0.516
5780,21.84,8.96,195.7,149.01,22.61,2.2,1.1,2.42,0.22,532.4,300.38,0.526
5781,39.8,16.19,644.23,62.71,24.32,2.2,1.1,2.42,0.22,532.4,467.59,0.538
5782,33.07,22.1,730.74,126.16,0.09,2.2,1.1,2.42,0.22,532.4,472.49,0.474
5783,47.31,16.65,787.62,26.27,11.13,2.2,1.1,2.42,0.22,532.4,500.06,0.505
5784,23.71,27.0,640.14,283.52,39.56,2.2,1.1,2.42,0.22,532.4,424.54,0.556
5785,46.05,10.91,502.51,197.12,5.56,2.2,1.1,2.42,0.22,532.4,452.7,0.52
5786,21.08,10.8,227.55,302.66,3.28,2.2,1.1,2.42,0.22,532.4,280.18,0.565
5787,32.46,25.27,820.05,268.15,15.75,2.2,1.1,2.42,0.22,532.4,491.67,0.547
5788,13.61,13.66,185.9,235.09,11.36,2.2,1.1,2.42,0.22,532.4,286.77,0.488
5789,22.76,25.99,591.51,160.07,6.95,2.2,1.1,2.42,0.22,532.4,286.9,0.533
5790,49.46,21.23,1050.11,341.05,4.2,2.2,1.1,2.42,0.22,532.4,370.5,0.518
5791,27.71,9.69,268.48,218.63,0.55,2.2,1.1,2.42,0.22,532.4,448.84,0.541
5792,35.35,26.48,936.27,247.51,36.12,2.2,1.1,2.42,0.22,532.4,281.6,0.509
5793,11.68,20.21,236.07,285.03,8.4,2.2,1.1,2.42,0.22,532.4,499.76,0.549
5794,8.29,23.93,198.39,16.42,27.59,2.2,1.1,2.42,0.22,532.4,493.99,0.529
5795,37.2,21.9,814.65,121.91,1.35,2.2,1.1,2.42,0.22,532.4,317.2,0.491
5796,16.55,9.8,162.13,136.81,6.71,2.2,1.1,2.42,0.22,532.4,299.72,0.49
5797,45.13,14.34,646.98,28.18,42.7,2.2,1.1,2.42,0.22,532.4,456.29,0.534
5798,18.33,10.19,186.77,200.05,16.75,2.2,1.1,2.42,0.22,532.4,362.86,0.514
5799,5.97,29.49,176.0,237.62,1.68,2.2,1.1,2.42,0.22,532.4,509.07,0.538
5800,12.53,13.0,162.86,233.87,43.33,2.2,1.1,2.42,0.22,532.4,455.83,0.531
5801,40.47,21.1,853.95,240.3,37.98,2.2,1.1,2.42,0.22,532.4,267.33,0.52
5802,25.96,19.03,494.09,245.45,26.01,2.2,1.1,2.42,0.22,532.4,293.8,0.548
5803,37.12,10.62,394.31,340.73,38.31,2.2,1.1,2.42,0.22,532.4,492.11,0.554
5804,26.2,29.41,770.6,335.06,1.4,2.2,1.1,2.42,0.22,532.4,292.91,0.525
5805,25.93,18.43,477.81,336.3,2.14,2.2,1.1,2.42,0.22,532.4,477.46,0.492
5806,16.03,11.01,176.38,53.17,18.63,2.2,1.1,2.42,0.22,532.4,468.79,0.532
5807,20.41,16.33,333.35,205.36,30.01,2.2,1.1,2.42,0.22,532.4,287.11,0.509
5808,5.74,29.78,170.89,125.49,43.76,2.2,1.1,2.42,0.22,532.4,442.87,0.523
5809,39.99,28.02,1120.58,56.61,32.23,2.2,1.1,2.42,0.22,532.4,501.14,0.547
5810,13.49,28.24,380.89,132.06,44.19,2.2,1.1,2.42,0.22,532.4,361.12,0.524
5811,37.78,7.69,290.5,43.75,30.14,2.2,1.1,2.42,0.22,532.4,359.06,0.525
5812,38.47,15.22,585.47,172.14,2.8,2.2,1.1,2.42,0.22,532.4,509.34,0.529
5813,42.8,16.11,689.65,54.4,42.61,2.2,1.1,2.42,0.22,532.4,455.18,0.513
5814,27.19,6.18,167.98,344.8,10.82,2.2,1.1,2.42,0.22,532.4,378.17,0.506
5815,21.94,19.87,436.0,127.42,31.9,2.2,1.1,2.42,0.22,532.4,383.81,0.527
5816,41.74,11.83,493.59,286.32,29.3,2.2,1.1,2.42,0.22,532.4,439.94,0.538
5817,49.01,16.88,827.23,314.03,25.48,2.2,1.1,2.42,0.22,532.4,469.48,0.529
5818,44.24,14.2,628.03,165.82,1.97,2.2,1.1,2.42,0.22,532.4,414.94,0.516
5819,21.26,22.69,482.32,257.56,20.45,2.2,1.1,2.42,0.22,532.4,436.02,0.531
5820,45.45,17.41,791.44,269.95,10.59,2.2,1.1,2.42,0.22,532.4,428.35,0.544
5821,48.08,23.51,1130.5,214.92,1.45,2.2,1.1,2.42,0.22,532.4,372.36,0.53
5822,24.9,8.9,221.6,10.86,42.59,2.2,1.1,2.42,0.22,532.4,286.67,0.539
5823,26.91,7.73,208.05,208.4,44.12,2.2,1.1,2.42,0.22,532.4,537.64,0.494
5824,13.19,26.7,352.17,228.1,10.01,2.2,1.1,2.42,0.22,532.4,300.84,0.513
5825,35.17,26.1,918.17,296.7,3.84,2.2,1.1,2.42,0.22,532.4,450.48,0.551
5826,5.27,25.31,133.31,162.06,18.9,2.2,1.1,2.42,0.22,532.4,295.72,0.508
5827,48.78,21.71,1059.13,87.88,20.1,2.2,1.1,2.42,0.22,532.4,454.31,0.514
5828,13.34,19.16,255.65,134.68,5.93,2.2,1.1,2.42,0.22,532.4,294.63,0.55
5829,5.49,9.64,52.92,119.04,17.25,2.2,1.1,2.42,0.22,532.4,504.75,0.524
5830,40.54,22.88,927.37,96.72,15.62,2.2,1.1,2.42,0.22,532.4,258.81,0.56
5831,45.13,18.39,830.06,233.94,3.57,2.2,1.1,2.42,0.22,532.4,292.54,0.515
5832,32.96,20.96,690.78,162.92,39.45,2.2,1.1,2.42,0.22,532.4,479.61,0.502
5833,6.76,14.05,94.91,308.95,38.68,2.2,1.1,2.42,0.22,532.4,529.69,0.501
5834,20.7,23.1,478.25,74.85,26.66,2.2,1.1,2.42,0.22,532.4,277.93,0.537
5835,29.72,13.91,413.3,110.29,36.79,2.2,1.1,2.42,0.22,532.4,465.95,0.505
5836,34.29,5.02,172.26,51.23,19.97,2.2,1.1,2.42,0.22,532.4,431.61,0.529
5837,17.81,11.46,204.13,351.87,43.94,2.2,1.1,2.42,0.22,532.4,442.83,0.477
5838,27.31,24.96,681.59,227.65,31.31,2.2,1.1,2.42,0.22,532.4,299.89,0.529
5839,48.12,24.91,1198.95,83.69,13.36,2.2,1.1,2.42,0.22,532.4,376.36,0.505
5840,16.74,8.52,142.65,246.41,14.16,2.2,1.1,2.42,0.22,532.4,300.86,0.529
5841,42.98,16.47,707.74,264.18,31.93,2.2,1.1,2.42,0.22,532.4,364.09,0.517
5842,48.89,22.12,1081.55,156.09,5.8,2.2,1.1,2.42,0.22,532.4,368.24,0.524
5843,27.95,13.5,377.5,179.74,12.9,2.2,1.1,2.42,0.22,532.4,394.82,0.51
5844,41.61,13.46,559.92,337.64,41.66,2.2,1.1,2.42,0.22,532.4,276.04,0.586
5845,42.48,22.51,955.98,350.61,19.84,2.2,1.1,2.42,0.22,532.4,426.61,0.532
5846,17.56,18.82,330.49,57.44,21.87,2.2,1.1,2.42,0.22,532.4,293.61,0.55
5847,13.21,29.76,393.19,306.55,24.58,2.2,1.1,2.42,0.22,532.4,515.33,0.537
5848,7.24,11.36,82.28,118.4,43.2,2.2,1.1,2.42,0.22,532.4,311.82,0.516
5849,35.09,26.4,926.19,14.3,31.2,2.2,1.1,2.42,0.22,532.4,339.25,0.522
5850,14.08,19.77,278.43,94.98,16.78,2.2,1.1,2.42,0.22,532.4,291.75,0.543
5851,28.46,5.75,163.61,105.94,22.32,2.2,1.1,2.42,0.22,532.4,294.2,0.493
5852,24.46,20.63,504.65,97.5,11.88,2.2,1.1,2.42,0.22,532.4,343.45,0.552
5853,13.58,13.6,184.65,60.61,0.71,2.2,1.1,2.42,0.22,532.4,422.28,0.545
5854,18.91,8.75,165.46,118.66,42.8,2.2,1.1,2.42,0.22,532.4,447.35,0.523
5855,40.26,11.3,455.12,82.49,14.79,2.2,1.1,2.42,0.22,532.4,309.87,0.507
5856,37.24,9.79,364.4,141.16,20.46,2.2,1.1,2.42,0.22,532.4,519.74,0.514
5857,41.22,16.91,696.91,57.81,17.89,2.2,1.1,2.42,0.22,532.4,440.18,0.552
5858,16.65,24.05,400.39,258.05,7.54,2.2,1.1,2.42,0.22,532.4,394.72,0.524
5859,14.44,5.64,81.42,309.11,3.54,2.2,1.1,2.42,0.22,532.4,305.35,0.526
5860,19.68,16.51,324.88,121.26,15.11,2.2,1.1,2.42,0.22,532.4,496.86,0.484
5861,19.97,13.53,270.26,204.78,1.37,2.2,1.1,2.42,0.22,532.4,282.39,0.523
5862,43.86,16.12,707.22,76.4,15.74,2.2,1.1,2.42,0.22,532.4,379.31,0.504
5863,35.33,26.74,944.7,187.72,30.45,2.2,1.1,2.42,0.22,532.4,419.76,0.553
5864,42.88,18.33,785.89,82.29,27.96,2.2,1.1,2.42,0.22,532.4,333.41,0.536
5865,30.18,25.65,774.16,238.02,9.23,2.2,1.1,2.42,0.22,532.4,297.14,0.555
5866,30.85,27.98,863.37,119.12,5.41,2.2,1.1,2.42,0.22,532.4,357.94,0.519
5867,30.41,22.64,688.27,180.72,26.31,2.2,1.1,2.42,0.22,532.4,399.01,0.538
5868,44.95,22.98,1033.07,76.96,1.24,2.2,1.1,2.42,0.22,532.4,300.36,0.502
5869,20.85,8.94,186.46,146.84,20.71,2.2,1.1,2.42,0.22,532.4,321.58,0.524
5870,33.98,9.52,323.6,182.65,15.29,2.2,1.1,2.42,0.22,532.4,528.05,0.511
5871,14.53,14.69,213.44,320.45,37.69,2.2,1.1,2.42,0.22,532.4,314.55,0.521
5872,36.77,18.02,662.54,142.55,18.06,2.2,1.1,2.42,0.22,532.4,361.5,0.54
5873,41.48,26.04,1080.14,337.14,8.23,2.2,1.1,2.42,0.22,532.4,411.96,0.514
5874,31.13,18.72,582.73,204.04,42.87,2.2,1.1,2.42,0.22,532.4,482.17,0.521
5875,32.23,22.05,710.53,86.35,41.45,2.2,1.1,2.42,0.22,532.4,331.04,0.506
5876,30.64,27.04,828.55,59.5,9.95,2.2,1.1,2.42,0.22,532.4,279.18,0.547
5877,5.01,19.18,96.19,236.53,6.24,2.2,1.1,2.42,0.22,532.4,509.21,0.53
5878,44.4,25.72,1141.94,69.11,20.49,2.2,1.1,2.42,0.22,532.4,354.52,0.515
5879,25.46,13.01,331.15,46.44,2.23,2.2,1.1,2.42,0.22,532.4,335.99,0.526
5880,47.91,16.73,801.49,108.41,8.0,2.2,1.1,2.42,0.22,532.4,297.63,0.54
5881,15.09,24.73,373.24,92.12,4.72,2.2,1.1,2.42,0.22,532.4,310.25,0.476
5882,37.43,14.11,528.28,348.97,8.59,2.2,1.1,2.42,0.22,532.4,510.35,0.531
5883,12.94,24.9,322.17,239.79,22.45,2.2,1.1,2.42,0.22,532.4,466.27,0.563
5884,45.72,20.83,952.2,138.13,1.65,2.2,1.1,2.42,0.22,532.4,478.88,0.508
5885,19.16,14.8,283.56,246.1,44.36,2.2,1.1,2.42,0.22,532.4,324.21,0.528
5886,25.06,27.92,699.86,143.63,3.04,2.2,1.1,2.42,0.22,532.4,301.7,0.532
5887,25.76,5.95,153.19,192.51,19.17,2.2,1.1,2.42,0.22,532.4,352.21,0.517
5888,42.81,27.05,1157.89,226.1,38.81,2.2,1.1,2.42,0.22,532.4,267.72,0.537
5889,25.34,12.19,308.81,181.45,38.33,2.2,1.1,2.42,0.22,532.4,413.28,0.534
5890,49.55,29.17,1445.14,127.11,2.16,2.2,1.1,2.42,0.22,532.4,486.21,0.519
5891,31.76,9.84,312.66,241.78,2.39,2.2,1.1,2.42,0.22,532.4,404.56,0.494
5892,25.59,11.02,281.83,72.98,9.18,2.2,1.1,2.42,0.22,532.4,412.53,0.499
5893,5.49,6.61,36.3,81.68,39.47,2.2,1.1,2.42,0.22,532.4,305.52,0.504
5894,14.49,21.8,315.84,217.02,15.29,2.2,1.1,2.42,0.22,532.4,384.57,0.616
5895,5.39,12.83,69.19,111.68,3.82,2.2,1.1,2.42,0.22,532.4,344.8,0.501
5896,12.18,24.47,298.07,284.64,7.25,2.2,1.1,2.42,0.22,532.4,364.99,0.545
5897,13.05,8.61,112.31,18.65,44.28,2.2,1.1,2.42,0.22,532.4,355.79,0.509
5898,38.08,11.36,432.57,183.35,15.14,2.2,1.1,2.42,0.22,532.4,520.9,0.528
5899,16.71,14.16,236.63,177.45,19.21,2.2,1.1,2.42,0.22,532.4,315.03,0.546
5900,20.71,14.61,302.5,61.47,36.78,2.2,1.1,2.42,0.22,532.4,255.12,0.552
5901,45.77,7.72,353.26,157.68,23.4,2.2,1.1,2.42,0.22,532.4,472.38,0.526
5902,32.68,26.09,852.77,317.62,8.95,2.2,1.1,2.42,0.22,532.4,460.91,0.536
5903,33.87,23.09,782.18,258.34,23.4,2.2,1.1,2.42,0.22,532.4,326.6,0.544
5904,15.05,25.68,386.48,253.14,2.18,2.2,1.1,2.42,0.22,532.4,347.41,0.559
5905,17.92,8.35,149.67,217.03,6.91,2.2,1.1,2.42,0.22,532.4,453.71,0.506
5906,12.36,5.23,64.71,172.35,4.3,2.2,1.1,2.42,0.22,532.4,294.82,0.503
5907,27.52,8.79,242.03,281.17,28.32,2.2,1.1,2.42,0.22,532.4,340.5,0.507
5908,10.19,26.22,267.27,281.24,13.96,2.2,1.1,2.42,0.22,532.4,495.98,0.559
5909,21.7,16.13,350.06,263.48,19.58,2.2,1.1,2.42,0.22,532.4,494.25,0.532
5910,48.12,13.88,667.97,125.78,23.35,2.2,1.1,2.42,0.22,532.4,495.18,0.56
5911,44.15,13.99,617.75,236.6,14.6,2.2,1.1,2.42,0.22,532.4,465.57,0.548
5912,6.83,6.37,43.51,293.51,41.02,2.2,1.1,2.42,0.22,532.4,385.08,0.553
5913,48.42,16.73,810.09,286.26,18.79,2.2,1.1,2.42,0.22,532.4,492.73,0.524
5914,24.85,27.6,685.63,97.91,18.09,2.2,1.1,2.42,0.22,532.4,413.68,0.512
5915,35.59,25.4,903.71,198.66,19.26,2.2,1.1,2.42,0.22,532.4,533.12,0.486
5916,27.39,23.91,654.82,231.16,20.77,2.2,1.1,2.42,0.22,532.4,416.64,0.543
5917,17.63,5.45,96.09,268.02,24.43,2.2,1.1,2.42,0.22,532.4,402.26,0.526
5918,48.57,13.71,665.96,344.84,28.88,2.2,1.1,2.42,0.22,532.4,399.62,0.533
5919,14.54,24.84,361.21,339.13,34.95,2.2,1.1,2.42,0.22,532.4,324.07,0.554
5920,10.29,23.57,242.52,54.75,35.81,2.2,1.1,2.42,0.22,532.4,446.7,0.478
5921,39.95,14.73,588.33,141.07,34.08,2.2,1.1,2.42,0.22,532.4,335.71,0.573
5922,24.56,10.79,264.97,327.6,19.08,2.2,1.1,2.42,0.22,532.4,351.35,0.519
5923,7.88,16.96,133.73,245.57,40.41,2.2,1.1,2.42,0.22,532.4,494.22,0.525
5924,36.1,10.31,372.25,207.26,24.78,2.2,1.1,2.42,0.22,532.4,512.74,0.513
5925,9.52,22.35,212.89,325.11,38.49,2.2,1.1,2.42,0.22,532.4,336.95,0.528
5926,5.22,22.9,119.57,115.87,9.84,2.2,1.1,2.42,0.22,532.4,516.22,0.482
5927,19.89,24.41,485.33,338.54,1.66,2.2,1.1,2.42,0.22,532.4,272.6,0.527
5928,38.22,21.8,833.24,86.94,20.37,2.2,1.1,2.42,0.22,532.4,393.68,0.536
5929,20.35,25.51,519.17,81.79,24.04,2.2,1.1,2.42,0.22,532.4,505.87,0.545
5930,42.98,12.68,544.9,19.57,4.51,2.2,1.1,2.42,0.22,532.4,385.21,0.493
5931,30.67,16.1,493.95,3.4,41.38,2.2,1.1,2.42,0.22,532.4,262.98,0.542
5932,45.4,22.51,1022.02,160.42,9.27,2.2,1.1,2.42,0.22,532.4,347.13,0.563
5933,20.9,15.95,333.35,273.7,11.91,2.2,1.1,2.42,0.22,532.4,424.96,0.525
5934,40.43,21.51,869.71,60.32,1.14,2.2,1.1,2.42,0.22,532.4,493.02,0.529
5935,31.14,16.52,514.37,18.9,13.33,2.2,1.1,2.42,0.22,532.4,343.23,0.548
5936,28.39,23.58,669.54,282.93,19.8,2.2,1.1,2.42,0.22,532.4,384.22,0.522
5937,32.67,16.05,524.41,215.94,17.82,2.2,1.1,2.42,0.22,532.4,529.94,0.514
5938,21.55,9.48,204.34,264.68,33.04,2.2,1.1,2.42,0.22,532.4,533.56,0.518
5939,39.98,10.36,414.41,71.69,41.27,2.2,1.1,2.42,0.22,532.4,485.71,0.534
5940,43.99,7.85,345.45,179.79,45.0,2.2,1.1,2.42,0.22,532.4,399.04,0.56
5941,15.32,17.37,266.08,24.28,3.75,2.2,1.1,2.42,0.22,532.4,431.06,0.517
5942,45.78,14.08,644.62,86.8,25.76,2.2,1.1,2.42,0.22,532.4,343.61,0.554
5943,42.47,27.72,1177.48,35.96,31.59,2.2,1.1,2.42,0.22,532.4,502.65,0.532
5944,17.33,25.27,437.94,133.65,43.38,2.2,1.1,2.42,0.22,532.4,266.12,0.527
5945,17.32,25.08,434.44,215.64,9.89,2.2,1.1,2.42,0.22,532.4,323.09,0.54
5946,30.97,29.53,914.68,209.62,32.82,2.2,1.1,2.42,0.22,532.4,412.43,0.526
5947,46.28,15.53,718.97,345.3,40.94,2.2,1.1,2.42,0.22,532.4,414.35,0.492
5948,47.06,24.67,1160.64,36.91,4.49,2.2,1.1,2.42,0.22,532.4,485.82,0.522
5949,11.43,15.75,180.01,229.98,8.66,2.2,1.1,2.42,0.22,532.4,465.22,0.536
5950,22.27,9.11,202.79,175.25,40.62,2.2,1.1,2.42,0.22,532.4,278.95,0.505
5951,17.47,27.61,482.32,166.96,2.9,2.2,1.1,2.42,0.22,532.4,358.64,0.532
5952,40.05,12.9,516.48,126.62,5.57,2.2,1.1,2.42,0.22,532.4,363.13,0.512
5953,37.06,22.16,821.01,319.19,20.18,2.2,1.1,2.42,0.22,532.4,315.95,0.54
5954,10.92,9.8,107.0,287.63,5.91,2.2,1.1,2.42,0.22,532.4,517.73,0.502
5955,21.46,9.39,201.46,109.93,29.89,2.2,1.1,2.42,0.22,532.4,449.49,0.515
5956,28.85,10.55,304.24,191.89,9.55,2.2,1.1,2.42,0.22,532.4,459.18,0.514
5957,10.72,10.51,112.75,297.6,32.08,2.2,1.1,2.42,0.22,532.4,508.03,0.532
5958,32.33,20.1,650.01,18.31,25.06,2.2,1.1,2.42,0.22,532.4,286.59,0.509
5959,15.13,10.96,165.84,123.87,14.34,2.2,1.1,2.42,0.22,532.4,265.73,0.547
5960,29.9,16.18,483.87,324.3,11.21,2.2,1.1,2.42,0.22,532.4,369.15,0.495
5961,42.06,29.4,1236.69,275.29,14.46,2.2,1.1,2.42,0.22,532.4,496.05,0.551
5962,49.99,27.69,1383.87,38.07,4.61,2.2,1.1,2.42,0.22,532.4,441.11,0.502
5963,49.35,27.74,1369.1,90.09,1.5,2.2,1.1,2.42,0.22,532.4,508.05,0.5
5964,29.47,8.92,262.71,276.6,40.76,2.2,1.1,2.42,0.22,532.4,483.85,0.492
5965,18.3,14.73,269.64,42.12,5.55,2.2,1.1,2.42,0.22,532.4,263.22,0.54
5966,49.22,12.05,593.19,214.27,20.4,2.2,1.1,2.42,0.22,532.4,332.39,0.515
5967,36.0,15.25,548.96,85.33,7.37,2.2,1.1,2.42,0.22,532.4,393.51,0.522
5968,31.29,26.37,825.0,23.82,17.86,2.2,1.1,2.42,0.22,532.4,454.48,0.572
5969,39.35,17.95,706.2,201.72,26.29,2.2,1.1,2.42,0.22,532.4,442.23,0.57
5970,34.83,11.74,408.86,53.56,6.03,2.2,1.1,2.42,0.22,532.4,493.64,0.523
5971,37.79,12.18,460.11,290.59,38.9,2.2,1.1,2.42,0.22,532.4,464.76,0.502
5972,30.03,16.94,508.7,128.2,13.04,2.2,1.1,2.42,0.22,532.4,285.96,0.539
5973,30.57,28.96,885.29,79.55,42.59,2.2,1.1,2.42,0.22,532.4,339.39,0.531
5974,42.51,11.63,494.24,1.23,11.36,2.2,1.1,2.42,0.22,532.4,377.25,0.534
5975,26.98,20.43,551.21,261.85,28.08,2.2,1.1,2.42,0.22,532.4,529.59,0.505
5976,9.05,8.7,78.74,259.91,10.02,2.2,1.1,2.42,0.22,532.4,502.68,0.51
5977,49.41,18.28,903.21,341.07,13.74,2.2,1.1,2.42,0.22,532.4,374.5,0.507
5978,47.29,28.26,1336.34,186.33,21.36,2.2,1.1,2.42,0.22,532.4,457.74,0.558
5979,39.79,16.81,669.11,181.52,11.39,2.2,1.1,2.42,0.22,532.4,404.76,0.533
5980,19.44,10.97,213.28,17.32,43.99,2.2,1.1,2.42,0.22,532.4,536.0,0.503
5981,17.33,16.75,290.26,174.96,23.12,2.2,1.1,2.42,0.22,532.4,339.69,0.534
5982,37.72,23.24,876.9,248.64,38.83,2.2,1.1,2.42,0.22,532.4,315.11,0.526
5983,5.37,16.05,86.23,351.03,0.91,2.2,1.1,2.42,0.22,532.4,526.74,0.505
5984,27.19,27.84,756.96,60.42,42.02,2.2,1.1,2.42,0.22,532.4,311.45,0.542
5985,7.15,16.2,115.88,308.12,32.13,2.2,1.1,2.42,0.22,532.4,458.31,0.537
5986,9.58,18.53,177.48,78.5,28.65,2.2,1.1,2.42,0.22,532.4,431.28,0.537
5987,12.76,24.6,313.91,241.31,19.22,2.2,1.1,2.42,0.22,532.4,364.64,0.522
5988,28.26,19.56,552.86,205.36,33.09,2.2,1.1,2.42,0.22,532.4,467.24,0.502
5989,21.94,12.01,263.55,190.31,39.87,2.2,1.1,2.42,0.22,532.4,353.6,0.53
5990,28.23,7.54,212.74,141.94,1.52,2.2,1.1,2.42,0.22,532.4,495.6,0.519
5991,37.04,29.69,1099.94,52.64,20.98,2.2,1.1,2.42,0.22,532.4,515.9,0.514
5992,23.76,25.57,607.61,265.33,6.54,2.2,1.1,2.42,0.22,532.4,446.52,0.491
5993,28.82,20.07,578.37,47.52,39.68,2.2,1.1,2.42,0.22,532.4,486.55,0.524
5994,40.52,11.93,483.48,301.98,35.51,2.2,1.1,2.42,0.22,532.4,301.56,0.512
5995,26.96,13.78,371.52,49.77,28.11,2.2,1.1,2.42,0.22,532.4,297.44,0.519
5996,37.42,11.28,422.06,185.62,38.74,2.2,1.1,2.42,0.22,532.4,520.85,0.522
5997,11.84,11.08,131.14,237.8,1.89,2.2,1.1,2.42,0.22,532.4,534.7,0.505
5998,22.44,21.58,484.34,54.05,34.26,2.2,1.1,2.42,0.22,532.4,342.39,0.498
5999,28.25,6.07,171.44,97.23,31.89,2.2,1.1,2.42,0.22,532.4,281.69,0.487
6000,23.7,24.98,591.97,345.67,23.29,2.2,1.1,2.42,0.22,532.4,425.53,0.526
6001,41.28,12.65,522.32,34.41,30.87,2.2,1.1,2.42,0.22,532.4,479.37,0.514
6002,12.07,19.63,236.96,227.59,19.08,2.2,1.1,2.42,0.22,532.4,515.45,0.516
6003,41.44,12.36,512.31,33.22,9.25,2.2,1.1,2.42,0.22,532.4,560.14,0.461
6004,19.31,5.11,98.67,202.02,38.22,2.2,1.1,2.42,0.22,532.4,487.08,0.506
6005,10.34,5.79,59.91,11.4,8.15,2.2,1.1,2.42,0.22,532.4,356.8,0.503
6006,23.41,11.05,258.67,187.51,38.86,2.2,1.1,2.42,0.22,532.4,298.29,0.522
6007,19.52,29.57,577.29,10.45,6.23,2.2,1.1,2.42,0.22,532.4,470.06,0.526
6008,23.55,27.74,653.29,280.38,6.68,2.2,1.1,2.42,0.22,532.4,269.14,0.569
6009,43.13,17.37,749.33,339.94,39.2,2.2,1.1,2.42,0.22,532.4,455.25,0.519
6010,16.23,5.98,97.03,233.81,44.51,2.2,1.1,2.42,0.22,532.4,415.36,0.512
6011,22.52,5.09,114.54,160.49,14.3,2.2,1.1,2.42,0.22,532.4,277.81,0.516
6012,5.8,25.14,145.89,130.81,14.57,2.2,1.1,2.42,0.22,532.4,446.79,0.541
6013,29.93,14.53,434.92,118.43,1.75,2.2,1.1,2.42,0.22,532.4,275.83,0.502
6014,32.47,22.18,720.14,172.87,34.96,2.2,1.1,2.42,0.22,532.4,404.75,0.503
6015,6.99,17.89,124.98,110.27,6.41,2.2,1.1,2.42,0.22,532.4,407.2,0.528
6016,14.48,14.15,204.83,236.84,12.74,2.2,1.1,2.42,0.22,532.4,273.26,0.551
6017,29.04,23.55,683.82,121.53,9.4,2.2,1.1,2.42,0.22,532.4,544.41,0.505
6018,49.21,6.29,309.63,206.46,10.17,2.2,1.1,2.42,0.22,532.4,299.12,0.549
6019,21.48,29.98,643.98,183.01,12.62,2.2,1.1,2.42,0.22,532.4,307.34,0.493
6020,25.24,17.14,432.5,322.7,34.04,2.2,1.1,2.42,0.22,532.4,393.22,0.536
6021,22.85,9.96,227.64,121.54,39.84,2.2,1.1,2.42,0.22,532.4,380.3,0.493
6022,20.35,14.13,287.52,236.8,23.25,2.2,1.1,2.42,0.22,532.4,300.25,0.542
6023,38.79,18.06,700.6,265.08,8.62,2.2,1.1,2.42,0.22,532.4,349.43,0.521
6024,18.63,17.04,317.31,27.86,21.98,2.2,1.1,2.42,0.22,532.4,364.99,0.513
6025,31.0,21.28,659.81,174.01,8.23,2.2,1.1,2.42,0.22,532.4,322.38,0.534
6026,8.28,22.99,190.4,13.41,16.88,2.2,1.1,2.42,0.22,532.4,452.83,0.503
6027,14.23,7.06,100.54,101.85,15.36,2.2,1.1,2.42,0.22,532.4,279.59,0.507
6028,15.48,24.1,373.09,265.43,38.07,2.2,1.1,2.42,0.22,532.4,397.36,0.506
6029,20.22,29.38,593.96,190.87,15.42,2.2,1.1,2.42,0.22,532.4,334.3,0.527
6030,30.47,22.24,677.69,219.19,11.41,2.2,1.1,2.42,0.22,532.4,299.14,0.55
6031,20.11,10.43,209.81,311.06,22.76,2.2,1.1,2.42,0.22,532.4,362.12,0.52
6032,43.56,21.86,952.23,355.93,29.93,2.2,1.1,2.42,0.22,532.4,305.44,0.546
6033,28.3,9.48,268.3,321.45,4.99,2.2,1.1,2.42,0.22,532.4,371.88,0.544
6034,24.17,11.02,266.34,177.82,38.48,2.2,1.1,2.42,0.22,532.4,375.36,0.553
6035,18.9,24.7,466.7,98.31,10.36,2.2,1.1,2.42,0.22,532.4,408.77,0.526
6036,18.22,14.47,263.54,328.11,43.48,2.2,1.1,2.42,0.22,532.4,285.78,0.539
6037,35.02,26.82,939.23,246.39,20.95,2.2,1.1,2.42,0.22,532.4,362.87,0.482
6038,45.46,27.62,1255.61,202.37,44.89,2.2,1.1,2.42,0.22,532.4,263.1,0.537
6039,24.75,24.9,616.2,29.98,14.0,2.2,1.1,2.42,0.22,532.4,462.07,0.537
6040,49.31,26.41,1302.17,188.42,16.26,2.2,1.1,2.42,0.22,532.4,418.89,0.512
6041,30.45,13.02,396.42,4.05,34.8,2.2,1.1,2.42,0.22,532.4,374.8,0.507
6042,7.57,20.29,153.6,163.32,37.29,2.2,1.1,2.42,0.22,532.4,467.16,0.543
6043,45.74,9.46,432.56,41.71,3.15,2.2,1.1,2.42,0.22,532.4,310.26,0.512
6044,46.16,15.71,725.07,84.41,1.71,2.2,1.1,2.42,0.22,532.4,368.35,0.537
6045,28.12,20.25,569.43,257.63,18.39,2.2,1.1,2.42,0.22,532.4,283.19,0.527
6046,37.38,17.38,649.57,302.87,19.19,2.2,1.1,2.42,0.22,532.4,318.32,0.518
6047,11.85,12.91,153.02,279.38,17.97,2.2,1.1,2.42,0.22,532.4,471.18,0.552
6048,11.3,25.41,287.21,223.85,2.64,2.2,1.1,2.42,0.22,532.4,410.86,0.513
6049,26.35,7.38,194.36,126.23,42.72,2.2,1.1,2.42,0.22,532.4,477.26,0.506
6050,45.94,16.95,778.74,144.65,11.08,2.2,1.1,2.42,0.22,532.4,430.79,0.507
6051,27.37,21.27,582.19,32.52,8.59,2.2,1.1,2.42,0.22,532.4,471.4,0.558
6052,28.79,14.37,413.71,21.96,41.02,2.2,1.1,2.42,0.22,532.4,427.31,0.536
6053,39.37,23.92,941.89,287.23,33.74,2.2,1.1,2.42,0.22,532.4,396.46,0.509
6054,48.58,26.8,1302.0,152.54,22.82,2.2,1.1,2.42,0.22,532.4,391.26,0.54
6055,44.41,10.88,483.19,273.45,35.32,2.2,1.1,2.42,0.22,532.4,338.19,0.516
6056,28.4,7.19,204.07,21.67,32.64,2.2,1.1,2.42,0.22,532.4,451.79,0.526
6057,23.83,29.92,713.18,340.89,7.98,2.2,1.1,2.42,0.22,532.4,359.71,0.5
6058,49.08,21.43,1051.96,222.11,29.06,2.2,1.1,2.42,0.22,532.4,474.34,0.539
6059,44.51,9.36,416.46,140.57,44.92,2.2,1.1,2.42,0.22,532.4,399.58,0.521
6060,26.02,22.09,574.74,15.55,18.79,2.2,1.1,2.42,0.22,532.4,426.25,0.532
6061,23.77,10.13,240.82,43.03,35.68,2.2,1.1,2.42,0.22,532.4,441.66,0.576
6062,39.77,26.82,1066.84,326.63,38.33,2.2,1.1,2.42,0.22,532.4,307.49,0.519
6063,13.22,21.2,280.13,205.78,34.86,2.2,1.1,2.42,0.22,532.4,455.31,0.536
6064,46.32,18.41,852.76,257.16,6.58,2.2,1.1,2.42,0.22,532.4,496.25,0.486
6065,37.42,11.63,435.23,137.84,12.88,2.2,1.1,2.42,0.22,532.4,423.95,0.524
6066,27.77,19.33,536.79,30.4,40.12,2.2,1.1,2.42,0.22,532.4,540.57,0.505
6067,17.04,11.95,203.55,119.54,3.04,2.2,1.1,2.42,0.22,532.4,386.18,0.563
6068,24.11,26.89,648.41,71.04,10.57,2.2,1.1,2.42,0.22,532.4,367.51,0.511
6069,43.32,11.35,491.75,335.65,29.74,2.2,1.1,2.42,0.22,532.4,407.31,0.523
6070,8.33,13.7,114.14,19.5,13.16,2.2,1.1,2.42,0.22,532.4,346.1,0.546
6071,19.05,18.62,354.8,257.4,1.14,2.2,1.1,2.42,0.22,532.4,282.39,0.533
6072,49.0,16.3,798.91,111.88,3.48,2.2,1.1,2.42,0.22,532.4,449.0,0.504
6073,39.97,9.41,375.95,256.46,9.42,2.2,1.1,2.42,0.22,532.4,365.32,0.54
6074,33.41,29.39,981.86,263.05,8.77,2.2,1.1,2.42,0.22,532.4,538.24,0.498
6075,49.31,5.11,252.1,339.83,34.44,2.2,1.1,2.42,0.22,532.4,486.95,0.491
6076,45.34,22.37,1014.11,46.55,3.75,2.2,1.1,2.42,0.22,532.4,440.69,0.512
6077,14.36,23.15,332.34,77.13,31.72,2.2,1.1,2.42,0.22,532.4,398.73,0.492
6078,6.08,15.12,91.88,92.94,35.67,2.2,1.1,2.42,0.22,532.4,410.88,0.556
6079,21.71,5.11,110.99,0.38,40.08,2.2,1.1,2.42,0.22,532.4,340.19,0.531
6080,23.59,22.38,528.04,11.03,16.9,2.2,1.1,2.42,0.22,532.4,482.51,0.503
6081,18.09,13.08,236.65,195.17,26.69,2.2,1.1,2.42,0.22,532.4,381.6,0.522
6082,23.63,5.09,120.32,304.38,34.14,2.2,1.1,2.42,0.22,532.4,451.02,0.523
6083,31.41,8.54,268.34,295.43,8.94,2.2,1.1,2.42,0.22,532.4,281.55,0.517
6084,35.16,9.31,327.24,106.84,29.29,2.2,1.1,2.42,0.22,532.4,493.15,0.521
6085,27.36,25.46,696.74,185.16,18.84,2.2,1.1,2.42,0.22,532.4,393.71,0.495
6086,33.19,9.76,323.87,249.44,36.87,2.2,1.1,2.42,0.22,532.4,298.57,0.5
6087,5.24,29.84,156.4,142.87,18.86,2.2,1.1,2.42,0.22,532.4,489.22,0.487
6088,12.38,18.1,224.05,137.06,8.58,2.2,1.1,2.42,0.22,532.4,394.61,0.498
6089,28.25,20.85,589.1,190.16,19.48,2.2,1.1,2.42,0.22,532.4,502.45,0.505
6090,31.58,25.02,790.29,302.34,0.41,2.2,1.1,2.42,0.22,532.4,456.51,0.539
6091,18.7,17.66,330.29,304.06,8.43,2.2,1.1,2.42,0.22,532.4,507.68,0.524
6092,41.97,14.22,596.6,142.5,26.55,2.2,1.1,2.42,0.22,532.4,345.71,0.526
6093,31.95,23.19,740.75,304.45,13.63,2.2,1.1,2.42,0.22,532.4,491.6,0.515
6094,7.47,7.01,52.3,227.8,16.47,2.2,1.1,2.42,0.22,532.4,293.57,0.502
6095,45.63,16.45,750.73,244.55,7.37,2.2,1.1,2.42,0.22,532.4,269.72,0.517
6096,5.46,26.91,146.87,34.58,4.84,2.2,1.1,2.42,0.22,532.4,318.12,0.503
6097,37.03,15.2,562.95,7.3,17.02,2.2,1.1,2.42,0.22,532.4,409.94,0.569
6098,44.56,27.99,1247.03,306.81,43.77,2.2,1.1,2.42,0.22,532.4,445.27,0.55
6099,20.84,22.46,468.15,170.78,24.32,2.2,1.1,2.42,0.22,532.4,467.77,0.538
6100,29.92,18.09,541.24,355.13,36.13,2.2,1.1,2.42,0.22,532.4,423.85,0.506
6101,33.73,27.47,926.58,227.66,7.88,2.2,1.1,2.42,0.22,532.4,489.52,0.514
6102,45.56,18.11,825.01,6.87,41.91,2.2,1.1,2.42,0.22,532.4,381.46,0.489
6103,23.23,8.8,204.46,324.21,42.14,2.2,1.1,2.42,0.22,532.4,393.9,0.532
6104,11.34,10.76,122.02,252.27,28.57,2.2,1.1,2.42,0.22,532.4,485.41,0.478
6105,31.14,11.87,369.72,182.92,22.62,2.2,1.1,2.42,0.22,532.4,505.8,0.514
6106,29.13,27.15,790.72,143.42,7.66,2.2,1.1,2.42,0.22,532.4,460.63,0.513
6107,11.92,19.92,237.43,153.86,13.89,2.2,1.1,2.42,0.22,532.4,341.43,0.543
6108,49.21,16.73,823.52,26.2,21.44,2.2,1.1,2.42,0.22,532.4,359.0,0.5
6109,5.59,23.61,131.88,279.71,17.17,2.2,1.1,2.42,0.22,532.4,493.48,0.525
6110,31.63,24.29,768.42,300.36,17.65,2.2,1.1,2.42,0.22,532.4,341.53,0.537
6111,26.07,24.72,644.48,73.26,12.87,2.2,1.1,2.42,0.22,532.4,284.17,0.523
6112,21.32,5.17,110.33,285.45,17.66,2.2,1.1,2.42,0.22,532.4,305.65,0.499
6113,45.99,11.47,527.61,254.27,2.16,2.2,1.1,2.42,0.22,532.4,386.68,0.531
6114,7.69,20.04,154.01,56.55,22.89,2.2,1.1,2.42,0.22,532.4,379.38,0.523
6115,11.73,15.5,181.9,271.7,32.28,2.2,1.1,2.42,0.22,532.4,436.45,0.514
6116,28.65,13.8,395.49,196.69,30.55,2.2,1.1,2.42,0.22,532.4,428.34,0.509
6117,28.5,15.66,446.17,291.36,32.67,2.2,1.1,2.42,0.22,532.4,474.39,0.578
6118,21.39,13.36,285.73,297.22,22.74,2.2,1.1,2.42,0.22,532.4,327.89,0.522
6119,23.07,7.59,175.13,275.5,12.66,2.2,1.1,2.42,0.22,532.4,477.74,0.515
6120,9.24,15.27,141.06,201.01,32.88,2.2,1.1,2.42,0.22,532.4,337.49,0.5
6121,24.02,22.34,536.59,208.23,33.99,2.2,1.1,2.42,0.22,532.4,345.89,0.489
6122,31.34,15.44,483.87,129.1,22.95,2.2,1.1,2.42,0.22,532.4,447.99,0.54
6123,24.58,26.48,650.88,318.28,22.87,2.2,1.1,2.42,0.22,532.4,347.22,0.478
6124,15.92,27.64,440.03,59.26,8.25,2.2,1.1,2.42,0.22,532.4,458.72,0.538
6125,9.37,13.34,125.06,38.88,36.54,2.2,1.1,2.42,0.22,532.4,375.45,0.565
6126,32.91,8.88,292.3,284.09,16.49,2.2,1.1,2.42,0.22,532.4,499.37,0.542
6127,10.13,19.33,195.88,260.32,20.54,2.2,1.1,2.42,0.22,532.4,432.05,0.501
6128,48.24,16.3,786.54,99.34,2.03,2.2,1.1,2.42,0.22,532.4,430.56,0.521
6129,23.19,17.91,415.3,50.46,5.19,2.2,1.1,2.42,0.22,532.4,300.94,0.506
6130,39.31,5.57,219.1,41.51,31.09,2.2,1.1,2.42,0.22,532.4,394.23,0.529
6131,35.1,15.1,530.04,42.0,6.44,2.2,1.1,2.42,0.22,532.4,329.05,0.539
6132,7.92,14.05,111.19,295.03,38.93,2.2,1.1,2.42,0.22,532.4,359.27,0.518
6133,24.85,19.19,476.96,282.01,3.81,2.2,1.1,2.42,0.22,532.4,402.02,0.517
6134,44.85,26.31,1180.2,309.99,6.07,2.2,1.1,2.42,0.22,532.4,429.55,0.498
6135,16.71,26.83,448.46,261.93,21.75,2.2,1.1,2.42,0.22,532.4,491.25,0.53
6136,22.14,9.71,215.09,101.07,10.66,2.2,1.1,2.42,0.22,532.4,315.41,0.497
6137,10.34,23.44,242.43,47.89,41.53,2.2,1.1,2.42,0.22,532.4,494.31,0.509
6138,48.15,14.96,720.18,223.31,0.02,2.2,1.1,2.42,0.22,532.4,447.01,0.577
6139,7.46,12.58,93.89,154.05,11.66,2.2,1.1,2.42,0.22,532.4,310.66,0.546
6140,42.34,5.72,242.35,158.39,43.34,2.2,1.1,2.42,0.22,532.4,349.31,0.503
6141,29.05,22.29,647.75,329.59,44.46,2.2,1.1,2.42,0.22,532.4,441.1,0.537
6142,10.04,6.79,68.17,319.97,11.6,2.2,1.1,2.42,0.22,532.4,331.44,0.545
6143,44.48,11.62,516.92,224.59,41.23,2.2,1.1,2.42,0.22,532.4,337.78,0.504
6144,40.87,12.96,529.53,59.76,27.59,2.2,1.1,2.42,0.22,532.4,329.55,0.544
6145,37.17,9.78,363.63,241.75,25.22,2.2,1.1,2.42,0.22,532.4,457.1,0.533
6146,8.78,29.66,260.31,94.18,28.31,2.2,1.1,2.42,0.22,532.4,427.86,0.513
6147,11.62,20.99,244.02,81.46,5.31,2.2,1.1,2.42,0.22,532.4,469.66,0.532
6148,39.82,17.88,711.81,354.04,24.05,2.2,1.1,2.42,0.22,532.4,435.76,0.496
6149,28.88,24.75,714.73,142.8,33.34,2.2,1.1,2.42,0.22,532.4,380.93,0.527
6150,23.57,21.23,500.41,86.59,44.06,2.2,1.1,2.42,0.22,532.4,428.0,0.564
6151,14.16,5.86,82.99,73.66,23.51,2.2,1.1,2.42,0.22,532.4,486.29,0.501
6152,10.79,10.37,111.86,28.04,9.66,2.2,1.1,2.42,0.22,532.4,282.1,0.506
6153,37.8,28.05,1060.2,189.31,14.08,2.2,1.1,2.42,0.22,532.4,364.71,0.524
6154,6.58,8.93,58.77,4.94,2.3,2.2,1.1,2.42,0.22,532.4,434.59,0.49
6155,8.26,9.5,78.5,175.1,24.31,2.2,1.1,2.42,0.22,532.4,477.0,0.491
6156,40.42,12.54,506.66,17.02,29.07,2.2,1.1,2.42,0.22,532.4,280.5,0.552
6157,18.83,5.89,110.87,105.65,14.06,2.2,1.1,2.42,0.22,532.4,478.38,0.559
6158,32.64,17.49,570.93,116.42,43.48,2.2,1.1,2.42,0.22,532.4,510.2,0.516
6159,11.62,6.59,76.56,84.04,19.39,2.2,1.1,2.42,0.22,532.4,267.94,0.54
6160,22.73,25.06,569.69,274.12,32.82,2.2,1.1,2.42,0.22,532.4,370.38,0.539
6161,46.94,17.95,842.85,164.11,38.11,2.2,1.1,2.42,0.22,532.4,440.76,0.515
6162,32.05,26.87,861.23,0.17,22.71,2.2,1.1,2.42,0.22,532.4,410.77,0.531
6163,8.47,26.07,220.81,282.65,30.92,2.2,1.1,2.42,0.22,532.4,433.09,0.526
6164,13.06,20.79,271.4,205.11,13.51,2.2,1.1,2.42,0.22,532.4,390.19,0.537
6165,47.05,11.8,555.05,326.79,38.9,2.2,1.1,2.42,0.22,532.4,529.1,0.509
6166,45.94,18.5,849.97,200.08,44.19,2.2,1.1,2.42,0.22,532.4,317.7,0.539
6167,7.08,5.91,41.88,19.87,14.15,2.2,1.1,2.42,0.22,532.4,299.57,0.557
6168,10.5,6.31,66.29,155.9,37.21,2.2,1.1,2.42,0.22,532.4,364.63,0.543
6169,8.51,18.19,154.74,6.57,19.64,2.2,1.1,2.42,0.22,532.4,253.42,0.55
6170,44.12,24.23,1068.81,105.97,4.43,2.2,1.1,2.42,0.22,532.4,288.58,0.496
6171,8.69,13.57,117.94,157.28,42.1,2.2,1.1,2.42,0.22,532.4,420.4,0.569
6172,39.22,27.2,1066.6,105.11,9.75,2.2,1.1,2.42,0.22,532.4,418.57,0.512
6173,40.59,18.9,767.1,301.45,6.19,2.2,1.1,2.42,0.22,532.4,351.43,0.522
6174,28.61,8.0,228.82,131.55,38.04,2.2,1.1,2.42,0.22,532.4,423.68,0.537
6175,8.8,20.0,175.99,257.14,30.54,2.2,1.1,2.42,0.22,532.4,356.67,0.509
6176,44.85,16.81,754.1,102.45,33.7,2.2,1.1,2.42,0.22,532.4,393.07,0.531
6177,17.08,20.53,350.7,67.45,4.4,2.2,1.1,2.42,0.22,532.4,513.22,0.518
6178,41.56,12.03,499.91,220.38,31.9,2.2,1.1,2.42,0.22,532.4,439.94,0.566
6179,18.62,15.45,287.62,39.14,37.73,2.2,1.1,2.42,0.22,532.4,382.74,0.544
6180,22.42,24.81,556.42,193.39,1.02,2.2,1.1,2.42,0.22,532.4,281.71,0.505
6181,46.77,6.84,319.76,52.13,4.07,2.2,1.1,2.42,0.22,532.4,449.03,0.52
6182,19.4,20.61,399.82,280.49,23.43,2.2,1.1,2.42,0.22,532.4,347.15,0.532
6183,30.72,10.57,324.65,127.14,25.06,2.2,1.1,2.42,0.22,532.4,544.78,0.485
6184,38.15,29.99,1144.2,104.07,41.84,2.2,1.1,2.42,0.22,532.4,312.72,0.509
6185,47.44,17.12,812.05,86.53,21.92,2.2,1.1,2.42,0.22,532.4,396.59,0.535
6186,33.71,6.26,211.14,11.81,43.99,2.2,1.1,2.42,0.22,532.4,471.87,0.505
6187,47.54,6.46,307.35,70.54,9.48,2.2,1.1,2.42,0.22,532.4,363.87,0.548
6188,43.84,26.54,1163.72,339.18,16.3,2.2,1.1,2.42,0.22,532.4,464.01,0.533
6189,43.03,6.03,259.37,206.15,28.76,2.2,1.1,2.42,0.22,532.4,528.1,0.523
6190,11.41,23.82,271.81,358.37,2.94,2.2,1.1,2.42,0.22,532.4,442.1,0.517
6191,45.56,29.48,1343.28,67.97,19.55,2.2,1.1,2.42,0.22,532.4,307.9,0.525
6192,26.6,8.45,224.7,341.99,5.07,2.2,1.1,2.42,0.22,532.4,289.28,0.535
6193,27.6,21.14,583.31,167.24,0.95,2.2,1.1,2.42,0.22,532.4,441.71,0.541
6194,38.6,6.65,256.73,219.44,31.76,2.2,1.1,2.42,0.22,532.4,243.52,0.578
6195,35.09,15.08,529.12,296.53,31.94,2.2,1.1,2.42,0.22,532.4,520.71,0.523
6196,9.14,26.75,244.56,343.71,9.27,2.2,1.1,2.42,0.22,532.4,300.97,0.514
6197,16.41,22.97,376.92,199.57,34.82,2.2,1.1,2.42,0.22,532.4,371.17,0.527
6198,33.67,13.97,470.4,57.0,8.99,2.2,1.1,2.42,0.22,532.4,347.89,0.516
6199,36.4,24.49,891.49,156.1,25.59,2.2,1.1,2.42,0.22,532.4,480.0,0.517
6200,34.35,29.89,1026.7,134.4,20.79,2.2,1.1,2.42,0.22,532.4,356.74,0.547
6201,20.27,20.72,419.95,43.81,9.14,2.2,1.1,2.42,0.22,532.4,403.13,0.502
6202,46.84,23.65,1107.83,116.85,22.09,2.2,1.1,2.42,0.22,532.4,492.11,0.524
6203,39.87,9.43,375.99,144.28,6.34,2.2,1.1,2.42,0.22,532.4,326.91,0.543
6204,23.57,15.68,369.42,32.98,28.22,2.2,1.1,2.42,0.22,532.4,475.36,0.501
6205,26.99,25.65,692.29,285.31,10.47,2.2,1.1,2.42,0.22,532.4,404.2,0.526
6206,38.76,24.55,951.64,312.23,5.51,2.2,1.1,2.42,0.22,532.4,462.74,0.55
6207,29.62,25.66,759.97,166.23,38.63,2.2,1.1,2.42,0.22,532.4,291.05,0.5
6208,15.25,15.6,237.93,37.2,37.35,2.2,1.1,2.42,0.22,532.4,290.26,0.538
6209,27.74,12.29,340.84,115.85,19.61,2.2,1.1,2.42,0.22,532.4,327.02,0.567
6210,40.08,19.81,793.79,180.43,33.68,2.2,1.1,2.42,0.22,532.4,315.82,0.531
6211,16.12,15.1,243.53,79.97,24.24,2.2,1.1,2.42,0.22,532.4,412.54,0.542
6212,18.26,12.75,232.88,222.3,42.49,2.2,1.1,2.42,0.22,532.4,341.2,0.527
6213,41.48,19.17,795.25,112.35,41.61,2.2,1.1,2.42,0.22,532.4,283.7,0.535
6214,12.18,24.99,304.48,17.86,41.43,2.2,1.1,2.42,0.22,532.4,471.83,0.523
6215,32.58,24.59,801.11,145.69,19.81,2.2,1.1,2.42,0.22,532.4,437.0,0.507
6216,39.95,21.36,853.26,331.36,22.37,2.2,1.1,2.42,0.22,532.4,463.84,0.548
6217,15.06,8.05,121.29,107.64,29.83,2.2,1.1,2.42,0.22,532.4,298.63,0.535
6218,47.67,14.01,667.74,70.31,3.71,2.2,1.1,2.42,0.22,532.4,311.21,0.537
6219,48.38,5.19,250.95,200.28,26.01,2.2,1.1,2.42,0.22,532.4,316.04,0.548
6220,49.31,22.54,1111.11,336.37,18.81,2.2,1.1,2.42,0.22,532.4,531.29,0.489
6221,38.58,9.93,383.19,159.92,35.17,2.2,1.1,2.42,0.22,532.4,495.6,0.526
6222,15.84,16.23,257.06,105.37,10.43,2.2,1.1,2.42,0.22,532.4,284.44,0.512
6223,47.5,7.11,337.73,43.54,25.4,2.2,1.1,2.42,0.22,532.4,369.72,0.497
6224,32.25,25.15,810.98,83.28,30.19,2.2,1.1,2.42,0.22,532.4,489.08,0.522
6225,19.46,19.56,380.57,185.32,42.96,2.2,1.1,2.42,0.22,532.4,397.65,0.609
6226,5.88,25.85,151.9,220.36,3.39,2.2,1.1,2.42,0.22,532.4,329.58,0.515
6227,49.86,13.17,656.55,90.65,18.13,2.2,1.1,2.42,0.22,532.4,388.95,0.495
6228,35.41,22.29,789.16,59.06,2.31,2.2,1.1,2.42,0.22,532.4,362.5,0.538
6229,13.49,24.55,331.12,58.57,22.94,2.2,1.1,2.42,0.22,532.4,365.85,0.546
6230,5.72,22.75,130.05,186.06,41.55,2.2,1.1,2.42,0.22,532.4,312.89,0.509
6231,9.58,20.21,193.56,3.27,41.83,2.2,1.1,2.42,0.22,532.4,501.4,0.489
6232,49.79,29.31,1459.44,131.23,8.76,2.2,1.1,2.42,0.22,532.4,358.2,0.509
6233,5.47,14.68,80.32,184.41,0.22,2.2,1.1,2.42,0.22,532.4,352.76,0.526
6234,7.69,17.33,133.24,101.81,6.85,2.2,1.1,2.42,0.22,532.4,539.75,0.485
6235,9.45,23.15,218.77,162.16,38.52,2.2,1.1,2.42,0.22,532.4,319.47,0.509
6236,35.56,17.35,616.78,237.01,35.25,2.2,1.1,2.42,0.22,532.4,433.61,0.559
6237,21.76,6.09,132.61,167.19,40.0,2.2,1.1,2.42,0.22,532.4,407.01,0.519
6238,16.9,28.23,477.15,215.76,30.5,2.2,1.1,2.42,0.22,532.4,325.62,0.468
6239,28.39,13.21,375.0,301.49,12.17,2.2,1.1,2.42,0.22,532.4,465.6,0.533
6240,40.52,9.08,368.06,336.55,5.5,2.2,1.1,2.42,0.22,532.4,469.16,0.505
6241,15.54,27.93,434.16,313.1,43.61,2.2,1.1,2.42,0.22,532.4,336.89,0.503
6242,12.24,23.76,290.79,302.75,32.4,2.2,1.1,2.42,0.22,532.4,488.8,0.514
6243,26.79,17.17,460.05,212.29,36.28,2.2,1.1,2.42,0.22,532.4,442.23,0.561
6244,10.53,10.69,112.51,2.94,21.11,2.2,1.1,2.42,0.22,532.4,477.91,0.544
6245,47.93,10.64,509.79,298.82,12.32,2.2,1.1,2.42,0.22,532.4,288.98,0.531
6246,24.48,16.53,404.74,185.97,39.48,2.2,1.1,2.42,0.22,532.4,496.96,0.536
6247,28.58,6.57,187.77,149.28,29.4,2.2,1.1,2.42,0.22,532.4,516.26,0.518
6248,10.71,5.99,64.13,177.07,11.2,2.2,1.1,2.42,0.22,532.4,406.78,0.542
6249,38.1,17.42,663.57,57.28,21.7,2.2,1.1,2.42,0.22,532.4,456.29,0.53
6250,42.96,5.7,244.85,60.91,17.46,2.2,1.1,2.42,0.22,532.4,505.23,0.542
6251,43.35,10.43,452.27,205.3,28.1,2.2,1.1,2.42,0.22,532.4,501.71,0.527
6252,14.71,28.95,425.73,144.63,23.29,2.2,1.1,2.42,0.22,532.4,403.71,0.531
6253,42.58,19.72,839.54,69.59,20.72,2.2,1.1,2.42,0.22,532.4,473.08,0.491
6254,26.86,22.88,614.52,244.27,40.97,2.2,1.1,2.42,0.22,532.4,286.07,0.507
6255,10.71,27.98,299.61,325.7,42.08,2.2,1.1,2.42,0.22,532.4,475.43,0.491
6256,30.4,7.15,217.28,187.81,20.72,2.2,1.1,2.42,0.22,532.4,443.98,0.498
6257,39.52,21.95,867.49,255.51,19.98,2.2,1.1,2.42,0.22,532.4,402.51,0.517
6258,36.82,22.59,831.58,73.07,6.79,2.2,1.1,2.42,0.22,532.4,444.54,0.542
6259,26.79,19.76,529.37,46.46,39.18,2.2,1.1,2.42,0.22,532.4,462.72,0.545
6260,8.71,8.33,72.61,325.4,22.92,2.2,1.1,2.42,0.22,532.4,447.12,0.507
6261,46.53,21.06,979.71,351.39,42.3,2.2,1.1,2.42,0.22,532.4,340.59,0.536
6262,42.38,24.49,1037.9,211.61,41.15,2.2,1.1,2.42,0.22,532.4,399.22,0.532
6263,42.15,7.02,295.78,90.35,23.44,2.2,1.1,2.42,0.22,532.4,350.95,0.538
6264,47.52,23.71,1126.67,238.18,35.38,2.2,1.1,2.42,0.22,532.4,521.54,0.515
6265,15.24,26.08,397.36,181.18,34.03,2.2,1.1,2.42,0.22,532.4,422.59,0.509
6266,30.25,17.66,534.18,3.78,26.37,2.2,1.1,2.42,0.22,532.4,458.0,0.51
6267,24.83,11.37,282.23,140.9,8.79,2.2,1.1,2.42,0.22,532.4,493.58,0.497
6268,12.35,21.02,259.55,162.45,9.19,2.2,1.1,2.42,0.22,532.4,508.45,0.531
6269,43.17,19.03,821.46,222.55,28.65,2.2,1.1,2.42,0.22,532.4,464.41,0.519
6270,43.25,7.19,311.11,180.79,34.45,2.2,1.1,2.42,0.22,532.4,415.24,0.517
6271,21.43,14.47,310.11,210.38,20.4,2.2,1.1,2.42,0.22,532.4,539.46,0.511
6272,42.71,26.38,1126.66,254.91,4.43,2.2,1.1,2.42,0.22,532.4,264.39,0.536
6273,30.19,9.63,290.73,63.53,27.87,2.2,1.1,2.42,0.22,532.4,463.52,0.53
6274,16.07,13.01,209.07,39.3,1.35,2.2,1.1,2.42,0.22,532.4,365.63,0.513
6275,20.93,11.84,247.94,173.8,20.22,2.2,1.1,2.42,0.22,532.4,391.96,0.524
6276,9.94,15.18,150.88,165.61,30.45,2.2,1.1,2.42,0.22,532.4,327.88,0.53
6277,8.75,29.43,257.6,69.0,18.5,2.2,1.1,2.42,0.22,532.4,488.95,0.533
6278,39.15,6.74,263.88,164.65,42.25,2.2,1.1,2.42,0.22,532.4,535.46,0.505
6279,18.05,18.73,338.15,188.67,2.93,2.2,1.1,2.42,0.22,532.4,496.99,0.508
6280,17.8,15.56,276.91,151.48,14.4,2.2,1.1,2.42,0.22,532.4,395.9,0.516
6281,38.16,18.44,703.47,351.82,28.05,2.2,1.1,2.42,0.22,532.4,298.7,0.515
6282,5.86,6.82,40.0,116.32,13.85,2.2,1.1,2.42,0.22,532.4,498.27,0.54
6283,47.11,29.15,1373.35,297.65,9.47,2.2,1.1,2.42,0.22,532.4,276.39,0.509
6284,13.31,19.4,258.27,33.43,18.61,2.2,1.1,2.42,0.22,532.4,545.36,0.487
6285,6.24,15.27,95.26,142.93,22.04,2.2,1.1,2.42,0.22,532.4,496.11,0.536
6286,31.18,5.59,174.39,79.29,19.54,2.2,1.1,2.42,0.22,532.4,415.89,0.549
6287,35.25,28.06,988.96,348.4,33.31,2.2,1.1,2.42,0.22,532.4,309.22,0.504
6288,25.74,22.24,572.26,284.42,27.73,2.2,1.1,2.42,0.22,532.4,349.36,0.517
6289,40.3,12.56,506.04,240.75,1.18,2.2,1.1,2.42,0.22,532.4,471.04,0.531
6290,8.96,26.97,241.6,221.47,7.83,2.2,1.1,2.42,0.22,532.4,396.05,0.548
6291,44.6,7.82,349.01,125.44,33.16,2.2,1.1,2.42,0.22,532.4,429.41,0.509
6292,40.12,12.66,507.85,127.18,27.19,2.2,1.1,2.42,0.22,532.4,533.34,0.507
6293,12.71,11.03,140.22,1.88,9.11,2.2,1.1,2.42,0.22,532.4,311.76,0.515
6294,34.11,24.01,818.85,38.04,3.86,2.2,1.1,2.42,0.22,532.4,497.08,0.538
6295,34.05,22.12,753.17,76.77,18.5,2.2,1.1,2.42,0.22,532.4,337.06,0.532
6296,27.46,13.39,367.64,243.13,13.29,2.2,1.1,2.42,0.22,532.4,393.65,0.572
6297,13.1,25.44,333.13,315.69,21.7,2.2,1.1,2.42,0.22,532.4,412.05,0.506
6298,26.56,14.62,388.32,38.75,23.06,2.2,1.1,2.42,0.22,532.4,548.56,0.49
6299,17.55,14.02,246.19,161.41,12.03,2.2,1.1,2.42,0.22,532.4,352.54,0.496
6300,10.85,28.5,309.21,151.37,33.73,2.2,1.1,2.42,0.22,532.4,426.09,0.514
6301,25.53,10.58,270.24,205.78,7.14,2.2,1.1,2.42,0.22,532.4,521.52,0.532
6302,37.69,22.06,831.47,234.71,23.32,2.2,1.1,2.42,0.22,532.4,515.82,0.515
6303,49.45,12.27,607.02,171.15,35.27,2.2,1.1,2.42,0.22,532.4,400.86,0.542
6304,15.59,26.88,419.05,160.99,13.75,2.2,1.1,2.42,0.22,532.4,258.94,0.56
6305,5.45,29.4,160.23,33.29,3.48,2.2,1.1,2.42,0.22,532.4,492.38,0.516
6306,43.74,29.12,1273.82,12.22,18.86,2.2,1.1,2.42,0.22,532.4,326.11,0.508
6307,8.44,29.18,246.38,257.45,41.3,2.2,1.1,2.42,0.22,532.4,395.27,0.531
6308,27.12,26.1,707.85,220.22,33.3,2.2,1.1,2.42,0.22,532.4,432.23,0.562
6309,7.76,12.74,98.89,82.14,19.45,2.2,1.1,2.42,0.22,532.4,424.45,0.539
6310,15.27,29.22,446.25,175.28,13.72,2.2,1.1,2.42,0.22,532.4,498.11,0.514
6311,22.36,18.86,421.8,257.3,23.0,2.2,1.1,2.42,0.22,532.4,482.38,0.516
6312,46.63,11.68,544.46,354.61,43.91,2.2,1.1,2.42,0.22,532.4,262.95,0.541
6313,26.0,21.45,557.81,122.95,37.17,2.2,1.1,2.42,0.22,532.4,463.68,0.539
6314,43.97,11.28,495.74,10.58,0.36,2.2,1.1,2.42,0.22,532.4,372.0,0.546
6315,26.15,7.05,184.42,6.65,44.11,2.2,1.1,2.42,0.22,532.4,406.96,0.511
6316,15.4,25.36,390.55,64.19,44.79,2.2,1.1,2.42,0.22,532.4,495.7,0.549
6317,29.62,17.28,511.81,254.45,30.75,2.2,1.1,2.42,0.22,532.4,350.71,0.541
6318,47.67,22.27,1061.52,254.67,40.35,2.2,1.1,2.42,0.22,532.4,417.21,0.5
6319,12.65,11.48,145.26,113.94,8.79,2.2,1.1,2.42,0.22,532.4,338.99,0.537
6320,27.11,17.69,479.49,294.33,23.34,2.2,1.1,2.42,0.22,532.4,277.73,0.501
6321,47.99,22.54,1081.46,75.06,32.67,2.2,1.1,2.42,0.22,532.4,549.77,0.484
6322,48.35,18.17,878.49,31.64,2.94,2.2,1.1,2.42,0.22,532.4,292.9,0.543
6323,48.93,15.69,767.88,254.87,6.14,2.2,1.1,2.42,0.22,532.4,375.99,0.55
6324,36.66,16.71,612.53,206.56,20.02,2.2,1.1,2.42,0.22,532.4,387.94,0.587
6325,10.26,12.46,127.9,238.39,19.72,2.2,1.1,2.42,0.22,532.4,445.99,0.555
6326,48.04,17.25,828.42,83.19,8.86,2.2,1.1,2.42,0.22,532.4,341.11,0.508
6327,48.2,8.95,431.57,169.06,23.89,2.2,1.1,2.42,0.22,532.4,262.13,0.544
6328,28.77,9.96,286.52,328.46,25.27,2.2,1.1,2.42,0.22,532.4,267.54,0.53
6329,19.56,17.88,349.7,317.97,36.13,2.2,1.1,2.42,0.22,532.4,323.84,0.532
6330,29.2,6.16,179.75,288.8,10.15,2.2,1.1,2.42,0.22,532.4,312.96,0.572
6331,44.31,28.09,1244.66,128.19,35.57,2.2,1.1,2.42,0.22,532.4,435.16,0.518
6332,41.21,9.35,385.27,19.57,0.42,2.2,1.1,2.42,0.22,532.4,456.2,0.534
6333,28.47,26.77,762.27,312.28,6.48,2.2,1.1,2.42,0.22,532.4,275.61,0.506
6334,28.04,9.32,261.43,77.15,15.61,2.2,1.1,2.42,0.22,532.4,327.1,0.507
6335,16.4,16.99,278.73,356.84,6.13,2.2,1.1,2.42,0.22,532.4,376.45,0.506
6336,8.78,9.83,86.28,210.05,41.95,2.2,1.1,2.42,0.22,532.4,487.3,0.526
6337,17.29,27.06,467.99,125.34,29.37,2.2,1.1,2.42,0.22,532.4,381.05,0.499
6338,19.86,13.68,271.71,33.2,22.79,2.2,1.1,2.42,0.22,532.4,391.5,0.491
6339,7.98,14.21,113.31,301.48,22.71,2.2,1.1,2.42,0.22,532.4,408.07,0.529
6340,42.26,16.92,714.97,170.53,8.99,2.2,1.1,2.42,0.22,532.4,362.71,0.506
6341,35.76,13.0,464.99,192.02,2.4,2.2,1.1,2.42,0.22,532.4,357.23,0.53
6342,24.81,24.15,599.25,283.35,16.24,2.2,1.1,2.42,0.22,532.4,524.09,0.516
6343,16.71,19.45,325.0,133.25,18.1,2.2,1.1,2.42,0.22,532.4,497.56,0.496
6344,45.22,23.71,1072.01,324.09,30.55,2.2,1.1,2.42,0.22,532.4,352.28,0.504
6345,40.64,23.02,935.34,75.51,3.37,2.2,1.1,2.42,0.22,532.4,289.81,0.5
6346,33.22,14.83,492.63,194.77,43.07,2.2,1.1,2.42,0.22,532.4,430.07,0.5
6347,45.14,22.36,1009.22,234.04,25.04,2.2,1.1,2.42,0.22,532.4,434.59,0.576
6348,47.89,28.06,1343.57,74.76,9.17,2.2,1.1,2.42,0.22,532.4,374.1,0.515
6349,48.48,20.24,981.04,33.78,9.73,2.2,1.1,2.42,0.22,532.4,385.22,0.567
6350,40.11,24.87,997.47,347.27,24.76,2.2,1.1,2.42,0.22,532.4,356.63,0.517
6351,17.23,7.92,136.56,282.1,44.75,2.2,1.1,2.42,0.22,532.4,441.36,0.488
6352,42.13,14.84,625.3,76.04,31.87,2.2,1.1,2.42,0.22,532.4,470.12,0.57
6353,28.46,20.56,585.03,257.15,7.53,2.2,1.1,2.42,0.22,532.4,325.11,0.53
6354,33.39,28.0,934.83,17.93,13.73,2.2,1.1,2.42,0.22,532.4,420.65,0.584
6355,40.55,16.88,684.73,351.74,25.94,2.2,1.1,2.42,0.22,532.4,399.72,0.518
6356,17.54,8.62,151.26,12.73,16.52,2.2,1.1,2.42,0.22,532.4,283.02,0.541
6357,27.07,14.64,396.27,216.81,21.53,2.2,1.1,2.42,0.22,532.4,318.83,0.515
6358,23.97,16.73,400.97,217.5,2.65,2.2,1.1,2.42,0.22,532.4,534.95,0.506
6359,26.0,13.13,341.39,128.03,33.38,2.2,1.1,2.42,0.22,532.4,431.02,0.503
6360,42.25,29.26,1236.36,190.24,41.75,2.2,1.1,2.42,0.22,532.4,479.18,0.494
6361,29.18,10.74,313.5,181.25,41.67,2.2,1.1,2.42,0.22,532.4,469.17,0.492
6362,29.06,5.26,152.86,69.48,13.16,2.2,1.1,2.42,0.22,532.4,290.52,0.533
6363,8.71,5.41,47.08,310.4,5.05,2.2,1.1,2.42,0.22,532.4,307.43,0.541
6364,17.22,21.33,367.29,22.05,21.08,2.2,1.1,2.42,0.22,532.4,437.14,0.544
6365,40.59,5.93,240.74,273.44,39.61,2.2,1.1,2.42,0.22,532.4,335.36,0.512
6366,31.82,22.69,721.8,339.2,0.31,2.2,1.1,2.42,0.22,532.4,319.24,0.54
6367,8.8,14.35,126.24,153.62,36.97,2.2,1.1,2.42,0.22,532.4,364.85,0.547
6368,31.92,7.11,226.88,31.73,8.51,2.2,1.1,2.42,0.22,532.4,535.79,0.495
6369,24.49,20.56,503.39,162.08,3.39,2.2,1.1,2.42,0.22,532.4,320.98,0.543
6370,20.87,13.17,274.83,319.3,41.71,2.2,1.1,2.42,0.22,532.4,526.91,0.484
6371,15.65,5.45,85.21,60.69,28.03,2.2,1.1,2.42,0.22,532.4,497.99,0.524
6372,29.31,17.45,511.33,152.31,38.28,2.2,1.1,2.42,0.22,532.4,379.55,0.503
6373,39.17,5.37,210.33,121.89,5.13,2.2,1.1,2.42,0.22,532.4,417.92,0.509
6374,49.73,10.84,539.32,36.51,10.48,2.2,1.1,2.42,0.22,532.4,345.92,0.511
6375,24.83,23.35,579.78,7.38,33.65,2.2,1.1,2.42,0.22,532.4,325.57,0.539
6376,34.89,17.28,603.02,311.05,39.42,2.2,1.1,2.42,0.22,532.4,450.74,0.495
6377,19.66,28.6,562.11,103.56,15.86,2.2,1.1,2.42,0.22,532.4,402.98,0.537
6378,39.97,11.25,449.67,347.91,4.33,2.2,1.1,2.42,0.22,532.4,283.83,0.504
6379,36.87,11.72,431.93,284.9,30.76,2.2,1.1,2.42,0.22,532.4,438.62,0.525
6380,47.67,28.29,1348.63,267.95,10.58,2.2,1.1,2.42,0.22,532.4,339.53,0.495
6381,25.96,11.78,305.79,154.4,43.8,2.2,1.1,2.42,0.22,532.4,399.68,0.537
6382,30.71,18.03,553.69,93.48,5.85,2.2,1.1,2.42,0.22,532.4,510.35,0.518
6383,19.44,13.57,263.81,103.43,21.19,2.2,1.1,2.42,0.22,532.4,444.5,0.52
6384,45.36,16.32,740.31,34.71,42.62,2.2,1.1,2.42,0.22,532.4,355.94,0.506
6385,31.57,6.21,195.89,100.73,20.52,2.2,1.1,2.42,0.22,532.4,413.89,0.52
6386,13.21,29.26,386.65,350.75,9.54,2.2,1.1,2.42,0.22,532.4,475.88,0.532
6387,26.58,11.38,302.36,143.25,41.54,2.2,1.1,2.42,0.22,532.4,426.4,0.515
6388,27.95,26.59,743.2,241.7,15.21,2.2,1.1,2.42,0.22,532.4,306.9,0.541
6389,22.12,22.28,492.91,141.68,33.88,2.2,1.1,2.42,0.22,532.4,414.85,0.522
6390,34.75,12.98,451.19,52.99,13.13,2.2,1.1,2.42,0.22,532.4,446.73,0.532
6391,6.77,14.32,96.94,203.06,17.11,2.2,1.1,2.42,0.22,532.4,510.31,0.518
6392,31.0,7.86,243.59,102.01,35.52,2.2,1.1,2.42,0.22,532.4,512.52,0.525
6393,35.28,8.73,308.05,194.63,44.35,2.2,1.1,2.42,0.22,532.4,330.6,0.503
6394,9.84,17.92,176.32,101.46,7.44,2.2,1.1,2.42,0.22,532.4,309.63,0.579
6395,40.43,9.24,373.5,279.38,33.44,2.2,1.1,2.42,0.22,532.4,398.92,0.536
6396,10.16,17.94,182.31,140.37,38.32,2.2,1.1,2.42,0.22,532.4,377.76,0.508
6397,34.21,6.66,227.92,175.67,28.46,2.2,1.1,2.42,0.22,532.4,474.87,0.549
6398,12.87,16.82,216.48,309.27,22.95,2.2,1.1,2.42,0.22,532.4,299.13,0.508
6399,24.08,22.26,535.81,83.88,37.02,2.2,1.1,2.42,0.22,532.4,287.26,0.5
6400,47.36,24.54,1161.9,47.28,33.23,2.2,1.1,2.42,0.22,532.4,441.01,0.545
6401,29.83,14.32,427.28,151.2,34.88,2.2,1.1,2.42,0.22,532.4,283.25,0.528
6402,47.37,12.65,599.43,54.07,7.42,2.2,1.1,2.42,0.22,532.4,477.11,0.466
6403,27.5,22.31,613.6,159.13,3.63,2.2,1.1,2.42,0.22,532.4,346.44,0.553
6404,7.0,22.62,158.29,53.13,34.81,2.2,1.1,2.42,0.22,532.4,281.84,0.547
6405,35.6,11.35,403.99,290.21,14.35,2.2,1.1,2.42,0.22,532.4,402.49,0.496
6406,16.73,25.47,426.07,316.79,32.62,2.2,1.1,2.42,0.22,532.4,406.46,0.546
6407,24.79,13.36,331.08,182.56,40.64,2.2,1.1,2.42,0.22,532.4,403.51,0.495
6408,17.84,7.91,141.11,342.53,9.13,2.2,1.1,2.42,0.22,532.4,355.1,0.538
6409,15.94,11.39,181.59,319.1,40.51,2.2,1.1,2.42,0.22,532.4,561.72,0.468
6410,26.16,22.8,596.45,107.32,21.62,2.2,1.1,2.42,0.22,532.4,309.51,0.524
6411,21.25,18.9,401.5,65.83,39.51,2.2,1.1,2.42,0.22,532.4,404.18,0.512
6412,35.17,27.51,967.35,262.28,30.19,2.2,1.1,2.42,0.22,532.4,351.57,0.527
6413,28.45,11.43,325.33,47.44,15.73,2.2,1.1,2.42,0.22,532.4,387.1,0.532
6414,17.67,6.03,106.57,157.54,15.26,2.2,1.1,2.42,0.22,532.4,317.32,0.531
6415,13.28,7.09,94.18,152.18,17.67,2.2,1.1,2.42,0.22,532.4,375.09,0.529
6416,27.77,25.8,716.44,141.66,34.55,2.2,1.1,2.42,0.22,532.4,476.94,0.541
6417,47.11,22.68,1068.45,224.46,29.84,2.2,1.1,2.42,0.22,532.4,530.44,0.493
6418,28.2,22.7,639.97,302.95,5.08,2.2,1.1,2.42,0.22,532.4,489.41,0.514
6419,16.33,28.71,468.9,69.92,3.62,2.2,1.1,2.42,0.22,532.4,489.88,0.565
6420,14.85,16.81,249.65,356.24,37.63,2.2,1.1,2.42,0.22,532.4,286.28,0.524
6421,23.7,24.42,578.63,295.93,1.82,2.2,1.1,2.42,0.22,532.4,425.78,0.524
6422,32.96,23.41,771.67,67.43,44.66,2.2,1.1,2.42,0.22,532.4,507.08,0.52
6423,16.75,28.96,485.22,96.68,32.52,2.2,1.1,2.42,0.22,532.4,481.29,0.543
6424,26.74,17.62,471.06,345.17,43.79,2.2,1.1,2.42,0.22,532.4,268.24,0.532
6425,6.54,7.77,50.78,170.65,17.08,2.2,1.1,2.42,0.22,532.4,509.06,0.509
6426,10.93,23.34,255.2,163.29,21.44,2.2,1.1,2.42,0.22,532.4,416.59,0.563
6427,16.97,24.23,411.32,21.9,39.15,2.2,1.1,2.42,0.22,532.4,368.92,0.503
6428,38.15,18.2,694.14,40.31,1.36,2.2,1.1,2.42,0.22,532.4,325.75,0.527
6429,15.15,26.91,407.87,106.02,34.96,2.2,1.1,2.42,0.22,532.4,505.43,0.541
6430,7.75,22.85,177.0,304.27,35.61,2.2,1.1,2.42,0.22,532.4,414.99,0.544
6431,41.35,24.99,1033.27,336.45,27.31,2.2,1.1,2.42,0.22,532.4,420.84,0.555
6432,34.2,9.21,314.83,223.55,7.31,2.2,1.1,2.42,0.22,532.4,535.07,0.49
6433,46.61,15.27,711.77,148.33,25.39,2.2,1.1,2.42,0.22,532.4,330.54,0.548
6434,38.69,22.89,885.53,146.3,24.17,2.2,1.1,2.42,0.22,532.4,467.55,0.514
6435,20.5,6.43,131.84,250.35,37.41,2.2,1.1,2.42,0.22,532.4,425.22,0.48
6436,16.38,22.65,370.93,320.99,5.39,2.2,1.1,2.42,0.22,532.4,423.96,0.55
6437,29.86,10.5,313.65,286.67,29.73,2.2,1.1,2.42,0.22,532.4,396.45,0.532
6438,49.7,25.94,1289.0,234.23,44.4,2.2,1.1,2.42,0.22,532.4,508.53,0.519
6439,11.29,16.19,182.79,97.26,13.9,2.2,1.1,2.42,0.22,532.4,271.16,0.526
6440,8.61,20.9,180.0,287.46,13.4,2.2,1.1,2.42,0.22,532.4,483.27,0.528
6441,48.31,9.61,464.5,128.26,8.11,2.2,1.1,2.42,0.22,532.4,388.66,0.529
6442,28.21,12.41,350.22,71.82,38.66,2.2,1.1,2.42,0.22,532.4,467.32,0.519
6443,34.06,6.48,220.71,307.62,15.55,2.2,1.1,2.42,0.22,532.4,371.87,0.538
6444,49.81,10.38,517.24,264.46,33.2,2.2,1.1,2.42,0.22,532.4,487.88,0.502
6445,6.86,28.09,192.82,50.32,30.64,2.2,1.1,2.42,0.22,532.4,357.8,0.543
6446,40.42,26.43,1068.07,329.69,21.79,2.2,1.1,2.42,0.22,532.4,419.33,0.506
6447,19.15,19.63,376.02,347.36,44.82,2.2,1.1,2.42,0.22,532.4,254.81,0.559
6448,7.03,6.2,43.62,76.58,18.89,2.2,1.1,2.42,0.22,532.4,432.64,0.505
6449,29.87,27.24,813.83,18.38,22.06,2.2,1.1,2.42,0.22,532.4,519.87,0.516
6450,36.79,29.46,1083.79,98.03,20.02,2.2,1.1,2.42,0.22,532.4,315.45,0.499
6451,28.71,17.36,498.22,63.82,13.64,2.2,1.1,2.42,0.22,532.4,327.24,0.496
6452,38.67,18.28,706.74,114.72,7.24,2.2,1.1,2.42,0.22,532.4,489.34,0.548
6453,12.39,14.35,177.84,197.6,1.24,2.2,1.1,2.42,0.22,532.4,536.58,0.508
6454,22.41,12.95,290.16,355.9,16.14,2.2,1.1,2.42,0.22,532.4,293.16,0.548
6455,25.07,9.91,248.52,102.66,0.33,2.2,1.1,2.42,0.22,532.4,340.16,0.527
6456,13.59,11.47,155.88,278.89,24.69,2.2,1.1,2.42,0.22,532.4,479.42,0.563
6457,45.05,12.32,555.02,7.24,7.26,2.2,1.1,2.42,0.22,532.4,285.89,0.514
6458,6.64,6.8,45.13,333.8,40.2,2.2,1.1,2.42,0.22,532.4,499.42,0.537
6459,41.06,19.86,815.55,326.38,15.36,2.2,1.1,2.42,0.22,532.4,348.05,0.539
6460,46.17,25.59,1181.46,331.63,2.29,2.2,1.1,2.42,0.22,532.4,274.55,0.559
6461,24.44,22.05,538.95,121.93,26.99,2.2,1.1,2.42,0.22,532.4,553.06,0.49
6462,29.94,21.91,656.15,322.62,27.61,2.2,1.1,2.42,0.22,532.4,303.54,0.496
6463,29.93,25.7,769.34,342.3,6.16,2.2,1.1,2.42,0.22,532.4,470.25,0.553
6464,22.22,19.1,424.5,300.9,44.29,2.2,1.1,2.42,0.22,532.4,489.36,0.529
6465,42.06,24.23,1019.02,34.82,44.89,2.2,1.1,2.42,0.22,532.4,537.58,0.497
6466,46.15,27.96,1290.38,115.66,13.79,2.2,1.1,2.42,0.22,532.4,411.42,0.551
6467,6.5,17.55,114.01,77.63,14.01,2.2,1.1,2.42,0.22,532.4,377.97,0.524
6468,12.27,29.28,359.34,157.22,3.41,2.2,1.1,2.42,0.22,532.4,390.95,0.497
6469,40.39,15.17,612.82,74.18,39.09,2.2,1.1,2.42,0.22,532.4,352.31,0.585
6470,14.84,25.71,381.42,298.12,37.95,2.2,1.1,2.42,0.22,532.4,303.36,0.519
6471,31.77,27.15,862.58,147.05,40.43,2.2,1.1,2.42,0.22,532.4,348.1,0.542
6472,36.5,13.32,486.26,102.28,4.36,2.2,1.1,2.42,0.22,532.4,377.68,0.513
6473,28.66,18.63,533.83,32.66,18.26,2.2,1.1,2.42,0.22,532.4,537.15,0.514
6474,13.26,9.93,131.64,157.59,4.0,2.2,1.1,2.42,0.22,532.4,306.81,0.537
6475,19.02,29.78,566.56,179.36,4.99,2.2,1.1,2.42,0.22,532.4,277.1,0.529
6476,47.27,18.77,887.29,202.62,9.81,2.2,1.1,2.42,0.22,532.4,378.08,0.527
6477,45.26,28.4,1285.58,69.28,15.71,2.2,1.1,2.42,0.22,532.4,410.38,0.541
6478,38.39,7.25,278.27,216.91,12.63,2.2,1.1,2.42,0.22,532.4,332.87,0.526
6479,12.23,18.02,220.42,96.71,8.47,2.2,1.1,2.42,0.22,532.4,351.09,0.519
6480,27.16,22.72,617.21,15.29,5.77,2.2,1.1,2.42,0.22,532.4,479.05,0.519
6481,40.55,24.03,974.41,356.45,7.71,2.2,1.1,2.42,0.22,532.4,559.31,0.488
6482,47.89,28.53,1366.61,210.09,32.39,2.2,1.1,2.42,0.22,532.4,299.16,0.545
6483,20.12,16.87,339.39,149.86,0.08,2.2,1.1,2.42,0.22,532.4,469.9,0.553
6484,23.59,26.6,627.42,62.33,18.25,2.2,1.1,2.42,0.22,532.4,512.75,0.515
6485,32.83,27.2,893.11,263.75,36.01,2.2,1.1,2.42,0.22,532.4,426.67,0.532
6486,5.44,29.26,159.06,306.82,26.88,2.2,1.1,2.42,0.22,532.4,532.15,0.518
6487,26.78,29.09,779.18,99.05,4.09,2.2,1.1,2.42,0.22,532.4,321.95,0.557
6488,32.8,11.19,366.95,210.34,24.23,2.2,1.1,2.42,0.22,532.4,423.06,0.507
6489,49.38,15.99,789.41,245.42,42.34,2.2,1.1,2.42,0.22,532.4,326.51,0.523
6490,25.69,14.12,362.56,53.52,0.41,2.2,1.1,2.42,0.22,532.4,378.84,0.526
6491,26.54,6.0,159.22,330.62,16.53,2.2,1.1,2.42,0.22,532.4,445.34,0.515
6492,13.24,22.49,297.71,103.9,28.19,2.2,1.1,2.42,0.22,532.4,357.97,0.522
6493,15.63,27.17,424.63,165.14,20.35,2.2,1.1,2.42,0.22,532.4,441.97,0.52
6494,18.4,6.88,126.66,115.8,3.35,2.2,1.1,2.42,0.22,532.4,465.39,0.533
6495,34.74,23.52,817.26,346.3,15.92,2.2,1.1,2.42,0.22,532.4,351.29,0.549
6496,32.35,13.99,452.68,257.92,8.33,2.2,1.1,2.42,0.22,532.4,337.08,0.52
6497,45.61,7.12,324.8,334.66,36.61,2.2,1.1,2.42,0.22,532.4,472.26,0.503
6498,17.74,16.42,291.16,109.7,42.08,2.2,1.1,2.42,0.22,532.4,351.97,0.533
6499,5.71,8.7,49.64,251.3,37.56,2.2,1.1,2.42,0.22,532.4,441.89,0.499
6500,44.93,15.59,700.64,356.33,25.33,2.2,1.1,2.42,0.22,532.4,411.72,0.519
6501,21.59,28.45,614.34,165.84,31.05,2.2,1.1,2.42,0.22,532.4,488.75,0.566
6502,42.99,7.57,325.25,288.42,27.35,2.2,1.1,2.42,0.22,532.4,455.07,0.503
6503,13.59,26.61,361.59,316.36,22.41,2.2,1.1,2.42,0.22,532.4,346.06,0.544
6504,47.01,24.47,1150.38,160.29,42.14,2.2,1.1,2.42,0.22,532.4,270.27,0.535
6505,33.77,9.7,327.7,195.08,11.29,2.2,1.1,2.42,0.22,532.4,404.25,0.493
6506,10.69,21.44,229.25,135.99,32.85,2.2,1.1,2.42,0.22,532.4,344.86,0.517
6507,24.61,16.0,393.78,288.53,24.46,2.2,1.1,2.42,0.22,532.4,392.31,0.51
6508,45.14,22.38,1009.94,59.18,6.27,2.2,1.1,2.42,0.22,532.4,424.14,0.516
6509,29.77,25.35,754.83,156.89,28.09,2.2,1.1,2.42,0.22,532.4,359.16,0.518
6510,20.25,22.83,462.11,164.4,31.22,2.2,1.1,2.42,0.22,532.4,480.73,0.519
6511,45.55,27.35,1245.54,39.91,22.35,2.2,1.1,2.42,0.22,532.4,404.71,0.522
6512,18.78,7.34,137.78,220.8,2.84,2.2,1.1,2.42,0.22,532.4,456.98,0.512
6513,20.7,16.56,342.81,90.45,7.26,2.2,1.1,2.42,0.22,532.4,507.47,0.516
6514,5.85,20.27,118.58,240.64,10.79,2.2,1.1,2.42,0.22,532.4,335.77,0.511
6515,26.55,16.48,437.67,73.32,42.87,2.2,1.1,2.42,0.22,532.4,447.06,0.503
6516,44.73,14.96,669.04,73.64,43.24,2.2,1.1,2.42,0.22,532.4,427.42,0.53
6517,43.42,25.48,1106.47,209.28,40.34,2.2,1.1,2.42,0.22,532.4,264.46,0.56
6518,31.04,7.94,246.36,187.38,23.01,2.2,1.1,2.42,0.22,532.4,340.36,0.543
6519,14.97,25.18,376.96,271.92,40.05,2.2,1.1,2.42,0.22,532.4,479.76,0.51
6520,33.67,19.66,662.01,180.09,4.2,2.2,1.1,2.42,0.22,532.4,367.73,0.513
6521,24.35,26.38,642.26,312.35,12.18,2.2,1.1,2.42,0.22,532.4,274.21,0.54
6522,21.21,22.18,470.38,273.29,1.58,2.2,1.1,2.42,0.22,532.4,529.48,0.52
6523,31.49,23.24,731.87,89.18,1.53,2.2,1.1,2.42,0.22,532.4,481.98,0.555
6524,48.18,6.08,292.87,313.74,18.75,2.2,1.1,2.42,0.22,532.4,350.44,0.509
6525,36.35,7.48,271.72,296.53,12.34,2.2,1.1,2.42,0.22,532.4,471.9,0.552
6526,37.04,5.78,213.97,93.67,26.21,2.2,1.1,2.42,0.22,532.4,315.67,0.532
6527,42.41,29.22,1239.2,127.32,8.4,2.2,1.1,2.42,0.22,532.4,484.29,0.531
6528,23.82,9.91,236.04,189.75,27.99,2.2,1.1,2.42,0.22,532.4,517.8,0.502
6529,12.35,6.53,80.63,230.27,3.95,2.2,1.1,2.42,0.22,532.4,319.98,0.521
6530,38.98,16.78,654.33,318.38,34.01,2.2,1.1,2.42,0.22,532.4,477.39,0.518
6531,36.67,22.24,815.46,243.63,25.46,2.2,1.1,2.42,0.22,532.4,391.68,0.528
6532,34.91,10.72,374.12,309.3,27.18,2.2,1.1,2.42,0.22,532.4,338.25,0.525
6533,40.36,14.58,588.33,3.01,30.73,2.2,1.1,2.42,0.22,532.4,324.95,0.494
6534,14.25,21.83,310.99,20.35,33.77,2.2,1.1,2.42,0.22,532.4,448.08,0.501
6535,5.25,22.24,116.85,83.5,44.27,2.2,1.1,2.42,0.22,532.4,465.38,0.528
6536,32.58,10.46,340.86,218.45,42.0,2.2,1.1,2.42,0.22,532.4,329.49,0.527
6537,9.2,5.12,47.09,332.79,33.06,2.2,1.1,2.42,0.22,532.4,430.5,0.505
6538,24.27,9.71,235.65,50.1,14.46,2.2,1.1,2.42,0.22,532.4,372.3,0.507
6539,28.26,13.83,390.93,140.76,12.15,2.2,1.1,2.42,0.22,532.4,312.44,0.511
6540,49.35,26.71,1318.22,290.84,32.97,2.2,1.1,2.42,0.22,532.4,324.55,0.55
6541,26.4,13.19,348.37,97.6,42.11,2.2,1.1,2.42,0.22,532.4,546.36,0.499
6542,38.28,10.9,417.26,286.52,31.03,2.2,1.1,2.42,0.22,532.4,459.44,0.533
6543,13.68,22.99,314.63,98.99,42.87,2.2,1.1,2.42,0.22,532.4,495.72,0.539
6544,49.0,27.04,1325.08,224.48,4.4,2.2,1.1,2.42,0.22,532.4,498.37,0.5
6545,14.38,16.25,233.63,200.15,18.37,2.2,1.1,2.42,0.22,532.4,516.82,0.513
6546,41.81,14.81,619.29,7.67,15.64,2.2,1.1,2.42,0.22,532.4,347.24,0.499
6547,9.68,9.53,92.25,208.58,9.27,2.2,1.1,2.42,0.22,532.4,402.04,0.555
6548,45.03,9.76,439.73,34.7,23.52,2.2,1.1,2.42,0.22,532.4,480.3,0.514
6549,41.59,27.03,1124.25,318.48,29.03,2.2,1.1,2.42,0.22,532.4,295.3,0.546
6550,10.5,23.19,243.41,150.88,28.62,2.2,1.1,2.42,0.22,532.4,358.26,0.574
6551,27.35,17.39,475.52,44.34,32.43,2.2,1.1,2.42,0.22,532.4,471.2,0.517
6552,34.78,15.8,549.63,266.05,22.46,2.2,1.1,2.42,0.22,532.4,294.23,0.543
6553,22.42,6.83,153.23,133.43,36.69,2.2,1.1,2.42,0.22,532.4,261.49,0.543
6554,17.8,29.13,518.7,252.39,19.85,2.2,1.1,2.42,0.22,532.4,379.14,0.535
6555,16.61,11.01,182.91,147.55,14.84,2.2,1.1,2.42,0.22,532.4,438.53,0.526
6556,44.71,29.78,1331.2,89.61,26.07,2.2,1.1,2.42,0.22,532.4,265.14,0.551
6557,40.54,14.88,603.25,203.86,17.44,2.2,1.1,2.42,0.22,532.4,454.83,0.548
6558,15.13,8.36,126.43,135.33,10.8,2.2,1.1,2.42,0.22,532.4,534.34,0.496
6559,30.17,24.49,738.94,90.58,18.02,2.2,1.1,2.42,0.22,532.4,476.73,0.512
6560,37.08,27.72,1027.8,330.8,1.29,2.2,1.1,2.42,0.22,532.4,487.04,0.548
6561,37.47,10.69,400.4,232.89,10.22,2.2,1.1,2.42,0.22,532.4,341.45,0.507
6562,18.71,19.95,373.19,21.58,28.1,2.2,1.1,2.42,0.22,532.4,379.8,0.538
6563,33.02,21.27,702.21,214.21,2.65,2.2,1.1,2.42,0.22,532.4,296.82,0.508
6564,12.63,28.53,360.49,200.98,21.47,2.2,1.1,2.42,0.22,532.4,339.38,0.534
6565,15.4,25.83,397.82,214.58,10.5,2.2,1.1,2.42,0.22,532.4,494.83,0.511
6566,24.77,17.88,442.86,279.06,16.96,2.2,1.1,2.42,0.22,532.4,436.32,0.504
6567,33.64,21.99,739.66,295.53,17.09,2.2,1.1,2.42,0.22,532.4,371.03,0.519
6568,18.92,12.68,239.83,292.78,3.96,2.2,1.1,2.42,0.22,532.4,256.35,0.624
6569,17.47,20.35,355.44,215.17,41.56,2.2,1.1,2.42,0.22,532.4,392.53,0.524
6570,22.98,10.94,251.27,230.82,1.86,2.2,1.1,2.42,0.22,532.4,498.64,0.525
6571,22.7,16.78,380.99,94.18,14.79,2.2,1.1,2.42,0.22,532.4,407.35,0.539
6572,13.93,24.92,347.11,48.72,44.23,2.2,1.1,2.42,0.22,532.4,340.97,0.493
6573,12.88,17.24,221.99,3.21,36.06,2.2,1.1,2.42,0.22,532.4,317.55,0.513
6574,37.46,12.08,452.59,229.01,25.32,2.2,1.1,2.42,0.22,532.4,329.0,0.521
6575,17.99,19.52,351.25,268.88,11.43,2.2,1.1,2.42,0.22,532.4,308.95,0.521
6576,49.94,6.26,312.82,34.04,7.15,2.2,1.1,2.42,0.22,532.4,454.36,0.486
6577,39.32,25.97,1021.13,130.15,24.14,2.2,1.1,2.42,0.22,532.4,306.79,0.514
6578,18.88,10.51,198.37,78.47,12.29,2.2,1.1,2.42,0.22,532.4,301.3,0.532
6579,5.45,23.16,126.1,109.93,29.69,2.2,1.1,2.42,0.22,532.4,391.65,0.54
6580,22.81,12.8,291.97,95.77,28.49,2.2,1.1,2.42,0.22,532.4,348.72,0.522
6581,48.18,7.14,343.91,58.48,2.36,2.2,1.1,2.42,0.22,532.4,544.68,0.502
6582,12.51,10.81,135.32,73.54,20.91,2.2,1.1,2.42,0.22,532.4,443.33,0.495
6583,22.08,11.22,247.76,79.22,1.25,2.2,1.1,2.42,0.22,532.4,308.38,0.554
6584,30.5,12.81,390.69,291.86,42.0,2.2,1.1,2.42,0.22,532.4,310.64,0.52
6585,9.31,11.68,108.81,331.91,5.04,2.2,1.1,2.42,0.22,532.4,504.24,0.525
6586,30.38,9.84,298.85,306.96,2.96,2.2,1.1,2.42,0.22,532.4,441.33,0.5
6587,18.38,11.29,207.37,306.77,33.84,2.2,1.1,2.42,0.22,532.4,330.98,0.506
6588,39.32,10.43,410.26,135.2,14.97,2.2,1.1,2.42,0.22,532.4,365.5,0.505
6589,45.13,10.15,457.98,317.9,40.15,2.2,1.1,2.42,0.22,532.4,288.11,0.526
6590,31.13,27.96,870.3,104.45,12.71,2.2,1.1,2.42,0.22,532.4,381.32,0.547
6591,31.29,8.43,263.78,358.98,15.59,2.2,1.1,2.42,0.22,532.4,504.07,0.531
6592,28.77,26.87,773.17,321.05,11.34,2.2,1.1,2.42,0.22,532.4,409.5,0.503
6593,10.82,15.44,167.1,15.83,0.7,2.2,1.1,2.42,0.22,532.4,411.29,0.548
6594,16.32,17.2,280.77,190.06,31.78,2.2,1.1,2.42,0.22,532.4,319.56,0.57
6595,29.68,20.67,613.44,75.25,15.24,2.2,1.1,2.42,0.22,532.4,264.59,0.53
6596,30.38,8.93,271.25,357.55,17.98,2.2,1.1,2.42,0.22,532.4,424.01,0.552
6597,9.52,17.32,164.83,276.06,21.9,2.2,1.1,2.42,0.22,532.4,282.61,0.513
6598,38.7,12.41,480.37,143.7,14.23,2.2,1.1,2.42,0.22,532.4,344.3,0.531
6599,31.28,22.33,698.51,226.04,16.9,2.2,1.1,2.42,0.22,532.4,344.37,0.538
6600,17.68,16.95,299.77,179.85,22.72,2.2,1.1,2.42,0.22,532.4,526.97,0.507
6601,15.73,7.84,123.32,265.36,25.91,2.2,1.1,2.42,0.22,532.4,270.15,0.533
6602,40.86,5.21,212.7,74.84,14.74,2.2,1.1,2.42,0.22,532.4,452.78,0.517
6603,47.72,6.65,317.27,318.97,12.03,2.2,1.1,2.42,0.22,532.4,388.03,0.546
6604,39.26,29.33,1151.54,97.91,18.33,2.2,1.1,2.42,0.22,532.4,366.43,0.525
6605,30.17,16.41,495.19,285.74,42.49,2.2,1.1,2.42,0.22,532.4,455.5,0.52
6606,49.72,8.72,433.81,274.55,27.39,2.2,1.1,2.42,0.22,532.4,484.35,0.498
6607,25.64,5.46,139.87,289.12,31.95,2.2,1.1,2.42,0.22,532.4,374.78,0.52
6608,34.25,10.15,347.6,194.92,2.56,2.2,1.1,2.42,0.22,532.4,441.39,0.532
6609,45.99,23.67,1088.6,176.27,6.03,2.2,1.1,2.42,0.22,532.4,504.49,0.513
6610,22.77,13.84,315.16,218.44,27.87,2.2,1.1,2.42,0.22,532.4,296.04,0.519
6611,12.04,10.69,128.66,351.5,22.09,2.2,1.1,2.42,0.22,532.4,392.45,0.547
6612,45.27,25.15,1138.44,347.9,27.31,2.2,1.1,2.42,0.22,532.4,455.97,0.505
6613,25.97,22.17,575.61,191.06,44.91,2.2,1.1,2.42,0.22,532.4,449.6,0.496
6614,34.29,13.96,478.56,90.46,9.59,2.2,1.1,2.42,0.22,532.4,438.68,0.536
6615,25.31,10.23,258.87,352.81,12.41,2.2,1.1,2.42,0.22,532.4,406.04,0.505
6616,29.97,17.95,538.1,213.22,1.78,2.2,1.1,2.42,0.22,532.4,341.96,0.524
6617,44.33,22.35,990.71,207.41,3.0,2.2,1.1,2.42,0.22,532.4,334.55,0.534
6618,48.33,20.22,977.36,114.02,26.59,2.2,1.1,2.42,0.22,532.4,500.0,0.502
6619,46.1,11.74,541.24,356.56,44.36,2.2,1.1,2.42,0.22,532.4,481.23,0.538
6620,15.08,22.94,345.92,169.13,12.83,2.2,1.1,2.42,0.22,532.4,396.82,0.479
6621,8.67,9.61,83.28,172.17,21.2,2.2,1.1,2.42,0.22,532.4,365.07,0.523
6622,48.62,5.42,263.6,279.74,12.57,2.2,1.1,2.42,0.22,532.4,515.68,0.515
6623,29.97,28.16,843.93,144.02,4.33,2.2,1.1,2.42,0.22,532.4,337.91,0.509
6624,9.15,21.98,201.07,120.07,39.51,2.2,1.1,2.42,0.22,532.4,420.01,0.544
6625,18.99,6.51,123.5,151.02,32.8,2.2,1.1,2.42,0.22,532.4,428.57,0.518
6626,28.05,27.15,761.63,188.6,33.0,2.2,1.1,2.42,0.22,532.4,375.1,0.493
6627,23.67,23.41,554.09,55.52,22.43,2.2,1.1,2.42,0.22,532.4,515.83,0.516
6628,38.07,27.66,1053.1,115.31,40.41,2.2,1.1,2.42,0.22,532.4,367.68,0.529
6629,38.98,28.16,1097.77,112.97,14.71,2.2,1.1,2.42,0.22,532.4,465.87,0.517
6630,41.38,10.61,439.19,359.11,18.96,2.2,1.1,2.42,0.22,532.4,455.57,0.55
6631,47.36,29.38,1391.25,309.51,35.94,2.2,1.1,2.42,0.22,532.4,502.65,0.54
6632,10.2,17.69,180.43,356.11,33.74,2.2,1.1,2.42,0.22,532.4,404.54,0.558
6633,15.28,27.0,412.58,294.02,18.39,2.2,1.1,2.42,0.22,532.4,347.13,0.553
6634,44.04,18.74,825.12,218.08,10.51,2.2,1.1,2.42,0.22,532.4,374.55,0.5
6635,7.32,10.4,76.19,3.72,20.83,2.2,1.1,2.42,0.22,532.4,283.98,0.505
6636,7.26,19.64,142.61,92.02,3.6,2.2,1.1,2.42,0.22,532.4,554.44,0.483
6637,44.88,17.84,800.77,210.35,2.93,2.2,1.1,2.42,0.22,532.4,502.19,0.512
6638,19.14,27.57,527.63,147.74,10.65,2.2,1.1,2.42,0.22,532.4,381.77,0.543
6639,15.15,6.05,91.69,72.22,23.1,2.2,1.1,2.42,0.22,532.4,311.87,0.508
6640,42.52,27.11,1152.62,102.73,32.67,2.2,1.1,2.42,0.22,532.4,459.8,0.513
6641,37.6,11.26,423.26,241.68,36.13,2.2,1.1,2.42,0.22,532.4,503.22,0.52
6642,44.23,21.94,970.45,111.63,44.26,2.2,1.1,2.42,0.22,532.4,443.17,0.528
6643,42.22,14.39,607.76,121.15,1.8,2.2,1.1,2.42,0.22,532.4,394.06,0.574
6644,13.12,7.19,94.32,227.12,8.2,2.2,1.1,2.42,0.22,532.4,535.67,0.503
6645,37.15,19.56,726.56,121.58,37.5,2.2,1.1,2.42,0.22,532.4,439.89,0.493
6646,8.24,7.25,59.73,175.92,42.98,2.2,1.1,2.42,0.22,532.4,395.08,0.514
6647,33.54,13.99,469.23,348.33,3.0,2.2,1.1,2.42,0.22,532.4,283.55,0.531
6648,34.43,19.37,667.07,189.05,25.2,2.2,1.1,2.42,0.22,532.4,383.54,0.512
6649,16.71,15.92,266.06,6.84,25.52,2.2,1.1,2.42,0.22,532.4,473.96,0.529
6650,36.66,20.23,741.63,117.36,40.23,2.2,1.1,2.42,0.22,532.4,330.25,0.53
6651,49.79,27.19,1354.11,84.49,17.74,2.2,1.1,2.42,0.22,532.4,379.1,0.522
6652,15.41,8.31,128.11,35.42,16.72,2.2,1.1,2.42,0.22,532.4,311.61,0.547
6653,29.63,6.69,198.07,356.12,37.78,2.2,1.1,2.42,0.22,532.4,491.2,0.508
6654,32.21,18.41,592.83,288.83,38.82,2.2,1.1,2.42,0.22,532.4,426.39,0.528
6655,37.18,10.66,396.42,284.81,17.54,2.2,1.1,2.42,0.22,532.4,389.18,0.543
6656,13.38,8.98,120.06,160.88,5.5,2.2,1.1,2.42,0.22,532.4,385.72,0.535
6657,14.59,11.61,169.37,91.6,23.69,2.2,1.1,2.42,0.22,532.4,265.55,0.543
6658,38.25,26.53,1014.83,26.04,41.91,2.2,1.1,2.42,0.22,532.4,355.87,0.553
6659,34.47,8.13,280.21,117.68,29.5,2.2,1.1,2.42,0.22,532.4,405.6,0.504
6660,20.57,16.22,333.77,302.55,2.19,2.2,1.1,2.42,0.22,532.4,400.97,0.499
6661,39.67,19.21,762.35,306.69,28.5,2.2,1.1,2.42,0.22,532.4,274.15,0.518
6662,43.37,8.77,380.17,353.24,32.27,2.2,1.1,2.42,0.22,532.4,341.77,0.557
6663,9.07,28.19,255.72,50.96,24.87,2.2,1.1,2.42,0.22,532.4,514.03,0.534
6664,20.79,19.95,414.68,279.42,41.53,2.2,1.1,2.42,0.22,532.4,479.12,0.55
6665,23.42,15.5,363.01,307.12,20.82,2.2,1.1,2.42,0.22,532.4,392.1,0.5
6666,11.44,20.95,239.54,223.97,25.97,2.2,1.1,2.42,0.22,532.4,291.66,0.521
6667,18.76,14.07,264.0,23.76,44.35,2.2,1.1,2.42,0.22,532.4,506.58,0.522
6668,16.87,25.82,435.49,325.68,30.59,2.2,1.1,2.42,0.22,532.4,496.17,0.515
6669,49.87,19.48,971.58,76.65,30.51,2.2,1.1,2.42,0.22,532.4,486.41,0.553
6670,47.23,8.43,398.03,41.62,8.82,2.2,1.1,2.42,0.22,532.4,279.17,0.494
6671,8.51,27.81,236.78,139.54,18.96,2.2,1.1,2.42,0.22,532.4,470.53,0.518
6672,42.14,11.22,472.93,60.66,15.71,2.2,1.1,2.42,0.22,532.4,282.37,0.543
6673,19.44,26.88,522.6,255.64,3.37,2.2,1.1,2.42,0.22,532.4,378.03,0.508
6674,12.87,16.12,207.41,194.74,27.91,2.2,1.1,2.42,0.22,532.4,274.76,0.522
6675,29.53,11.71,345.86,11.1,2.56,2.2,1.1,2.42,0.22,532.4,350.25,0.537
6676,43.77,20.01,875.65,139.98,7.75,2.2,1.1,2.42,0.22,532.4,496.71,0.471
6677,40.76,16.49,672.26,86.6,31.19,2.2,1.1,2.42,0.22,532.4,379.67,0.546
6678,10.38,15.26,158.34,337.04,36.09,2.2,1.1,2.42,0.22,532.4,487.21,0.527
6679,32.91,14.54,478.5,160.38,37.17,2.2,1.1,2.42,0.22,532.4,523.28,0.525
6680,47.6,16.26,773.87,316.61,6.93,2.2,1.1,2.42,0.22,532.4,358.61,0.533
6681,34.91,16.23,566.45,39.29,15.68,2.2,1.1,2.42,0.22,532.4,337.94,0.537
6682,37.36,9.3,347.52,172.59,40.71,2.2,1.1,2.42,0.22,532.4,327.66,0.505
6683,21.02,6.36,133.61,226.19,3.4,2.2,1.1,2.42,0.22,532.4,473.02,0.507
6684,29.53,18.7,552.24,193.3,28.94,2.2,1.1,2.42,0.22,532.4,514.33,0.504
6685,24.1,13.82,333.19,350.42,16.67,2.2,1.1,2.42,0.22,532.4,491.26,0.522
6686,41.39,15.25,631.28,116.87,14.46,2.2,1.1,2.42,0.22,532.4,508.24,0.504
6687,10.04,15.05,151.18,121.55,17.43,2.2,1.1,2.42,0.22,532.4,371.1,0.555
6688,13.28,6.09,80.88,282.37,10.21,2.2,1.1,2.42,0.22,532.4,277.23,0.554
6689,11.87,18.51,219.73,224.17,10.58,2.2,1.1,2.42,0.22,532.4,362.89,0.552
6690,18.86,7.85,148.06,183.98,41.81,2.2,1.1,2.42,0.22,532.4,455.07,0.527
6691,40.81,25.19,1027.83,179.05,7.37,2.2,1.1,2.42,0.22,532.4,492.86,0.525
6692,31.26,8.7,272.1,208.62,34.09,2.2,1.1,2.42,0.22,532.4,368.54,0.522
6693,18.65,7.88,146.92,255.47,29.62,2.2,1.1,2.42,0.22,532.4,321.79,0.509
6694,40.74,14.9,607.24,259.04,42.6,2.2,1.1,2.42,0.22,532.4,387.0,0.52
6695,33.39,9.61,320.87,306.92,32.69,2.2,1.1,2.42,0.22,532.4,410.03,0.51
6696,25.19,19.34,487.3,25.95,9.24,2.2,1.1,2.42,0.22,532.4,326.37,0.53
6697,17.83,26.97,480.93,16.73,1.94,2.2,1.1,2.42,0.22,532.4,379.13,0.529
6698,7.67,25.25,193.62,43.83,28.9,2.2,1.1,2.42,0.22,532.4,527.98,0.507
6699,45.91,13.27,609.1,100.45,31.02,2.2,1.1,2.42,0.22,532.4,498.54,0.497
6700,41.76,10.04,419.46,327.18,6.14,2.2,1.1,2.42,0.22,532.4,301.51,0.523
6701,14.04,6.37,89.51,17.77,31.95,2.2,1.1,2.42,0.22,532.4,341.94,0.537
6702,22.73,23.95,544.4,297.26,25.88,2.2,1.1,2.42,0.22,532.4,288.01,0.545
6703,37.87,21.86,827.81,36.64,38.47,2.2,1.1,2.42,0.22,532.4,308.76,0.539
6704,22.84,26.94,615.39,159.83,31.32,2.2,1.1,2.42,0.22,532.4,539.67,0.509
6705,20.52,14.27,292.75,9.12,24.28,2.2,1.1,2.42,0.22,532.4,266.66,0.555
6706,32.42,22.76,737.91,214.18,23.4,2.2,1.1,2.42,0.22,532.4,469.21,0.535
6707,20.55,21.05,432.54,29.01,35.4,2.2,1.1,2.42,0.22,532.4,436.38,0.521
6708,6.26,5.81,36.34,187.78,4.01,2.2,1.1,2.42,0.22,532.4,254.92,0.555
6709,38.23,14.97,572.33,159.04,29.48,2.2,1.1,2.42,0.22,532.4,367.94,0.524
6710,40.46,6.14,248.43,250.84,24.14,2.2,1.1,2.42,0.22,532.4,463.42,0.501
6711,29.73,11.79,350.4,163.52,5.22,2.2,1.1,2.42,0.22,532.4,382.83,0.519
6712,12.16,7.37,89.65,160.38,11.84,2.2,1.1,2.42,0.22,532.4,329.31,0.532
6713,34.62,9.44,326.86,348.42,11.6,2.2,1.1,2.42,0.22,532.4,425.76,0.523
6714,18.83,15.33,288.73,237.97,19.64,2.2,1.1,2.42,0.22,532.4,281.15,0.52
6715,46.76,21.96,1026.76,70.29,19.59,2.2,1.1,2.42,0.22,532.4,314.94,0.543
6716,43.18,25.25,1090.11,191.39,35.8,2.2,1.1,2.42,0.22,532.4,473.73,0.534
6717,35.09,19.29,676.82,262.46,34.25,2.2,1.1,2.42,0.22,532.4,429.89,0.525
6718,34.34,13.98,479.99,135.74,35.34,2.2,1.1,2.42,0.22,532.4,411.29,0.512
6719,29.12,11.33,330.1,53.64,16.22,2.2,1.1,2.42,0.22,532.4,363.61,0.516
6720,31.39,24.61,772.42,122.84,2.67,2.2,1.1,2.42,0.22,532.4,482.53,0.563
6721,34.11,18.21,621.04,358.09,44.65,2.2,1.1,2.42,0.22,532.4,452.18,0.51
6722,13.34,7.09,94.61,235.97,13.78,2.2,1.1,2.42,0.22,532.4,379.78,0.579
6723,22.94,22.26,510.7,265.35,27.51,2.2,1.1,2.42,0.22,532.4,515.86,0.521
6724,9.58,27.15,260.18,181.51,39.11,2.2,1.1,2.42,0.22,532.4,453.01,0.519
6725,26.29,11.2,294.51,223.03,4.43,2.2,1.1,2.42,0.22,532.4,373.41,0.494
6726,12.55,14.31,179.65,157.72,42.38,2.2,1.1,2.42,0.22,532.4,527.59,0.507
6727,6.82,6.14,41.9,300.4,36.15,2.2,1.1,2.42,0.22,532.4,428.11,0.544
6728,33.46,9.42,315.16,33.55,14.9,2.2,1.1,2.42,0.22,532.4,458.86,0.507
6729,20.32,17.97,365.02,234.11,27.95,2.2,1.1,2.42,0.22,532.4,278.61,0.504
6730,22.12,13.99,309.47,236.14,4.36,2.2,1.1,2.42,0.22,532.4,343.26,0.51
6731,17.29,24.79,428.74,340.99,41.83,2.2,1.1,2.42,0.22,532.4,398.51,0.549
6732,14.39,20.62,296.72,43.19,3.89,2.2,1.1,2.42,0.22,532.4,435.23,0.481
6733,16.82,15.69,263.83,48.73,29.58,2.2,1.1,2.42,0.22,532.4,362.48,0.5
6734,43.3,11.53,499.35,244.53,20.3,2.2,1.1,2.42,0.22,532.4,507.72,0.519
6735,18.35,25.04,459.47,6.67,14.5,2.2,1.1,2.42,0.22,532.4,301.17,0.511
6736,49.73,25.25,1255.54,284.13,25.05,2.2,1.1,2.42,0.22,532.4,336.73,0.546
6737,43.24,27.8,1202.26,83.89,18.16,2.2,1.1,2.42,0.22,532.4,412.29,0.507
6738,21.91,23.79,521.16,141.37,29.4,2.2,1.1,2.42,0.22,532.4,315.12,0.508
6739,9.94,10.6,105.29,89.1,31.88,2.2,1.1,2.42,0.22,532.4,396.34,0.528
6740,30.04,13.05,391.95,99.06,14.26,2.2,1.1,2.42,0.22,532.4,344.36,0.527
6741,6.77,10.28,69.62,18.37,5.49,2.2,1.1,2.42,0.22,532.4,284.1,0.493
6742,9.38,28.38,266.29,155.82,31.49,2.2,1.1,2.42,0.22,532.4,318.31,0.479
6743,32.36,29.62,958.52,260.88,25.67,2.2,1.1,2.42,0.22,532.4,501.54,0.527
6744,47.87,20.33,973.16,9.34,32.2,2.2,1.1,2.42,0.22,532.4,370.72,0.551
6745,41.04,26.7,1095.88,172.32,42.48,2.2,1.1,2.42,0.22,532.4,418.23,0.547
6746,38.57,26.91,1038.17,324.76,21.94,2.2,1.1,2.42,0.22,532.4,527.68,0.493
6747,30.4,13.01,395.33,115.11,24.71,2.2,1.1,2.42,0.22,532.4,515.27,0.507
6748,47.88,29.44,1409.56,295.51,0.21,2.2,1.1,2.42,0.22,532.4,286.85,0.539
6749,18.71,13.19,246.73,87.67,30.95,2.2,1.1,2.42,0.22,532.4,339.4,0.55
6750,7.59,26.64,202.07,82.38,11.8,2.2,1.1,2.42,0.22,532.4,464.68,0.542
6751,34.43,27.46,945.29,95.23,36.88,2.2,1.1,2.42,0.22,532.4,522.74,0.526
6752,13.68,14.75,201.71,304.29,6.4,2.2,1.1,2.42,0.22,532.4,285.52,0.506
6753,34.96,22.34,781.01,74.32,39.9,2.2,1.1,2.42,0.22,532.4,473.21,0.559
6754,27.02,12.78,345.27,284.84,12.27,2.2,1.1,2.42,0.22,532.4,396.19,0.538
6755,46.21,18.27,844.36,171.73,38.77,2.2,1.1,2.42,0.22,532.4,496.23,0.524
6756,35.82,8.0,286.73,161.12,44.85,2.2,1.1,2.42,0.22,532.4,311.68,0.522
6757,9.82,7.75,76.15,41.09,23.48,2.2,1.1,2.42,0.22,532.4,370.53,0.526
6758,41.92,8.28,347.22,156.19,0.81,2.2,1.1,2.42,0.22,532.4,327.12,0.519
6759,6.99,11.61,81.17,42.81,10.66,2.2,1.1,2.42,0.22,532.4,338.69,0.552
6760,35.37,9.29,328.59,14.48,19.77,2.2,1.1,2.42,0.22,532.4,287.52,0.55
6761,5.3,6.07,32.2,68.87,5.91,2.2,1.1,2.42,0.22,532.4,385.88,0.504
6762,46.94,17.15,805.09,175.83,15.02,2.2,1.1,2.42,0.22,532.4,336.98,0.543
6763,17.12,17.93,306.98,138.77,19.74,2.2,1.1,2.42,0.22,532.4,490.97,0.521
6764,15.99,25.57,408.96,2.01,37.4,2.2,1.1,2.42,0.22,532.4,376.3,0.517
6765,22.39,25.06,561.21,135.87,24.15,2.2,1.1,2.42,0.22,532.4,270.43,0.515
6766,45.81,13.56,621.35,14.48,43.62,2.2,1.1,2.42,0.22,532.4,414.8,0.528
6767,9.58,29.35,281.11,268.99,43.4,2.2,1.1,2.42,0.22,532.4,429.73,0.57
6768,14.53,17.9,259.98,84.31,24.34,2.2,1.1,2.42,0.22,532.4,491.89,0.524
6769,28.73,12.36,355.13,332.01,43.15,2.2,1.1,2.42,0.22,532.4,502.57,0.521
6770,9.11,8.96,81.69,336.89,41.01,2.2,1.1,2.42,0.22,532.4,294.36,0.513
6771,38.96,13.91,542.0,30.76,24.03,2.2,1.1,2.42,0.22,532.4,310.94,0.556
6772,38.71,16.16,625.42,237.02,32.43,2.2,1.1,2.42,0.22,532.4,335.02,0.53
6773,20.46,10.21,208.95,28.67,3.19,2.2,1.1,2.42,0.22,532.4,443.11,0.53
6774,22.83,17.71,404.33,119.13,24.56,2.2,1.1,2.42,0.22,532.4,380.03,0.542
6775,27.48,12.85,352.95,335.75,7.2,2.2,1.1,2.42,0.22,532.4,265.22,0.529
6776,37.0,24.2,895.51,90.81,26.13,2.2,1.1,2.42,0.22,532.4,358.7,0.535
6777,46.92,25.41,1192.08,43.07,26.83,2.2,1.1,2.42,0.22,532.4,427.39,0.514
6778,12.42,17.7,219.87,109.97,30.78,2.2,1.1,2.42,0.22,532.4,387.7,0.517
6779,14.19,14.42,204.63,289.3,40.6,2.2,1.1,2.42,0.22,532.4,353.53,0.492
6780,38.54,17.44,672.26,280.81,24.06,2.2,1.1,2.42,0.22,532.4,490.53,0.533
6781,16.95,10.34,175.21,30.06,39.47,2.2,1.1,2.42,0.22,532.4,387.66,0.536
6782,36.3,25.29,918.11,182.49,11.24,2.2,1.1,2.42,0.22,532.4,422.55,0.561
6783,32.74,27.34,894.99,300.71,28.02,2.2,1.1,2.42,0.22,532.4,289.94,0.514
6784,44.12,6.62,291.9,239.9,26.45,2.2,1.1,2.42,0.22,532.4,434.23,0.516
6785,29.83,12.65,377.3,144.8,34.14,2.2,1.1,2.42,0.22,532.4,383.27,0.506
6786,9.01,23.47,211.38,219.38,24.35,2.2,1.1,2.42,0.22,532.4,522.31,0.482
6787,38.68,5.92,229.16,178.69,26.01,2.2,1.1,2.42,0.22,532.4,435.61,0.494
6788,43.41,29.17,1266.49,301.48,17.41,2.2,1.1,2.42,0.22,532.4,413.98,0.549
6789,18.82,21.18,398.65,283.64,31.97,2.2,1.1,2.42,0.22,532.4,408.64,0.496
6790,26.52,5.09,135.0,186.75,25.3,2.2,1.1,2.42,0.22,532.4,499.56,0.479
6791,24.11,19.16,461.82,137.73,11.06,2.2,1.1,2.42,0.22,532.4,303.1,0.533
6792,41.63,15.31,637.18,156.68,10.97,2.2,1.1,2.42,0.22,532.4,305.12,0.489
6793,8.01,22.72,181.89,59.07,12.61,2.2,1.1,2.42,0.22,532.4,479.26,0.53
6794,41.93,27.85,1167.83,329.64,8.83,2.2,1.1,2.42,0.22,532.4,393.48,0.507
6795,48.91,6.79,332.28,328.44,2.95,2.2,1.1,2.42,0.22,532.4,514.72,0.535
6796,27.0,23.78,642.07,313.82,21.67,2.2,1.1,2.42,0.22,532.4,441.85,0.51
6797,22.94,25.98,595.76,344.69,2.97,2.2,1.1,2.42,0.22,532.4,514.43,0.509
6798,42.18,8.33,351.34,136.25,36.7,2.2,1.1,2.42,0.22,532.4,263.05,0.562
6799,19.66,14.65,288.11,130.22,8.84,2.2,1.1,2.42,0.22,532.4,452.42,0.54
6800,40.32,28.72,1157.86,198.67,26.51,2.2,1.1,2.42,0.22,532.4,345.32,0.49
6801,6.66,9.14,60.84,208.44,35.58,2.2,1.1,2.42,0.22,532.4,367.6,0.519
6802,35.0,12.79,447.72,39.24,26.68,2.2,1.1,2.42,0.22,532.4,341.31,0.517
6803,12.65,17.47,221.02,303.88,43.02,2.2,1.1,2.42,0.22,532.4,341.64,0.557
6804,37.8,23.09,872.91,7.5,14.27,2.2,1.1,2.42,0.22,532.4,440.52,0.523
6805,17.01,26.18,445.32,187.27,17.19,2.2,1.1,2.42,0.22,532.4,278.95,0.522
6806,44.81,17.8,797.53,337.86,1.11,2.2,1.1,2.42,0.22,532.4,350.19,0.526
6807,17.26,21.74,375.14,333.65,10.57,2.2,1.1,2.42,0.22,532.4,434.15,0.553
6808,33.17,18.73,621.2,211.27,11.53,2.2,1.1,2.42,0.22,532.4,410.62,0.476
6809,13.83,17.69,244.76,222.87,32.45,2.2,1.1,2.42,0.22,532.4,427.28,0.515
6810,23.14,18.21,421.42,143.07,35.73,2.2,1.1,2.42,0.22,532.4,385.0,0.513
6811,24.78,27.69,686.16,70.32,34.22,2.2,1.1,2.42,0.22,532.4,529.8,0.499
6812,28.86,15.29,441.31,282.13,15.44,2.2,1.1,2.42,0.22,532.4,469.61,0.538
6813,15.35,13.4,205.72,349.34,34.09,2.2,1.1,2.42,0.22,532.4,492.94,0.545
6814,41.34,11.26,465.39,180.42,30.17,2.2,1.1,2.42,0.22,532.4,490.95,0.505
6815,29.35,27.67,811.93,356.67,20.99,2.2,1.1,2.42,0.22,532.4,453.13,0.524
6816,16.17,22.28,360.26,157.81,37.77,2.2,1.1,2.42,0.22,532.4,509.89,0.506
6817,32.35,18.45,596.84,268.09,33.37,2.2,1.1,2.42,0.22,532.4,508.49,0.514
6818,37.05,25.3,937.32,268.71,38.83,2.2,1.1,2.42,0.22,532.4,362.29,0.536
6819,9.52,16.9,160.94,349.01,29.9,2.2,1.1,2.42,0.22,532.4,516.67,0.53
6820,39.66,8.29,328.98,354.89,24.51,2.2,1.1,2.42,0.22,532.4,503.87,0.506
6821,23.06,18.81,433.74,2.27,42.14,2.2,1.1,2.42,0.22,532.4,378.49,0.519
6822,8.66,26.92,233.1,252.96,1.92,2.2,1.1,2.42,0.22,532.4,368.72,0.524
6823,29.44,27.72,816.08,130.52,3.12,2.2,1.1,2.42,0.22,532.4,377.81,0.553
6824,6.05,10.63,64.33,276.1,13.14,2.2,1.1,2.42,0.22,532.4,309.97,0.504
6825,10.3,28.29,291.29,182.39,25.1,2.2,1.1,2.42,0.22,532.4,466.77,0.521
6826,32.03,27.22,871.66,303.25,12.49,2.2,1.1,2.42,0.22,532.4,319.69,0.514
6827,9.99,20.28,202.54,157.1,19.3,2.2,1.1,2.42,0.22,532.4,437.71,0.521
6828,8.17,28.72,234.71,230.04,25.67,2.2,1.1,2.42,0.22,532.4,445.03,0.496
6829,39.97,11.38,455.01,301.07,38.42,2.2,1.1,2.42,0.22,532.4,432.88,0.521
6830,35.81,25.46,911.71,68.15,24.11,2.2,1.1,2.42,0.22,532.4,472.38,0.523
6831,17.11,15.36,262.69,312.82,21.35,2.2,1.1,2.42,0.22,532.4,303.87,0.515
6832,8.09,24.59,198.84,58.28,9.18,2.2,1.1,2.42,0.22,532.4,310.67,0.53
6833,29.7,19.05,565.75,152.85,41.15,2.2,1.1,2.42,0.22,532.4,456.49,0.527
6834,26.14,16.94,442.85,159.23,38.81,2.2,1.1,2.42,0.22,532.4,323.45,0.558
6835,23.78,27.86,662.61,146.5,5.07,2.2,1.1,2.42,0.22,532.4,402.29,0.504
6836,47.59,22.43,1067.68,280.01,26.16,2.2,1.1,2.42,0.22,532.4,368.12,0.541
6837,47.91,6.49,310.94,4.33,8.92,2.2,1.1,2.42,0.22,532.4,437.37,0.542
6838,42.12,28.21,1188.18,60.92,17.16,2.2,1.1,2.42,0.22,532.4,447.74,0.524
6839,26.83,17.37,465.97,114.96,18.41,2.2,1.1,2.42,0.22,532.4,437.95,0.521
6840,48.63,14.27,693.72,162.21,29.67,2.2,1.1,2.42,0.22,532.4,346.95,0.541
6841,17.8,12.77,227.36,237.94,37.8,2.2,1.1,2.42,0.22,532.4,462.76,0.496
6842,34.62,26.46,916.01,281.88,23.08,2.2,1.1,2.42,0.22,532.4,470.0,0.532
6843,29.99,6.43,192.7,284.61,13.48,2.2,1.1,2.42,0.22,532.4,482.74,0.539
6844,7.28,18.11,131.78,344.94,3.04,2.2,1.1,2.42,0.22,532.4,498.86,0.538
6845,19.43,19.1,371.08,47.17,44.1,2.2,1.1,2.42,0.22,532.4,458.6,0.556
6846,24.42,24.19,590.86,221.69,0.81,2.2,1.1,2.42,0.22,532.4,319.89,0.555
6847,31.45,19.3,607.01,281.88,34.08,2.2,1.1,2.42,0.22,532.4,463.62,0.533
6848,23.08,7.5,173.17,91.56,43.79,2.2,1.1,2.42,0.22,532.4,542.89,0.495
6849,9.88,5.32,52.56,169.28,30.28,2.2,1.1,2.42,0.22,532.4,374.91,0.542
6850,46.98,22.97,1079.24,91.85,30.1,2.2,1.1,2.42,0.22,532.4,453.75,0.502
6851,41.94,5.6,234.75,120.44,20.48,2.2,1.1,2.42,0.22,532.4,496.88,0.512
6852,32.92,22.94,755.01,11.54,28.12,2.2,1.1,2.42,0.22,532.4,464.77,0.539
6853,48.91,29.27,1431.5,295.23,26.4,2.2,1.1,2.42,0.22,532.4,465.93,0.509
6854,37.69,27.23,1026.23,324.2,33.54,2.2,1.1,2.42,0.22,532.4,443.69,0.51
6855,43.4,6.53,283.5,189.11,0.11,2.2,1.1,2.42,0.22,532.4,510.64,0.516
6856,6.87,17.21,118.19,141.17,12.17,2.2,1.1,2.42,0.22,532.4,464.16,0.501
6857,26.89,8.39,225.71,101.37,20.19,2.2,1.1,2.42,0.22,532.4,327.65,0.487
6858,5.3,21.68,114.88,159.22,15.63,2.2,1.1,2.42,0.22,532.4,371.8,0.507
6859,39.27,14.41,565.84,41.89,42.41,2.2,1.1,2.42,0.22,532.4,361.5,0.503
6860,36.85,6.31,232.38,35.36,28.38,2.2,1.1,2.42,0.22,532.4,413.58,0.538
6861,17.31,19.84,343.47,22.85,44.63,2.2,1.1,2.42,0.22,532.4,331.27,0.555
6862,43.38,27.09,1175.3,287.0,8.75,2.2,1.1,2.42,0.22,532.4,485.43,0.5
6863,41.14,6.31,259.41,227.41,24.0,2.2,1.1,2.42,0.22,532.4,448.1,0.548
6864,23.04,24.78,571.0,243.86,34.27,2.2,1.1,2.42,0.22,532.4,367.9,0.516
6865,27.91,13.98,390.04,244.06,28.08,2.2,1.1,2.42,0.22,532.4,379.6,0.55
6866,48.88,25.28,1235.56,163.17,24.09,2.2,1.1,2.42,0.22,532.4,357.2,0.557
6867,8.91,16.15,143.96,291.9,34.04,2.2,1.1,2.42,0.22,532.4,405.36,0.568
6868,7.09,13.65,96.7,139.58,16.47,2.2,1.1,2.42,0.22,532.4,292.27,0.557
6869,40.73,16.73,681.35,186.05,6.77,2.2,1.1,2.42,0.22,532.4,289.98,0.552
6870,30.24,12.85,388.6,221.53,27.9,2.2,1.1,2.42,0.22,532.4,416.78,0.519
6871,12.79,27.71,354.38,172.09,2.85,2.2,1.1,2.42,0.22,532.4,475.96,0.533
6872,28.87,23.55,679.8,133.64,6.84,2.2,1.1,2.42,0.22,532.4,349.37,0.526
6873,10.82,29.38,318.02,79.42,14.12,2.2,1.1,2.42,0.22,532.4,501.62,0.518
6874,14.35,25.95,372.34,81.38,16.66,2.2,1.1,2.42,0.22,532.4,524.0,0.511
6875,10.8,10.03,108.28,94.91,38.19,2.2,1.1,2.42,0.22,532.4,355.33,0.497
6876,31.41,17.68,555.35,209.9,30.37,2.2,1.1,2.42,0.22,532.4,314.43,0.514
6877,26.82,13.64,365.92,330.09,15.55,2.2,1.1,2.42,0.22,532.4,345.8,0.508
6878,18.78,7.37,138.48,81.1,17.67,2.2,1.1,2.42,0.22,532.4,458.35,0.51
6879,26.55,9.74,258.66,166.62,11.81,2.2,1.1,2.42,0.22,532.4,350.77,0.499
6880,7.87,23.2,182.61,134.62,0.58,2.2,1.1,2.42,0.22,532.4,513.81,0.498
6881,44.83,27.3,1223.76,271.13,17.86,2.2,1.1,2.42,0.22,532.4,304.74,0.514
6882,49.99,8.77,438.31,182.17,41.89,2.2,1.1,2.42,0.22,532.4,497.92,0.517
6883,8.47,16.79,142.15,109.84,20.82,2.2,1.1,2.42,0.22,532.4,266.95,0.546
6884,20.71,23.94,495.81,225.4,38.57,2.2,1.1,2.42,0.22,532.4,369.03,0.517
6885,49.13,17.7,869.61,224.05,34.41,2.2,1.1,2.42,0.22,532.4,372.05,0.548
6886,8.7,12.08,105.12,24.23,24.77,2.2,1.1,2.42,0.22,532.4,396.04,0.5
6887,24.21,11.74,284.33,132.56,34.62,2.2,1.1,2.42,0.22,532.4,423.38,0.52
6888,44.53,26.84,1194.97,331.49,42.88,2.2,1.1,2.42,0.22,532.4,329.48,0.528
6889,28.16,6.03,169.76,263.97,5.45,2.2,1.1,2.42,0.22,532.4,288.96,0.514
6890,12.61,15.06,189.92,309.06,29.01,2.2,1.1,2.42,0.22,532.4,309.9,0.485
6891,6.52,9.39,61.26,141.13,21.21,2.2,1.1,2.42,0.22,532.4,518.96,0.502
6892,12.88,20.74,267.04,185.86,21.25,2.2,1.1,2.42,0.22,532.4,315.21,0.513
6893,7.29,27.23,198.6,130.77,27.36,2.2,1.1,2.42,0.22,532.4,410.32,0.533
6894,46.15,9.43,435.25,319.9,31.49,2.2,1.1,2.42,0.22,532.4,522.89,0.51
6895,24.18,11.88,287.2,237.2,16.67,2.2,1.1,2.42,0.22,532.4,418.66,0.506
6896,34.61,23.66,818.88,329.77,29.39,2.2,1.1,2.42,0.22,532.4,409.09,0.53
6897,9.47,11.07,104.85,192.52,44.64,2.2,1.1,2.42,0.22,532.4,365.64,0.507
6898,45.62,29.56,1348.75,358.92,43.39,2.2,1.1,2.42,0.22,532.4,262.64,0.56
6899,32.58,15.57,507.09,182.03,41.47,2.2,1.1,2.42,0.22,532.4,437.93,0.579
6900,18.38,26.01,478.04,201.51,9.59,2.2,1.1,2.42,0.22,532.4,397.57,0.543
6901,22.03,8.51,187.57,144.26,28.85,2.2,1.1,2.42,0.22,532.4,464.98,0.552
6902,46.86,12.23,573.24,132.61,28.27,2.2,1.1,2.42,0.22,532.4,269.87,0.57
6903,18.06,29.95,541.05,3.32,34.8,2.2,1.1,2.42,0.22,532.4,278.42,0.508
6904,41.29,20.48,845.5,27.72,1.58,2.2,1.1,2.42,0.22,532.4,416.52,0.515
6905,47.04,28.96,1362.26,250.7,27.68,2.2,1.1,2.42,0.22,532.4,461.7,0.486
6906,19.09,14.15,270.18,56.68,39.06,2.2,1.1,2.42,0.22,532.4,446.32,0.535
6907,46.14,29.78,1373.91,238.4,11.26,2.2,1.1,2.42,0.22,532.4,481.19,0.515
6908,12.68,22.23,281.86,22.22,0.06,2.2,1.1,2.42,0.22,532.4,529.69,0.489
6909,15.27,26.04,397.74,233.04,33.37,2.2,1.1,2.42,0.22,532.4,407.54,0.514
6910,11.96,9.72,116.32,247.77,35.3,2.2,1.1,2.42,0.22,532.4,288.44,0.54
6911,20.15,11.86,239.06,133.17,18.4,2.2,1.1,2.42,0.22,532.4,327.03,0.518
6912,7.11,29.62,210.54,139.9,27.18,2.2,1.1,2.42,0.22,532.4,367.62,0.511
6913,32.77,16.81,550.9,302.85,21.89,2.2,1.1,2.42,0.22,532.4,381.17,0.552
6914,17.25,7.19,123.99,232.83,44.41,2.2,1.1,2.42,0.22,532.4,269.25,0.516
6915,28.13,23.71,667.06,247.11,2.67,2.2,1.1,2.42,0.22,532.4,272.13,0.524
6916,19.82,29.68,588.34,189.79,1.28,2.2,1.1,2.42,0.22,532.4,357.06,0.515
6917,38.2,14.83,566.4,292.86,35.69,2.2,1.1,2.42,0.22,532.4,516.28,0.537
6918,34.84,11.89,414.27,168.55,26.13,2.2,1.1,2.42,0.22,532.4,377.36,0.509
6919,17.62,29.35,517.12,28.84,16.45,2.2,1.1,2.42,0.22,532.4,306.46,0.507
6920,28.1,16.27,457.2,303.4,29.17,2.2,1.1,2.42,0.22,532.4,307.55,0.533
6921,33.02,28.17,930.03,135.98,13.46,2.2,1.1,2.42,0.22,532.4,310.05,0.512
6922,8.02,23.65,189.75,342.31,8.93,2.2,1.1,2.42,0.22,532.4,439.1,0.516
6923,17.74,18.69,331.64,170.68,27.23,2.2,1.1,2.42,0.22,532.4,317.86,0.529
6924,5.29,16.27,86.07,274.37,35.56,2.2,1.1,2.42,0.22,532.4,459.59,0.525
6925,40.29,11.94,481.14,327.36,27.84,2.2,1.1,2.42,0.22,532.4,321.43,0.504
6926,16.58,27.33,453.23,50.98,38.89,2.2,1.1,2.42,0.22,532.4,314.91,0.543
6927,19.26,23.7,456.52,286.07,5.84,2.2,1.1,2.42,0.22,532.4,373.08,0.499
6928,7.9,25.92,204.76,238.58,2.49,2.2,1.1,2.42,0.22,532.4,334.4,0.502
6929,39.71,26.74,1061.87,162.83,15.49,2.2,1.1,2.42,0.22,532.4,427.37,0.506
6930,10.5,5.63,59.12,257.15,34.44,2.2,1.1,2.42,0.22,532.4,356.3,0.573
6931,17.34,12.81,222.16,24.8,26.66,2.2,1.1,2.42,0.22,532.4,291.44,0.532
6932,19.32,8.65,167.16,298.73,12.9,2.2,1.1,2.42,0.22,532.4,350.2,0.505
6933,19.13,25.86,494.85,9.56,43.27,2.2,1.1,2.42,0.22,532.4,451.55,0.548
6934,35.45,24.84,880.58,30.41,12.44,2.2,1.1,2.42,0.22,532.4,304.59,0.523
6935,36.02,28.65,1031.85,337.7,8.28,2.2,1.1,2.42,0.22,532.4,335.79,0.552
6936,16.69,23.88,398.67,117.34,34.66,2.2,1.1,2.42,0.22,532.4,508.75,0.496
6937,21.78,15.73,342.71,140.88,39.21,2.2,1.1,2.42,0.22,532.4,267.29,0.535
6938,21.93,20.81,456.51,223.31,39.99,2.2,1.1,2.42,0.22,532.4,297.47,0.549
6939,32.21,6.92,222.99,34.04,6.37,2.2,1.1,2.42,0.22,532.4,460.67,0.559
6940,23.08,20.63,476.24,93.0,40.35,2.2,1.1,2.42,0.22,532.4,269.45,0.532
6941,32.99,17.02,561.58,258.11,12.23,2.2,1.1,2.42,0.22,532.4,306.64,0.521
6942,45.96,26.79,1231.21,106.26,22.32,2.2,1.1,2.42,0.22,532.4,515.51,0.509
6943,11.03,17.27,190.56,31.37,28.74,2.2,1.1,2.42,0.22,532.4,330.22,0.516
6944,25.09,13.29,333.38,204.01,22.88,2.2,1.1,2.42,0.22,532.4,343.28,0.546
6945,14.02,29.56,414.38,250.32,2.09,2.2,1.1,2.42,0.22,532.4,323.88,0.546
6946,38.35,9.83,376.89,245.02,26.53,2.2,1.1,2.42,0.22,532.4,382.9,0.52
6947,31.84,6.52,207.57,143.86,34.54,2.2,1.1,2.42,0.22,532.4,375.51,0.502
6948,14.81,17.81,263.74,124.93,27.84,2.2,1.1,2.42,0.22,532.4,488.22,0.519
6949,26.33,16.06,422.84,192.11,10.62,2.2,1.1,2.42,0.22,532.4,329.73,0.54
6950,19.89,20.06,398.9,295.92,16.62,2.2,1.1,2.42,0.22,532.4,300.35,0.504
6951,47.47,19.24,913.09,277.03,29.13,2.2,1.1,2.42,0.22,532.4,401.15,0.533
6952,22.52,6.72,151.38,276.3,17.6,2.2,1.1,2.42,0.22,532.4,358.58,0.511
6953,21.72,17.19,373.37,177.29,11.3,2.2,1.1,2.42,0.22,532.4,350.03,0.51
6954,32.24,14.83,478.0,246.77,4.46,2.2,1.1,2.42,0.22,532.4,348.6,0.545
6955,35.22,10.43,367.29,80.65,22.88,2.2,1.1,2.42,0.22,532.4,403.59,0.486
6956,42.51,19.79,841.37,217.99,5.19,2.2,1.1,2.42,0.22,532.4,341.82,0.527
6957,29.23,8.4,245.56,152.33,1.0,2.2,1.1,2.42,0.22,532.4,358.0,0.505
6958,44.17,28.69,1267.3,8.94,37.35,2.2,1.1,2.42,0.22,532.4,525.3,0.518
6959,7.07,19.19,135.61,75.93,36.74,2.2,1.1,2.42,0.22,532.4,409.77,0.521
6960,46.85,10.16,476.07,290.7,12.4,2.2,1.1,2.42,0.22,532.4,478.24,0.497
6961,36.5,28.85,1053.09,356.08,21.71,2.2,1.1,2.42,0.22,532.4,327.61,0.534
6962,44.34,18.74,831.08,123.77,30.38,2.2,1.1,2.42,0.22,532.4,358.58,0.531
6963,16.2,9.39,152.14,321.31,20.8,2.2,1.1,2.42,0.22,532.4,278.42,0.514
6964,6.66,23.26,154.9,133.49,42.62,2.2,1.1,2.42,0.22,532.4,306.86,0.538
6965,37.46,12.54,469.66,208.09,21.95,2.2,1.1,2.42,0.22,532.4,498.47,0.523
6966,28.88,24.89,718.64,73.91,37.18,2.2,1.1,2.42,0.22,532.4,285.33,0.533
6967,9.18,26.86,246.57,191.22,20.49,2.2,1.1,2.42,0.22,532.4,445.74,0.525
6968,29.75,9.43,280.64,211.7,27.84,2.2,1.1,2.42,0.22,532.4,378.44,0.523
6969,41.36,12.0,496.39,304.89,27.77,2.2,1.1,2.42,0.22,532.4,444.43,0.523
6970,40.29,21.74,875.73,315.06,17.49,2.2,1.1,2.42,0.22,532.4,451.58,0.501
6971,34.47,21.38,737.03,175.38,26.95,2.2,1.1,2.42,0.22,532.4,339.47,0.506
6972,24.16,29.19,705.03,318.31,29.29,2.2,1.1,2.42,0.22,532.4,456.87,0.5
6973,34.49,19.57,674.79,125.41,4.49,2.2,1.1,2.42,0.22,532.4,281.39,0.52
6974,17.31,24.91,431.12,158.71,25.4,2.2,1.1,2.42,0.22,532.4,402.44,0.547
6975,13.35,11.1,148.18,56.62,6.58,2.2,1.1,2.42,0.22,532.4,439.8,0.525
6976,27.83,11.04,307.31,32.64,31.82,2.2,1.1,2.42,0.22,532.4,276.34,0.531
6977,12.87,8.01,103.12,46.68,4.73,2.2,1.1,2.42,0.22,532.4,320.5,0.511
6978,33.41,7.74,258.46,175.21,15.46,2.2,1.1,2.42,0.22,532.4,424.47,0.514
6979,45.91,19.05,874.48,160.17,7.98,2.2,1.1,2.42,0.22,532.4,520.46,0.503
6980,19.24,22.66,435.92,268.43,40.16,2.2,1.1,2.42,0.22,532.4,268.58,0.551
6981,16.25,6.15,99.89,164.38,13.92,2.2,1.1,2.42,0.22,532.4,483.51,0.54
6982,21.8,20.79,453.2,288.35,43.68,2.2,1.1,2.42,0.22,532.4,417.19,0.497
6983,17.99,14.55,261.8,203.13,20.72,2.2,1.1,2.42,0.22,532.4,257.59,0.547
6984,40.55,11.72,475.1,56.11,9.13,2.2,1.1,2.42,0.22,532.4,411.33,0.519
6985,30.28,15.96,483.32,52.87,25.54,2.2,1.1,2.42,0.22,532.4,412.63,0.516
6986,20.23,6.31,127.6,35.25,9.09,2.2,1.1,2.42,0.22,532.4,426.12,0.57
6987,22.24,15.41,342.63,193.63,43.81,2.2,1.1,2.42,0.22,532.4,507.71,0.515
6988,16.35,17.91,292.9,343.89,6.17,2.2,1.1,2.42,0.22,532.4,320.71,0.551
6989,9.91,13.44,133.17,60.15,40.89,2.2,1.1,2.42,0.22,532.4,469.18,0.506
6990,26.23,25.91,679.64,237.53,13.83,2.2,1.1,2.42,0.22,532.4,327.05,0.562
6991,33.58,17.73,595.3,192.75,4.08,2.2,1.1,2.42,0.22,532.4,506.57,0.477
6992,26.15,15.92,416.34,215.96,2.47,2.2,1.1,2.42,0.22,532.4,378.5,0.526
6993,43.51,25.8,1122.58,52.73,30.63,2.2,1.1,2.42,0.22,532.4,444.48,0.533
6994,15.25,28.24,430.8,277.73,28.24,2.2,1.1,2.42,0.22,532.4,415.95,0.506
6995,5.89,12.39,72.91,60.87,33.43,2.2,1.1,2.42,0.22,532.4,499.45,0.53
6996,17.61,9.19,161.86,175.97,38.88,2.2,1.1,2.42,0.22,532.4,335.65,0.524
6997,38.21,23.03,880.08,1.83,43.22,2.2,1.1,2.42,0.22,532.4,530.36,0.508
6998,18.64,7.18,133.85,310.23,20.92,2.2,1.1,2.42,0.22,532.4,315.16,0.544
6999,29.15,16.65,485.19,348.0,41.81,2.2,1.1,2.42,0.22,532.4,453.59,0.51
7000,25.76,7.48,192.67,237.32,5.11,2.2,1.1,2.42,0.22,532.4,465.56,0.513
7001,32.33,9.39,303.72,150.61,25.66,2.2,1.1,2.42,0.22,532.4,323.32,0.498
7002,49.92,24.5,1223.09,8.45,22.66,2.2,1.1,2.42,0.22,532.4,399.93,0.523
7003,6.67,23.93,159.71,188.05,37.66,2.2,1.1,2.42,0.22,532.4,264.51,0.54
7004,26.8,12.09,323.86,129.71,14.54,2.2,1.1,2.42,0.22,532.4,282.3,0.522
7005,37.81,13.77,520.77,302.65,44.66,2.2,1.1,2.42,0.22,532.4,469.07,0.508
7006,44.89,10.93,490.69,344.36,35.54,2.2,1.1,2.42,0.22,532.4,431.43,0.534
7007,48.17,22.57,1087.29,208.26,13.08,2.2,1.1,2.42,0.22,532.4,401.84,0.521
7008,19.52,21.86,426.66,12.05,18.99,2.2,1.1,2.42,0.22,532.4,467.75,0.542
7009,43.46,17.45,758.43,84.8,20.98,2.2,1.1,2.42,0.22,532.4,323.77,0.527
7010,13.06,26.42,345.05,63.98,30.52,2.2,1.1,2.42,0.22,532.4,509.29,0.501
7011,46.17,15.99,738.22,305.21,30.7,2.2,1.1,2.42,0.22,532.4,301.73,0.495
7012,9.22,27.06,249.47,306.81,28.31,2.2,1.1,2.42,0.22,532.4,523.92,0.528
7013,16.01,12.45,199.24,118.85,27.34,2.2,1.1,2.42,0.22,532.4,452.37,0.538
7014,21.18,8.68,183.8,302.71,21.68,2.2,1.1,2.42,0.22,532.4,438.12,0.517
7015,6.51,14.06,91.56,252.16,41.42,2.2,1.1,2.42,0.22,532.4,392.24,0.542
7016,30.19,7.95,240.08,319.93,2.6,2.2,1.1,2.42,0.22,532.4,419.03,0.506
7017,19.56,14.37,281.14,96.12,15.74,2.2,1.1,2.42,0.22,532.4,403.72,0.531
7018,19.91,28.3,563.4,230.71,24.55,2.2,1.1,2.42,0.22,532.4,408.32,0.546
7019,21.12,12.93,272.98,171.78,28.01,2.2,1.1,2.42,0.22,532.4,374.42,0.532
7020,7.83,16.34,128.02,223.81,22.88,2.2,1.1,2.42,0.22,532.4,361.55,0.482
7021,34.13,8.26,281.85,161.2,27.96,2.2,1.1,2.42,0.22,532.4,429.42,0.56
7022,29.84,25.77,769.14,334.41,35.29,2.2,1.1,2.42,0.22,532.4,498.03,0.509
7023,34.32,12.18,418.24,218.23,6.33,2.2,1.1,2.42,0.22,532.4,405.76,0.559
7024,35.31,8.46,298.69,303.61,43.17,2.2,1.1,2.42,0.22,532.4,293.7,0.507
7025,20.71,23.61,488.95,229.32,30.22,2.2,1.1,2.42,0.22,532.4,446.14,0.556
7026,17.05,18.81,320.72,208.99,27.08,2.2,1.1,2.42,0.22,532.4,297.82,0.523
7027,34.15,22.05,752.94,176.68,9.93,2.2,1.1,2.42,0.22,532.4,468.92,0.5
7028,40.4,28.73,1160.7,191.91,19.88,2.2,1.1,2.42,0.22,532.4,398.16,0.518
7029,38.77,24.48,949.14,3.15,3.62,2.2,1.1,2.42,0.22,532.4,420.65,0.536
7030,27.7,22.77,630.74,229.3,14.56,2.2,1.1,2.42,0.22,532.4,440.39,0.528
7031,34.16,21.88,747.32,57.59,36.14,2.2,1.1,2.42,0.22,532.4,410.79,0.527
7032,31.92,5.34,170.32,10.37,36.62,2.2,1.1,2.42,0.22,532.4,437.77,0.508
7033,23.64,25.15,594.38,188.29,23.75,2.2,1.1,2.42,0.22,532.4,338.43,0.512
7034,35.55,26.84,954.19,244.24,38.19,2.2,1.1,2.42,0.22,532.4,450.91,0.525
7035,35.31,21.45,757.51,249.84,1.98,2.2,1.1,2.42,0.22,532.4,549.45,0.494
7036,34.33,22.67,778.34,335.08,31.39,2.2,1.1,2.42,0.22,532.4,448.4,0.526
7037,44.23,29.75,1315.55,190.31,35.73,2.2,1.1,2.42,0.22,532.4,359.37,0.54
7038,29.67,22.38,664.09,98.94,3.62,2.2,1.1,2.42,0.22,532.4,357.59,0.539
7039,43.93,17.27,758.54,11.33,28.23,2.2,1.1,2.42,0.22,532.4,531.39,0.518
7040,37.07,24.49,907.77,297.27,44.94,2.2,1.1,2.42,0.22,532.4,284.52,0.506
7041,38.52,14.7,566.2,178.76,30.05,2.2,1.1,2.42,0.22,532.4,468.59,0.518
7042,24.31,17.25,419.42,227.95,32.57,2.2,1.1,2.42,0.22,532.4,438.1,0.547
7043,43.4,19.6,850.58,112.34,12.64,2.2,1.1,2.42,0.22,532.4,295.04,0.502
7044,38.08,17.96,684.11,153.62,25.44,2.2,1.1,2.42,0.22,532.4,473.73,0.539
7045,26.8,8.26,221.34,138.79,41.29,2.2,1.1,2.42,0.22,532.4,430.27,0.534
7046,31.29,11.29,353.15,31.64,19.51,2.2,1.1,2.42,0.22,532.4,290.67,0.541
7047,49.09,16.78,823.66,352.7,22.04,2.2,1.1,2.42,0.22,532.4,461.73,0.524
7048,16.35,10.28,168.07,20.58,4.38,2.2,1.1,2.42,0.22,532.4,319.95,0.488
7049,19.65,17.27,339.39,137.08,29.67,2.2,1.1,2.42,0.22,532.4,349.18,0.493
7050,23.42,23.9,559.79,55.52,12.95,2.2,1.1,2.42,0.22,532.4,359.56,0.515
7051,13.13,28.94,379.96,15.21,7.17,2.2,1.1,2.42,0.22,532.4,346.26,0.543
7052,13.97,19.09,266.62,147.2,38.62,2.2,1.1,2.42,0.22,532.4,277.07,0.575
7053,44.78,26.31,1178.05,75.77,40.87,2.2,1.1,2.42,0.22,532.4,270.7,0.523
7054,37.48,23.28,872.75,1.88,34.98,2.2,1.1,2.42,0.22,532.4,330.16,0.546
7055,27.75,23.4,649.16,103.23,30.68,2.2,1.1,2.42,0.22,532.4,301.78,0.517
7056,16.76,27.86,466.98,333.26,24.32,2.2,1.1,2.42,0.22,532.4,387.51,0.552
7057,34.93,7.34,256.56,68.37,1.22,2.2,1.1,2.42,0.22,532.4,285.97,0.496
7058,10.15,14.25,144.65,87.15,19.31,2.2,1.1,2.42,0.22,532.4,315.07,0.548
7059,27.81,13.79,383.45,302.46,2.11,2.2,1.1,2.42,0.22,532.4,362.52,0.597
7060,39.65,29.77,1180.52,25.22,40.18,2.2,1.1,2.42,0.22,532.4,333.38,0.507
7061,13.31,8.58,114.23,297.25,4.16,2.2,1.1,2.42,0.22,532.4,534.8,0.496
7062,6.21,19.48,120.9,8.79,30.33,2.2,1.1,2.42,0.22,532.4,279.55,0.527
7063,7.08,16.29,115.37,38.84,19.07,2.2,1.1,2.42,0.22,532.4,355.06,0.509
7064,31.16,18.73,583.6,184.43,23.83,2.2,1.1,2.42,0.22,532.4,358.41,0.519
7065,42.04,13.61,572.09,306.57,0.76,2.2,1.1,2.42,0.22,532.4,292.17,0.566
7066,46.18,20.86,963.07,232.28,22.62,2.2,1.1,2.42,0.22,532.4,328.43,0.516
7067,9.76,28.21,275.37,350.2,6.91,2.2,1.1,2.42,0.22,532.4,337.05,0.531
7068,9.92,12.77,126.68,184.57,3.62,2.2,1.1,2.42,0.22,532.4,368.12,0.542
7069,27.05,12.16,329.02,104.59,21.67,2.2,1.1,2.42,0.22,532.4,283.57,0.51
7070,24.47,9.23,225.95,84.33,32.47,2.2,1.1,2.42,0.22,532.4,433.41,0.562
7071,32.56,25.39,826.8,39.26,17.11,2.2,1.1,2.42,0.22,532.4,320.76,0.549
7072,12.38,29.62,366.73,359.43,3.25,2.2,1.1,2.42,0.22,532.4,317.32,0.556
7073,34.34,22.55,774.39,338.1,3.58,2.2,1.1,2.42,0.22,532.4,338.33,0.54
7074,35.33,6.68,236.04,318.97,22.66,2.2,1.1,2.42,0.22,532.4,529.77,0.518
7075,40.45,23.9,966.5,206.03,8.73,2.2,1.1,2.42,0.22,532.4,279.93,0.505
7076,39.3,11.27,443.02,324.9,27.92,2.2,1.1,2.42,0.22,532.4,501.0,0.527
7077,46.39,10.09,468.13,172.52,40.47,2.2,1.1,2.42,0.22,532.4,386.83,0.544
7078,18.17,26.49,481.34,120.71,33.03,2.2,1.1,2.42,0.22,532.4,471.93,0.505
7079,21.71,9.95,216.05,320.07,38.58,2.2,1.1,2.42,0.22,532.4,263.03,0.528
7080,36.56,23.24,849.91,303.16,33.05,2.2,1.1,2.42,0.22,532.4,388.66,0.528
7081,11.95,16.41,196.0,246.9,39.75,2.2,1.1,2.42,0.22,532.4,375.03,0.489
7082,12.78,12.13,155.07,288.73,28.69,2.2,1.1,2.42,0.22,532.4,456.16,0.548
7083,40.28,20.38,820.72,159.98,37.57,2.2,1.1,2.42,0.22,532.4,474.54,0.524
7084,40.87,7.32,299.0,80.95,4.54,2.2,1.1,2.42,0.22,532.4,380.59,0.488
7085,9.81,6.63,65.09,324.46,35.95,2.2,1.1,2.42,0.22,532.4,506.67,0.533
7086,17.0,6.73,114.37,359.1,1.99,2.2,1.1,2.42,0.22,532.4,376.25,0.536
7087,9.41,11.86,111.59,226.0,42.91,2.2,1.1,2.42,0.22,532.4,452.2,0.563
7088,49.7,19.66,977.0,65.86,8.56,2.2,1.1,2.42,0.22,532.4,328.81,0.509
7089,31.13,10.61,330.18,290.43,26.36,2.2,1.1,2.42,0.22,532.4,276.48,0.522
7090,13.16,10.24,134.74,330.98,39.46,2.2,1.1,2.42,0.22,532.4,445.87,0.551
7091,24.71,21.5,531.34,239.08,25.28,2.2,1.1,2.42,0.22,532.4,297.31,0.545
7092,18.31,10.25,187.74,222.66,14.2,2.2,1.1,2.42,0.22,532.4,354.33,0.507
7093,29.06,22.62,657.28,224.91,44.8,2.2,1.1,2.42,0.22,532.4,326.1,0.533
7094,47.1,21.17,997.08,144.82,8.57,2.2,1.1,2.42,0.22,532.4,331.2,0.528
7095,43.55,5.85,254.81,202.44,25.0,2.2,1.1,2.42,0.22,532.4,277.78,0.554
7096,19.1,10.28,196.35,146.69,20.77,2.2,1.1,2.42,0.22,532.4,450.81,0.535
7097,12.16,9.84,119.73,10.69,33.75,2.2,1.1,2.42,0.22,532.4,300.27,0.54
7098,8.84,23.82,210.54,73.22,36.45,2.2,1.1,2.42,0.22,532.4,422.49,0.536
7099,11.78,24.8,292.13,66.17,2.09,2.2,1.1,2.42,0.22,532.4,312.53,0.528
7100,10.29,16.85,173.35,242.37,20.29,2.2,1.1,2.42,0.22,532.4,314.23,0.511
7101,14.74,13.44,198.13,258.46,1.95,2.2,1.1,2.42,0.22,532.4,361.46,0.502
7102,12.06,9.69,116.91,227.76,41.31,2.2,1.1,2.42,0.22,532.4,308.93,0.511
7103,45.86,23.51,1078.05,115.88,3.05,2.2,1.1,2.42,0.22,532.4,510.12,0.528
7104,9.56,15.22,145.42,207.22,43.97,2.2,1.1,2.42,0.22,532.4,503.62,0.523
7105,7.53,19.81,149.15,38.75,16.44,2.2,1.1,2.42,0.22,532.4,461.01,0.517
7106,49.88,9.98,497.95,345.31,34.71,2.2,1.1,2.42,0.22,532.4,510.46,0.517
7107,28.34,21.09,597.73,342.01,6.59,2.2,1.1,2.42,0.22,532.4,380.46,0.522
7108,28.27,7.95,224.74,43.63,44.28,2.2,1.1,2.42,0.22,532.4,397.57,0.546
7109,10.3,13.52,139.23,307.83,13.34,2.2,1.1,2.42,0.22,532.4,534.18,0.485
7110,37.61,17.75,667.35,14.95,2.11,2.2,1.1,2.42,0.22,532.4,532.16,0.517
7111,10.53,12.26,129.08,32.42,17.14,2.2,1.1,2.42,0.22,532.4,394.88,0.533
7112,44.74,11.08,495.68,227.75,5.13,2.2,1.1,2.42,0.22,532.4,540.13,0.504
7113,10.18,29.78,303.0,158.8,36.29,2.2,1.1,2.42,0.22,532.4,371.75,0.545
7114,18.93,13.76,260.43,88.42,28.91,2.2,1.1,2.42,0.22,532.4,349.75,0.563
7115,29.21,8.65,252.54,115.16,39.93,2.2,1.1,2.42,0.22,532.4,443.6,0.517
7116,32.73,5.2,170.16,239.19,0.89,2.2,1.1,2.42,0.22,532.4,325.13,0.499
7117,30.27,12.9,390.54,246.08,38.79,2.2,1.1,2.42,0.22,532.4,474.19,0.535
7118,25.2,10.24,257.96,115.49,29.79,2.2,1.1,2.42,0.22,532.4,486.11,0.496
7119,18.14,15.48,280.82,72.34,11.33,2.2,1.1,2.42,0.22,532.4,438.46,0.536
7120,49.83,13.93,694.39,156.48,41.07,2.2,1.1,2.42,0.22,532.4,349.52,0.533
7121,32.19,6.63,213.59,123.74,9.71,2.2,1.1,2.42,0.22,532.4,405.72,0.54
7122,16.54,11.3,186.83,21.57,41.73,2.2,1.1,2.42,0.22,532.4,335.67,0.524
7123,43.17,14.19,612.72,46.24,44.95,2.2,1.1,2.42,0.22,532.4,288.88,0.518
7124,28.73,20.72,595.19,20.15,8.99,2.2,1.1,2.42,0.22,532.4,290.35,0.507
7125,28.39,5.19,147.41,345.28,6.89,2.2,1.1,2.42,0.22,532.4,475.29,0.564
7126,44.73,29.3,1310.31,326.13,2.19,2.2,1.1,2.42,0.22,532.4,443.84,0.545
7127,41.4,19.92,824.67,152.15,13.48,2.2,1.1,2.42,0.22,532.4,328.52,0.527
7128,30.97,26.69,826.64,33.28,33.07,2.2,1.1,2.42,0.22,532.4,396.16,0.506
7129,7.32,6.39,46.73,68.81,30.05,2.2,1.1,2.42,0.22,532.4,508.69,0.505
7130,44.27,10.07,445.78,239.58,43.79,2.2,1.1,2.42,0.22,532.4,324.36,0.497
7131,7.08,9.03,63.91,337.32,29.17,2.2,1.1,2.42,0.22,532.4,485.39,0.533
7132,13.68,25.47,348.42,191.19,22.31,2.2,1.1,2.42,0.22,532.4,490.46,0.507
7133,35.0,24.67,863.26,92.54,3.64,2.2,1.1,2.42,0.22,532.4,484.1,0.511
7134,24.26,21.85,530.07,5.93,7.0,2.2,1.1,2.42,0.22,532.4,297.99,0.513
7135,10.05,22.73,228.42,247.7,38.47,2.2,1.1,2.42,0.22,532.4,293.75,0.5
7136,12.64,15.95,201.62,113.92,29.12,2.2,1.1,2.42,0.22,532.4,518.54,0.505
7137,41.68,25.37,1057.48,30.13,42.16,2.2,1.1,2.42,0.22,532.4,442.29,0.51
7138,37.54,24.08,903.8,213.82,12.84,2.2,1.1,2.42,0.22,532.4,336.01,0.511
7139,33.08,8.18,270.79,38.39,22.64,2.2,1.1,2.42,0.22,532.4,282.26,0.512
7140,29.41,14.61,429.75,22.95,33.55,2.2,1.1,2.42,0.22,532.4,334.72,0.518
7141,19.04,25.24,480.59,248.74,9.2,2.2,1.1,2.42,0.22,532.4,409.61,0.512
7142,37.54,5.17,194.04,297.1,40.06,2.2,1.1,2.42,0.22,532.4,509.25,0.53
7143,11.73,22.54,264.3,315.11,0.66,2.2,1.1,2.42,0.22,532.4,352.14,0.523
7144,33.04,14.43,476.73,214.39,28.72,2.2,1.1,2.42,0.22,532.4,399.26,0.529
7145,32.34,7.33,237.14,113.51,8.53,2.2,1.1,2.42,0.22,532.4,371.22,0.511
7146,33.58,26.75,898.49,261.63,1.55,2.2,1.1,2.42,0.22,532.4,305.94,0.527
7147,19.02,8.58,163.21,122.83,15.53,2.2,1.1,2.42,0.22,532.4,528.85,0.517
7148,37.81,28.14,1064.06,106.32,6.97,2.2,1.1,2.42,0.22,532.4,315.27,0.548
7149,34.1,15.55,530.49,66.02,9.33,2.2,1.1,2.42,0.22,532.4,321.52,0.523
7150,48.45,6.24,302.45,126.61,43.86,2.2,1.1,2.42,0.22,532.4,410.55,0.521
7151,15.68,11.75,184.27,203.3,20.41,2.2,1.1,2.42,0.22,532.4,369.69,0.511
7152,19.36,10.32,199.79,155.71,30.11,2.2,1.1,2.42,0.22,532.4,342.74,0.513
7153,15.81,5.57,88.09,240.29,2.6,2.2,1.1,2.42,0.22,532.4,358.39,0.488
7154,25.4,22.47,570.73,158.32,32.6,2.2,1.1,2.42,0.22,532.4,399.36,0.532
7155,15.82,13.78,217.89,72.25,30.34,2.2,1.1,2.42,0.22,532.4,474.67,0.527
7156,28.25,14.49,409.19,229.95,5.26,2.2,1.1,2.42,0.22,532.4,315.78,0.576
7157,13.37,5.61,75.01,21.25,10.97,2.2,1.1,2.42,0.22,532.4,310.45,0.508
7158,49.95,22.95,1146.4,287.81,40.0,2.2,1.1,2.42,0.22,532.4,308.98,0.516
7159,20.03,24.92,499.15,153.56,20.8,2.2,1.1,2.42,0.22,532.4,450.2,0.539
7160,35.86,15.41,552.48,136.36,39.92,2.2,1.1,2.42,0.22,532.4,323.22,0.55
7161,40.52,8.95,362.58,90.33,37.6,2.2,1.1,2.42,0.22,532.4,395.8,0.503
7162,41.82,26.28,1099.08,138.03,16.99,2.2,1.1,2.42,0.22,532.4,458.36,0.514
7163,33.76,25.4,857.5,31.76,34.88,2.2,1.1,2.42,0.22,532.4,506.27,0.523
7164,5.61,22.98,128.83,159.64,7.49,2.2,1.1,2.42,0.22,532.4,468.37,0.518
7165,44.02,17.46,768.62,110.51,17.21,2.2,1.1,2.42,0.22,532.4,463.26,0.512
7166,16.31,19.86,324.03,151.67,29.38,2.2,1.1,2.42,0.22,532.4,412.49,0.554
7167,37.09,17.37,644.39,144.86,37.57,2.2,1.1,2.42,0.22,532.4,396.95,0.526
7168,25.34,28.21,714.76,173.33,38.35,2.2,1.1,2.42,0.22,532.4,316.52,0.499
7169,47.73,14.96,714.16,108.78,39.31,2.2,1.1,2.42,0.22,532.4,513.26,0.505
7170,28.61,11.13,318.43,19.58,22.29,2.2,1.1,2.42,0.22,532.4,519.43,0.531
7171,10.5,15.94,167.45,271.0,30.43,2.2,1.1,2.42,0.22,532.4,382.53,0.568
7172,41.49,24.95,1035.03,25.82,9.85,2.2,1.1,2.42,0.22,532.4,406.85,0.579
7173,41.75,23.76,991.84,323.18,12.64,2.2,1.1,2.42,0.22,532.4,503.19,0.5
7174,27.95,18.79,525.29,315.51,39.19,2.2,1.1,2.42,0.22,532.4,357.48,0.526
7175,20.25,17.01,344.46,123.63,40.46,2.2,1.1,2.42,0.22,532.4,545.85,0.502
7176,9.1,12.07,109.84,201.89,37.39,2.2,1.1,2.42,0.22,532.4,481.91,0.542
7177,13.0,24.98,324.72,0.25,11.88,2.2,1.1,2.42,0.22,532.4,350.84,0.527
7178,11.85,8.57,101.53,64.25,27.35,2.2,1.1,2.42,0.22,532.4,533.1,0.505
7179,18.73,9.07,169.89,352.08,15.32,2.2,1.1,2.42,0.22,532.4,445.35,0.537
7180,21.13,11.82,249.61,112.69,7.87,2.2,1.1,2.42,0.22,532.4,338.2,0.521
7181,17.56,21.43,376.44,196.43,6.75,2.2,1.1,2.42,0.22,532.4,421.82,0.523
7182,29.9,17.02,508.75,236.81,32.9,2.2,1.1,2.42,0.22,532.4,427.15,0.523
7183,9.84,27.78,273.38,316.15,8.71,2.2,1.1,2.42,0.22,532.4,449.23,0.488
7184,5.63,7.36,41.44,314.16,35.98,2.2,1.1,2.42,0.22,532.4,434.77,0.514
7185,11.36,23.08,262.03,178.02,39.57,2.2,1.1,2.42,0.22,532.4,432.12,0.552
7186,40.83,19.83,809.58,46.39,11.05,2.2,1.1,2.42,0.22,532.4,541.12,0.484
7187,27.3,17.11,467.0,227.65,28.64,2.2,1.1,2.42,0.22,532.4,428.27,0.515
7188,17.5,25.9,453.12,168.74,3.51,2.2,1.1,2.42,0.22,532.4,357.48,0.555
7189,41.56,8.42,349.77,13.41,42.94,2.2,1.1,2.42,0.22,532.4,424.76,0.543
7190,21.34,13.96,298.04,130.39,16.6,2.2,1.1,2.42,0.22,532.4,408.34,0.523
7191,18.79,29.94,562.6,287.81,31.68,2.2,1.1,2.42,0.22,532.4,297.46,0.539
7192,20.14,6.02,121.33,56.78,5.72,2.2,1.1,2.42,0.22,532.4,353.25,0.487
7193,25.33,6.23,157.75,87.56,6.76,2.2,1.1,2.42,0.22,532.4,418.39,0.548
7194,33.72,27.1,913.7,192.22,3.78,2.2,1.1,2.42,0.22,532.4,305.22,0.514
7195,31.06,9.24,286.9,18.68,26.89,2.2,1.1,2.42,0.22,532.4,380.93,0.529
7196,30.41,21.34,648.96,358.7,26.91,2.2,1.1,2.42,0.22,532.4,338.27,0.551
7197,42.8,7.9,338.04,22.43,3.6,2.2,1.1,2.42,0.22,532.4,282.87,0.534
7198,17.62,18.09,318.73,46.18,11.04,2.2,1.1,2.42,0.22,532.4,433.83,0.553
7199,5.42,11.78,63.86,13.7,30.89,2.2,1.1,2.42,0.22,532.4,302.89,0.527
7200,5.45,29.6,161.44,211.65,6.81,2.2,1.1,2.42,0.22,532.4,443.9,0.514
7201,23.14,17.39,402.51,150.74,34.91,2.2,1.1,2.42,0.22,532.4,365.21,0.487
7202,17.18,18.52,318.27,217.48,43.22,2.2,1.1,2.42,0.22,532.4,316.24,0.526
7203,12.19,21.14,257.68,145.69,2.22,2.2,1.1,2.42,0.22,532.4,305.17,0.527
7204,6.97,10.44,72.81,310.8,0.76,2.2,1.1,2.42,0.22,532.4,484.33,0.541
7205,5.23,20.07,105.0,163.25,7.24,2.2,1.1,2.42,0.22,532.4,461.11,0.513
7206,43.17,22.65,977.81,190.16,28.32,2.2,1.1,2.42,0.22,532.4,511.65,0.522
7207,40.94,20.37,834.18,286.11,39.17,2.2,1.1,2.42,0.22,532.4,284.25,0.513
7208,10.1,17.21,173.88,103.54,15.23,2.2,1.1,2.42,0.22,532.4,526.23,0.515
7209,12.99,19.14,248.71,250.0,2.19,2.2,1.1,2.42,0.22,532.4,459.59,0.514
7210,48.09,15.81,760.14,149.09,24.2,2.2,1.1,2.42,0.22,532.4,467.69,0.525
7211,33.75,5.03,169.69,287.62,44.39,2.2,1.1,2.42,0.22,532.4,363.9,0.507
7212,13.02,25.58,332.99,331.66,6.56,2.2,1.1,2.42,0.22,532.4,260.8,0.539
7213,40.23,28.62,1151.64,181.17,41.0,2.2,1.1,2.42,0.22,532.4,268.04,0.54
7214,6.35,5.0,31.74,331.9,40.23,2.2,1.1,2.42,0.22,532.4,331.83,0.498
7215,19.13,5.4,103.25,190.72,18.5,2.2,1.1,2.42,0.22,532.4,460.33,0.552
7216,17.88,18.88,337.53,358.38,23.52,2.2,1.1,2.42,0.22,532.4,466.93,0.52
7217,7.81,17.23,134.51,319.17,42.15,2.2,1.1,2.42,0.22,532.4,490.97,0.53
7218,36.58,23.58,862.57,84.56,29.33,2.2,1.1,2.42,0.22,532.4,434.42,0.538
7219,13.99,8.25,115.43,276.72,44.56,2.2,1.1,2.42,0.22,532.4,471.3,0.527
7220,46.24,28.69,1326.37,151.91,15.0,2.2,1.1,2.42,0.22,532.4,485.83,0.49
7221,17.04,25.91,441.45,30.67,3.31,2.2,1.1,2.42,0.22,532.4,439.44,0.519
7222,27.77,26.82,744.79,82.48,2.59,2.2,1.1,2.42,0.22,532.4,337.68,0.478
7223,11.76,18.73,220.29,6.3,11.29,2.2,1.1,2.42,0.22,532.4,406.75,0.528
7224,42.8,6.31,269.88,24.89,1.84,2.2,1.1,2.42,0.22,532.4,438.03,0.53
7225,15.68,28.17,441.51,27.99,44.76,2.2,1.1,2.42,0.22,532.4,282.55,0.504
7226,47.42,26.9,1275.44,129.72,44.12,2.2,1.1,2.42,0.22,532.4,430.39,0.51
7227,18.94,7.82,148.09,35.86,14.09,2.2,1.1,2.42,0.22,532.4,334.03,0.515
7228,28.91,25.88,748.07,209.98,6.91,2.2,1.1,2.42,0.22,532.4,317.73,0.534
7229,40.75,23.81,970.35,211.18,19.57,2.2,1.1,2.42,0.22,532.4,492.29,0.543
7230,13.19,14.76,194.72,301.99,33.04,2.2,1.1,2.42,0.22,532.4,274.43,0.516
7231,46.25,18.7,865.09,115.04,31.58,2.2,1.1,2.42,0.22,532.4,357.47,0.523
7232,34.97,17.78,621.71,325.35,44.45,2.2,1.1,2.42,0.22,532.4,380.56,0.508
7233,21.56,20.02,431.46,135.15,30.33,2.2,1.1,2.42,0.22,532.4,436.71,0.531
7234,10.97,21.55,236.47,136.24,1.79,2.2,1.1,2.42,0.22,532.4,459.68,0.559
7235,16.0,9.4,150.45,13.15,18.01,2.2,1.1,2.42,0.22,532.4,287.84,0.564
7236,17.52,21.38,374.62,224.92,1.37,2.2,1.1,2.42,0.22,532.4,476.91,0.556
7237,11.81,29.21,344.99,264.33,39.02,2.2,1.1,2.42,0.22,532.4,394.74,0.513
7238,22.4,9.58,214.58,116.51,42.68,2.2,1.1,2.42,0.22,532.4,503.57,0.546
7239,19.99,8.42,168.44,100.75,22.01,2.2,1.1,2.42,0.22,532.4,366.46,0.56
7240,37.45,21.26,796.13,273.18,9.35,2.2,1.1,2.42,0.22,532.4,425.03,0.571
7241,33.83,16.97,574.18,148.55,32.22,2.2,1.1,2.42,0.22,532.4,297.36,0.531
7242,33.63,14.79,497.5,191.9,43.45,2.2,1.1,2.42,0.22,532.4,299.95,0.513
7243,38.9,26.05,1013.5,36.65,43.77,2.2,1.1,2.42,0.22,532.4,343.03,0.536
7244,14.42,9.45,136.26,55.31,0.02,2.2,1.1,2.42,0.22,532.4,442.46,0.5
7245,29.3,20.99,615.1,43.03,41.64,2.2,1.1,2.42,0.22,532.4,448.64,0.532
7246,42.04,24.16,1015.63,304.03,28.8,2.2,1.1,2.42,0.22,532.4,502.73,0.526
7247,40.92,20.97,857.99,94.54,0.52,2.2,1.1,2.42,0.22,532.4,445.38,0.515
7248,49.19,29.48,1449.91,267.48,32.91,2.2,1.1,2.42,0.22,532.4,310.92,0.581
7249,46.09,17.17,791.23,63.9,14.73,2.2,1.1,2.42,0.22,532.4,347.35,0.527
7250,38.93,25.84,1005.92,56.6,33.09,2.2,1.1,2.42,0.22,532.4,269.51,0.513
7251,12.64,8.4,106.21,40.12,0.71,2.2,1.1,2.42,0.22,532.4,465.02,0.542
7252,24.95,10.09,251.72,321.94,41.05,2.2,1.1,2.42,0.22,532.4,409.24,0.521
7253,40.93,7.98,326.54,53.11,37.49,2.2,1.1,2.42,0.22,532.4,499.99,0.526
7254,20.16,18.23,367.66,351.75,14.08,2.2,1.1,2.42,0.22,532.4,502.06,0.542
7255,19.66,13.53,266.06,59.26,26.17,2.2,1.1,2.42,0.22,532.4,498.36,0.542
7256,42.53,20.73,881.73,75.94,38.88,2.2,1.1,2.42,0.22,532.4,451.75,0.518
7257,39.07,29.74,1161.69,24.42,10.72,2.2,1.1,2.42,0.22,532.4,323.95,0.53
7258,9.99,17.26,172.38,227.24,27.66,2.2,1.1,2.42,0.22,532.4,539.91,0.482
7259,23.57,17.37,409.23,182.13,16.77,2.2,1.1,2.42,0.22,532.4,376.17,0.502
7260,32.73,27.68,905.94,108.1,26.16,2.2,1.1,2.42,0.22,532.4,360.59,0.556
7261,34.97,9.0,314.63,99.59,36.12,2.2,1.1,2.42,0.22,532.4,514.15,0.526
7262,47.25,20.37,962.65,217.12,15.24,2.2,1.1,2.42,0.22,532.4,456.69,0.5
7263,37.82,12.46,471.3,73.32,33.64,2.2,1.1,2.42,0.22,532.4,424.16,0.516
7264,9.53,27.65,263.61,305.99,22.2,2.2,1.1,2.42,0.22,532.4,452.31,0.529
7265,38.25,25.24,965.37,106.72,42.95,2.2,1.1,2.42,0.22,532.4,354.21,0.544
7266,19.45,9.01,175.17,79.58,13.95,2.2,1.1,2.42,0.22,532.4,402.42,0.536
7267,11.87,10.59,125.73,317.95,14.46,2.2,1.1,2.42,0.22,532.4,321.7,0.545
7268,12.19,23.04,280.95,91.76,41.41,2.2,1.1,2.42,0.22,532.4,539.83,0.492
7269,27.46,20.04,550.51,216.79,33.41,2.2,1.1,2.42,0.22,532.4,507.27,0.534
7270,40.14,13.24,531.3,126.84,41.04,2.2,1.1,2.42,0.22,532.4,362.74,0.531
7271,8.46,14.03,118.65,244.9,33.08,2.2,1.1,2.42,0.22,532.4,507.45,0.516
7272,25.57,22.77,582.17,52.55,39.07,2.2,1.1,2.42,0.22,532.4,446.06,0.494
7273,32.48,5.87,190.77,227.31,6.16,2.2,1.1,2.42,0.22,532.4,335.36,0.528
7274,48.53,22.4,1087.01,323.13,17.86,2.2,1.1,2.42,0.22,532.4,510.94,0.473
7275,17.05,23.44,399.69,206.67,7.82,2.2,1.1,2.42,0.22,532.4,354.97,0.505
7276,19.57,7.75,151.67,146.45,38.58,2.2,1.1,2.42,0.22,532.4,485.84,0.528
7277,42.84,19.31,827.09,349.95,18.72,2.2,1.1,2.42,0.22,532.4,458.61,0.524
7278,30.13,25.16,757.9,101.98,33.54,2.2,1.1,2.42,0.22,532.4,368.11,0.536
7279,14.52,8.48,123.14,128.68,32.57,2.2,1.1,2.42,0.22,532.4,312.63,0.562
7280,12.52,28.02,350.69,266.07,4.99,2.2,1.1,2.42,0.22,532.4,409.94,0.495
7281,37.49,11.81,442.61,307.46,34.01,2.2,1.1,2.42,0.22,532.4,405.35,0.496
7282,13.95,28.21,393.68,0.12,42.41,2.2,1.1,2.42,0.22,532.4,297.65,0.503
7283,41.58,28.13,1169.67,102.09,7.86,2.2,1.1,2.42,0.22,532.4,465.0,0.538
7284,18.32,7.38,135.25,121.37,29.02,2.2,1.1,2.42,0.22,532.4,325.71,0.498
7285,14.76,22.27,328.65,197.87,0.41,2.2,1.1,2.42,0.22,532.4,375.13,0.558
7286,43.88,14.87,652.52,153.53,34.52,2.2,1.1,2.42,0.22,532.4,373.51,0.5
7287,15.31,16.15,247.2,215.14,26.87,2.2,1.1,2.42,0.22,532.4,489.42,0.529
7288,32.56,14.96,486.96,328.79,7.7,2.2,1.1,2.42,0.22,532.4,426.09,0.56
7289,36.45,20.74,756.02,329.94,37.66,2.2,1.1,2.42,0.22,532.4,502.58,0.509
7290,42.82,20.4,873.31,161.08,25.7,2.2,1.1,2.42,0.22,532.4,463.84,0.533
7291,19.96,20.86,416.3,317.79,41.09,2.2,1.1,2.42,0.22,532.4,382.79,0.513
7292,6.54,5.8,37.92,23.57,3.57,2.2,1.1,2.42,0.22,532.4,319.04,0.499
7293,41.96,23.86,1001.31,289.72,31.37,2.2,1.1,2.42,0.22,532.4,302.79,0.518
7294,36.85,20.08,739.84,131.16,36.49,2.2,1.1,2.42,0.22,532.4,311.48,0.505
7295,8.47,23.92,202.72,301.53,31.3,2.2,1.1,2.42,0.22,532.4,308.97,0.513
7296,20.21,14.6,295.06,105.38,32.58,2.2,1.1,2.42,0.22,532.4,324.97,0.536
7297,18.75,14.0,262.6,263.24,38.11,2.2,1.1,2.42,0.22,532.4,419.97,0.501
7298,13.69,14.91,204.0,223.33,5.22,2.2,1.1,2.42,0.22,532.4,299.28,0.523
7299,40.27,6.07,244.61,273.57,27.82,2.2,1.1,2.42,0.22,532.4,342.84,0.488
7300,35.11,11.45,402.04,187.96,38.09,2.2,1.1,2.42,0.22,532.4,412.05,0.516
7301,30.01,13.63,408.96,201.43,8.1,2.2,1.1,2.42,0.22,532.4,267.82,0.531
7302,13.48,13.09,176.37,56.83,30.07,2.2,1.1,2.42,0.22,532.4,517.39,0.532
7303,20.32,22.97,466.9,239.22,18.94,2.2,1.1,2.42,0.22,532.4,477.56,0.537
7304,16.13,21.21,342.16,167.48,34.73,2.2,1.1,2.42,0.22,532.4,339.8,0.499
7305,18.12,19.58,354.8,198.76,4.06,2.2,1.1,2.42,0.22,532.4,489.45,0.537
7306,39.1,27.07,1058.53,346.99,29.86,2.2,1.1,2.42,0.22,532.4,475.63,0.495
7307,13.54,11.11,150.4,68.43,12.69,2.2,1.1,2.42,0.22,532.4,265.14,0.547
7308,20.98,18.72,392.59,165.62,0.53,2.2,1.1,2.42,0.22,532.4,303.56,0.511
7309,21.74,26.89,584.52,255.65,18.8,2.2,1.1,2.42,0.22,532.4,280.16,0.518
7310,7.49,16.22,121.46,253.38,15.78,2.2,1.1,2.42,0.22,532.4,478.79,0.532
7311,7.95,12.26,97.52,258.33,24.72,2.2,1.1,2.42,0.22,532.4,435.96,0.504
7312,22.64,18.18,411.49,274.14,9.38,2.2,1.1,2.42,0.22,532.4,372.88,0.511
7313,6.13,14.96,91.74,20.55,37.69,2.2,1.1,2.42,0.22,532.4,446.23,0.516
7314,38.06,23.09,879.03,31.71,15.5,2.2,1.1,2.42,0.22,532.4,488.43,0.556
7315,44.39,6.49,287.94,317.87,37.63,2.2,1.1,2.42,0.22,532.4,463.38,0.577
7316,32.48,15.73,510.98,285.05,27.78,2.2,1.1,2.42,0.22,532.4,326.96,0.524
7317,30.49,27.87,849.93,250.63,5.69,2.2,1.1,2.42,0.22,532.4,277.87,0.527
7318,49.38,6.29,310.39,239.11,25.5,2.2,1.1,2.42,0.22,532.4,507.9,0.518
7319,34.94,19.24,672.37,46.89,10.61,2.2,1.1,2.42,0.22,532.4,468.78,0.559
7320,22.75,22.11,502.9,103.32,1.15,2.2,1.1,2.42,0.22,532.4,353.13,0.525
7321,21.54,28.57,615.54,176.0,21.56,2.2,1.1,2.42,0.22,532.4,309.04,0.511
7322,15.95,12.6,200.98,173.37,6.23,2.2,1.1,2.42,0.22,532.4,275.78,0.499
7323,7.01,6.68,46.83,252.42,3.83,2.2,1.1,2.42,0.22,532.4,314.12,0.534
7324,19.69,7.46,146.86,348.85,7.91,2.2,1.1,2.42,0.22,532.4,505.83,0.536
7325,47.04,12.52,588.86,353.67,9.48,2.2,1.1,2.42,0.22,532.4,407.61,0.5
7326,17.74,20.18,357.9,185.11,34.11,2.2,1.1,2.42,0.22,532.4,506.46,0.488
7327,12.9,21.61,278.87,182.13,37.58,2.2,1.1,2.42,0.22,532.4,291.43,0.509
7328,19.21,25.04,481.0,349.42,12.61,2.2,1.1,2.42,0.22,532.4,316.77,0.525
7329,16.61,19.19,318.66,163.72,25.4,2.2,1.1,2.42,0.22,532.4,281.9,0.518
7330,8.54,12.01,102.57,237.18,32.11,2.2,1.1,2.42,0.22,532.4,361.96,0.504
7331,48.21,15.98,770.66,167.59,2.2,2.2,1.1,2.42,0.22,532.4,297.99,0.525
7332,36.8,22.07,812.15,94.39,38.18,2.2,1.1,2.42,0.22,532.4,430.39,0.523
7333,6.51,29.6,192.68,339.6,42.45,2.2,1.1,2.42,0.22,532.4,419.86,0.513
7334,25.43,13.49,342.88,174.83,44.89,2.2,1.1,2.42,0.22,532.4,456.15,0.523
7335,6.88,10.84,74.61,325.64,42.35,2.2,1.1,2.42,0.22,532.4,429.96,0.48
7336,24.28,7.0,169.88,161.53,39.19,2.2,1.1,2.42,0.22,532.4,307.49,0.565
7337,27.24,28.37,772.79,286.68,36.67,2.2,1.1,2.42,0.22,532.4,546.92,0.491
7338,27.75,17.03,472.48,136.63,26.62,2.2,1.1,2.42,0.22,532.4,352.1,0.512
7339,22.0,10.25,225.58,340.12,28.95,2.2,1.1,2.42,0.22,532.4,518.53,0.524
7340,36.65,24.05,881.6,176.74,36.54,2.2,1.1,2.42,0.22,532.4,382.52,0.529
7341,23.22,20.22,469.49,135.56,31.78,2.2,1.1,2.42,0.22,532.4,484.88,0.533
7342,13.37,26.0,347.68,278.67,33.58,2.2,1.1,2.42,0.22,532.4,514.08,0.512
7343,30.43,10.86,330.5,202.35,19.1,2.2,1.1,2.42,0.22,532.4,393.39,0.551
7344,22.6,18.01,407.11,21.87,43.72,2.2,1.1,2.42,0.22,532.4,419.55,0.55
7345,10.03,5.79,58.07,67.53,20.09,2.2,1.1,2.42,0.22,532.4,493.04,0.531
7346,38.05,27.95,1063.7,112.64,19.34,2.2,1.1,2.42,0.22,532.4,412.1,0.518
7347,11.91,18.28,217.64,160.73,9.31,2.2,1.1,2.42,0.22,532.4,504.72,0.516
7348,42.56,15.02,639.15,150.64,36.91,2.2,1.1,2.42,0.22,532.4,488.45,0.501
7349,44.52,18.25,812.33,357.68,10.26,2.2,1.1,2.42,0.22,532.4,453.98,0.513
7350,39.67,6.95,275.73,148.6,12.73,2.2,1.1,2.42,0.22,532.4,276.41,0.536
7351,43.34,20.86,903.96,181.66,13.06,2.2,1.1,2.42,0.22,532.4,486.84,0.526
7352,41.95,28.72,1204.81,96.97,43.86,2.2,1.1,2.42,0.22,532.4,476.18,0.471
7353,33.61,18.39,617.91,267.05,35.33,2.2,1.1,2.42,0.22,532.4,365.61,0.526
7354,40.84,10.78,440.23,185.9,27.13,2.2,1.1,2.42,0.22,532.4,489.91,0.54
7355,49.8,25.72,1280.75,260.14,16.76,2.2,1.1,2.42,0.22,532.4,399.59,0.526
7356,32.87,8.34,274.22,242.8,29.53,2.2,1.1,2.42,0.22,532.4,299.08,0.541
7357,30.61,14.84,454.17,309.71,26.14,2.2,1.1,2.42,0.22,532.4,425.14,0.539
7358,40.11,16.14,647.17,165.91,39.32,2.2,1.1,2.42,0.22,532.4,312.51,0.558
7359,15.16,14.94,226.46,188.89,7.69,2.2,1.1,2.42,0.22,532.4,328.42,0.532
7360,9.23,6.88,63.48,227.58,1.75,2.2,1.1,2.42,0.22,532.4,355.59,0.532
7361,29.91,16.37,489.6,185.02,26.47,2.2,1.1,2.42,0.22,532.4,343.71,0.493
7362,8.64,9.73,84.03,205.51,25.65,2.2,1.1,2.42,0.22,532.4,414.81,0.529
7363,35.27,7.02,247.48,33.21,18.72,2.2,1.1,2.42,0.22,532.4,280.52,0.551
7364,20.4,29.87,609.3,207.31,27.25,2.2,1.1,2.42,0.22,532.4,276.49,0.544
7365,21.8,5.1,111.17,32.36,25.84,2.2,1.1,2.42,0.22,532.4,367.49,0.514
7366,26.5,20.16,534.23,333.51,35.53,2.2,1.1,2.42,0.22,532.4,441.38,0.527
7367,35.66,25.34,903.66,191.53,10.77,2.2,1.1,2.42,0.22,532.4,453.48,0.576
7368,47.61,9.88,470.21,166.87,12.68,2.2,1.1,2.42,0.22,532.4,483.05,0.508
7369,40.13,14.01,562.25,158.4,9.02,2.2,1.1,2.42,0.22,532.4,462.42,0.531
7370,35.66,8.39,299.24,39.52,11.57,2.2,1.1,2.42,0.22,532.4,384.31,0.513
7371,34.11,18.17,619.81,200.33,21.84,2.2,1.1,2.42,0.22,532.4,366.05,0.516
7372,30.74,19.17,589.3,309.42,7.85,2.2,1.1,2.42,0.22,532.4,302.21,0.545
7373,30.62,12.26,375.43,327.69,19.7,2.2,1.1,2.42,0.22,532.4,446.16,0.579
7374,37.57,24.95,937.34,164.27,9.44,2.2,1.1,2.42,0.22,532.4,334.21,0.513
7375,45.21,17.5,790.89,344.82,40.47,2.2,1.1,2.42,0.22,532.4,503.94,0.518
7376,39.49,11.14,439.91,352.75,32.72,2.2,1.1,2.42,0.22,532.4,293.27,0.518
7377,35.97,5.26,189.31,175.07,31.54,2.2,1.1,2.42,0.22,532.4,348.86,0.515
7378,11.03,12.36,136.41,158.29,16.07,2.2,1.1,2.42,0.22,532.4,502.77,0.523
7379,40.6,29.15,1183.36,54.32,3.63,2.2,1.1,2.42,0.22,532.4,463.73,0.541
7380,18.39,11.77,216.56,113.71,15.75,2.2,1.1,2.42,0.22,532.4,342.64,0.55
7381,46.2,13.15,607.5,137.86,19.44,2.2,1.1,2.42,0.22,532.4,348.62,0.513
7382,11.94,24.47,292.14,204.22,8.69,2.2,1.1,2.42,0.22,532.4,284.75,0.537
7383,19.08,14.53,277.13,203.71,11.1,2.2,1.1,2.42,0.22,532.4,324.75,0.543
7384,29.77,7.93,236.19,220.5,12.72,2.2,1.1,2.42,0.22,532.4,318.08,0.517
7385,13.41,15.99,214.5,285.16,10.92,2.2,1.1,2.42,0.22,532.4,397.05,0.508
7386,44.98,12.34,554.85,156.66,22.59,2.2,1.1,2.42,0.22,532.4,398.06,0.523
7387,13.78,5.42,74.75,355.18,11.64,2.2,1.1,2.42,0.22,532.4,419.16,0.564
7388,42.64,7.13,304.2,61.41,7.22,2.2,1.1,2.42,0.22,532.4,435.78,0.517
7389,45.95,8.19,376.45,358.17,2.4,2.2,1.1,2.42,0.22,532.4,346.55,0.576
7390,43.66,16.92,738.6,280.5,3.2,2.2,1.1,2.42,0.22,532.4,471.51,0.527
7391,49.27,5.29,260.5,313.5,7.87,2.2,1.1,2.42,0.22,532.4,398.92,0.531
7392,8.67,21.11,182.99,336.63,44.68,2.2,1.1,2.42,0.22,532.4,416.93,0.509
7393,8.65,19.14,165.55,176.49,27.3,2.2,1.1,2.42,0.22,532.4,429.31,0.555
7394,46.25,21.66,1001.82,47.89,38.62,2.2,1.1,2.42,0.22,532.4,472.73,0.535
7395,46.54,28.46,1324.32,312.6,7.65,2.2,1.1,2.42,0.22,532.4,404.75,0.514
7396,36.17,19.46,703.79,3.06,1.82,2.2,1.1,2.42,0.22,532.4,289.2,0.508
7397,43.85,14.52,636.83,15.94,29.13,2.2,1.1,2.42,0.22,532.4,460.67,0.521
7398,17.96,22.37,401.67,88.11,39.17,2.2,1.1,2.42,0.22,532.4,536.66,0.512
7399,45.65,20.22,922.94,50.71,0.69,2.2,1.1,2.42,0.22,532.4,329.21,0.54
7400,36.19,17.92,648.55,192.66,31.95,2.2,1.1,2.42,0.22,532.4,497.73,0.501
7401,25.49,14.29,364.29,116.36,1.41,2.2,1.1,2.42,0.22,532.4,451.36,0.504
7402,31.98,22.46,718.43,18.84,43.74,2.2,1.1,2.42,0.22,532.4,383.42,0.525
7403,24.93,20.41,508.72,15.27,22.97,2.2,1.1,2.42,0.22,532.4,420.08,0.5
7404,21.0,28.71,603.02,221.49,26.88,2.2,1.1,2.42,0.22,532.4,483.84,0.539
7405,30.88,20.74,640.33,151.09,38.98,2.2,1.1,2.42,0.22,532.4,424.82,0.58
7406,18.1,25.59,463.24,233.32,10.91,2.2,1.1,2.42,0.22,532.4,474.27,0.516
7407,49.93,5.95,297.1,238.25,1.57,2.2,1.1,2.42,0.22,532.4,513.35,0.523
7408,19.26,24.41,470.03,314.73,44.9,2.2,1.1,2.42,0.22,532.4,404.19,0.541
7409,23.14,25.02,578.94,206.0,6.12,2.2,1.1,2.42,0.22,532.4,361.47,0.509
7410,11.71,13.24,154.93,64.61,8.52,2.2,1.1,2.42,0.22,532.4,291.0,0.523
7411,36.12,6.77,244.67,321.94,20.77,2.2,1.1,2.42,0.22,532.4,454.81,0.505
7412,24.91,11.58,288.33,55.8,11.83,2.2,1.1,2.42,0.22,532.4,557.64,0.478
7413,12.73,15.0,191.03,10.6,3.49,2.2,1.1,2.42,0.22,532.4,389.31,0.498
7414,28.38,10.82,307.22,61.97,9.12,2.2,1.1,2.42,0.22,532.4,507.44,0.524
7415,32.35,20.66,668.4,281.58,4.06,2.2,1.1,2.42,0.22,532.4,428.54,0.504
7416,48.42,14.35,694.84,41.25,2.49,2.2,1.1,2.42,0.22,532.4,423.27,0.556
7417,14.63,20.67,302.38,138.33,0.92,2.2,1.1,2.42,0.22,532.4,319.14,0.556
7418,12.3,20.5,252.06,139.06,39.85,2.2,1.1,2.42,0.22,532.4,398.87,0.496
7419,30.52,16.58,505.88,224.79,40.14,2.2,1.1,2.42,0.22,532.4,346.8,0.512
7420,16.61,13.93,231.46,169.6,38.52,2.2,1.1,2.42,0.22,532.4,470.31,0.527
7421,33.44,21.64,723.62,43.96,12.09,2.2,1.1,2.42,0.22,532.4,414.31,0.534
7422,29.15,11.93,347.82,29.82,28.56,2.2,1.1,2.42,0.22,532.4,337.04,0.518
7423,37.98,21.25,807.17,5.14,40.32,2.2,1.1,2.42,0.22,532.4,327.04,0.54
7424,8.88,16.65,147.82,309.75,39.55,2.2,1.1,2.42,0.22,532.4,467.27,0.508
7425,29.36,17.35,509.27,31.05,28.05,2.2,1.1,2.42,0.22,532.4,506.85,0.534
7426,7.32,19.55,143.06,125.7,32.07,2.2,1.1,2.42,0.22,532.4,390.38,0.531
7427,32.35,8.88,287.29,310.99,13.77,2.2,1.1,2.42,0.22,532.4,509.28,0.53
7428,9.65,5.52,53.29,340.65,20.58,2.2,1.1,2.42,0.22,532.4,380.83,0.546
7429,12.15,7.74,94.08,257.99,6.65,2.2,1.1,2.42,0.22,532.4,443.34,0.53
7430,20.72,15.65,324.27,323.59,24.94,2.2,1.1,2.42,0.22,532.4,352.1,0.542
7431,45.97,18.13,833.59,249.08,24.81,2.2,1.1,2.42,0.22,532.4,534.09,0.499
7432,20.77,11.17,232.07,192.64,39.91,2.2,1.1,2.42,0.22,532.4,439.18,0.522
7433,38.74,5.28,204.35,9.51,22.56,2.2,1.1,2.42,0.22,532.4,542.65,0.504
7434,29.8,22.76,678.21,164.16,13.72,2.2,1.1,2.42,0.22,532.4,301.11,0.557
7435,43.82,7.93,347.71,12.89,43.41,2.2,1.1,2.42,0.22,532.4,269.53,0.528
7436,19.59,6.1,119.55,260.4,28.24,2.2,1.1,2.42,0.22,532.4,392.8,0.568
7437,24.67,12.77,314.98,238.6,0.81,2.2,1.1,2.42,0.22,532.4,443.54,0.517
7438,42.39,25.01,1060.31,227.94,0.24,2.2,1.1,2.42,0.22,532.4,331.87,0.511
7439,43.81,18.45,808.48,139.23,12.62,2.2,1.1,2.42,0.22,532.4,378.26,0.534
7440,47.97,25.36,1216.28,39.64,10.3,2.2,1.1,2.42,0.22,532.4,406.94,0.524
7441,25.88,19.17,495.97,261.88,0.62,2.2,1.1,2.42,0.22,532.4,429.43,0.526
7442,28.16,23.25,654.66,22.82,10.62,2.2,1.1,2.42,0.22,532.4,524.06,0.527
7443,33.7,26.15,881.11,217.54,35.29,2.2,1.1,2.42,0.22,532.4,258.95,0.565
7444,36.27,29.1,1055.18,56.8,42.67,2.2,1.1,2.42,0.22,532.4,465.96,0.543
7445,14.22,7.91,112.48,74.54,44.06,2.2,1.1,2.42,0.22,532.4,529.47,0.517
7446,29.63,12.31,364.85,305.46,10.3,2.2,1.1,2.42,0.22,532.4,384.47,0.526
7447,10.88,25.05,272.54,341.14,29.05,2.2,1.1,2.42,0.22,532.4,284.05,0.54
7448,28.26,6.64,187.75,4.52,5.04,2.2,1.1,2.42,0.22,532.4,278.15,0.526
7449,26.71,12.17,325.03,48.21,35.82,2.2,1.1,2.42,0.22,532.4,290.87,0.543
7450,41.41,13.09,542.05,162.25,22.44,2.2,1.1,2.42,0.22,532.4,505.24,0.507
7451,16.67,23.47,391.27,130.37,11.95,2.2,1.1,2.42,0.22,532.4,496.1,0.53
7452,12.55,10.79,135.39,255.04,43.27,2.2,1.1,2.42,0.22,532.4,337.14,0.509
7453,20.8,11.52,239.68,289.86,5.77,2.2,1.1,2.42,0.22,532.4,457.6,0.511
7454,45.96,14.45,664.05,246.51,6.23,2.2,1.1,2.42,0.22,532.4,314.38,0.55
7455,34.98,12.07,422.22,19.57,18.87,2.2,1.1,2.42,0.22,532.4,328.93,0.524
7456,17.08,9.6,163.92,314.27,13.76,2.2,1.1,2.42,0.22,532.4,316.95,0.531
7457,14.22,24.9,354.1,335.92,40.83,2.2,1.1,2.42,0.22,532.4,344.52,0.513
7458,17.95,26.29,471.87,131.34,27.39,2.2,1.1,2.42,0.22,532.4,547.04,0.501
7459,8.44,6.65,56.1,175.03,11.38,2.2,1.1,2.42,0.22,532.4,438.73,0.57
7460,9.91,8.04,79.68,121.28,32.99,2.2,1.1,2.42,0.22,532.4,334.79,0.476
7461,12.76,16.75,213.75,8.59,2.77,2.2,1.1,2.42,0.22,532.4,492.63,0.511
7462,14.34,12.7,182.19,355.34,5.17,2.2,1.1,2.42,0.22,532.4,479.04,0.549
7463,26.03,11.57,301.22,272.46,30.55,2.2,1.1,2.42,0.22,532.4,375.16,0.501
7464,17.09,22.02,376.31,250.08,8.35,2.2,1.1,2.42,0.22,532.4,435.74,0.524
7465,10.9,21.0,228.95,132.61,7.81,2.2,1.1,2.42,0.22,532.4,308.27,0.513
7466,43.57,5.43,236.66,312.99,24.76,2.2,1.1,2.42,0.22,532.4,487.7,0.542
7467,31.69,28.39,899.61,74.69,33.82,2.2,1.1,2.42,0.22,532.4,323.41,0.505
7468,5.18,19.5,100.97,21.07,3.88,2.2,1.1,2.42,0.22,532.4,349.84,0.531
7469,19.18,16.05,307.85,24.06,14.27,2.2,1.1,2.42,0.22,532.4,329.91,0.54
7470,41.75,14.06,586.99,355.62,43.61,2.2,1.1,2.42,0.22,532.4,429.29,0.5
7471,40.38,23.89,964.77,57.45,17.87,2.2,1.1,2.42,0.22,532.4,367.13,0.556
7472,16.86,22.58,380.78,52.99,34.18,2.2,1.1,2.42,0.22,532.4,484.88,0.514
7473,12.26,13.3,163.11,126.39,16.56,2.2,1.1,2.42,0.22,532.4,298.8,0.51
7474,41.87,28.13,1177.8,335.26,33.6,2.2,1.1,2.42,0.22,532.4,328.55,0.492
7475,40.88,13.46,550.2,31.11,23.65,2.2,1.1,2.42,0.22,532.4,289.35,0.543
7476,44.4,14.38,638.51,194.98,39.3,2.2,1.1,2.42,0.22,532.4,537.86,0.507
7477,30.57,25.99,794.49,245.54,18.82,2.2,1.1,2.42,0.22,532.4,514.87,0.504
7478,12.78,9.92,126.85,311.65,2.2,2.2,1.1,2.42,0.22,532.4,368.62,0.545
7479,43.13,10.71,462.03,304.23,36.96,2.2,1.1,2.42,0.22,532.4,335.71,0.539
7480,6.22,20.54,127.69,197.42,22.96,2.2,1.1,2.42,0.22,532.4,453.49,0.539
7481,16.54,13.93,230.47,89.93,31.86,2.2,1.1,2.42,0.22,532.4,505.67,0.531
7482,19.69,14.7,289.38,213.89,5.97,2.2,1.1,2.42,0.22,532.4,384.56,0.538
7483,36.56,12.28,448.9,174.46,40.8,2.2,1.1,2.42,0.22,532.4,283.41,0.512
7484,33.1,27.21,900.58,228.36,21.15,2.2,1.1,2.42,0.22,532.4,316.87,0.508
7485,18.4,25.55,470.19,200.44,6.86,2.2,1.1,2.42,0.22,532.4,448.63,0.535
7486,44.27,7.2,318.83,141.64,39.4,2.2,1.1,2.42,0.22,532.4,418.81,0.498
7487,42.44,8.21,348.56,341.15,10.98,2.2,1.1,2.42,0.22,532.4,362.44,0.566
7488,34.17,19.43,663.85,171.0,16.44,2.2,1.1,2.42,0.22,532.4,522.25,0.505
7489,10.43,6.19,64.52,309.77,41.61,2.2,1.1,2.42,0.22,532.4,289.44,0.52
7490,6.85,25.08,171.75,306.91,16.63,2.2,1.1,2.42,0.22,532.4,517.94,0.523
7491,22.61,26.2,592.48,218.94,17.42,2.2,1.1,2.42,0.22,532.4,422.8,0.518
7492,10.27,19.39,199.16,77.21,5.24,2.2,1.1,2.42,0.22,532.4,413.67,0.514
7493,45.56,29.82,1358.54,30.73,16.67,2.2,1.1,2.42,0.22,532.4,484.64,0.556
7494,13.85,16.24,225.01,111.38,24.19,2.2,1.1,2.42,0.22,532.4,408.48,0.528
7495,11.55,13.84,159.88,175.17,37.17,2.2,1.1,2.42,0.22,532.4,475.53,0.555
7496,28.48,17.84,508.06,266.22,41.48,2.2,1.1,2.42,0.22,532.4,444.05,0.496
7497,26.02,21.05,547.62,60.25,23.91,2.2,1.1,2.42,0.22,532.4,366.36,0.517
7498,30.43,11.03,335.75,316.19,39.68,2.2,1.1,2.42,0.22,532.4,485.11,0.521
7499,47.24,18.18,858.71,234.17,27.58,2.2,1.1,2.42,0.22,532.4,440.78,0.535
7500,41.09,28.27,1161.49,104.14,40.75,2.2,1.1,2.42,0.22,532.4,393.77,0.552
7501,18.33,17.25,316.35,78.95,18.62,2.2,1.1,2.42,0.22,532.4,327.72,0.546
7502,30.96,6.24,193.17,75.45,8.36,2.2,1.1,2.42,0.22,532.4,412.08,0.5
7503,43.02,9.46,407.02,120.4,7.88,2.2,1.1,2.42,0.22,532.4,412.95,0.508
7504,24.36,24.16,588.56,146.83,41.18,2.2,1.1,2.42,0.22,532.4,282.06,0.528
7505,9.12,10.99,100.26,206.28,21.94,2.2,1.1,2.42,0.22,532.4,265.54,0.53
7506,25.1,13.04,327.3,35.67,13.46,2.2,1.1,2.42,0.22,532.4,336.19,0.508
7507,26.7,20.76,554.29,55.7,33.38,2.2,1.1,2.42,0.22,532.4,409.7,0.505
7508,22.61,15.42,348.61,319.04,39.0,2.2,1.1,2.42,0.22,532.4,513.43,0.522
7509,45.1,19.16,863.96,110.57,7.37,2.2,1.1,2.42,0.22,532.4,517.83,0.518
7510,35.74,9.79,350.1,1.98,19.09,2.2,1.1,2.42,0.22,532.4,275.39,0.511
7511,5.8,23.99,139.15,202.66,29.25,2.2,1.1,2.42,0.22,532.4,445.56,0.537
7512,27.18,27.88,757.87,194.6,21.62,2.2,1.1,2.42,0.22,532.4,289.36,0.536
7513,29.59,29.35,868.53,237.5,41.05,2.2,1.1,2.42,0.22,532.4,352.87,0.529
7514,22.38,8.46,189.29,311.29,0.97,2.2,1.1,2.42,0.22,532.4,324.12,0.548
7515,35.47,25.41,901.22,165.9,4.97,2.2,1.1,2.42,0.22,532.4,358.76,0.526
7516,41.06,16.32,670.02,317.89,3.63,2.2,1.1,2.42,0.22,532.4,275.61,0.516
7517,19.88,15.5,308.01,229.43,23.94,2.2,1.1,2.42,0.22,532.4,456.03,0.52
7518,25.88,12.47,322.73,325.97,40.34,2.2,1.1,2.42,0.22,532.4,468.55,0.541
7519,31.16,21.25,662.18,312.03,15.81,2.2,1.1,2.42,0.22,532.4,413.85,0.506
7520,41.15,10.97,451.46,73.2,29.98,2.2,1.1,2.42,0.22,532.4,345.33,0.516
7521,24.35,18.37,447.32,16.23,31.42,2.2,1.1,2.42,0.22,532.4,408.07,0.542
7522,29.55,12.58,371.76,124.73,41.41,2.2,1.1,2.42,0.22,532.4,506.99,0.539
7523,34.25,13.2,452.02,269.82,7.53,2.2,1.1,2.42,0.22,532.4,485.67,0.493
7524,38.07,17.89,681.06,161.01,4.75,2.2,1.1,2.42,0.22,532.4,483.97,0.511
7525,39.11,15.17,593.28,79.81,1.19,2.2,1.1,2.42,0.22,532.4,443.49,0.554
7526,32.2,5.43,174.67,308.39,27.82,2.2,1.1,2.42,0.22,532.4,420.03,0.553
7527,43.38,8.39,363.88,352.84,4.14,2.2,1.1,2.42,0.22,532.4,428.82,0.526
7528,32.86,19.92,654.59,230.09,17.38,2.2,1.1,2.42,0.22,532.4,456.27,0.524
7529,18.04,18.86,340.17,248.2,39.43,2.2,1.1,2.42,0.22,532.4,482.26,0.519
7530,37.13,10.68,396.42,14.53,15.54,2.2,1.1,2.42,0.22,532.4,460.26,0.516
7531,5.51,5.56,30.67,134.03,15.19,2.2,1.1,2.42,0.22,532.4,376.67,0.513
7532,46.55,19.42,903.93,230.61,43.64,2.2,1.1,2.42,0.22,532.4,474.67,0.505
7533,29.4,23.79,699.51,165.81,39.1,2.2,1.1,2.42,0.22,532.4,298.23,0.573
7534,34.7,22.86,793.23,262.53,15.27,2.2,1.1,2.42,0.22,532.4,447.66,0.55
7535,35.22,12.44,438.16,255.95,19.84,2.2,1.1,2.42,0.22,532.4,506.11,0.534
7536,16.51,29.24,482.6,178.84,38.59,2.2,1.1,2.42,0.22,532.4,543.22,0.502
7537,42.3,8.72,368.98,261.62,24.53,2.2,1.1,2.42,0.22,532.4,421.45,0.515
7538,6.09,9.53,58.07,284.18,17.59,2.2,1.1,2.42,0.22,532.4,382.44,0.531
7539,43.89,8.56,375.54,209.76,25.84,2.2,1.1,2.42,0.22,532.4,490.99,0.507
7540,12.55,26.37,330.99,54.67,40.25,2.2,1.1,2.42,0.22,532.4,508.92,0.511
7541,11.19,23.77,266.01,142.0,5.72,2.2,1.1,2.42,0.22,532.4,432.29,0.504
7542,13.96,14.08,196.5,163.25,2.62,2.2,1.1,2.42,0.22,532.4,421.33,0.528
7543,21.84,9.02,197.03,256.97,26.62,2.2,1.1,2.42,0.22,532.4,421.6,0.524
7544,42.45,28.67,1216.92,120.99,35.07,2.2,1.1,2.42,0.22,532.4,401.81,0.557
7545,20.86,15.07,314.32,225.05,5.29,2.2,1.1,2.42,0.22,532.4,330.25,0.509
7546,22.16,21.87,484.7,61.96,11.76,2.2,1.1,2.42,0.22,532.4,426.01,0.506
7547,20.23,15.03,304.15,302.62,32.99,2.2,1.1,2.42,0.22,532.4,395.22,0.533
7548,43.97,29.68,1305.19,12.02,44.25,2.2,1.1,2.42,0.22,532.4,346.67,0.544
7549,33.19,6.89,228.84,104.11,30.67,2.2,1.1,2.42,0.22,532.4,270.31,0.514
7550,39.57,12.31,487.21,191.48,29.97,2.2,1.1,2.42,0.22,532.4,489.79,0.518
7551,15.49,19.27,298.45,303.58,16.05,2.2,1.1,2.42,0.22,532.4,435.48,0.549
7552,42.61,8.09,344.8,242.17,23.45,2.2,1.1,2.42,0.22,532.4,447.27,0.453
7553,11.72,14.18,166.2,41.92,31.98,2.2,1.1,2.42,0.22,532.4,392.82,0.538
7554,35.02,19.77,692.23,58.29,9.92,2.2,1.1,2.42,0.22,532.4,414.32,0.543
7555,36.6,6.09,222.96,22.41,19.64,2.2,1.1,2.42,0.22,532.4,351.89,0.514
7556,38.03,26.6,1011.76,82.91,44.82,2.2,1.1,2.42,0.22,532.4,509.22,0.543
7557,13.94,21.44,298.91,320.62,34.94,2.2,1.1,2.42,0.22,532.4,515.38,0.521
7558,13.82,13.75,190.02,115.33,33.65,2.2,1.1,2.42,0.22,532.4,426.07,0.496
7559,20.41,10.57,215.79,353.3,10.6,2.2,1.1,2.42,0.22,532.4,300.39,0.526
7560,10.1,24.62,248.63,110.32,40.48,2.2,1.1,2.42,0.22,532.4,398.17,0.513
7561,13.99,22.45,314.07,275.87,10.22,2.2,1.1,2.42,0.22,532.4,521.51,0.492
7562,5.22,13.96,72.87,267.76,0.71,2.2,1.1,2.42,0.22,532.4,335.3,0.524
7563,48.34,29.2,1411.37,87.24,32.99,2.2,1.1,2.42,0.22,532.4,504.05,0.532
7564,15.69,29.56,463.59,233.16,19.94,2.2,1.1,2.42,0.22,532.4,441.77,0.49
7565,23.38,15.99,373.93,289.05,22.54,2.2,1.1,2.42,0.22,532.4,332.04,0.55
7566,10.84,14.93,161.88,40.79,1.44,2.2,1.1,2.42,0.22,532.4,311.76,0.516
7567,17.08,19.31,329.66,231.21,32.94,2.2,1.1,2.42,0.22,532.4,376.29,0.52
7568,34.59,14.32,495.19,277.39,32.32,2.2,1.1,2.42,0.22,532.4,299.57,0.536
7569,44.12,25.08,1106.35,59.76,43.55,2.2,1.1,2.42,0.22,532.4,295.66,0.518
7570,10.29,26.42,271.81,108.67,27.14,2.2,1.1,2.42,0.22,532.4,420.44,0.508
7571,19.31,24.94,481.78,335.22,38.43,2.2,1.1,2.42,0.22,532.4,373.52,0.498
7572,5.94,10.68,63.47,116.38,29.48,2.2,1.1,2.42,0.22,532.4,267.5,0.532
7573,48.11,16.85,810.67,235.72,19.88,2.2,1.1,2.42,0.22,532.4,420.01,0.5
7574,32.15,27.18,873.93,152.26,28.32,2.2,1.1,2.42,0.22,532.4,365.2,0.512
7575,31.3,7.82,244.73,348.59,12.3,2.2,1.1,2.42,0.22,532.4,554.44,0.48
7576,26.65,5.1,135.87,239.82,21.41,2.2,1.1,2.42,0.22,532.4,331.59,0.546
7577,6.83,16.38,111.93,131.99,14.66,2.2,1.1,2.42,0.22,532.4,383.11,0.544
7578,16.56,25.94,429.62,144.34,12.66,2.2,1.1,2.42,0.22,532.4,409.81,0.528
7579,34.67,12.16,421.6,335.2,17.34,2.2,1.1,2.42,0.22,532.4,375.41,0.549
7580,30.8,22.49,692.7,119.35,16.44,2.2,1.1,2.42,0.22,532.4,400.0,0.517
7581,33.02,9.39,309.97,159.93,0.41,2.2,1.1,2.42,0.22,532.4,502.74,0.504
7582,29.34,9.26,271.8,229.11,20.4,2.2,1.1,2.42,0.22,532.4,447.74,0.542
7583,41.82,6.76,282.71,216.53,34.35,2.2,1.1,2.42,0.22,532.4,286.44,0.52
7584,40.87,21.42,875.56,63.45,24.4,2.2,1.1,2.42,0.22,532.4,507.47,0.533
7585,39.66,14.61,579.57,199.6,17.68,2.2,1.1,2.42,0.22,532.4,460.24,0.513
7586,44.94,20.81,935.04,169.74,7.58,2.2,1.1,2.42,0.22,532.4,488.92,0.556
7587,16.81,21.09,354.57,225.88,25.18,2.2,1.1,2.42,0.22,532.4,465.35,0.52
7588,6.28,15.72,98.66,331.41,26.34,2.2,1.1,2.42,0.22,532.4,277.16,0.56
7589,22.1,12.04,266.13,148.26,3.52,2.2,1.1,2.42,0.22,532.4,501.82,0.536
7590,46.42,8.06,374.19,231.24,3.53,2.2,1.1,2.42,0.22,532.4,341.92,0.542
7591,20.3,5.45,110.7,123.67,22.76,2.2,1.1,2.42,0.22,532.4,315.54,0.57
7592,47.0,5.33,250.75,57.79,5.68,2.2,1.1,2.42,0.22,532.4,509.11,0.509
7593,47.99,21.01,1008.3,161.81,16.85,2.2,1.1,2.42,0.22,532.4,301.55,0.486
7594,23.74,21.96,521.42,288.06,35.81,2.2,1.1,2.42,0.22,532.4,456.74,0.503
7595,42.36,15.96,675.93,172.88,43.07,2.2,1.1,2.42,0.22,532.4,413.17,0.523
7596,17.72,29.95,530.73,156.74,6.1,2.2,1.1,2.42,0.22,532.4,367.4,0.511
7597,17.31,24.7,427.55,147.39,30.41,2.2,1.1,2.42,0.22,532.4,283.26,0.545
7598,26.96,8.01,215.91,287.11,15.12,2.2,1.1,2.42,0.22,532.4,377.1,0.519
7599,19.39,25.56,495.52,190.33,12.85,2.2,1.1,2.42,0.22,532.4,352.04,0.581
7600,17.61,21.51,378.88,224.03,0.23,2.2,1.1,2.42,0.22,532.4,500.0,0.5
7601,19.15,7.88,150.98,43.9,27.17,2.2,1.1,2.42,0.22,532.4,300.12,0.508
7602,22.9,17.02,389.75,341.21,21.52,2.2,1.1,2.42,0.22,532.4,433.82,0.52
7603,7.83,19.12,149.65,63.35,16.03,2.2,1.1,2.42,0.22,532.4,405.64,0.525
7604,16.83,24.28,408.69,163.68,19.66,2.2,1.1,2.42,0.22,532.4,511.71,0.527
7605,42.88,29.37,1259.48,51.44,37.17,2.2,1.1,2.42,0.22,532.4,474.5,0.5
7606,37.83,9.09,343.81,341.46,30.77,2.2,1.1,2.42,0.22,532.4,524.02,0.514
7607,23.9,13.44,321.23,221.71,1.19,2.2,1.1,2.42,0.22,532.4,527.43,0.52
7608,48.82,24.98,1219.54,26.4,31.6,2.2,1.1,2.42,0.22,532.4,464.35,0.545
7609,12.41,21.21,263.18,10.92,6.08,2.2,1.1,2.42,0.22,532.4,307.33,0.512
7610,24.36,28.44,692.7,157.09,10.69,2.2,1.1,2.42,0.22,532.4,265.21,0.539
7611,10.61,8.71,92.39,164.59,27.74,2.2,1.1,2.42,0.22,532.4,482.84,0.504
7612,21.89,10.48,229.51,326.14,5.6,2.2,1.1,2.42,0.22,532.4,340.45,0.518
7613,9.14,26.45,241.8,100.75,21.28,2.2,1.1,2.42,0.22,532.4,372.05,0.526
7614,43.91,24.7,1084.52,54.5,0.09,2.2,1.1,2.42,0.22,532.4,475.18,0.517
7615,44.9,12.56,564.05,318.03,20.25,2.2,1.1,2.42,0.22,532.4,409.01,0.526
7616,48.0,11.52,553.21,170.41,20.18,2.2,1.1,2.42,0.22,532.4,421.97,0.527
7617,33.89,23.92,810.76,46.26,9.88,2.2,1.1,2.42,0.22,532.4,280.5,0.532
7618,16.98,15.17,257.53,358.99,35.88,2.2,1.1,2.42,0.22,532.4,487.22,0.505
7619,15.62,12.24,191.09,85.59,9.87,2.2,1.1,2.42,0.22,532.4,496.04,0.508
7620,40.28,17.81,717.25,207.65,33.9,2.2,1.1,2.42,0.22,532.4,483.35,0.506
7621,46.49,6.84,318.03,176.23,14.74,2.2,1.1,2.42,0.22,532.4,475.34,0.5
7622,25.33,29.94,758.43,47.83,18.7,2.2,1.1,2.42,0.22,532.4,318.96,0.5
7623,12.53,28.78,360.6,125.3,1.73,2.2,1.1,2.42,0.22,532.4,427.69,0.53
7624,21.28,28.27,601.64,245.78,40.02,2.2,1.1,2.42,0.22,532.4,402.99,0.522
7625,15.43,13.7,211.48,150.76,6.09,2.2,1.1,2.42,0.22,532.4,523.55,0.484
7626,44.34,6.23,276.41,217.79,39.5,2.2,1.1,2.42,0.22,532.4,304.96,0.558
7627,34.32,27.25,935.15,73.22,30.2,2.2,1.1,2.42,0.22,532.4,381.19,0.494
7628,19.82,24.29,481.37,162.13,39.52,2.2,1.1,2.42,0.22,532.4,321.97,0.513
7629,22.11,25.42,562.08,172.02,23.77,2.2,1.1,2.42,0.22,532.4,452.92,0.536
7630,49.11,9.16,449.77,16.24,9.86,2.2,1.1,2.42,0.22,532.4,287.97,0.558
7631,15.07,10.86,163.72,302.05,28.68,2.2,1.1,2.42,0.22,532.4,429.13,0.496
7632,18.51,17.02,315.12,298.93,0.63,2.2,1.1,2.42,0.22,532.4,311.68,0.497
7633,48.53,26.83,1302.03,107.7,38.61,2.2,1.1,2.42,0.22,532.4,398.24,0.484
7634,25.51,16.01,408.53,243.8,8.65,2.2,1.1,2.42,0.22,532.4,497.92,0.494
7635,12.72,14.37,182.83,257.48,16.81,2.2,1.1,2.42,0.22,532.4,504.15,0.544
7636,23.08,13.54,312.47,217.31,27.6,2.2,1.1,2.42,0.22,532.4,400.89,0.507
7637,43.78,11.97,524.21,156.55,35.27,2.2,1.1,2.42,0.22,532.4,396.89,0.538
7638,14.1,29.81,420.16,339.38,41.56,2.2,1.1,2.42,0.22,532.4,424.02,0.534
7639,37.84,21.72,822.06,107.99,15.72,2.2,1.1,2.42,0.22,532.4,495.09,0.496
7640,24.36,6.12,149.16,234.56,3.05,2.2,1.1,2.42,0.22,532.4,346.95,0.523
7641,27.6,7.67,211.77,262.75,6.24,2.2,1.1,2.42,0.22,532.4,323.45,0.532
7642,28.49,27.99,797.53,309.29,43.95,2.2,1.1,2.42,0.22,532.4,422.03,0.555
7643,34.98,11.89,416.04,276.33,27.95,2.2,1.1,2.42,0.22,532.4,419.51,0.519
7644,15.37,21.54,330.99,233.76,31.04,2.2,1.1,2.42,0.22,532.4,282.23,0.539
7645,26.09,21.16,552.01,308.29,11.87,2.2,1.1,2.42,0.22,532.4,509.67,0.521
7646,33.19,10.55,350.23,89.95,26.47,2.2,1.1,2.42,0.22,532.4,456.15,0.503
7647,39.7,20.12,798.52,12.23,28.55,2.2,1.1,2.42,0.22,532.4,452.24,0.526
7648,7.85,19.46,152.66,321.66,40.98,2.2,1.1,2.42,0.22,532.4,467.82,0.534
7649,20.48,13.51,276.58,93.11,36.26,2.2,1.1,2.42,0.22,532.4,455.83,0.551
7650,20.84,18.54,386.42,263.05,30.84,2.2,1.1,2.42,0.22,532.4,366.66,0.525
7651,25.0,14.64,366.05,101.37,10.53,2.2,1.1,2.42,0.22,532.4,276.83,0.521
7652,42.17,22.46,946.89,326.57,12.33,2.2,1.1,2.42,0.22,532.4,341.04,0.5
7653,6.93,24.19,167.67,217.39,11.1,2.2,1.1,2.42,0.22,532.4,484.4,0.535
7654,32.85,11.81,387.99,40.47,24.5,2.2,1.1,2.42,0.22,532.4,303.31,0.539
7655,15.55,26.94,419.07,302.63,38.79,2.2,1.1,2.42,0.22,532.4,317.7,0.534
7656,24.5,8.17,200.26,279.18,32.01,2.2,1.1,2.42,0.22,532.4,429.69,0.513
7657,22.05,5.86,129.34,233.58,6.92,2.2,1.1,2.42,0.22,532.4,317.5,0.521
7658,31.31,9.5,297.39,289.53,6.38,2.2,1.1,2.42,0.22,532.4,511.34,0.535
7659,11.73,13.32,156.21,296.59,27.61,2.2,1.1,2.42,0.22,532.4,424.81,0.531
7660,48.83,29.01,1416.47,263.6,20.96,2.2,1.1,2.42,0.22,532.4,277.17,0.524
7661,27.03,7.57,204.74,21.09,26.75,2.2,1.1,2.42,0.22,532.4,364.84,0.538
7662,8.5,8.41,71.47,46.21,21.19,2.2,1.1,2.42,0.22,532.4,369.88,0.525
7663,38.28,23.73,908.4,94.58,13.44,2.2,1.1,2.42,0.22,532.4,320.74,0.496
7664,48.52,6.8,329.81,41.05,20.93,2.2,1.1,2.42,0.22,532.4,317.92,0.546
7665,42.78,17.39,744.22,255.72,43.27,2.2,1.1,2.42,0.22,532.4,321.96,0.52
7666,5.03,26.63,133.94,4.2,26.96,2.2,1.1,2.42,0.22,532.4,479.05,0.535
7667,35.4,9.29,328.85,11.55,22.25,2.2,1.1,2.42,0.22,532.4,378.89,0.506
7668,42.99,24.59,1057.12,225.41,25.9,2.2,1.1,2.42,0.22,532.4,261.47,0.536
7669,31.95,11.53,368.5,267.1,2.55,2.2,1.1,2.42,0.22,532.4,500.57,0.488
7670,23.94,14.38,344.13,226.91,13.42,2.2,1.1,2.42,0.22,532.4,316.57,0.539
7671,36.42,26.53,966.06,359.23,20.04,2.2,1.1,2.42,0.22,532.4,502.74,0.537
7672,22.82,13.7,312.66,196.23,1.31,2.2,1.1,2.42,0.22,532.4,447.75,0.552
7673,38.63,12.92,499.24,160.59,25.32,2.2,1.1,2.42,0.22,532.4,398.42,0.526
7674,27.13,6.13,166.32,307.31,14.65,2.2,1.1,2.42,0.22,532.4,339.88,0.575
7675,18.62,8.65,161.12,17.65,21.1,2.2,1.1,2.42,0.22,532.4,369.99,0.49
7676,12.37,9.45,116.86,168.27,9.41,2.2,1.1,2.42,0.22,532.4,443.47,0.526
7677,15.32,24.15,370.05,85.79,43.28,2.2,1.1,2.42,0.22,532.4,278.74,0.562
7678,27.36,12.08,330.5,124.69,17.96,2.2,1.1,2.42,0.22,532.4,271.23,0.512
7679,48.69,18.45,898.34,65.09,38.48,2.2,1.1,2.42,0.22,532.4,369.74,0.555
7680,7.59,9.32,70.75,232.22,34.16,2.2,1.1,2.42,0.22,532.4,503.57,0.496
7681,44.51,9.5,422.91,294.06,44.21,2.2,1.1,2.42,0.22,532.4,528.82,0.512
7682,9.92,22.93,227.46,7.33,0.93,2.2,1.1,2.42,0.22,532.4,488.99,0.533
7683,24.54,11.38,279.19,282.13,35.95,2.2,1.1,2.42,0.22,532.4,339.52,0.493
7684,6.44,5.88,37.86,111.77,1.55,2.2,1.1,2.42,0.22,532.4,439.5,0.531
7685,34.49,11.41,393.47,145.5,26.14,2.2,1.1,2.42,0.22,532.4,308.45,0.491
7686,14.27,8.06,115.01,265.3,13.31,2.2,1.1,2.42,0.22,532.4,464.91,0.485
7687,22.35,19.97,446.36,209.58,1.46,2.2,1.1,2.42,0.22,532.4,483.34,0.511
7688,13.29,24.6,327.02,348.51,40.68,2.2,1.1,2.42,0.22,532.4,472.21,0.51
7689,44.7,28.79,1286.87,245.15,28.9,2.2,1.1,2.42,0.22,532.4,291.94,0.507
7690,31.92,19.35,617.82,202.23,42.02,2.2,1.1,2.42,0.22,532.4,404.2,0.521
7691,25.46,13.8,351.39,357.11,23.3,2.2,1.1,2.42,0.22,532.4,281.16,0.496
7692,39.67,21.33,846.3,171.32,36.61,2.2,1.1,2.42,0.22,532.4,455.21,0.506
7693,32.19,23.17,745.86,10.97,0.74,2.2,1.1,2.42,0.22,532.4,468.4,0.525
7694,17.41,27.66,481.53,34.16,29.97,2.2,1.1,2.42,0.22,532.4,414.23,0.537
7695,45.78,20.03,916.95,131.0,15.05,2.2,1.1,2.42,0.22,532.4,359.93,0.504
7696,49.56,15.59,772.82,264.81,12.99,2.2,1.1,2.42,0.22,532.4,337.53,0.542
7697,15.7,9.24,145.1,208.98,3.83,2.2,1.1,2.42,0.22,532.4,325.29,0.571
7698,44.85,26.08,1169.66,200.38,38.99,2.2,1.1,2.42,0.22,532.4,434.28,0.535
7699,17.88,20.17,360.7,233.37,1.55,2.2,1.1,2.42,0.22,532.4,481.57,0.55
7700,36.27,21.59,783.09,113.03,15.01,2.2,1.1,2.42,0.22,532.4,542.01,0.505
7701,9.56,12.38,118.42,359.21,9.84,2.2,1.1,2.42,0.22,532.4,291.61,0.506
7702,9.32,11.79,109.9,27.85,1.25,2.2,1.1,2.42,0.22,532.4,276.1,0.528
7703,48.67,29.64,1442.43,138.43,0.11,2.2,1.1,2.42,0.22,532.4,459.99,0.51
7704,34.18,26.18,894.81,330.84,13.78,2.2,1.1,2.42,0.22,532.4,267.21,0.527
7705,7.36,26.65,196.25,216.28,26.54,2.2,1.1,2.42,0.22,532.4,421.21,0.538
7706,28.53,16.38,467.13,216.48,21.25,2.2,1.1,2.42,0.22,532.4,471.14,0.519
7707,34.8,5.14,179.0,29.02,41.57,2.2,1.1,2.42,0.22,532.4,361.37,0.512
7708,16.04,8.15,130.79,172.61,8.44,2.2,1.1,2.42,0.22,532.4,385.49,0.555
7709,28.5,29.83,850.06,24.37,37.09,2.2,1.1,2.42,0.22,532.4,412.65,0.561
7710,47.78,11.37,543.39,80.66,37.75,2.2,1.1,2.42,0.22,532.4,460.78,0.561
7711,11.71,22.6,264.76,338.7,36.0,2.2,1.1,2.42,0.22,532.4,317.07,0.551
7712,42.07,5.43,228.57,238.49,16.19,2.2,1.1,2.42,0.22,532.4,276.97,0.534
7713,42.41,23.02,976.51,209.84,18.04,2.2,1.1,2.42,0.22,532.4,474.5,0.519
7714,21.23,28.1,596.49,20.13,16.72,2.2,1.1,2.42,0.22,532.4,414.3,0.546
7715,9.1,7.07,64.33,344.52,12.94,2.2,1.1,2.42,0.22,532.4,514.1,0.533
7716,35.48,18.47,655.52,301.32,17.78,2.2,1.1,2.42,0.22,532.4,478.31,0.522
7717,36.35,9.95,361.68,184.14,11.89,2.2,1.1,2.42,0.22,532.4,391.93,0.537
7718,49.47,12.81,633.46,113.03,43.92,2.2,1.1,2.42,0.22,532.4,309.54,0.516
7719,8.98,23.55,211.5,321.21,5.07,2.2,1.1,2.42,0.22,532.4,423.66,0.516
7720,20.86,21.84,455.55,14.12,6.91,2.2,1.1,2.42,0.22,532.4,412.83,0.524
7721,24.46,11.0,269.09,38.11,0.7,2.2,1.1,2.42,0.22,532.4,472.05,0.541
7722,21.86,21.19,463.22,304.86,24.8,2.2,1.1,2.42,0.22,532.4,547.71,0.501
7723,9.15,21.61,197.8,122.61,28.7,2.2,1.1,2.42,0.22,532.4,284.72,0.52
7724,30.66,20.37,624.59,194.94,11.19,2.2,1.1,2.42,0.22,532.4,334.23,0.525
7725,8.97,29.69,266.3,295.47,28.63,2.2,1.1,2.42,0.22,532.4,336.63,0.538
7726,38.06,23.83,906.9,235.86,2.52,2.2,1.1,2.42,0.22,532.4,321.79,0.523
7727,29.63,5.44,161.25,140.59,28.61,2.2,1.1,2.42,0.22,532.4,420.73,0.518
7728,13.29,5.84,77.63,226.92,8.69,2.2,1.1,2.42,0.22,532.4,477.91,0.519
7729,38.28,26.34,1008.29,52.65,19.24,2.2,1.1,2.42,0.22,532.4,401.49,0.522
7730,38.87,17.31,672.66,112.07,6.77,2.2,1.1,2.42,0.22,532.4,471.78,0.501
7731,21.55,22.79,491.19,172.42,16.61,2.2,1.1,2.42,0.22,532.4,365.64,0.53
7732,32.7,28.67,937.43,192.89,15.29,2.2,1.1,2.42,0.22,532.4,317.24,0.499
7733,13.52,8.64,116.85,93.84,44.59,2.2,1.1,2.42,0.22,532.4,504.69,0.541
7734,8.56,7.99,68.32,150.05,32.21,2.2,1.1,2.42,0.22,532.4,464.8,0.529
7735,15.87,11.27,178.82,189.3,24.18,2.2,1.1,2.42,0.22,532.4,470.92,0.505
7736,42.13,26.57,1119.35,272.63,9.02,2.2,1.1,2.42,0.22,532.4,460.93,0.518
7737,30.47,7.87,239.73,230.69,15.05,2.2,1.1,2.42,0.22,532.4,353.05,0.499
7738,45.16,12.83,579.38,48.81,2.68,2.2,1.1,2.42,0.22,532.4,457.41,0.526
7739,37.56,22.37,840.13,303.28,28.59,2.2,1.1,2.42,0.22,532.4,367.6,0.529
7740,9.31,26.69,248.4,95.15,5.06,2.2,1.1,2.42,0.22,532.4,370.74,0.523
7741,47.15,13.32,627.95,158.86,0.24,2.2,1.1,2.42,0.22,532.4,384.31,0.546
7742,40.09,22.43,899.19,41.59,22.86,2.2,1.1,2.42,0.22,532.4,425.09,0.509
7743,5.21,8.4,43.79,281.73,30.3,2.2,1.1,2.42,0.22,532.4,517.33,0.516
7744,38.82,26.3,1021.19,195.39,0.51,2.2,1.1,2.42,0.22,532.4,268.94,0.532
7745,22.18,12.04,267.13,116.83,13.15,2.2,1.1,2.42,0.22,532.4,296.53,0.538
7746,19.66,28.82,566.57,248.52,5.4,2.2,1.1,2.42,0.22,532.4,516.52,0.507
7747,43.68,12.22,533.72,289.87,19.68,2.2,1.1,2.42,0.22,532.4,309.11,0.517
7748,14.57,13.3,193.77,45.51,0.41,2.2,1.1,2.42,0.22,532.4,334.46,0.541
7749,43.04,10.78,464.16,233.37,12.23,2.2,1.1,2.42,0.22,532.4,475.4,0.497
7750,26.57,14.1,374.48,316.01,12.66,2.2,1.1,2.42,0.22,532.4,263.04,0.543
7751,45.68,28.67,1309.64,210.48,43.96,2.2,1.1,2.42,0.22,532.4,424.31,0.539
7752,20.26,11.49,232.79,25.0,9.9,2.2,1.1,2.42,0.22,532.4,279.46,0.515
7753,43.97,17.2,756.29,311.47,4.15,2.2,1.1,2.42,0.22,532.4,540.31,0.51
7754,23.31,27.44,639.62,215.19,32.07,2.2,1.1,2.42,0.22,532.4,475.06,0.539
7755,42.86,9.55,409.43,340.36,21.94,2.2,1.1,2.42,0.22,532.4,382.73,0.523
7756,36.53,23.49,858.21,144.86,17.09,2.2,1.1,2.42,0.22,532.4,276.02,0.553
7757,49.5,21.28,1053.53,342.9,25.54,2.2,1.1,2.42,0.22,532.4,373.88,0.506
7758,20.48,7.17,146.86,217.15,38.87,2.2,1.1,2.42,0.22,532.4,332.76,0.516
7759,21.9,7.63,167.05,168.99,1.72,2.2,1.1,2.42,0.22,532.4,506.15,0.51
7760,16.35,8.65,141.51,313.21,14.17,2.2,1.1,2.42,0.22,532.4,434.79,0.541
7761,34.28,22.17,759.91,71.71,38.86,2.2,1.1,2.42,0.22,532.4,433.96,0.546
7762,44.97,23.99,1078.89,316.8,34.6,2.2,1.1,2.42,0.22,532.4,502.0,0.508
7763,47.96,7.78,372.99,233.03,21.5,2.2,1.1,2.42,0.22,532.4,306.54,0.528
7764,14.08,11.0,154.88,241.16,23.58,2.2,1.1,2.42,0.22,532.4,386.53,0.51
7765,25.49,10.95,279.09,279.71,38.94,2.2,1.1,2.42,0.22,532.4,502.64,0.499
7766,9.24,16.91,156.17,168.27,44.51,2.2,1.1,2.42,0.22,532.4,297.48,0.517
7767,23.27,6.31,146.77,193.3,44.02,2.2,1.1,2.42,0.22,532.4,424.57,0.489
7768,18.2,13.67,248.82,256.7,17.87,2.2,1.1,2.42,0.22,532.4,380.97,0.539
7769,9.65,9.7,93.62,92.15,34.57,2.2,1.1,2.42,0.22,532.4,298.19,0.503
7770,20.29,24.96,506.36,96.49,9.46,2.2,1.1,2.42,0.22,532.4,430.42,0.538
7771,7.43,7.12,52.87,45.61,26.25,2.2,1.1,2.42,0.22,532.4,406.48,0.494
7772,17.58,23.68,416.28,258.64,12.64,2.2,1.1,2.42,0.22,532.4,488.04,0.509
7773,9.02,20.28,182.86,212.66,23.4,2.2,1.1,2.42,0.22,532.4,449.29,0.555
7774,22.49,17.57,395.28,241.8,35.66,2.2,1.1,2.42,0.22,532.4,477.33,0.51
7775,43.54,23.07,1004.6,86.02,20.61,2.2,1.1,2.42,0.22,532.4,540.45,0.502
7776,38.56,22.6,871.7,316.93,38.68,2.2,1.1,2.42,0.22,532.4,381.71,0.543
7777,36.78,21.54,792.38,16.32,43.18,2.2,1.1,2.42,0.22,532.4,372.89,0.512
7778,23.55,19.65,462.88,293.09,42.15,2.2,1.1,2.42,0.22,532.4,286.03,0.526
7779,12.9,6.05,78.0,111.14,22.73,2.2,1.1,2.42,0.22,532.4,485.49,0.496
7780,29.06,17.08,496.19,25.96,26.87,2.2,1.1,2.42,0.22,532.4,273.49,0.543
7781,43.11,21.18,913.02,334.98,14.39,2.2,1.1,2.42,0.22,532.4,352.4,0.539
7782,5.52,28.28,156.22,25.98,20.81,2.2,1.1,2.42,0.22,532.4,357.9,0.531
7783,19.79,29.83,590.38,352.76,7.5,2.2,1.1,2.42,0.22,532.4,415.18,0.533
7784,46.09,19.35,891.76,357.71,22.28,2.2,1.1,2.42,0.22,532.4,537.84,0.51
7785,16.24,20.07,325.92,93.22,12.6,2.2,1.1,2.42,0.22,532.4,329.23,0.49
7786,49.26,19.68,969.64,280.62,25.9,2.2,1.1,2.42,0.22,532.4,440.09,0.518
7787,46.17,10.45,482.29,186.45,36.5,2.2,1.1,2.42,0.22,532.4,370.61,0.512
7788,21.08,26.08,549.7,101.52,11.68,2.2,1.1,2.42,0.22,532.4,498.1,0.522
7789,48.26,25.09,1210.71,30.49,19.45,2.2,1.1,2.42,0.22,532.4,457.61,0.498
7790,39.95,14.85,593.11,314.45,33.28,2.2,1.1,2.42,0.22,532.4,491.7,0.526
7791,23.48,9.45,221.82,114.71,12.73,2.2,1.1,2.42,0.22,532.4,308.82,0.536
7792,13.24,5.47,72.39,13.09,31.06,2.2,1.1,2.42,0.22,532.4,465.19,0.493
7793,31.5,10.93,344.35,207.44,2.46,2.2,1.1,2.42,0.22,532.4,320.29,0.485
7794,10.8,11.92,128.69,80.07,40.03,2.2,1.1,2.42,0.22,532.4,392.55,0.52
7795,19.78,16.88,333.87,213.3,43.19,2.2,1.1,2.42,0.22,532.4,267.51,0.519
7796,5.11,14.81,75.63,76.03,25.97,2.2,1.1,2.42,0.22,532.4,431.73,0.512
7797,15.32,10.06,154.09,134.53,23.97,2.2,1.1,2.42,0.22,532.4,316.56,0.528
7798,15.46,22.42,346.59,104.56,2.62,2.2,1.1,2.42,0.22,532.4,508.5,0.533
7799,41.45,11.48,476.0,295.78,38.51,2.2,1.1,2.42,0.22,532.4,323.31,0.521
7800,27.94,17.06,476.49,225.31,16.23,2.2,1.1,2.42,0.22,532.4,480.43,0.496
7801,11.06,15.3,169.24,306.82,10.16,2.2,1.1,2.42,0.22,532.4,280.68,0.56
7802,30.85,29.8,919.2,231.51,43.09,2.2,1.1,2.42,0.22,532.4,526.12,0.516
7803,11.51,22.33,256.98,244.44,31.66,2.2,1.1,2.42,0.22,532.4,391.95,0.575
7804,14.9,7.89,117.54,97.53,24.81,2.2,1.1,2.42,0.22,532.4,380.01,0.542
7805,43.82,27.34,1198.15,216.78,32.64,2.2,1.1,2.42,0.22,532.4,430.88,0.544
7806,13.31,20.5,272.9,333.63,16.34,2.2,1.1,2.42,0.22,532.4,359.43,0.493
7807,23.27,22.21,516.72,263.77,1.59,2.2,1.1,2.42,0.22,532.4,391.84,0.536
7808,37.47,23.25,871.06,277.76,27.54,2.2,1.1,2.42,0.22,532.4,485.28,0.498
7809,33.72,11.13,375.47,5.51,35.09,2.2,1.1,2.42,0.22,532.4,473.92,0.563
7810,44.23,13.55,599.58,311.53,2.58,2.2,1.1,2.42,0.22,532.4,284.11,0.518
7811,14.21,21.2,301.24,45.88,16.87,2.2,1.1,2.42,0.22,532.4,285.23,0.541
7812,45.44,27.46,1247.58,132.88,22.17,2.2,1.1,2.42,0.22,532.4,332.31,0.511
7813,18.56,13.63,253.0,142.56,16.96,2.2,1.1,2.42,0.22,532.4,339.1,0.487
7814,8.67,24.73,214.34,35.27,42.56,2.2,1.1,2.42,0.22,532.4,435.42,0.521
7815,26.58,24.7,656.56,188.08,12.18,2.2,1.1,2.42,0.22,532.4,359.24,0.481
7816,39.97,21.28,850.52,136.17,16.67,2.2,1.1,2.42,0.22,532.4,456.05,0.54
7817,13.41,11.21,150.28,318.46,1.28,2.2,1.1,2.42,0.22,532.4,411.9,0.554
7818,11.59,26.36,305.55,71.58,39.31,2.2,1.1,2.42,0.22,532.4,372.41,0.506
7819,47.71,8.4,400.56,286.0,13.73,2.2,1.1,2.42,0.22,532.4,511.99,0.524
7820,28.26,24.54,693.45,6.68,11.68,2.2,1.1,2.42,0.22,532.4,264.09,0.546
7821,20.94,12.39,259.47,232.3,3.21,2.2,1.1,2.42,0.22,532.4,332.62,0.518
7822,45.48,5.54,252.12,4.91,31.57,2.2,1.1,2.42,0.22,532.4,321.09,0.545
7823,17.39,11.92,207.29,281.68,9.86,2.2,1.1,2.42,0.22,532.4,378.43,0.536
7824,6.18,12.47,77.09,146.88,0.27,2.2,1.1,2.42,0.22,532.4,278.68,0.539
7825,29.72,16.46,489.22,93.65,41.79,2.2,1.1,2.42,0.22,532.4,275.46,0.538
7826,6.94,5.04,34.98,111.33,24.49,2.2,1.1,2.42,0.22,532.4,480.04,0.499
7827,38.89,28.84,1121.74,117.62,19.39,2.2,1.1,2.42,0.22,532.4,396.44,0.51
7828,33.99,15.4,523.58,5.06,8.81,2.2,1.1,2.42,0.22,532.4,382.55,0.554
7829,25.23,20.58,519.11,232.91,38.05,2.2,1.1,2.42,0.22,532.4,508.04,0.545
7830,45.98,23.06,1060.13,106.22,5.7,2.2,1.1,2.42,0.22,532.4,292.22,0.51
7831,30.7,7.7,236.41,255.16,3.6,2.2,1.1,2.42,0.22,532.4,423.29,0.51
7832,37.21,13.32,495.7,310.06,9.87,2.2,1.1,2.42,0.22,532.4,269.43,0.518
7833,27.51,26.4,726.24,184.1,5.02,2.2,1.1,2.42,0.22,532.4,280.47,0.493
7834,23.56,8.09,190.75,159.68,42.3,2.2,1.1,2.42,0.22,532.4,356.75,0.549
7835,24.69,8.44,208.38,242.46,36.43,2.2,1.1,2.42,0.22,532.4,420.62,0.531
7836,7.49,11.09,83.03,294.73,5.27,2.2,1.1,2.42,0.22,532.4,409.07,0.52
7837,44.85,23.06,1034.34,78.81,20.6,2.2,1.1,2.42,0.22,532.4,446.48,0.556
7838,8.64,19.56,169.06,146.56,19.05,2.2,1.1,2.42,0.22,532.4,282.0,0.54
7839,49.41,12.65,625.02,315.6,17.55,2.2,1.1,2.42,0.22,532.4,492.26,0.555
7840,5.95,12.51,74.39,239.28,18.15,2.2,1.1,2.42,0.22,532.4,302.01,0.525
7841,25.96,8.29,215.23,345.83,31.09,2.2,1.1,2.42,0.22,532.4,491.33,0.504
7842,18.61,24.75,460.55,137.53,25.97,2.2,1.1,2.42,0.22,532.4,299.65,0.534
7843,31.49,10.02,315.58,305.86,11.37,2.2,1.1,2.42,0.22,532.4,474.4,0.494
7844,18.45,13.02,240.24,291.92,0.52,2.2,1.1,2.42,0.22,532.4,377.62,0.506
7845,20.99,13.37,280.58,342.44,23.04,2.2,1.1,2.42,0.22,532.4,335.23,0.536
7846,18.34,19.4,355.87,116.09,16.19,2.2,1.1,2.42,0.22,532.4,320.63,0.517
7847,25.82,13.11,338.68,352.37,0.51,2.2,1.1,2.42,0.22,532.4,378.1,0.501
7848,42.3,12.32,521.27,275.06,15.23,2.2,1.1,2.42,0.22,532.4,346.13,0.528
7849,37.54,9.2,345.27,316.89,7.37,2.2,1.1,2.42,0.22,532.4,292.17,0.512
7850,31.95,29.68,948.16,125.38,38.94,2.2,1.1,2.42,0.22,532.4,353.41,0.519
7851,9.6,22.79,218.8,83.48,44.23,2.2,1.1,2.42,0.22,532.4,383.17,0.49
7852,44.49,12.94,575.51,66.81,18.79,2.2,1.1,2.42,0.22,532.4,477.53,0.518
7853,25.19,12.51,315.05,142.47,26.73,2.2,1.1,2.42,0.22,532.4,304.84,0.557
7854,18.14,12.2,221.26,168.52,22.69,2.2,1.1,2.42,0.22,532.4,441.56,0.538
7855,17.34,5.39,93.45,3.83,38.56,2.2,1.1,2.42,0.22,532.4,343.3,0.534
7856,17.79,22.93,408.09,192.62,34.78,2.2,1.1,2.42,0.22,532.4,286.83,0.511
7857,12.9,18.39,237.29,66.77,10.36,2.2,1.1,2.42,0.22,532.4,388.56,0.528
7858,37.6,28.31,1064.4,166.53,16.2,2.2,1.1,2.42,0.22,532.4,510.98,0.503
7859,30.03,20.4,612.43,293.08,27.44,2.2,1.1,2.42,0.22,532.4,286.73,0.524
7860,10.85,18.7,202.86,106.41,9.17,2.2,1.1,2.42,0.22,532.4,291.28,0.52
7861,12.24,22.03,269.76,242.66,37.89,2.2,1.1,2.42,0.22,532.4,272.2,0.513
7862,45.34,28.61,1297.17,204.57,23.61,2.2,1.1,2.42,0.22,532.4,264.85,0.523
7863,18.31,7.25,132.64,78.18,3.75,2.2,1.1,2.42,0.22,532.4,295.93,0.556
7864,10.75,18.02,193.64,222.87,12.12,2.2,1.1,2.42,0.22,532.4,482.91,0.538
7865,35.63,12.45,443.65,169.25,29.35,2.2,1.1,2.42,0.22,532.4,343.82,0.536
7866,25.37,10.41,264.05,48.27,0.77,2.2,1.1,2.42,0.22,532.4,458.52,0.524
7867,12.03,26.26,315.74,348.47,16.08,2.2,1.1,2.42,0.22,532.4,370.49,0.483
7868,16.44,23.88,392.4,35.14,20.26,2.2,1.1,2.42,0.22,532.4,272.69,0.526
7869,47.04,19.82,932.15,293.34,41.94,2.2,1.1,2.42,0.22,532.4,381.83,0.522
7870,22.14,19.01,421.04,58.1,35.91,2.2,1.1,2.42,0.22,532.4,320.69,0.51
7871,45.54,11.71,533.24,351.17,20.07,2.2,1.1,2.42,0.22,532.4,388.84,0.49
7872,35.95,9.0,323.52,119.16,33.45,2.2,1.1,2.42,0.22,532.4,506.21,0.547
7873,40.28,27.87,1122.61,48.57,11.02,2.2,1.1,2.42,0.22,532.4,350.77,0.474
7874,48.54,28.91,1403.48,246.14,44.0,2.2,1.1,2.42,0.22,532.4,297.83,0.521
7875,25.36,11.96,303.26,353.76,11.4,2.2,1.1,2.42,0.22,532.4,485.64,0.528
7876,16.8,5.76,96.82,325.79,20.52,2.2,1.1,2.42,0.22,532.4,504.38,0.543
7877,38.95,8.39,326.86,5.5,3.65,2.2,1.1,2.42,0.22,532.4,509.51,0.491
7878,32.03,17.2,551.01,256.79,2.22,2.2,1.1,2.42,0.22,532.4,341.94,0.538
7879,21.27,6.87,146.08,237.63,12.1,2.2,1.1,2.42,0.22,532.4,491.18,0.546
7880,18.23,20.68,376.97,155.08,40.25,2.2,1.1,2.42,0.22,532.4,401.39,0.506
7881,15.76,26.82,422.77,68.39,23.83,2.2,1.1,2.42,0.22,532.4,529.17,0.51
7882,26.64,13.04,347.24,324.86,20.76,2.2,1.1,2.42,0.22,532.4,317.17,0.524
7883,17.67,14.68,259.33,175.7,44.73,2.2,1.1,2.42,0.22,532.4,281.06,0.55
7884,20.23,23.19,469.17,101.87,37.6,2.2,1.1,2.42,0.22,532.4,533.23,0.494
7885,37.36,27.06,1011.09,212.9,2.1,2.2,1.1,2.42,0.22,532.4,334.6,0.546
7886,40.28,13.12,528.3,146.07,42.11,2.2,1.1,2.42,0.22,532.4,432.38,0.513
7887,8.76,8.62,75.5,179.8,9.15,2.2,1.1,2.42,0.22,532.4,480.44,0.526
7888,44.85,26.13,1171.81,134.81,39.33,2.2,1.1,2.42,0.22,532.4,347.48,0.542
7889,18.54,16.7,309.75,230.91,4.49,2.2,1.1,2.42,0.22,532.4,526.19,0.498
7890,34.52,16.0,552.37,158.9,12.25,2.2,1.1,2.42,0.22,532.4,362.96,0.561
7891,35.69,20.46,730.32,141.26,19.37,2.2,1.1,2.42,0.22,532.4,337.57,0.521
7892,39.24,28.02,1099.33,4.0,31.27,2.2,1.1,2.42,0.22,532.4,278.51,0.512
7893,24.48,28.07,687.08,97.12,17.04,2.2,1.1,2.42,0.22,532.4,483.48,0.505
7894,30.46,15.49,471.65,10.4,23.24,2.2,1.1,2.42,0.22,532.4,364.64,0.526
7895,8.74,23.6,206.31,168.86,19.13,2.2,1.1,2.42,0.22,532.4,302.8,0.546
7896,39.7,23.1,917.35,242.19,18.62,2.2,1.1,2.42,0.22,532.4,495.69,0.525
7897,46.78,25.7,1202.16,69.0,14.56,2.2,1.1,2.42,0.22,532.4,260.46,0.572
7898,36.49,10.23,373.21,214.85,25.17,2.2,1.1,2.42,0.22,532.4,362.37,0.489
7899,27.47,14.86,408.17,123.9,39.69,2.2,1.1,2.42,0.22,532.4,272.69,0.528
7900,44.01,20.82,916.44,51.33,36.34,2.2,1.1,2.42,0.22,532.4,351.22,0.515
7901,20.96,15.47,324.26,144.97,9.41,2.2,1.1,2.42,0.22,532.4,300.95,0.525
7902,6.1,20.86,127.37,260.85,37.33,2.2,1.1,2.42,0.22,532.4,408.77,0.539
7903,15.04,24.35,366.28,48.67,19.65,2.2,1.1,2.42,0.22,532.4,315.74,0.51
7904,12.68,18.62,236.15,139.55,5.49,2.2,1.1,2.42,0.22,532.4,499.31,0.535
7905,25.24,10.91,275.33,47.33,24.49,2.2,1.1,2.42,0.22,532.4,387.2,0.515
7906,16.43,27.71,455.26,149.78,4.64,2.2,1.1,2.42,0.22,532.4,377.16,0.528
7907,40.51,20.45,828.28,16.03,20.12,2.2,1.1,2.42,0.22,532.4,514.33,0.494
7908,31.07,26.33,818.3,163.62,44.57,2.2,1.1,2.42,0.22,532.4,271.26,0.522
7909,38.56,22.82,880.07,22.71,5.85,2.2,1.1,2.42,0.22,532.4,406.34,0.506
7910,26.55,7.23,192.04,38.23,18.31,2.2,1.1,2.42,0.22,532.4,331.6,0.564
7911,9.43,10.78,101.65,40.7,11.05,2.2,1.1,2.42,0.22,532.4,420.56,0.536
7912,45.99,8.84,406.67,135.09,11.67,2.2,1.1,2.42,0.22,532.4,514.21,0.517
7913,48.75,23.11,1126.44,310.56,11.58,2.2,1.1,2.42,0.22,532.4,304.15,0.524
7914,15.79,18.38,290.28,319.81,2.69,2.2,1.1,2.42,0.22,532.4,487.07,0.508
7915,11.54,9.07,104.66,10.34,32.23,2.2,1.1,2.42,0.22,532.4,392.79,0.524
7916,32.58,12.12,394.8,316.81,43.17,2.2,1.1,2.42,0.22,532.4,301.25,0.506
7917,17.25,29.93,516.32,88.88,28.97,2.2,1.1,2.42,0.22,532.4,307.55,0.517
7918,10.83,9.64,104.46,232.22,23.74,2.2,1.1,2.42,0.22,532.4,398.77,0.516
7919,32.31,5.69,183.89,73.06,40.51,2.2,1.1,2.42,0.22,532.4,475.44,0.527
7920,40.35,26.63,1074.39,271.04,24.68,2.2,1.1,2.42,0.22,532.4,315.28,0.497
7921,16.75,17.97,301.0,223.87,21.47,2.2,1.1,2.42,0.22,532.4,361.67,0.5
7922,43.09,20.81,896.61,161.24,38.56,2.2,1.1,2.42,0.22,532.4,364.44,0.518
7923,39.63,16.42,650.67,317.68,25.88,2.2,1.1,2.42,0.22,532.4,389.28,0.541
7924,35.37,12.29,434.79,93.31,17.62,2.2,1.1,2.42,0.22,532.4,281.65,0.536
7925,33.38,27.22,908.55,236.35,43.95,2.2,1.1,2.42,0.22,532.4,541.56,0.496
7926,38.58,11.89,458.76,24.5,26.34,2.2,1.1,2.42,0.22,532.4,471.24,0.498
7927,13.15,19.16,252.04,182.26,5.11,2.2,1.1,2.42,0.22,532.4,472.04,0.556
7928,19.08,26.62,507.82,57.96,26.48,2.2,1.1,2.42,0.22,532.4,432.9,0.509
7929,42.42,15.69,665.59,143.98,14.88,2.2,1.1,2.42,0.22,532.4,322.76,0.478
7930,39.62,10.0,396.07,242.56,30.29,2.2,1.1,2.42,0.22,532.4,257.28,0.546
7931,11.55,19.82,228.89,272.53,0.5,2.2,1.1,2.42,0.22,532.4,290.79,0.527
7932,26.81,12.05,323.06,154.0,33.68,2.2,1.1,2.42,0.22,532.4,262.19,0.533
7933,44.68,17.07,762.59,320.89,5.05,2.2,1.1,2.42,0.22,532.4,335.67,0.549
7934,9.28,16.05,148.86,20.24,1.03,2.2,1.1,2.42,0.22,532.4,344.09,0.512
7935,35.71,7.78,277.86,72.48,44.01,2.2,1.1,2.42,0.22,532.4,316.27,0.512
7936,14.31,21.71,310.56,21.28,21.21,2.2,1.1,2.42,0.22,532.4,389.31,0.535
7937,43.28,8.18,353.91,256.21,1.44,2.2,1.1,2.42,0.22,532.4,347.86,0.532
7938,15.08,19.76,297.9,53.44,2.86,2.2,1.1,2.42,0.22,532.4,493.86,0.478
7939,41.83,20.48,856.74,278.98,28.2,2.2,1.1,2.42,0.22,532.4,448.22,0.518
7940,33.29,27.08,901.64,198.85,10.7,2.2,1.1,2.42,0.22,532.4,377.11,0.545
7941,11.69,17.51,204.65,266.98,26.48,2.2,1.1,2.42,0.22,532.4,354.86,0.516
7942,18.05,14.97,270.34,273.72,9.34,2.2,1.1,2.42,0.22,532.4,370.62,0.533
7943,38.27,14.33,548.35,260.17,43.73,2.2,1.1,2.42,0.22,532.4,318.93,0.506
7944,39.1,26.95,1053.75,58.43,6.68,2.2,1.1,2.42,0.22,532.4,276.37,0.521
7945,46.95,10.45,490.53,80.39,41.8,2.2,1.1,2.42,0.22,532.4,477.66,0.495
7946,8.49,11.8,100.22,39.91,12.96,2.2,1.1,2.42,0.22,532.4,341.18,0.527
7947,27.75,10.02,277.98,31.69,24.41,2.2,1.1,2.42,0.22,532.4,394.12,0.54
7948,21.17,15.17,321.13,137.94,12.51,2.2,1.1,2.42,0.22,532.4,466.3,0.539
7949,47.24,19.29,911.1,90.77,30.12,2.2,1.1,2.42,0.22,532.4,477.98,0.534
7950,21.78,8.53,185.82,278.67,44.26,2.2,1.1,2.42,0.22,532.4,354.57,0.507
7951,28.0,20.29,568.34,187.82,21.52,2.2,1.1,2.42,0.22,532.4,423.53,0.53
7952,14.61,23.25,339.69,358.67,16.09,2.2,1.1,2.42,0.22,532.4,372.46,0.518
7953,32.39,22.51,729.17,263.94,6.57,2.2,1.1,2.42,0.22,532.4,420.73,0.509
7954,32.51,14.04,456.59,81.93,10.88,2.2,1.1,2.42,0.22,532.4,471.46,0.504
7955,36.84,12.69,467.57,324.23,28.52,2.2,1.1,2.42,0.22,532.4,478.38,0.512
7956,13.6,24.86,338.2,279.47,4.37,2.2,1.1,2.42,0.22,532.4,332.69,0.524
7957,17.77,18.25,324.22,239.43,27.35,2.2,1.1,2.42,0.22,532.4,448.95,0.522
7958,44.38,27.47,1218.99,282.02,39.08,2.2,1.1,2.42,0.22,532.4,287.07,0.499
7959,48.56,5.76,279.54,303.35,42.48,2.2,1.1,2.42,0.22,532.4,528.19,0.521
7960,31.27,9.74,304.47,246.99,30.28,2.2,1.1,2.42,0.22,532.4,473.68,0.53
7961,30.6,6.73,205.99,51.15,31.11,2.2,1.1,2.42,0.22,532.4,372.92,0.532
7962,22.24,7.22,160.48,95.05,40.86,2.2,1.1,2.42,0.22,532.4,375.69,0.52
7963,42.14,18.59,783.43,235.06,36.43,2.2,1.1,2.42,0.22,532.4,473.88,0.55
7964,38.11,20.54,782.63,187.23,19.41,2.2,1.1,2.42,0.22,532.4,525.55,0.518
7965,35.12,21.4,751.67,209.75,8.86,2.2,1.1,2.42,0.22,532.4,452.31,0.513
7966,21.78,18.34,399.49,45.5,31.38,2.2,1.1,2.42,0.22,532.4,338.89,0.519
7967,30.97,24.13,747.35,353.99,42.24,2.2,1.1,2.42,0.22,532.4,501.61,0.512
7968,49.89,13.99,697.72,31.06,10.93,2.2,1.1,2.42,0.22,532.4,342.36,0.506
7969,34.32,5.56,190.71,187.6,18.21,2.2,1.1,2.42,0.22,532.4,474.34,0.504
7970,15.42,11.62,179.09,334.21,23.22,2.2,1.1,2.42,0.22,532.4,347.32,0.488
7971,25.43,29.43,748.37,282.27,44.16,2.2,1.1,2.42,0.22,532.4,436.99,0.533
7972,9.34,12.07,112.78,251.22,15.44,2.2,1.1,2.42,0.22,532.4,364.99,0.516
7973,18.1,25.81,467.04,327.5,13.04,2.2,1.1,2.42,0.22,532.4,319.4,0.522
7974,5.86,29.38,172.17,283.3,21.6,2.2,1.1,2.42,0.22,532.4,328.09,0.535
7975,38.4,9.46,363.23,76.3,2.93,2.2,1.1,2.42,0.22,532.4,535.8,0.512
7976,14.03,9.97,139.88,162.7,29.72,2.2,1.1,2.42,0.22,532.4,508.1,0.528
7977,12.0,15.81,189.79,264.58,23.57,2.2,1.1,2.42,0.22,532.4,404.98,0.523
7978,24.07,9.38,225.89,356.7,18.62,2.2,1.1,2.42,0.22,532.4,345.04,0.553
7979,19.13,26.29,502.88,345.78,34.87,2.2,1.1,2.42,0.22,532.4,355.88,0.519
7980,32.9,28.51,938.03,191.21,19.95,2.2,1.1,2.42,0.22,532.4,503.08,0.505
7981,35.56,22.96,816.63,118.0,17.57,2.2,1.1,2.42,0.22,532.4,282.07,0.521
7982,8.46,16.28,137.76,111.5,40.31,2.2,1.1,2.42,0.22,532.4,351.21,0.533
7983,31.68,20.34,644.18,215.44,30.54,2.2,1.1,2.42,0.22,532.4,336.94,0.561
7984,40.68,8.95,363.92,320.92,41.14,2.2,1.1,2.42,0.22,532.4,307.68,0.508
7985,9.64,7.5,72.31,245.01,2.82,2.2,1.1,2.42,0.22,532.4,410.05,0.543
7986,11.13,14.49,161.35,160.31,0.22,2.2,1.1,2.42,0.22,532.4,536.26,0.515
7987,34.45,11.26,387.85,123.04,8.75,2.2,1.1,2.42,0.22,532.4,511.94,0.536
7988,30.7,19.5,598.69,335.28,3.26,2.2,1.1,2.42,0.22,532.4,342.51,0.547
7989,19.98,9.89,197.66,292.96,43.69,2.2,1.1,2.42,0.22,532.4,417.84,0.536
7990,33.85,21.31,721.46,280.75,39.53,2.2,1.1,2.42,0.22,532.4,483.56,0.517
7991,41.75,24.39,1018.45,116.13,29.91,2.2,1.1,2.42,0.22,532.4,454.13,0.547
7992,31.87,9.05,288.29,178.18,13.61,2.2,1.1,2.42,0.22,532.4,274.27,0.518
7993,21.04,17.33,364.49,150.45,22.56,2.2,1.1,2.42,0.22,532.4,510.09,0.526
7994,46.73,25.34,1184.15,1.2,27.17,2.2,1.1,2.42,0.22,532.4,476.6,0.512
7995,26.78,22.05,590.41,322.09,30.21,2.2,1.1,2.42,0.22,532.4,459.92,0.501
7996,39.46,5.39,212.73,317.59,35.2,2.2,1.1,2.42,0.22,532.4,348.6,0.508
7997,34.65,16.25,562.89,122.57,39.84,2.2,1.1,2.42,0.22,532.4,329.46,0.503
7998,25.7,25.25,649.11,290.63,7.54,2.2,1.1,2.42,0.22,532.4,306.75,0.513
7999,37.94,9.03,342.51,282.7,13.08,2.2,1.1,2.42,0.22,532.4,427.65,0.512
8000,42.96,5.17,222.11,182.56,1.95,2.2,1.1,2.42,0.22,532.4,409.85,0.561
8001,26.12,29.89,780.79,180.09,32.5,2.2,1.1,2.42,0.22,532.4,481.92,0.537
8002,35.54,20.52,729.52,252.83,15.55,2.2,1.1,2.42,0.22,532.4,506.58,0.487
8003,39.21,7.35,288.27,147.19,17.22,2.2,1.1,2.42,0.22,532.4,504.41,0.498
8004,26.37,20.05,528.86,11.76,43.2,2.2,1.1,2.42,0.22,532.4,433.06,0.576
8005,38.98,24.42,951.76,172.96,29.49,2.2,1.1,2.42,0.22,532.4,382.21,0.531
8006,16.11,13.61,219.27,66.03,19.7,2.2,1.1,2.42,0.22,532.4,405.61,0.524
8007,7.36,10.52,77.42,345.87,15.48,2.2,1.1,2.42,0.22,532.4,298.79,0.537
8008,8.68,8.53,73.98,262.65,38.16,2.2,1.1,2.42,0.22,532.4,480.49,0.545
8009,8.66,9.04,78.21,110.41,6.88,2.2,1.1,2.42,0.22,532.4,371.22,0.51
8010,35.58,22.2,790.01,83.79,44.71,2.2,1.1,2.42,0.22,532.4,475.74,0.497
8011,37.37,24.26,906.73,268.91,3.92,2.2,1.1,2.42,0.22,532.4,496.64,0.507
8012,32.06,6.16,197.53,327.49,32.61,2.2,1.1,2.42,0.22,532.4,480.22,0.535
8013,40.4,23.24,939.08,328.9,17.6,2.2,1.1,2.42,0.22,532.4,440.22,0.512
8014,43.87,17.37,762.04,96.46,10.09,2.2,1.1,2.42,0.22,532.4,333.78,0.571
8015,9.17,27.16,248.99,184.95,35.46,2.2,1.1,2.42,0.22,532.4,506.22,0.505
8016,40.27,23.65,952.17,254.47,18.44,2.2,1.1,2.42,0.22,532.4,314.36,0.518
8017,10.32,24.99,258.0,230.48,22.54,2.2,1.1,2.42,0.22,532.4,300.32,0.497
8018,35.67,8.97,319.87,96.43,11.83,2.2,1.1,2.42,0.22,532.4,424.16,0.506
8019,17.94,28.19,505.81,8.5,24.92,2.2,1.1,2.42,0.22,532.4,477.0,0.547
8020,35.94,20.2,725.76,102.63,25.97,2.2,1.1,2.42,0.22,532.4,358.69,0.523
8021,49.74,19.7,979.95,256.43,23.34,2.2,1.1,2.42,0.22,532.4,440.64,0.553
8022,9.86,25.05,246.94,179.6,14.2,2.2,1.1,2.42,0.22,532.4,443.35,0.512
8023,14.9,19.81,295.05,164.56,20.14,2.2,1.1,2.42,0.22,532.4,371.32,0.524
8024,49.42,10.74,530.97,55.31,24.94,2.2,1.1,2.42,0.22,532.4,497.85,0.532
8025,27.76,20.42,566.67,232.81,25.99,2.2,1.1,2.42,0.22,532.4,477.53,0.495
8026,21.2,17.24,365.37,47.13,39.15,2.2,1.1,2.42,0.22,532.4,359.33,0.553
8027,34.87,20.52,715.69,158.52,41.04,2.2,1.1,2.42,0.22,532.4,455.41,0.577
8028,8.61,15.61,134.38,165.44,21.62,2.2,1.1,2.42,0.22,532.4,522.47,0.527
8029,5.93,6.41,38.04,39.32,0.5,2.2,1.1,2.42,0.22,532.4,462.23,0.529
8030,10.33,29.0,299.53,209.38,10.4,2.2,1.1,2.42,0.22,532.4,272.04,0.522
8031,43.43,29.29,1271.98,316.3,9.91,2.2,1.1,2.42,0.22,532.4,493.31,0.535
8032,14.87,18.47,274.77,69.18,15.32,2.2,1.1,2.42,0.22,532.4,280.12,0.5
8033,47.91,13.18,631.33,268.07,12.11,2.2,1.1,2.42,0.22,532.4,377.16,0.542
8034,19.02,13.2,251.05,345.73,20.49,2.2,1.1,2.42,0.22,532.4,287.5,0.549
8035,38.42,11.49,441.39,319.63,23.92,2.2,1.1,2.42,0.22,532.4,350.3,0.514
8036,46.97,23.35,1096.71,314.42,13.81,2.2,1.1,2.42,0.22,532.4,450.97,0.509
8037,16.36,15.79,258.4,110.92,33.08,2.2,1.1,2.42,0.22,532.4,302.67,0.521
8038,12.51,27.08,338.65,265.96,37.65,2.2,1.1,2.42,0.22,532.4,348.23,0.531
8039,22.15,9.84,218.06,115.08,44.17,2.2,1.1,2.42,0.22,532.4,356.39,0.565
8040,35.51,11.34,402.77,3.94,42.75,2.2,1.1,2.42,0.22,532.4,464.34,0.503
8041,11.02,29.89,329.4,78.26,39.43,2.2,1.1,2.42,0.22,532.4,500.5,0.509
8042,41.58,16.32,678.63,140.88,26.4,2.2,1.1,2.42,0.22,532.4,395.5,0.558
8043,13.0,14.81,192.49,193.6,41.29,2.2,1.1,2.42,0.22,532.4,397.43,0.541
8044,13.86,28.43,394.05,150.74,33.37,2.2,1.1,2.42,0.22,532.4,560.69,0.488
8045,32.36,21.53,696.52,161.81,7.04,2.2,1.1,2.42,0.22,532.4,393.66,0.534
8046,49.78,11.34,564.35,123.79,43.74,2.2,1.1,2.42,0.22,532.4,303.66,0.525
8047,9.18,14.27,131.04,46.85,25.26,2.2,1.1,2.42,0.22,532.4,423.65,0.501
8048,16.24,9.1,147.7,344.9,35.51,2.2,1.1,2.42,0.22,532.4,358.22,0.539
8049,13.2,14.12,186.36,350.07,36.34,2.2,1.1,2.42,0.22,532.4,382.65,0.528
8050,43.25,21.85,945.12,212.45,31.76,2.2,1.1,2.42,0.22,532.4,390.63,0.522
8051,19.85,16.72,331.77,41.54,5.09,2.2,1.1,2.42,0.22,532.4,368.39,0.49
8052,32.52,11.14,362.14,183.51,9.3,2.2,1.1,2.42,0.22,532.4,274.93,0.553
8053,45.98,16.64,765.25,87.8,26.34,2.2,1.1,2.42,0.22,532.4,427.85,0.557
8054,35.11,14.65,514.27,36.14,4.0,2.2,1.1,2.42,0.22,532.4,487.72,0.5
8055,15.89,19.56,310.93,187.92,17.83,2.2,1.1,2.42,0.22,532.4,278.3,0.576
8056,31.75,8.23,261.16,298.09,11.06,2.2,1.1,2.42,0.22,532.4,324.54,0.491
8057,31.17,18.4,573.59,117.47,21.59,2.2,1.1,2.42,0.22,532.4,495.01,0.52
8058,28.53,6.42,183.29,49.72,6.4,2.2,1.1,2.42,0.22,532.4,457.82,0.539
8059,48.06,21.84,1049.47,28.58,29.23,2.2,1.1,2.42,0.22,532.4,354.22,0.516
8060,21.93,8.7,190.77,256.06,38.94,2.2,1.1,2.42,0.22,532.4,520.33,0.516
8061,16.11,9.28,149.46,102.38,6.12,2.2,1.1,2.42,0.22,532.4,383.27,0.57
8062,19.19,13.17,252.78,82.73,39.6,2.2,1.1,2.42,0.22,532.4,394.23,0.531
8063,49.53,21.43,1061.17,241.87,24.69,2.2,1.1,2.42,0.22,532.4,452.3,0.539
8064,14.19,12.23,173.45,294.26,7.35,2.2,1.1,2.42,0.22,532.4,381.49,0.529
8065,17.44,16.34,285.04,332.63,26.18,2.2,1.1,2.42,0.22,532.4,495.02,0.495
8066,27.7,7.83,216.9,308.6,44.39,2.2,1.1,2.42,0.22,532.4,529.86,0.518
8067,46.94,9.47,444.52,119.96,37.4,2.2,1.1,2.42,0.22,532.4,311.29,0.519
8068,36.1,24.82,896.11,81.88,13.31,2.2,1.1,2.42,0.22,532.4,359.38,0.517
8069,20.69,18.79,388.85,359.41,40.78,2.2,1.1,2.42,0.22,532.4,311.17,0.548
8070,49.45,15.98,790.19,337.75,19.2,2.2,1.1,2.42,0.22,532.4,280.55,0.567
8071,13.67,27.35,373.96,312.7,34.83,2.2,1.1,2.42,0.22,532.4,319.45,0.508
8072,31.61,24.34,769.3,165.63,2.23,2.2,1.1,2.42,0.22,532.4,406.4,0.524
8073,24.79,14.44,358.01,247.76,38.48,2.2,1.1,2.42,0.22,532.4,506.27,0.513
8074,21.37,26.89,574.56,245.27,31.3,2.2,1.1,2.42,0.22,532.4,508.26,0.502
8075,11.64,27.06,315.14,338.24,1.43,2.2,1.1,2.42,0.22,532.4,282.8,0.516
8076,29.68,6.15,182.63,258.67,33.4,2.2,1.1,2.42,0.22,532.4,368.72,0.548
8077,6.06,24.71,149.66,165.16,41.9,2.2,1.1,2.42,0.22,532.4,391.99,0.521
8078,16.33,22.63,369.38,58.24,37.07,2.2,1.1,2.42,0.22,532.4,317.68,0.52
8079,9.3,15.37,142.98,193.4,7.38,2.2,1.1,2.42,0.22,532.4,462.97,0.506
8080,6.86,19.84,136.02,195.95,41.67,2.2,1.1,2.42,0.22,532.4,353.73,0.518
8081,33.95,22.26,755.8,236.93,8.9,2.2,1.1,2.42,0.22,532.4,281.28,0.541
8082,18.33,9.91,181.73,282.52,30.82,2.2,1.1,2.42,0.22,532.4,275.94,0.518
8083,42.7,27.09,1156.92,278.0,43.73,2.2,1.1,2.42,0.22,532.4,513.32,0.504
8084,24.26,27.52,667.54,6.65,33.67,2.2,1.1,2.42,0.22,532.4,294.32,0.524
8085,49.68,16.69,829.22,98.39,15.56,2.2,1.1,2.42,0.22,532.4,326.82,0.526
8086,17.78,18.33,325.83,19.42,21.05,2.2,1.1,2.42,0.22,532.4,502.84,0.547
8087,22.02,10.52,231.6,148.33,35.47,2.2,1.1,2.42,0.22,532.4,331.15,0.516
8088,23.86,18.46,440.51,81.18,41.11,2.2,1.1,2.42,0.22,532.4,452.29,0.501
8089,27.1,10.27,278.48,330.63,19.21,2.2,1.1,2.42,0.22,532.4,305.52,0.537
8090,26.49,10.17,269.48,169.22,41.31,2.2,1.1,2.42,0.22,532.4,316.09,0.509
8091,32.43,9.91,321.42,119.99,4.7,2.2,1.1,2.42,0.22,532.4,338.84,0.551
8092,5.21,7.57,39.46,115.22,8.58,2.2,1.1,2.42,0.22,532.4,336.12,0.604
8093,47.6,10.29,489.77,177.19,26.33,2.2,1.1,2.42,0.22,532.4,488.56,0.527
8094,17.04,11.08,188.85,150.96,22.94,2.2,1.1,2.42,0.22,532.4,516.48,0.511
8095,8.76,27.55,241.35,214.19,27.82,2.2,1.1,2.42,0.22,532.4,340.64,0.518
8096,28.96,23.89,691.71,51.66,39.55,2.2,1.1,2.42,0.22,532.4,385.86,0.544
8097,36.75,21.65,795.69,21.66,18.31,2.2,1.1,2.42,0.22,532.4,345.02,0.528
8098,40.49,17.24,698.03,123.45,7.75,2.2,1.1,2.42,0.22,532.4,285.28,0.538
8099,9.54,23.47,223.79,262.23,28.72,2.2,1.1,2.42,0.22,532.4,339.93,0.518
8100,38.78,21.6,837.8,148.4,40.67,2.2,1.1,2.42,0.22,532.4,286.39,0.531
8101,43.9,24.96,1095.99,119.84,1.68,2.2,1.1,2.42,0.22,532.4,339.87,0.581
8102,33.84,18.9,639.56,226.12,16.47,2.2,1.1,2.42,0.22,532.4,296.18,0.492
8103,48.77,14.51,707.67,2.82,8.01,2.2,1.1,2.42,0.22,532.4,410.52,0.525
8104,47.79,5.23,249.92,200.03,25.73,2.2,1.1,2.42,0.22,532.4,350.15,0.537
8105,43.27,11.59,501.47,49.05,6.99,2.2,1.1,2.42,0.22,532.4,468.04,0.526
8106,11.72,23.63,276.93,271.83,9.18,2.2,1.1,2.42,0.22,532.4,404.96,0.528
8107,44.04,24.21,1066.36,99.25,5.93,2.2,1.1,2.42,0.22,532.4,424.71,0.532
8108,32.02,6.38,204.26,167.74,7.07,2.2,1.1,2.42,0.22,532.4,436.66,0.494
8109,7.66,8.83,67.7,111.37,5.83,2.2,1.1,2.42,0.22,532.4,356.86,0.529
8110,29.41,18.48,543.47,292.77,37.38,2.2,1.1,2.42,0.22,532.4,401.96,0.575
8111,32.17,8.14,262.01,103.99,27.3,2.2,1.1,2.42,0.22,532.4,313.98,0.513
8112,37.23,24.31,904.96,306.16,37.8,2.2,1.1,2.42,0.22,532.4,534.34,0.499
8113,32.69,19.23,628.66,101.88,15.92,2.2,1.1,2.42,0.22,532.4,529.63,0.522
8114,45.42,21.37,970.63,350.19,36.33,2.2,1.1,2.42,0.22,532.4,373.74,0.497
8115,38.19,11.17,426.54,56.18,17.0,2.2,1.1,2.42,0.22,532.4,400.03,0.534
8116,24.72,19.25,475.85,311.36,27.96,2.2,1.1,2.42,0.22,532.4,464.02,0.572
8117,22.81,25.72,586.8,145.01,10.91,2.2,1.1,2.42,0.22,532.4,455.03,0.52
8118,49.83,12.72,633.93,121.49,40.45,2.2,1.1,2.42,0.22,532.4,426.61,0.532
8119,41.75,13.3,555.11,82.04,6.72,2.2,1.1,2.42,0.22,532.4,312.6,0.544
8120,21.85,17.84,389.96,105.98,42.31,2.2,1.1,2.42,0.22,532.4,426.61,0.551
8121,35.18,10.52,370.12,210.34,17.72,2.2,1.1,2.42,0.22,532.4,316.03,0.514
8122,37.48,26.06,976.52,174.99,2.01,2.2,1.1,2.42,0.22,532.4,502.89,0.53
8123,37.17,7.99,296.99,26.09,4.81,2.2,1.1,2.42,0.22,532.4,320.4,0.502
8124,15.09,15.2,229.41,164.12,44.25,2.2,1.1,2.42,0.22,532.4,285.71,0.499
8125,39.5,15.63,617.28,312.61,39.51,2.2,1.1,2.42,0.22,532.4,315.4,0.507
8126,43.18,12.26,529.48,198.24,25.89,2.2,1.1,2.42,0.22,532.4,410.79,0.515
8127,34.61,13.69,473.64,28.09,34.36,2.2,1.1,2.42,0.22,532.4,276.62,0.548
8128,13.77,26.34,362.66,279.39,19.32,2.2,1.1,2.42,0.22,532.4,323.39,0.501
8129,28.18,27.81,783.47,132.11,25.29,2.2,1.1,2.42,0.22,532.4,551.82,0.496
8130,34.71,15.84,549.78,60.36,44.71,2.2,1.1,2.42,0.22,532.4,366.6,0.544
8131,23.64,19.74,466.55,357.17,11.56,2.2,1.1,2.42,0.22,532.4,372.09,0.514
8132,43.86,9.68,424.76,303.96,5.9,2.2,1.1,2.42,0.22,532.4,426.64,0.525
8133,6.83,13.92,95.05,139.81,3.89,2.2,1.1,2.42,0.22,532.4,390.2,0.511
8134,26.26,8.52,223.75,108.23,26.71,2.2,1.1,2.42,0.22,532.4,349.09,0.534
8135,46.59,6.97,324.58,78.01,10.71,2.2,1.1,2.42,0.22,532.4,377.05,0.558
8136,18.16,18.92,343.7,162.24,19.79,2.2,1.1,2.42,0.22,532.4,251.45,0.578
8137,21.83,24.75,540.4,294.72,35.76,2.2,1.1,2.42,0.22,532.4,468.56,0.512
8138,33.87,10.9,369.18,111.82,10.38,2.2,1.1,2.42,0.22,532.4,498.09,0.492
8139,48.83,9.13,445.8,7.63,31.26,2.2,1.1,2.42,0.22,532.4,276.43,0.55
8140,28.09,25.4,713.52,134.68,3.89,2.2,1.1,2.42,0.22,532.4,439.79,0.555
8141,12.48,18.35,229.02,353.27,38.09,2.2,1.1,2.42,0.22,532.4,278.94,0.547
8142,14.7,16.44,241.61,166.28,7.91,2.2,1.1,2.42,0.22,532.4,343.4,0.533
8143,35.89,9.23,331.19,234.37,22.29,2.2,1.1,2.42,0.22,532.4,519.28,0.51
8144,30.73,12.23,375.9,229.84,39.49,2.2,1.1,2.42,0.22,532.4,408.34,0.525
8145,48.5,8.07,391.3,6.58,42.14,2.2,1.1,2.42,0.22,532.4,293.0,0.537
8146,32.68,10.33,337.39,135.91,44.08,2.2,1.1,2.42,0.22,532.4,392.13,0.535
8147,8.31,22.18,184.31,254.37,4.91,2.2,1.1,2.42,0.22,532.4,406.47,0.523
8148,10.42,8.96,93.4,123.67,28.03,2.2,1.1,2.42,0.22,532.4,398.74,0.533
8149,39.65,16.56,656.86,70.15,22.6,2.2,1.1,2.42,0.22,532.4,308.39,0.533
8150,30.5,6.75,205.84,208.17,17.38,2.2,1.1,2.42,0.22,532.4,346.82,0.546
8151,25.48,28.62,729.11,149.93,10.34,2.2,1.1,2.42,0.22,532.4,409.45,0.506
8152,17.44,7.99,139.26,128.72,31.04,2.2,1.1,2.42,0.22,532.4,312.01,0.543
8153,21.11,6.54,138.13,142.65,33.14,2.2,1.1,2.42,0.22,532.4,329.42,0.549
8154,14.91,15.63,233.11,269.04,0.48,2.2,1.1,2.42,0.22,532.4,277.96,0.497
8155,33.89,27.09,918.15,300.94,4.06,2.2,1.1,2.42,0.22,532.4,379.47,0.517
8156,44.52,5.65,251.74,125.29,11.47,2.2,1.1,2.42,0.22,532.4,465.38,0.557
8157,49.83,20.22,1007.46,60.59,17.88,2.2,1.1,2.42,0.22,532.4,467.84,0.496
8158,47.9,26.96,1291.63,356.48,3.54,2.2,1.1,2.42,0.22,532.4,301.59,0.536
8159,34.85,14.43,502.99,358.19,18.08,2.2,1.1,2.42,0.22,532.4,390.49,0.5
8160,24.74,18.9,467.58,80.44,20.02,2.2,1.1,2.42,0.22,532.4,484.87,0.543
8161,10.73,7.58,81.37,231.4,36.51,2.2,1.1,2.42,0.22,532.4,315.62,0.526
8162,25.73,22.03,566.88,305.38,36.23,2.2,1.1,2.42,0.22,532.4,464.47,0.508
8163,49.91,13.45,671.37,353.0,31.4,2.2,1.1,2.42,0.22,532.4,412.09,0.564
8164,40.15,25.54,1025.51,57.41,17.21,2.2,1.1,2.42,0.22,532.4,502.75,0.531
8165,45.83,9.95,456.21,289.53,21.02,2.2,1.1,2.42,0.22,532.4,420.96,0.515
8166,28.46,24.39,694.19,129.71,2.57,2.2,1.1,2.42,0.22,532.4,337.0,0.49
8167,23.51,11.8,277.39,135.3,33.67,2.2,1.1,2.42,0.22,532.4,427.45,0.526
8168,5.96,24.43,145.57,207.02,24.28,2.2,1.1,2.42,0.22,532.4,296.85,0.494
8169,6.93,29.03,201.25,108.43,34.94,2.2,1.1,2.42,0.22,532.4,484.6,0.538
8170,14.47,7.69,111.24,65.41,44.02,2.2,1.1,2.42,0.22,532.4,497.06,0.513
8171,6.24,17.13,106.83,203.52,2.22,2.2,1.1,2.42,0.22,532.4,489.02,0.543
8172,6.07,17.56,106.5,352.56,37.1,2.2,1.1,2.42,0.22,532.4,454.64,0.52
8173,46.27,8.76,405.23,349.63,27.42,2.2,1.1,2.42,0.22,532.4,508.55,0.515
8174,17.46,17.56,306.61,140.08,35.7,2.2,1.1,2.42,0.22,532.4,355.62,0.502
8175,24.96,13.12,327.49,31.97,5.56,2.2,1.1,2.42,0.22,532.4,331.42,0.531
8176,36.53,15.35,560.71,118.48,23.2,2.2,1.1,2.42,0.22,532.4,303.8,0.512
8177,16.27,5.43,88.37,219.28,24.3,2.2,1.1,2.42,0.22,532.4,474.6,0.526
8178,11.74,24.07,282.68,157.67,11.74,2.2,1.1,2.42,0.22,532.4,372.17,0.541
8179,24.48,14.96,366.05,139.01,6.52,2.2,1.1,2.42,0.22,532.4,273.04,0.518
8180,47.66,23.69,1128.98,95.18,39.76,2.2,1.1,2.42,0.22,532.4,424.05,0.489
8181,45.22,28.24,1277.35,101.93,19.76,2.2,1.1,2.42,0.22,532.4,429.54,0.557
8182,48.29,28.61,1381.47,254.83,29.75,2.2,1.1,2.42,0.22,532.4,312.6,0.576
8183,19.42,22.65,439.97,54.76,8.03,2.2,1.1,2.42,0.22,532.4,273.3,0.509
8184,16.79,21.36,358.64,60.49,40.07,2.2,1.1,2.42,0.22,532.4,349.86,0.522
8185,48.55,10.01,485.96,37.21,17.11,2.2,1.1,2.42,0.22,532.4,317.91,0.515
8186,21.65,15.71,339.96,103.72,5.78,2.2,1.1,2.42,0.22,532.4,302.52,0.501
8187,27.47,19.06,523.5,82.63,44.87,2.2,1.1,2.42,0.22,532.4,388.76,0.551
8188,6.94,28.87,200.28,154.54,31.26,2.2,1.1,2.42,0.22,532.4,389.63,0.534
8189,10.52,18.88,198.62,350.74,40.61,2.2,1.1,2.42,0.22,532.4,302.36,0.574
8190,8.72,21.35,186.11,324.16,44.81,2.2,1.1,2.42,0.22,532.4,468.23,0.546
8191,23.44,18.37,430.72,104.69,31.75,2.2,1.1,2.42,0.22,532.4,454.67,0.539
8192,26.42,25.64,677.42,148.49,43.47,2.2,1.1,2.42,0.22,532.4,278.38,0.513
8193,20.52,18.77,385.26,224.99,17.06,2.2,1.1,2.42,0.22,532.4,327.91,0.509
8194,18.83,20.82,392.05,93.38,26.87,2.2,1.1,2.42,0.22,532.4,262.95,0.577
8195,43.78,9.28,406.1,118.77,35.94,2.2,1.1,2.42,0.22,532.4,299.27,0.548
8196,5.58,15.05,83.93,97.23,0.9,2.2,1.1,2.42,0.22,532.4,509.25,0.498
8197,41.56,29.58,1229.26,189.9,27.22,2.2,1.1,2.42,0.22,532.4,519.04,0.513
8198,43.01,8.55,367.84,57.69,13.09,2.2,1.1,2.42,0.22,532.4,288.83,0.56
8199,6.65,11.98,79.7,106.46,12.95,2.2,1.1,2.42,0.22,532.4,480.74,0.517
8200,32.37,23.42,758.33,122.93,27.92,2.2,1.1,2.42,0.22,532.4,332.57,0.547
8201,7.93,20.12,159.5,142.11,30.85,2.2,1.1,2.42,0.22,532.4,386.0,0.526
8202,6.7,13.51,90.52,112.42,26.82,2.2,1.1,2.42,0.22,532.4,312.72,0.561
8203,30.56,5.24,160.09,242.32,7.63,2.2,1.1,2.42,0.22,532.4,366.91,0.523
8204,47.81,19.13,914.63,352.01,34.08,2.2,1.1,2.42,0.22,532.4,341.46,0.516
8205,23.87,11.23,267.97,22.18,43.1,2.2,1.1,2.42,0.22,532.4,480.14,0.492
8206,32.55,26.98,878.13,149.22,14.15,2.2,1.1,2.42,0.22,532.4,288.41,0.541
8207,36.13,12.1,437.07,282.53,44.68,2.2,1.1,2.42,0.22,532.4,517.83,0.53
8208,34.77,5.18,180.05,108.78,2.22,2.2,1.1,2.42,0.22,532.4,343.73,0.518
8209,40.22,15.27,614.0,79.58,7.56,2.2,1.1,2.42,0.22,532.4,507.93,0.533
8210,15.56,20.29,315.64,140.05,2.04,2.2,1.1,2.42,0.22,532.4,357.71,0.528
8211,32.36,19.18,620.6,179.82,42.12,2.2,1.1,2.42,0.22,532.4,271.93,0.536
8212,13.06,29.47,385.05,301.42,22.38,2.2,1.1,2.42,0.22,532.4,333.55,0.563
8213,9.69,14.24,138.02,189.65,1.39,2.2,1.1,2.42,0.22,532.4,490.61,0.504
8214,47.85,23.31,1115.09,100.03,9.74,2.2,1.1,2.42,0.22,532.4,481.28,0.518
8215,45.52,24.96,1136.28,27.72,14.51,2.2,1.1,2.42,0.22,532.4,522.61,0.501
8216,23.31,17.05,397.58,85.83,35.13,2.2,1.1,2.42,0.22,532.4,327.23,0.513
8217,33.69,5.36,180.44,220.6,13.87,2.2,1.1,2.42,0.22,532.4,522.74,0.52
8218,28.03,22.26,624.02,21.56,29.0,2.2,1.1,2.42,0.22,532.4,459.55,0.484
8219,40.52,17.66,715.74,120.89,0.37,2.2,1.1,2.42,0.22,532.4,396.54,0.519
8220,38.59,14.21,548.41,148.19,9.82,2.2,1.1,2.42,0.22,532.4,414.58,0.55
8221,16.79,26.74,448.83,42.06,40.93,2.2,1.1,2.42,0.22,532.4,305.69,0.532
8222,18.8,14.95,281.07,80.88,3.71,2.2,1.1,2.42,0.22,532.4,430.06,0.511
8223,44.88,28.66,1286.17,329.13,2.48,2.2,1.1,2.42,0.22,532.4,336.12,0.555
8224,49.05,18.26,895.53,63.96,17.38,2.2,1.1,2.42,0.22,532.4,327.0,0.528
8225,11.4,10.3,117.46,267.97,20.62,2.2,1.1,2.42,0.22,532.4,522.84,0.52
8226,35.89,6.8,244.05,303.29,40.79,2.2,1.1,2.42,0.22,532.4,408.07,0.542
8227,33.02,12.87,425.06,314.94,11.18,2.2,1.1,2.42,0.22,532.4,370.85,0.497
8228,27.65,8.3,229.43,130.7,29.47,2.2,1.1,2.42,0.22,532.4,533.41,0.509
8229,19.88,24.69,490.89,150.68,1.24,2.2,1.1,2.42,0.22,532.4,303.55,0.519
8230,7.53,21.88,164.69,50.3,2.23,2.2,1.1,2.42,0.22,532.4,511.04,0.527
8231,26.42,8.9,235.17,76.68,37.97,2.2,1.1,2.42,0.22,532.4,468.78,0.512
8232,31.1,10.65,331.19,281.74,29.49,2.2,1.1,2.42,0.22,532.4,315.27,0.524
8233,10.51,7.95,83.61,351.84,44.91,2.2,1.1,2.42,0.22,532.4,479.33,0.498
8234,23.03,8.31,191.44,85.35,40.67,2.2,1.1,2.42,0.22,532.4,487.93,0.55
8235,8.44,8.96,75.65,354.41,14.75,2.2,1.1,2.42,0.22,532.4,399.95,0.515
8236,44.35,13.94,618.18,112.14,29.16,2.2,1.1,2.42,0.22,532.4,464.03,0.524
8237,34.65,5.72,198.14,229.13,12.24,2.2,1.1,2.42,0.22,532.4,432.91,0.513
8238,44.73,17.06,763.06,354.38,21.81,2.2,1.1,2.42,0.22,532.4,510.52,0.53
8239,38.03,8.95,340.41,178.09,2.59,2.2,1.1,2.42,0.22,532.4,304.72,0.51
8240,16.76,29.01,486.25,217.96,15.71,2.2,1.1,2.42,0.22,532.4,277.09,0.529
8241,13.72,8.52,116.92,41.17,33.56,2.2,1.1,2.42,0.22,532.4,504.6,0.528
8242,18.88,8.33,157.33,200.03,16.8,2.2,1.1,2.42,0.22,532.4,350.13,0.541
8243,32.6,24.05,784.12,247.16,34.13,2.2,1.1,2.42,0.22,532.4,317.72,0.53
8244,34.02,27.61,939.0,280.39,22.15,2.2,1.1,2.42,0.22,532.4,388.85,0.521
8245,49.15,24.43,1200.96,28.5,14.72,2.2,1.1,2.42,0.22,532.4,485.1,0.509
8246,14.69,28.16,413.63,149.32,35.75,2.2,1.1,2.42,0.22,532.4,443.54,0.502
8247,17.35,7.0,121.51,149.23,1.71,2.2,1.1,2.42,0.22,532.4,352.81,0.531
8248,35.27,7.31,257.7,37.0,21.87,2.2,1.1,2.42,0.22,532.4,341.72,0.527
8249,12.92,10.88,140.63,28.08,5.07,2.2,1.1,2.42,0.22,532.4,436.55,0.5
8250,39.75,22.79,905.72,234.99,2.05,2.2,1.1,2.42,0.22,532.4,282.77,0.506
8251,34.36,11.91,409.16,0.88,13.17,2.2,1.1,2.42,0.22,532.4,413.42,0.564
8252,47.41,9.94,471.18,268.25,26.75,2.2,1.1,2.42,0.22,532.4,445.56,0.512
8253,38.64,10.03,387.53,24.87,32.17,2.2,1.1,2.42,0.22,532.4,398.12,0.517
8254,42.07,28.82,1212.53,191.56,32.09,2.2,1.1,2.42,0.22,532.4,351.13,0.539
8255,12.37,7.29,90.15,143.63,9.3,2.2,1.1,2.42,0.22,532.4,490.77,0.531
8256,26.27,14.06,369.42,232.72,40.68,2.2,1.1,2.42,0.22,532.4,283.5,0.514
8257,14.3,8.97,128.33,239.11,43.26,2.2,1.1,2.42,0.22,532.4,440.47,0.568
8258,15.88,22.91,363.76,356.57,24.04,2.2,1.1,2.42,0.22,532.4,406.79,0.538
8259,48.52,27.06,1312.79,272.26,29.92,2.2,1.1,2.42,0.22,532.4,509.76,0.516
8260,11.4,18.98,216.49,142.53,5.66,2.2,1.1,2.42,0.22,532.4,401.75,0.532
8261,49.21,25.58,1258.86,208.69,16.65,2.2,1.1,2.42,0.22,532.4,457.74,0.511
8262,20.75,22.51,467.04,143.95,12.65,2.2,1.1,2.42,0.22,532.4,506.91,0.519
8263,43.16,9.97,430.46,116.46,7.23,2.2,1.1,2.42,0.22,532.4,450.37,0.499
8264,44.46,5.98,265.65,345.01,12.7,2.2,1.1,2.42,0.22,532.4,488.89,0.509
8265,22.64,22.13,501.03,154.41,35.66,2.2,1.1,2.42,0.22,532.4,280.16,0.502
8266,13.73,20.78,285.19,161.02,3.41,2.2,1.1,2.42,0.22,532.4,428.41,0.493
8267,41.07,21.11,867.0,209.73,23.33,2.2,1.1,2.42,0.22,532.4,444.7,0.501
8268,25.83,17.64,455.72,354.4,39.43,2.2,1.1,2.42,0.22,532.4,380.81,0.523
8269,42.28,6.13,259.18,8.46,35.16,2.2,1.1,2.42,0.22,532.4,390.22,0.51
8270,7.75,15.87,123.06,91.37,25.49,2.2,1.1,2.42,0.22,532.4,349.19,0.54
8271,34.7,25.14,872.12,229.82,44.23,2.2,1.1,2.42,0.22,532.4,341.03,0.544
8272,49.93,13.9,694.27,285.54,17.6,2.2,1.1,2.42,0.22,532.4,385.87,0.575
8273,12.33,8.01,98.77,21.4,15.03,2.2,1.1,2.42,0.22,532.4,311.95,0.497
8274,22.6,16.59,374.95,354.91,40.13,2.2,1.1,2.42,0.22,532.4,301.93,0.587
8275,10.36,15.88,164.49,353.39,29.54,2.2,1.1,2.42,0.22,532.4,452.06,0.53
8276,29.55,18.2,537.81,182.33,28.88,2.2,1.1,2.42,0.22,532.4,410.04,0.498
8277,48.29,14.32,691.49,270.47,26.19,2.2,1.1,2.42,0.22,532.4,400.1,0.507
8278,6.24,10.24,63.86,158.86,41.4,2.2,1.1,2.42,0.22,532.4,259.6,0.538
8279,8.65,15.57,134.69,15.65,4.36,2.2,1.1,2.42,0.22,532.4,518.1,0.506
8280,12.68,11.22,142.19,13.01,0.65,2.2,1.1,2.42,0.22,532.4,424.42,0.524
8281,47.09,27.9,1313.86,277.35,24.47,2.2,1.1,2.42,0.22,532.4,340.79,0.538
8282,25.52,22.08,563.55,115.42,11.42,2.2,1.1,2.42,0.22,532.4,336.35,0.502
8283,23.29,23.81,554.5,169.57,42.22,2.2,1.1,2.42,0.22,532.4,429.35,0.512
8284,31.73,28.38,900.76,155.4,9.12,2.2,1.1,2.42,0.22,532.4,531.21,0.514
8285,40.4,17.1,690.94,163.81,26.49,2.2,1.1,2.42,0.22,532.4,483.47,0.553
8286,32.27,20.78,670.54,281.44,1.08,2.2,1.1,2.42,0.22,532.4,484.6,0.502
8287,17.49,11.49,200.93,127.09,38.5,2.2,1.1,2.42,0.22,532.4,300.09,0.494
8288,27.79,27.99,777.82,87.15,11.74,2.2,1.1,2.42,0.22,532.4,287.73,0.531
8289,8.33,20.84,173.48,161.64,14.48,2.2,1.1,2.42,0.22,532.4,284.92,0.501
8290,5.79,6.44,37.28,317.85,3.33,2.2,1.1,2.42,0.22,532.4,408.1,0.503
8291,33.77,8.05,271.83,206.14,29.16,2.2,1.1,2.42,0.22,532.4,477.39,0.518
8292,33.52,6.16,206.57,3.63,35.69,2.2,1.1,2.42,0.22,532.4,329.84,0.558
8293,36.87,22.83,841.97,200.4,4.01,2.2,1.1,2.42,0.22,532.4,417.13,0.487
8294,25.6,28.56,731.11,314.2,38.94,2.2,1.1,2.42,0.22,532.4,494.45,0.538
8295,16.48,27.78,457.68,348.85,31.06,2.2,1.1,2.42,0.22,532.4,430.48,0.495
8296,16.43,8.19,134.5,141.34,39.24,2.2,1.1,2.42,0.22,532.4,525.72,0.519
8297,35.15,10.3,362.13,73.93,34.11,2.2,1.1,2.42,0.22,532.4,392.45,0.535
8298,5.4,18.43,99.44,227.53,26.36,2.2,1.1,2.42,0.22,532.4,350.15,0.52
8299,16.27,15.39,250.37,217.84,4.49,2.2,1.1,2.42,0.22,532.4,387.48,0.523
8300,10.33,22.18,229.03,164.53,44.92,2.2,1.1,2.42,0.22,532.4,419.16,0.535
8301,34.24,5.69,194.77,207.84,24.13,2.2,1.1,2.42,0.22,532.4,449.76,0.547
8302,30.61,7.77,237.93,26.88,8.76,2.2,1.1,2.42,0.22,532.4,505.98,0.506
8303,49.26,9.4,462.99,43.93,21.6,2.2,1.1,2.42,0.22,532.4,526.0,0.519
8304,24.23,18.63,451.55,115.25,30.42,2.2,1.1,2.42,0.22,532.4,483.78,0.522
8305,49.94,29.61,1478.41,321.84,17.49,2.2,1.1,2.42,0.22,532.4,475.32,0.517
8306,19.65,6.33,124.35,158.46,36.34,2.2,1.1,2.42,0.22,532.4,547.97,0.473
8307,40.66,5.1,207.34,289.37,29.01,2.2,1.1,2.42,0.22,532.4,424.83,0.565
8308,35.2,26.67,938.55,109.87,23.34,2.2,1.1,2.42,0.22,532.4,437.39,0.558
8309,24.06,8.09,194.75,167.76,3.51,2.2,1.1,2.42,0.22,532.4,447.52,0.525
8310,24.64,11.41,281.05,135.34,13.96,2.2,1.1,2.42,0.22,532.4,407.53,0.512
8311,12.42,7.13,88.57,262.61,11.54,2.2,1.1,2.42,0.22,532.4,349.61,0.519
8312,19.32,12.21,235.93,144.36,27.16,2.2,1.1,2.42,0.22,532.4,336.2,0.516
8313,38.23,25.96,992.3,315.91,1.07,2.2,1.1,2.42,0.22,532.4,501.56,0.537
8314,28.66,14.46,414.32,266.93,2.47,2.2,1.1,2.42,0.22,532.4,355.43,0.515
8315,14.47,16.14,233.45,169.53,9.68,2.2,1.1,2.42,0.22,532.4,403.08,0.519
8316,33.97,8.75,297.23,310.7,43.12,2.2,1.1,2.42,0.22,532.4,374.7,0.521
8317,46.65,8.33,388.49,171.87,35.61,2.2,1.1,2.42,0.22,532.4,483.12,0.52
8318,40.78,20.16,821.97,333.85,9.47,2.2,1.1,2.42,0.22,532.4,477.11,0.531
8319,16.32,15.43,251.81,333.07,29.54,2.2,1.1,2.42,0.22,532.4,436.76,0.527
8320,42.33,27.25,1153.62,150.51,2.7,2.2,1.1,2.42,0.22,532.4,503.1,0.529
8321,24.21,29.56,715.77,143.25,27.33,2.2,1.1,2.42,0.22,532.4,276.06,0.544
8322,10.76,28.6,307.88,1.67,8.38,2.2,1.1,2.42,0.22,532.4,397.75,0.548
8323,27.75,27.12,752.48,283.74,23.22,2.2,1.1,2.42,0.22,532.4,469.29,0.529
8324,27.8,22.13,615.26,61.83,31.52,2.2,1.1,2.42,0.22,532.4,449.9,0.531
8325,49.98,19.64,981.59,139.51,17.45,2.2,1.1,2.42,0.22,532.4,476.96,0.535
8326,45.52,6.48,295.13,345.3,0.97,2.2,1.1,2.42,0.22,532.4,295.6,0.555
8327,34.73,13.35,463.7,19.77,9.08,2.2,1.1,2.42,0.22,532.4,338.3,0.501
8328,6.87,6.01,41.32,251.08,21.91,2.2,1.1,2.42,0.22,532.4,411.87,0.511
8329,46.24,8.72,403.1,193.53,9.7,2.2,1.1,2.42,0.22,532.4,486.73,0.54
8330,40.48,15.85,641.52,33.24,21.07,2.2,1.1,2.42,0.22,532.4,364.39,0.506
8331,43.22,18.05,780.29,161.85,31.14,2.2,1.1,2.42,0.22,532.4,397.29,0.517
8332,26.35,21.15,557.32,282.45,8.76,2.2,1.1,2.42,0.22,532.4,282.32,0.545
8333,9.98,5.33,53.16,257.85,22.96,2.2,1.1,2.42,0.22,532.4,322.31,0.534
8334,36.25,21.28,771.17,340.44,44.37,2.2,1.1,2.42,0.22,532.4,379.52,0.506
8335,22.7,25.55,580.01,67.13,5.76,2.2,1.1,2.42,0.22,532.4,291.43,0.517
8336,46.86,11.44,535.87,53.18,22.39,2.2,1.1,2.42,0.22,532.4,306.1,0.49
8337,6.1,10.03,61.11,81.5,40.63,2.2,1.1,2.42,0.22,532.4,321.41,0.536
8338,5.64,11.2,63.2,340.31,13.68,2.2,1.1,2.42,0.22,532.4,297.51,0.491
8339,6.85,14.6,100.05,318.1,18.74,2.2,1.1,2.42,0.22,532.4,477.47,0.51
8340,44.74,12.89,576.86,323.46,33.05,2.2,1.1,2.42,0.22,532.4,475.87,0.527
8341,29.8,24.55,731.66,346.67,15.07,2.2,1.1,2.42,0.22,532.4,334.91,0.573
8342,11.87,9.57,113.63,159.23,4.0,2.2,1.1,2.42,0.22,532.4,489.1,0.506
8343,5.79,13.31,77.07,24.27,6.57,2.2,1.1,2.42,0.22,532.4,282.3,0.504
8344,24.62,14.98,368.76,245.66,5.48,2.2,1.1,2.42,0.22,532.4,501.54,0.527
8345,23.95,15.3,366.45,251.46,42.89,2.2,1.1,2.42,0.22,532.4,274.45,0.525
8346,14.09,14.15,199.27,240.53,42.09,2.2,1.1,2.42,0.22,532.4,295.0,0.546
8347,17.07,14.34,244.84,77.4,2.89,2.2,1.1,2.42,0.22,532.4,375.23,0.572
8348,41.99,21.0,882.0,20.72,12.3,2.2,1.1,2.42,0.22,532.4,335.84,0.553
8349,29.5,15.3,451.26,355.43,43.15,2.2,1.1,2.42,0.22,532.4,497.59,0.536
8350,32.87,27.74,911.95,20.02,35.82,2.2,1.1,2.42,0.22,532.4,369.43,0.496
8351,22.7,25.53,579.6,240.49,7.42,2.2,1.1,2.42,0.22,532.4,429.32,0.496
8352,25.0,14.93,373.12,24.14,1.57,2.2,1.1,2.42,0.22,532.4,514.48,0.484
8353,38.83,12.22,474.55,157.18,20.69,2.2,1.1,2.42,0.22,532.4,484.86,0.516
8354,14.13,28.96,409.16,127.48,25.93,2.2,1.1,2.42,0.22,532.4,315.65,0.528
8355,27.34,22.07,603.56,327.28,28.88,2.2,1.1,2.42,0.22,532.4,359.01,0.509
8356,22.08,12.52,276.36,60.26,37.72,2.2,1.1,2.42,0.22,532.4,484.75,0.516
8357,45.91,14.94,686.09,83.88,6.66,2.2,1.1,2.42,0.22,532.4,354.55,0.551
8358,18.12,29.85,541.02,197.06,17.41,2.2,1.1,2.42,0.22,532.4,296.35,0.522
8359,45.89,20.3,931.64,184.72,34.16,2.2,1.1,2.42,0.22,532.4,412.24,0.54
8360,19.31,10.85,209.44,340.14,31.93,2.2,1.1,2.42,0.22,532.4,550.14,0.497
8361,29.71,5.32,157.97,305.9,28.33,2.2,1.1,2.42,0.22,532.4,398.5,0.535
8362,37.77,15.61,589.63,114.69,4.29,2.2,1.1,2.42,0.22,532.4,375.63,0.518
8363,45.27,5.31,240.23,139.96,40.96,2.2,1.1,2.42,0.22,532.4,329.47,0.527
8364,39.97,6.31,252.23,131.69,29.5,2.2,1.1,2.42,0.22,532.4,405.86,0.534
8365,35.05,26.47,927.6,110.87,43.4,2.2,1.1,2.42,0.22,532.4,507.84,0.514
8366,21.8,9.11,198.49,92.15,22.33,2.2,1.1,2.42,0.22,532.4,517.5,0.516
8367,41.9,6.55,274.31,93.3,43.67,2.2,1.1,2.42,0.22,532.4,371.95,0.527
8368,42.9,23.38,1002.97,252.05,44.13,2.2,1.1,2.42,0.22,532.4,412.57,0.51
8369,11.38,21.68,246.65,185.73,20.58,2.2,1.1,2.42,0.22,532.4,400.59,0.51
8370,16.26,6.39,103.98,34.9,21.5,2.2,1.1,2.42,0.22,532.4,479.57,0.53
8371,8.0,16.79,134.34,149.51,14.61,2.2,1.1,2.42,0.22,532.4,410.65,0.511
8372,26.12,26.35,688.35,3.88,36.32,2.2,1.1,2.42,0.22,532.4,483.94,0.511
8373,8.08,15.32,123.83,358.84,13.02,2.2,1.1,2.42,0.22,532.4,507.39,0.521
8374,22.42,18.59,416.78,216.55,15.05,2.2,1.1,2.42,0.22,532.4,351.25,0.512
8375,42.52,11.59,492.91,157.33,40.52,2.2,1.1,2.42,0.22,532.4,334.65,0.537
8376,19.98,11.97,239.23,178.46,21.18,2.2,1.1,2.42,0.22,532.4,416.58,0.505
8377,17.06,15.84,270.2,259.98,26.37,2.2,1.1,2.42,0.22,532.4,434.32,0.507
8378,32.68,12.3,401.94,58.06,25.77,2.2,1.1,2.42,0.22,532.4,396.39,0.518
8379,44.09,22.37,986.31,136.19,16.25,2.2,1.1,2.42,0.22,532.4,481.17,0.501
8380,7.54,27.84,210.03,309.05,15.25,2.2,1.1,2.42,0.22,532.4,331.95,0.525
8381,15.21,9.67,147.04,211.03,30.5,2.2,1.1,2.42,0.22,532.4,311.67,0.505
8382,10.5,27.26,286.15,47.61,17.27,2.2,1.1,2.42,0.22,532.4,344.34,0.508
8383,27.47,15.28,419.85,284.69,33.37,2.2,1.1,2.42,0.22,532.4,472.14,0.496
8384,22.51,21.13,475.63,32.29,5.46,2.2,1.1,2.42,0.22,532.4,321.79,0.52
8385,23.42,17.72,415.03,330.37,40.03,2.2,1.1,2.42,0.22,532.4,490.74,0.512
8386,41.2,27.95,1151.5,40.89,7.72,2.2,1.1,2.42,0.22,532.4,547.89,0.489
8387,8.94,15.22,136.08,70.5,14.3,2.2,1.1,2.42,0.22,532.4,509.95,0.512
8388,32.78,28.03,918.69,317.28,12.66,2.2,1.1,2.42,0.22,532.4,534.18,0.515
8389,16.64,25.27,420.65,3.5,16.9,2.2,1.1,2.42,0.22,532.4,529.02,0.521
8390,40.65,28.05,1140.24,234.43,41.35,2.2,1.1,2.42,0.22,532.4,333.83,0.498
8391,15.01,24.3,364.67,226.68,22.03,2.2,1.1,2.42,0.22,532.4,384.09,0.545
8392,24.83,7.68,190.81,289.21,27.7,2.2,1.1,2.42,0.22,532.4,341.48,0.57
8393,8.07,7.82,63.13,101.38,4.79,2.2,1.1,2.42,0.22,532.4,316.64,0.517
8394,25.42,11.35,288.54,213.79,4.8,2.2,1.1,2.42,0.22,532.4,532.71,0.514
8395,32.55,15.62,508.56,347.01,43.59,2.2,1.1,2.42,0.22,532.4,324.9,0.56
8396,20.67,15.78,326.24,121.65,42.26,2.2,1.1,2.42,0.22,532.4,490.93,0.514
8397,31.59,7.99,252.28,71.95,7.6,2.2,1.1,2.42,0.22,532.4,346.05,0.514
8398,10.18,10.9,110.93,147.54,10.43,2.2,1.1,2.42,0.22,532.4,452.46,0.525
8399,43.18,26.63,1149.82,292.86,39.96,2.2,1.1,2.42,0.22,532.4,520.7,0.526
8400,9.05,16.75,151.64,190.02,5.87,2.2,1.1,2.42,0.22,532.4,443.75,0.543
8401,49.96,14.93,745.85,31.89,43.31,2.2,1.1,2.42,0.22,532.4,331.17,0.553
8402,30.17,11.95,360.39,288.21,1.52,2.2,1.1,2.42,0.22,532.4,310.27,0.491
8403,5.77,22.62,130.52,130.42,24.06,2.2,1.1,2.42,0.22,532.4,409.37,0.581
8404,17.03,14.74,251.06,47.69,16.55,2.2,1.1,2.42,0.22,532.4,391.14,0.552
8405,12.89,15.26,196.66,355.34,39.89,2.2,1.1,2.42,0.22,532.4,461.04,0.514
8406,10.89,7.68,83.61,215.66,37.43,2.2,1.1,2.42,0.22,532.4,360.16,0.518
8407,14.62,29.11,425.68,133.26,4.5,2.2,1.1,2.42,0.22,532.4,518.13,0.519
8408,6.73,15.88,106.82,105.52,40.12,2.2,1.1,2.42,0.22,532.4,260.04,0.545
8409,29.19,27.84,812.63,16.44,31.91,2.2,1.1,2.42,0.22,532.4,437.19,0.512
8410,33.96,13.38,454.34,152.94,7.57,2.2,1.1,2.42,0.22,532.4,419.44,0.54
8411,37.21,26.36,980.69,169.66,37.71,2.2,1.1,2.42,0.22,532.4,297.79,0.522
8412,45.41,20.6,935.43,335.62,28.7,2.2,1.1,2.42,0.22,532.4,327.18,0.501
8413,38.63,9.22,356.36,171.52,36.86,2.2,1.1,2.42,0.22,532.4,458.36,0.5
8414,9.99,23.03,230.11,88.16,7.01,2.2,1.1,2.42,0.22,532.4,341.66,0.52
8415,46.05,26.11,1202.61,226.91,8.16,2.2,1.1,2.42,0.22,532.4,351.81,0.502
8416,13.17,7.31,96.3,85.02,23.89,2.2,1.1,2.42,0.22,532.4,539.38,0.506
8417,36.5,14.04,512.34,139.54,11.81,2.2,1.1,2.42,0.22,532.4,288.87,0.504
8418,23.65,5.86,138.62,223.23,1.25,2.2,1.1,2.42,0.22,532.4,289.41,0.536
8419,23.43,6.23,145.91,336.41,8.7,2.2,1.1,2.42,0.22,532.4,420.5,0.518
8420,39.9,22.52,898.4,115.57,14.12,2.2,1.1,2.42,0.22,532.4,372.52,0.53
8421,13.88,25.23,350.17,290.07,26.03,2.2,1.1,2.42,0.22,532.4,543.37,0.496
8422,45.74,17.44,797.84,243.14,38.92,2.2,1.1,2.42,0.22,532.4,516.76,0.502
8423,45.82,13.56,621.54,37.22,37.95,2.2,1.1,2.42,0.22,532.4,489.59,0.524
8424,8.12,12.31,100.02,204.13,4.77,2.2,1.1,2.42,0.22,532.4,353.29,0.514
8425,35.18,26.99,949.59,248.8,38.29,2.2,1.1,2.42,0.22,532.4,294.85,0.514
8426,39.74,21.88,869.71,175.62,25.99,2.2,1.1,2.42,0.22,532.4,535.79,0.513
8427,39.29,19.65,772.08,13.44,20.01,2.2,1.1,2.42,0.22,532.4,318.23,0.54
8428,33.17,21.85,724.72,221.79,23.43,2.2,1.1,2.42,0.22,532.4,411.4,0.525
8429,16.22,29.39,476.72,268.23,18.61,2.2,1.1,2.42,0.22,532.4,445.67,0.52
8430,21.01,28.92,607.49,196.68,31.8,2.2,1.1,2.42,0.22,532.4,504.27,0.49
8431,8.55,21.41,183.16,135.31,44.32,2.2,1.1,2.42,0.22,532.4,352.73,0.498
8432,42.98,24.34,1046.21,235.08,10.77,2.2,1.1,2.42,0.22,532.4,436.45,0.509
8433,9.34,16.51,154.23,264.25,18.16,2.2,1.1,2.42,0.22,532.4,473.12,0.512
8434,29.5,19.57,577.27,5.73,0.36,2.2,1.1,2.42,0.22,532.4,456.4,0.541
8435,36.56,19.44,710.74,352.76,20.44,2.2,1.1,2.42,0.22,532.4,313.81,0.524
8436,35.99,18.75,674.8,90.87,2.65,2.2,1.1,2.42,0.22,532.4,389.64,0.504
8437,9.6,24.54,235.58,338.95,43.64,2.2,1.1,2.42,0.22,532.4,376.66,0.508
8438,45.88,12.9,591.94,214.99,13.49,2.2,1.1,2.42,0.22,532.4,513.95,0.494
8439,9.86,6.19,61.05,358.8,20.99,2.2,1.1,2.42,0.22,532.4,524.77,0.519
8440,28.64,27.6,790.5,298.57,21.46,2.2,1.1,2.42,0.22,532.4,371.45,0.526
8441,41.49,8.2,340.25,85.6,41.86,2.2,1.1,2.42,0.22,532.4,494.63,0.526
8442,43.06,22.86,984.54,190.26,37.79,2.2,1.1,2.42,0.22,532.4,292.36,0.508
8443,24.77,21.76,539.17,154.58,16.3,2.2,1.1,2.42,0.22,532.4,418.98,0.546
8444,33.64,12.01,404.05,67.49,23.32,2.2,1.1,2.42,0.22,532.4,408.45,0.529
8445,40.79,29.45,1201.31,299.33,16.04,2.2,1.1,2.42,0.22,532.4,372.9,0.532
8446,27.3,12.45,339.84,353.91,18.6,2.2,1.1,2.42,0.22,532.4,441.7,0.517
8447,44.97,25.6,1151.21,226.85,43.07,2.2,1.1,2.42,0.22,532.4,400.79,0.529
8448,31.84,28.86,919.13,80.98,24.5,2.2,1.1,2.42,0.22,532.4,292.78,0.535
8449,23.62,15.81,373.46,323.99,17.52,2.2,1.1,2.42,0.22,532.4,491.87,0.511
8450,43.96,21.43,942.12,285.08,42.02,2.2,1.1,2.42,0.22,532.4,284.89,0.521
8451,40.55,12.45,505.03,177.07,1.94,2.2,1.1,2.42,0.22,532.4,393.91,0.512
8452,36.04,15.53,559.73,311.24,42.51,2.2,1.1,2.42,0.22,532.4,465.8,0.495
8453,31.41,29.71,933.21,211.2,29.86,2.2,1.1,2.42,0.22,532.4,306.88,0.507
8454,30.39,27.75,843.22,346.86,21.7,2.2,1.1,2.42,0.22,532.4,383.93,0.586
8455,49.57,18.66,925.08,221.94,15.54,2.2,1.1,2.42,0.22,532.4,474.65,0.528
8456,28.85,29.89,862.3,306.65,20.12,2.2,1.1,2.42,0.22,532.4,275.59,0.555
8457,40.44,15.52,627.64,125.29,40.45,2.2,1.1,2.42,0.22,532.4,469.26,0.534
8458,10.44,15.62,163.06,266.66,40.78,2.2,1.1,2.42,0.22,532.4,418.55,0.507
8459,27.2,16.36,444.96,324.62,43.14,2.2,1.1,2.42,0.22,532.4,278.91,0.518
8460,25.19,17.52,441.27,331.36,33.98,2.2,1.1,2.42,0.22,532.4,479.83,0.493
8461,20.97,9.54,199.98,271.51,44.45,2.2,1.1,2.42,0.22,532.4,295.82,0.509
8462,17.44,16.97,296.04,160.18,9.08,2.2,1.1,2.42,0.22,532.4,310.32,0.503
8463,25.47,10.63,270.74,24.47,23.11,2.2,1.1,2.42,0.22,532.4,445.45,0.558
8464,22.63,10.76,243.39,156.61,18.92,2.2,1.1,2.42,0.22,532.4,464.08,0.518
8465,28.29,20.93,592.05,25.8,2.04,2.2,1.1,2.42,0.22,532.4,272.72,0.53
8466,38.47,7.95,305.81,92.86,35.57,2.2,1.1,2.42,0.22,532.4,306.15,0.498
8467,46.73,5.96,278.33,107.04,37.0,2.2,1.1,2.42,0.22,532.4,486.71,0.526
8468,36.22,29.84,1081.06,323.77,16.38,2.2,1.1,2.42,0.22,532.4,465.01,0.528
8469,31.88,13.24,422.09,116.96,19.04,2.2,1.1,2.42,0.22,532.4,390.6,0.542
8470,49.4,23.3,1151.24,326.39,14.62,2.2,1.1,2.42,0.22,532.4,311.19,0.536
8471,33.93,25.6,868.64,22.24,27.13,2.2,1.1,2.42,0.22,532.4,433.2,0.549
8472,40.03,29.28,1172.16,222.42,7.38,2.2,1.1,2.42,0.22,532.4,312.83,0.538
8473,28.61,17.63,504.49,97.29,22.72,2.2,1.1,2.42,0.22,532.4,441.24,0.499
8474,48.07,19.94,958.34,293.59,30.46,2.2,1.1,2.42,0.22,532.4,428.95,0.506
8475,18.77,22.21,416.88,339.74,37.02,2.2,1.1,2.42,0.22,532.4,288.09,0.585
8476,24.55,28.1,689.89,311.85,6.26,2.2,1.1,2.42,0.22,532.4,299.76,0.576
8477,32.79,27.0,885.32,184.08,13.23,2.2,1.1,2.42,0.22,532.4,496.5,0.501
8478,5.09,23.51,119.76,101.54,38.17,2.2,1.1,2.42,0.22,532.4,518.21,0.506
8479,31.58,16.98,536.43,282.33,19.3,2.2,1.1,2.42,0.22,532.4,427.98,0.535
8480,37.22,27.76,1033.53,308.0,18.87,2.2,1.1,2.42,0.22,532.4,556.9,0.489
8481,18.7,15.09,282.25,63.15,21.4,2.2,1.1,2.42,0.22,532.4,433.4,0.522
8482,22.86,16.81,384.25,89.22,27.5,2.2,1.1,2.42,0.22,532.4,525.63,0.524
8483,32.24,14.01,451.83,63.57,25.71,2.2,1.1,2.42,0.22,532.4,340.66,0.503
8484,16.74,29.7,497.03,351.91,7.05,2.2,1.1,2.42,0.22,532.4,493.91,0.516
8485,24.33,6.34,154.18,137.32,23.55,2.2,1.1,2.42,0.22,532.4,461.16,0.523
8486,10.91,5.86,63.97,358.8,44.89,2.2,1.1,2.42,0.22,532.4,452.41,0.51
8487,33.2,12.46,413.51,236.4,8.17,2.2,1.1,2.42,0.22,532.4,318.2,0.534
8488,44.83,27.46,1231.07,279.75,18.24,2.2,1.1,2.42,0.22,532.4,325.36,0.523
8489,48.47,6.63,321.13,0.24,22.4,2.2,1.1,2.42,0.22,532.4,380.37,0.487
8490,45.04,21.1,950.14,108.53,38.16,2.2,1.1,2.42,0.22,532.4,447.74,0.489
8491,35.25,24.65,869.09,233.32,20.57,2.2,1.1,2.42,0.22,532.4,338.25,0.5
8492,39.36,22.39,881.18,266.79,12.59,2.2,1.1,2.42,0.22,532.4,518.86,0.531
8493,20.09,23.29,467.87,152.23,5.96,2.2,1.1,2.42,0.22,532.4,300.72,0.537
8494,11.38,26.68,303.65,289.03,41.07,2.2,1.1,2.42,0.22,532.4,276.43,0.505
8495,24.7,24.81,612.85,34.32,24.35,2.2,1.1,2.42,0.22,532.4,438.19,0.55
8496,9.62,28.57,274.72,93.06,10.58,2.2,1.1,2.42,0.22,532.4,459.27,0.554
8497,15.68,10.45,163.93,68.98,18.31,2.2,1.1,2.42,0.22,532.4,425.29,0.528
8498,22.09,12.98,286.78,44.74,39.61,2.2,1.1,2.42,0.22,532.4,420.15,0.524
8499,11.18,11.85,132.5,267.56,22.67,2.2,1.1,2.42,0.22,532.4,289.69,0.533
8500,29.94,24.72,740.15,319.34,34.69,2.2,1.1,2.42,0.22,532.4,535.18,0.515
8501,10.07,10.31,103.81,306.1,28.92,2.2,1.1,2.42,0.22,532.4,484.25,0.517
8502,20.39,14.15,288.56,298.87,34.39,2.2,1.1,2.42,0.22,532.4,265.93,0.533
8503,27.48,21.47,589.89,317.41,44.81,2.2,1.1,2.42,0.22,532.4,419.32,0.548
8504,33.56,17.12,574.33,25.83,33.66,2.2,1.1,2.42,0.22,532.4,438.8,0.507
8505,26.03,25.68,668.4,296.91,14.81,2.2,1.1,2.42,0.22,532.4,525.75,0.511
8506,12.89,15.27,196.76,76.11,6.7,2.2,1.1,2.42,0.22,532.4,288.31,0.534
8507,47.03,14.99,705.08,9.76,32.64,2.2,1.1,2.42,0.22,532.4,532.53,0.505
8508,15.28,5.03,76.92,243.24,33.67,2.2,1.1,2.42,0.22,532.4,533.82,0.513
8509,28.07,29.02,814.55,297.99,24.12,2.2,1.1,2.42,0.22,532.4,467.33,0.522
8510,16.2,5.76,93.32,45.37,26.85,2.2,1.1,2.42,0.22,532.4,473.6,0.563
8511,32.58,26.58,866.1,326.12,35.26,2.2,1.1,2.42,0.22,532.4,394.61,0.528
8512,31.8,12.05,383.29,338.19,21.13,2.2,1.1,2.42,0.22,532.4,489.69,0.531
8513,26.63,28.72,764.69,354.53,29.41,2.2,1.1,2.42,0.22,532.4,445.68,0.518
8514,12.09,21.43,259.25,61.13,41.2,2.2,1.1,2.42,0.22,532.4,401.07,0.55
8515,35.66,11.72,417.84,31.23,6.05,2.2,1.1,2.42,0.22,532.4,296.39,0.546
8516,44.61,14.91,665.25,66.74,32.66,2.2,1.1,2.42,0.22,532.4,323.86,0.536
8517,20.7,27.29,565.07,52.08,35.97,2.2,1.1,2.42,0.22,532.4,384.53,0.511
8518,32.35,26.96,872.36,202.73,25.12,2.2,1.1,2.42,0.22,532.4,471.2,0.503
8519,39.06,18.45,720.74,257.76,14.12,2.2,1.1,2.42,0.22,532.4,497.3,0.514
8520,22.38,23.8,532.47,108.1,6.0,2.2,1.1,2.42,0.22,532.4,340.88,0.522
8521,35.64,20.34,725.01,246.52,2.42,2.2,1.1,2.42,0.22,532.4,265.32,0.526
8522,7.3,22.95,167.65,61.52,18.03,2.2,1.1,2.42,0.22,532.4,447.9,0.52
8523,49.64,19.15,950.52,314.48,41.57,2.2,1.1,2.42,0.22,532.4,279.24,0.553
8524,9.12,19.91,181.62,56.24,22.74,2.2,1.1,2.42,0.22,532.4,470.36,0.554
8525,29.45,20.63,607.53,99.19,14.87,2.2,1.1,2.42,0.22,532.4,481.46,0.51
8526,42.94,12.16,522.36,65.68,39.04,2.2,1.1,2.42,0.22,532.4,316.41,0.542
8527,45.81,19.14,876.61,357.46,36.39,2.2,1.1,2.42,0.22,532.4,435.92,0.531
8528,43.28,20.21,874.5,49.59,4.6,2.2,1.1,2.42,0.22,532.4,469.4,0.52
8529,29.42,29.79,876.5,37.35,41.26,2.2,1.1,2.42,0.22,532.4,366.18,0.523
8530,48.02,25.36,1217.71,159.2,29.61,2.2,1.1,2.42,0.22,532.4,484.0,0.518
8531,11.44,7.43,84.94,241.58,15.0,2.2,1.1,2.42,0.22,532.4,497.21,0.533
8532,23.08,21.97,506.9,60.9,15.14,2.2,1.1,2.42,0.22,532.4,497.81,0.548
8533,41.99,13.57,569.72,20.94,38.41,2.2,1.1,2.42,0.22,532.4,342.53,0.549
8534,15.12,18.04,272.72,148.59,33.16,2.2,1.1,2.42,0.22,532.4,286.65,0.521
8535,48.56,9.96,483.81,183.03,36.68,2.2,1.1,2.42,0.22,532.4,522.73,0.522
8536,46.32,28.91,1338.96,314.52,28.33,2.2,1.1,2.42,0.22,532.4,365.67,0.516
8537,38.21,8.87,338.98,118.59,43.49,2.2,1.1,2.42,0.22,532.4,521.93,0.528
8538,10.36,19.99,207.08,130.63,26.71,2.2,1.1,2.42,0.22,532.4,398.03,0.544
8539,44.06,5.2,228.97,293.03,41.81,2.2,1.1,2.42,0.22,532.4,495.6,0.546
8540,23.53,12.5,294.11,320.0,24.6,2.2,1.1,2.42,0.22,532.4,500.7,0.487
8541,6.26,27.09,169.59,350.73,6.93,2.2,1.1,2.42,0.22,532.4,366.23,0.518
8542,12.18,14.2,172.94,72.81,24.04,2.2,1.1,2.42,0.22,532.4,398.31,0.521
8543,37.92,26.12,990.33,226.67,6.93,2.2,1.1,2.42,0.22,532.4,446.25,0.55
8544,39.75,22.23,883.47,151.67,24.59,2.2,1.1,2.42,0.22,532.4,509.78,0.524
8545,14.15,25.12,355.38,204.89,37.91,2.2,1.1,2.42,0.22,532.4,373.93,0.536
8546,21.9,29.9,654.76,16.17,11.12,2.2,1.1,2.42,0.22,532.4,431.33,0.527
8547,45.84,16.67,764.02,1.43,37.17,2.2,1.1,2.42,0.22,532.4,478.12,0.553
8548,22.36,19.98,446.71,8.31,21.96,2.2,1.1,2.42,0.22,532.4,367.09,0.544
8549,47.79,21.16,1011.5,334.7,39.07,2.2,1.1,2.42,0.22,532.4,517.78,0.528
8550,17.55,8.07,141.68,347.86,42.26,2.2,1.1,2.42,0.22,532.4,286.05,0.51
8551,47.75,21.2,1012.15,130.4,5.89,2.2,1.1,2.42,0.22,532.4,364.67,0.518
8552,24.95,22.93,572.13,336.5,39.61,2.2,1.1,2.42,0.22,532.4,272.48,0.551
8553,44.64,29.69,1325.45,93.67,36.6,2.2,1.1,2.42,0.22,532.4,469.02,0.522
8554,27.09,24.0,650.2,339.88,28.69,2.2,1.1,2.42,0.22,532.4,371.17,0.504
8555,35.38,23.46,830.03,180.56,21.34,2.2,1.1,2.42,0.22,532.4,353.62,0.497
8556,12.07,23.96,289.26,226.19,6.97,2.2,1.1,2.42,0.22,532.4,466.74,0.542
8557,24.11,24.7,595.29,136.62,10.19,2.2,1.1,2.42,0.22,532.4,266.63,0.532
8558,48.18,11.88,572.47,30.84,30.97,2.2,1.1,2.42,0.22,532.4,278.42,0.494
8559,20.68,21.18,438.17,347.62,4.1,2.2,1.1,2.42,0.22,532.4,332.46,0.543
8560,49.44,26.0,1285.49,211.98,8.37,2.2,1.1,2.42,0.22,532.4,473.1,0.537
8561,30.78,21.46,660.6,304.71,31.06,2.2,1.1,2.42,0.22,532.4,336.23,0.505
8562,46.33,19.98,925.89,59.51,17.77,2.2,1.1,2.42,0.22,532.4,394.81,0.511
8563,19.72,17.19,338.95,325.11,9.59,2.2,1.1,2.42,0.22,532.4,310.17,0.479
8564,8.33,24.96,207.8,8.29,20.4,2.2,1.1,2.42,0.22,532.4,461.06,0.505
8565,36.72,24.92,915.1,253.13,28.62,2.2,1.1,2.42,0.22,532.4,272.11,0.507
8566,13.82,17.47,241.52,327.0,23.93,2.2,1.1,2.42,0.22,532.4,456.24,0.498
8567,11.73,12.59,147.56,19.51,0.69,2.2,1.1,2.42,0.22,532.4,466.09,0.533
8568,46.92,16.43,771.12,187.17,27.87,2.2,1.1,2.42,0.22,532.4,306.85,0.502
8569,28.49,14.03,399.74,163.07,43.51,2.2,1.1,2.42,0.22,532.4,435.29,0.536
8570,16.9,25.12,424.53,195.54,6.89,2.2,1.1,2.42,0.22,532.4,277.08,0.536
8571,35.96,23.17,833.3,281.93,22.74,2.2,1.1,2.42,0.22,532.4,514.02,0.523
8572,20.4,27.47,560.37,259.97,24.13,2.2,1.1,2.42,0.22,532.4,406.26,0.563
8573,30.71,17.08,524.4,70.53,7.65,2.2,1.1,2.42,0.22,532.4,388.44,0.523
8574,48.12,7.11,341.89,267.89,31.26,2.2,1.1,2.42,0.22,532.4,498.01,0.532
8575,24.22,22.56,546.45,257.76,29.16,2.2,1.1,2.42,0.22,532.4,444.16,0.527
8576,29.65,25.74,763.17,102.93,7.09,2.2,1.1,2.42,0.22,532.4,312.82,0.523
8577,45.65,19.39,885.1,72.64,33.6,2.2,1.1,2.42,0.22,532.4,280.65,0.517
8578,24.83,27.58,684.76,260.74,28.19,2.2,1.1,2.42,0.22,532.4,495.3,0.538
8579,22.32,29.03,647.83,210.4,11.47,2.2,1.1,2.42,0.22,532.4,312.09,0.539
8580,5.89,6.67,39.26,337.99,15.93,2.2,1.1,2.42,0.22,532.4,321.57,0.495
8581,15.11,25.75,389.02,57.01,37.86,2.2,1.1,2.42,0.22,532.4,404.24,0.521
8582,27.04,24.6,665.37,223.16,38.47,2.2,1.1,2.42,0.22,532.4,494.53,0.519
8583,12.06,28.57,344.48,90.41,13.79,2.2,1.1,2.42,0.22,532.4,496.77,0.505
8584,39.93,14.86,593.38,76.2,33.07,2.2,1.1,2.42,0.22,532.4,372.09,0.483
8585,39.25,14.45,567.16,44.53,33.36,2.2,1.1,2.42,0.22,532.4,281.74,0.509
8586,40.49,14.27,577.82,65.65,31.07,2.2,1.1,2.42,0.22,532.4,456.22,0.546
8587,6.99,8.37,58.51,356.49,5.73,2.2,1.1,2.42,0.22,532.4,436.68,0.529
8588,33.74,6.98,235.52,179.03,35.26,2.2,1.1,2.42,0.22,532.4,495.42,0.499
8589,47.11,15.21,716.64,162.02,18.49,2.2,1.1,2.42,0.22,532.4,479.71,0.499
8590,43.05,14.34,617.48,359.8,25.5,2.2,1.1,2.42,0.22,532.4,256.97,0.541
8591,20.41,21.91,447.13,30.41,37.01,2.2,1.1,2.42,0.22,532.4,507.01,0.512
8592,12.24,8.43,103.1,126.06,26.27,2.2,1.1,2.42,0.22,532.4,412.12,0.507
8593,18.92,28.79,544.78,26.76,10.29,2.2,1.1,2.42,0.22,532.4,416.78,0.525
8594,43.38,16.68,723.31,160.37,38.25,2.2,1.1,2.42,0.22,532.4,435.36,0.547
8595,41.78,14.13,590.34,277.35,41.43,2.2,1.1,2.42,0.22,532.4,359.46,0.496
8596,34.35,23.57,809.65,43.79,7.45,2.2,1.1,2.42,0.22,532.4,489.2,0.529
8597,6.36,6.26,39.78,343.67,4.68,2.2,1.1,2.42,0.22,532.4,461.34,0.504
8598,42.43,26.47,1123.34,225.33,0.39,2.2,1.1,2.42,0.22,532.4,316.33,0.519
8599,14.1,27.58,388.82,346.53,12.28,2.2,1.1,2.42,0.22,532.4,447.59,0.518
8600,27.15,12.61,342.32,348.69,18.31,2.2,1.1,2.42,0.22,532.4,470.73,0.535
8601,26.8,15.19,407.24,42.96,41.35,2.2,1.1,2.42,0.22,532.4,331.71,0.54
8602,30.68,25.64,786.6,335.08,21.56,2.2,1.1,2.42,0.22,532.4,461.82,0.53
8603,38.61,17.43,673.15,3.71,29.1,2.2,1.1,2.42,0.22,532.4,394.12,0.541
8604,21.96,20.91,459.13,203.2,22.34,2.2,1.1,2.42,0.22,532.4,319.93,0.529
8605,35.1,7.05,247.31,215.71,25.18,2.2,1.1,2.42,0.22,532.4,418.42,0.506
8606,42.52,19.77,840.8,202.53,2.87,2.2,1.1,2.42,0.22,532.4,330.77,0.519
8607,46.45,7.24,336.49,58.41,14.48,2.2,1.1,2.42,0.22,532.4,291.98,0.534
8608,13.45,12.87,173.01,33.88,3.27,2.2,1.1,2.42,0.22,532.4,402.65,0.525
8609,34.44,10.09,347.44,15.92,36.47,2.2,1.1,2.42,0.22,532.4,510.57,0.527
8610,37.19,22.36,831.51,219.8,0.39,2.2,1.1,2.42,0.22,532.4,320.92,0.556
8611,19.15,25.42,486.64,62.65,36.77,2.2,1.1,2.42,0.22,532.4,325.79,0.516
8612,12.5,29.82,372.75,137.19,23.74,2.2,1.1,2.42,0.22,532.4,372.26,0.526
8613,36.12,23.57,851.51,19.81,35.87,2.2,1.1,2.42,0.22,532.4,290.71,0.546
8614,49.9,27.66,1380.02,300.84,18.48,2.2,1.1,2.42,0.22,532.4,494.6,0.517
8615,12.59,12.16,153.12,341.46,9.69,2.2,1.1,2.42,0.22,532.4,501.97,0.487
8616,38.97,29.95,1167.22,306.9,32.93,2.2,1.1,2.42,0.22,532.4,382.8,0.535
8617,12.09,19.82,239.51,228.69,33.03,2.2,1.1,2.42,0.22,532.4,284.6,0.539
8618,12.42,29.53,366.74,200.84,11.48,2.2,1.1,2.42,0.22,532.4,477.55,0.528
8619,32.65,9.96,325.17,330.29,30.38,2.2,1.1,2.42,0.22,532.4,357.85,0.523
8620,32.17,11.65,374.82,241.83,16.04,2.2,1.1,2.42,0.22,532.4,497.82,0.522
8621,22.21,16.74,371.84,358.55,35.4,2.2,1.1,2.42,0.22,532.4,407.57,0.502
8622,46.17,12.28,567.13,102.26,20.17,2.2,1.1,2.42,0.22,532.4,472.19,0.526
8623,30.89,26.79,827.37,224.91,10.55,2.2,1.1,2.42,0.22,532.4,292.53,0.517
8624,31.11,8.66,269.26,260.62,0.83,2.2,1.1,2.42,0.22,532.4,446.2,0.513
8625,49.26,23.6,1162.32,15.05,41.49,2.2,1.1,2.42,0.22,532.4,531.89,0.519
8626,44.14,22.4,989.01,167.53,12.23,2.2,1.1,2.42,0.22,532.4,421.34,0.495
8627,29.11,11.1,323.31,246.19,30.07,2.2,1.1,2.42,0.22,532.4,440.67,0.515
8628,42.09,12.03,506.41,66.52,35.16,2.2,1.1,2.42,0.22,532.4,519.01,0.524
8629,29.19,13.34,389.47,142.54,31.31,2.2,1.1,2.42,0.22,532.4,333.39,0.498
8630,49.26,6.91,340.53,176.17,26.05,2.2,1.1,2.42,0.22,532.4,448.34,0.545
8631,9.48,7.9,74.96,1.79,35.59,2.2,1.1,2.42,0.22,532.4,324.32,0.537
8632,41.06,6.97,286.1,72.94,19.52,2.2,1.1,2.42,0.22,532.4,464.92,0.506
8633,14.87,19.81,294.65,263.53,25.0,2.2,1.1,2.42,0.22,532.4,368.84,0.547
8634,21.94,5.87,128.83,345.81,26.89,2.2,1.1,2.42,0.22,532.4,330.8,0.538
8635,21.06,12.2,256.83,297.38,42.78,2.2,1.1,2.42,0.22,532.4,402.24,0.528
8636,20.64,25.43,524.77,148.45,33.85,2.2,1.1,2.42,0.22,532.4,394.56,0.51
8637,33.28,25.07,834.23,102.64,38.05,2.2,1.1,2.42,0.22,532.4,387.18,0.533
8638,25.17,12.58,316.65,153.57,15.15,2.2,1.1,2.42,0.22,532.4,401.88,0.516
8639,44.31,24.05,1065.66,237.62,22.7,2.2,1.1,2.42,0.22,532.4,321.15,0.535
8640,30.25,6.96,210.64,49.46,39.74,2.2,1.1,2.42,0.22,532.4,350.83,0.518
8641,46.99,6.38,299.98,191.19,1.3,2.2,1.1,2.42,0.22,532.4,343.97,0.497
8642,7.98,27.15,216.79,250.48,44.22,2.2,1.1,2.42,0.22,532.4,469.91,0.539
8643,7.58,18.37,139.25,166.76,38.46,2.2,1.1,2.42,0.22,532.4,506.99,0.501
8644,22.94,6.72,154.25,307.75,23.56,2.2,1.1,2.42,0.22,532.4,420.48,0.53
8645,13.66,6.48,88.55,180.6,31.22,2.2,1.1,2.42,0.22,532.4,307.96,0.511
8646,32.08,22.37,717.76,313.18,17.7,2.2,1.1,2.42,0.22,532.4,404.42,0.553
8647,32.87,14.73,483.97,283.76,17.75,2.2,1.1,2.42,0.22,532.4,457.93,0.557
8648,34.95,21.79,761.68,164.54,21.4,2.2,1.1,2.42,0.22,532.4,489.54,0.508
8649,20.76,21.81,452.67,202.05,13.1,2.2,1.1,2.42,0.22,532.4,428.26,0.532
8650,37.55,15.08,566.22,278.81,20.92,2.2,1.1,2.42,0.22,532.4,305.22,0.51
8651,20.62,21.82,450.08,179.01,25.16,2.2,1.1,2.42,0.22,532.4,383.47,0.515
8652,33.51,19.79,663.05,347.84,25.68,2.2,1.1,2.42,0.22,532.4,284.77,0.502
8653,15.15,27.29,413.35,346.88,32.66,2.2,1.1,2.42,0.22,532.4,486.45,0.491
8654,8.16,13.95,113.85,348.04,2.38,2.2,1.1,2.42,0.22,532.4,471.94,0.494
8655,10.47,12.45,130.34,283.9,11.2,2.2,1.1,2.42,0.22,532.4,304.5,0.562
8656,15.5,7.96,123.32,302.09,19.4,2.2,1.1,2.42,0.22,532.4,477.4,0.543
8657,37.67,15.89,598.57,169.96,3.52,2.2,1.1,2.42,0.22,532.4,440.69,0.527
8658,13.42,5.93,79.56,278.0,37.46,2.2,1.1,2.42,0.22,532.4,431.14,0.548
8659,36.58,13.68,500.32,321.17,34.02,2.2,1.1,2.42,0.22,532.4,325.27,0.534
8660,40.46,17.81,720.72,70.65,14.49,2.2,1.1,2.42,0.22,532.4,439.02,0.549
8661,26.41,11.85,313.01,169.61,9.43,2.2,1.1,2.42,0.22,532.4,355.96,0.544
8662,33.05,14.67,484.68,261.99,26.85,2.2,1.1,2.42,0.22,532.4,446.71,0.579
8663,38.86,12.33,479.22,234.12,43.99,2.2,1.1,2.42,0.22,532.4,486.79,0.535
8664,36.43,26.39,961.54,247.82,29.99,2.2,1.1,2.42,0.22,532.4,442.82,0.495
8665,24.09,20.19,486.42,29.64,32.35,2.2,1.1,2.42,0.22,532.4,406.17,0.518
8666,27.29,26.9,733.93,58.95,33.69,2.2,1.1,2.42,0.22,532.4,440.39,0.523
8667,48.86,24.48,1196.03,12.9,34.51,2.2,1.1,2.42,0.22,532.4,384.2,0.514
8668,31.1,22.17,689.45,168.71,7.78,2.2,1.1,2.42,0.22,532.4,497.71,0.494
8669,34.29,11.79,404.13,323.34,3.14,2.2,1.1,2.42,0.22,532.4,350.04,0.551
8670,6.55,16.36,107.1,42.11,19.53,2.2,1.1,2.42,0.22,532.4,530.8,0.519
8671,11.93,18.16,216.75,212.58,5.13,2.2,1.1,2.42,0.22,532.4,307.78,0.5
8672,31.92,6.63,211.55,199.38,7.12,2.2,1.1,2.42,0.22,532.4,301.55,0.494
8673,20.38,23.22,473.3,324.51,4.21,2.2,1.1,2.42,0.22,532.4,506.15,0.506
8674,28.53,13.66,389.72,292.46,17.12,2.2,1.1,2.42,0.22,532.4,270.93,0.513
8675,30.58,26.57,812.46,272.61,6.07,2.2,1.1,2.42,0.22,532.4,378.19,0.503
8676,23.32,29.52,688.29,2.43,2.47,2.2,1.1,2.42,0.22,532.4,458.07,0.543
8677,41.38,20.66,854.89,117.26,21.06,2.2,1.1,2.42,0.22,532.4,306.45,0.56
8678,33.45,16.67,557.53,58.6,43.12,2.2,1.1,2.42,0.22,532.4,367.43,0.523
8679,16.08,28.62,460.11,207.64,8.77,2.2,1.1,2.42,0.22,532.4,361.11,0.49
8680,36.87,9.95,366.71,350.69,19.04,2.2,1.1,2.42,0.22,532.4,459.94,0.498
8681,18.8,17.1,321.53,248.47,36.47,2.2,1.1,2.42,0.22,532.4,463.64,0.544
8682,49.74,11.04,548.87,272.76,15.95,2.2,1.1,2.42,0.22,532.4,397.05,0.525
8683,27.24,18.9,514.86,199.82,12.28,2.2,1.1,2.42,0.22,532.4,401.7,0.532
8684,14.58,19.52,284.63,161.2,28.89,2.2,1.1,2.42,0.22,532.4,431.07,0.56
8685,11.59,6.09,70.55,211.77,40.45,2.2,1.1,2.42,0.22,532.4,304.37,0.526
8686,17.19,15.48,266.13,244.22,38.56,2.2,1.1,2.42,0.22,532.4,411.36,0.517
8687,40.4,9.23,372.72,43.07,20.19,2.2,1.1,2.42,0.22,532.4,484.04,0.513
8688,40.52,6.37,258.24,128.63,37.7,2.2,1.1,2.42,0.22,532.4,509.39,0.522
8689,18.66,27.22,507.88,117.98,10.43,2.2,1.1,2.42,0.22,532.4,279.28,0.53
8690,11.71,27.65,323.65,161.25,5.04,2.2,1.1,2.42,0.22,532.4,399.2,0.55
8691,16.03,19.63,314.57,192.46,5.98,2.2,1.1,2.42,0.22,532.4,297.13,0.495
8692,37.78,17.28,652.68,307.78,21.39,2.2,1.1,2.42,0.22,532.4,314.27,0.506
8693,17.22,16.55,284.98,337.48,18.17,2.2,1.1,2.42,0.22,532.4,465.53,0.554
8694,41.65,7.25,301.93,256.2,9.42,2.2,1.1,2.42,0.22,532.4,330.36,0.543
8695,26.11,12.02,313.74,358.28,33.09,2.2,1.1,2.42,0.22,532.4,377.49,0.533
8696,30.48,5.88,179.29,272.12,15.39,2.2,1.1,2.42,0.22,532.4,451.03,0.533
8697,47.55,21.75,1034.3,145.16,30.29,2.2,1.1,2.42,0.22,532.4,421.48,0.527
8698,15.72,6.68,104.96,167.73,15.63,2.2,1.1,2.42,0.22,532.4,352.66,0.533
8699,42.27,23.17,979.25,5.78,8.99,2.2,1.1,2.42,0.22,532.4,462.17,0.537
8700,19.43,6.41,124.56,62.54,28.15,2.2,1.1,2.42,0.22,532.4,408.79,0.511
8701,15.58,17.78,277.13,291.61,3.94,2.2,1.1,2.42,0.22,532.4,355.43,0.53
8702,8.28,18.66,154.54,279.71,34.26,2.2,1.1,2.42,0.22,532.4,428.89,0.528
8703,18.24,8.06,147.05,179.08,41.15,2.2,1.1,2.42,0.22,532.4,321.35,0.51
8704,41.62,19.59,815.27,20.23,40.24,2.2,1.1,2.42,0.22,532.4,488.52,0.523
8705,38.27,7.8,298.47,117.65,1.04,2.2,1.1,2.42,0.22,532.4,285.41,0.516
8706,41.43,11.48,475.77,185.0,1.48,2.2,1.1,2.42,0.22,532.4,347.25,0.544
8707,39.77,11.84,470.86,83.26,23.02,2.2,1.1,2.42,0.22,532.4,327.03,0.534
8708,34.52,25.75,888.88,252.08,39.48,2.2,1.1,2.42,0.22,532.4,413.3,0.515
8709,17.15,17.53,300.51,302.25,42.88,2.2,1.1,2.42,0.22,532.4,315.5,0.548
8710,22.83,16.37,373.72,187.18,19.74,2.2,1.1,2.42,0.22,532.4,263.16,0.565
8711,32.74,10.35,338.87,55.72,18.43,2.2,1.1,2.42,0.22,532.4,311.38,0.542
8712,48.29,5.16,249.18,252.11,0.24,2.2,1.1,2.42,0.22,532.4,438.93,0.517
8713,23.17,16.76,388.31,66.93,14.99,2.2,1.1,2.42,0.22,532.4,447.93,0.526
8714,10.14,24.74,250.87,151.83,26.45,2.2,1.1,2.42,0.22,532.4,499.68,0.545
8715,37.06,13.6,503.94,16.22,10.17,2.2,1.1,2.42,0.22,532.4,429.83,0.573
8716,9.76,27.62,269.62,46.52,41.13,2.2,1.1,2.42,0.22,532.4,340.76,0.536
8717,44.27,22.07,976.92,156.32,1.43,2.2,1.1,2.42,0.22,532.4,397.98,0.496
8718,14.12,25.99,366.97,344.41,25.5,2.2,1.1,2.42,0.22,532.4,430.39,0.519
8719,23.46,5.14,120.52,337.53,32.67,2.2,1.1,2.42,0.22,532.4,360.14,0.574
8720,11.76,6.42,75.52,139.2,44.5,2.2,1.1,2.42,0.22,532.4,485.67,0.534
8721,15.76,27.45,432.66,200.85,32.02,2.2,1.1,2.42,0.22,532.4,464.86,0.514
8722,41.26,28.83,1189.38,40.35,29.14,2.2,1.1,2.42,0.22,532.4,552.11,0.497
8723,33.41,9.52,318.06,65.78,14.81,2.2,1.1,2.42,0.22,532.4,299.96,0.519
8724,20.99,7.26,152.31,181.05,19.91,2.2,1.1,2.42,0.22,532.4,350.55,0.543
8725,16.28,15.7,255.68,311.23,16.72,2.2,1.1,2.42,0.22,532.4,267.85,0.524
8726,41.21,18.68,769.69,223.92,38.85,2.2,1.1,2.42,0.22,532.4,379.82,0.53
8727,15.73,9.21,144.9,181.68,39.28,2.2,1.1,2.42,0.22,532.4,484.73,0.497
8728,20.73,23.14,479.78,127.85,16.52,2.2,1.1,2.42,0.22,532.4,253.52,0.557
8729,48.24,7.53,362.98,156.37,43.88,2.2,1.1,2.42,0.22,532.4,347.49,0.502
8730,36.98,17.97,664.54,113.92,28.35,2.2,1.1,2.42,0.22,532.4,489.85,0.533
8731,21.91,21.27,466.03,51.53,14.53,2.2,1.1,2.42,0.22,532.4,475.2,0.501
8732,47.15,5.24,246.89,198.63,2.61,2.2,1.1,2.42,0.22,532.4,451.27,0.513
8733,40.39,8.3,335.42,212.03,10.17,2.2,1.1,2.42,0.22,532.4,277.18,0.544
8734,45.62,22.06,1006.27,48.31,5.91,2.2,1.1,2.42,0.22,532.4,503.52,0.504
8735,32.4,5.93,192.15,247.16,8.73,2.2,1.1,2.42,0.22,532.4,359.32,0.525
8736,32.07,24.08,772.25,42.16,28.74,2.2,1.1,2.42,0.22,532.4,272.34,0.519
8737,31.88,9.25,294.98,348.61,9.67,2.2,1.1,2.42,0.22,532.4,468.66,0.485
8738,27.43,20.92,573.94,129.85,23.73,2.2,1.1,2.42,0.22,532.4,519.1,0.499
8739,33.57,27.92,937.39,182.0,21.28,2.2,1.1,2.42,0.22,532.4,394.38,0.537
8740,29.56,17.06,504.25,138.24,22.04,2.2,1.1,2.42,0.22,532.4,515.04,0.525
8741,32.84,18.06,593.29,281.42,16.99,2.2,1.1,2.42,0.22,532.4,400.08,0.545
8742,23.96,20.35,487.62,170.91,20.58,2.2,1.1,2.42,0.22,532.4,424.85,0.536
8743,47.85,6.76,323.49,218.42,38.72,2.2,1.1,2.42,0.22,532.4,308.45,0.54
8744,39.3,8.2,322.45,23.31,2.1,2.2,1.1,2.42,0.22,532.4,498.12,0.531
8745,45.14,29.96,1352.29,275.19,23.93,2.2,1.1,2.42,0.22,532.4,444.73,0.511
8746,17.97,16.82,302.22,263.49,13.93,2.2,1.1,2.42,0.22,532.4,435.62,0.543
8747,27.22,14.72,400.67,67.86,34.59,2.2,1.1,2.42,0.22,532.4,312.68,0.535
8748,47.27,14.1,666.46,229.83,1.15,2.2,1.1,2.42,0.22,532.4,328.24,0.517
8749,26.25,8.11,212.98,255.76,9.07,2.2,1.1,2.42,0.22,532.4,428.22,0.544
8750,27.73,29.8,826.43,341.4,19.17,2.2,1.1,2.42,0.22,532.4,310.37,0.52
8751,47.57,9.74,463.23,149.36,31.63,2.2,1.1,2.42,0.22,532.4,277.76,0.523
8752,20.32,28.95,588.16,17.06,19.54,2.2,1.1,2.42,0.22,532.4,410.26,0.56
8753,8.06,25.2,203.17,8.55,11.1,2.2,1.1,2.42,0.22,532.4,380.89,0.513
8754,23.84,10.36,246.91,34.38,17.95,2.2,1.1,2.42,0.22,532.4,408.21,0.502
8755,45.22,16.29,736.73,202.54,43.72,2.2,1.1,2.42,0.22,532.4,520.76,0.531
8756,45.08,6.11,275.26,215.69,44.03,2.2,1.1,2.42,0.22,532.4,300.92,0.519
8757,19.82,7.26,143.85,343.05,37.21,2.2,1.1,2.42,0.22,532.4,275.59,0.514
8758,5.74,20.42,117.29,146.67,27.55,2.2,1.1,2.42,0.22,532.4,435.9,0.543
8759,31.63,11.5,363.65,187.46,41.67,2.2,1.1,2.42,0.22,532.4,413.49,0.508
8760,31.29,21.59,675.52,339.99,22.41,2.2,1.1,2.42,0.22,532.4,487.1,0.497
8761,16.89,5.67,95.79,15.21,3.7,2.2,1.1,2.42,0.22,532.4,465.38,0.488
8762,31.87,20.12,641.33,312.02,7.52,2.2,1.1,2.42,0.22,532.4,458.08,0.562
8763,32.34,24.96,807.25,223.71,28.6,2.2,1.1,2.42,0.22,532.4,474.27,0.541
8764,37.48,17.2,644.68,125.64,8.27,2.2,1.1,2.42,0.22,532.4,375.38,0.546
8765,39.43,5.45,215.03,20.25,38.25,2.2,1.1,2.42,0.22,532.4,417.87,0.526
8766,39.61,18.98,751.77,329.06,8.94,2.2,1.1,2.42,0.22,532.4,478.27,0.555
8767,16.78,18.55,311.25,180.61,31.87,2.2,1.1,2.42,0.22,532.4,372.33,0.552
8768,30.09,18.09,544.18,359.74,17.99,2.2,1.1,2.42,0.22,532.4,470.88,0.534
8769,17.45,9.16,159.84,122.59,9.71,2.2,1.1,2.42,0.22,532.4,349.42,0.544
8770,34.87,13.59,473.75,113.65,2.47,2.2,1.1,2.42,0.22,532.4,369.13,0.534
8771,34.27,14.63,501.26,46.62,35.54,2.2,1.1,2.42,0.22,532.4,355.32,0.575
8772,33.86,26.93,911.83,56.65,2.84,2.2,1.1,2.42,0.22,532.4,366.65,0.534
8773,5.13,13.0,66.62,277.01,36.99,2.2,1.1,2.42,0.22,532.4,300.08,0.555
8774,47.3,20.88,987.41,14.65,26.02,2.2,1.1,2.42,0.22,532.4,395.19,0.527
8775,31.35,13.01,407.74,239.94,21.27,2.2,1.1,2.42,0.22,532.4,378.93,0.519
8776,15.77,27.82,438.85,348.38,44.08,2.2,1.1,2.42,0.22,532.4,388.85,0.558
8777,42.57,27.12,1154.23,267.85,28.99,2.2,1.1,2.42,0.22,532.4,291.96,0.52
8778,11.1,7.15,79.39,157.79,27.39,2.2,1.1,2.42,0.22,532.4,441.91,0.523
8779,33.77,9.37,316.6,109.23,26.15,2.2,1.1,2.42,0.22,532.4,445.22,0.521
8780,14.66,16.72,245.06,97.87,2.37,2.2,1.1,2.42,0.22,532.4,270.06,0.543
8781,21.46,14.44,310.01,215.71,34.85,2.2,1.1,2.42,0.22,532.4,413.19,0.512
8782,26.53,28.92,767.09,34.05,19.7,2.2,1.1,2.42,0.22,532.4,494.72,0.513
8783,7.3,16.78,122.5,169.74,8.54,2.2,1.1,2.42,0.22,532.4,495.04,0.541
8784,36.26,12.49,452.68,322.35,17.32,2.2,1.1,2.42,0.22,532.4,318.41,0.542
8785,42.11,23.5,989.46,266.68,10.24,2.2,1.1,2.42,0.22,532.4,307.36,0.512
8786,23.63,8.41,198.8,358.95,13.42,2.2,1.1,2.42,0.22,532.4,333.08,0.499
8787,40.41,23.22,938.42,216.83,15.52,2.2,1.1,2.42,0.22,532.4,294.27,0.526
8788,21.38,25.52,545.52,78.17,15.6,2.2,1.1,2.42,0.22,532.4,367.49,0.534
8789,19.13,29.0,554.72,229.44,16.33,2.2,1.1,2.42,0.22,532.4,294.76,0.511
8790,43.5,22.46,977.05,118.84,0.82,2.2,1.1,2.42,0.22,532.4,395.61,0.548
8791,44.38,7.23,320.69,123.27,28.84,2.2,1.1,2.42,0.22,532.4,444.16,0.513
8792,31.69,13.46,426.41,141.39,4.63,2.2,1.1,2.42,0.22,532.4,473.35,0.497
8793,48.17,28.91,1392.76,92.08,33.95,2.2,1.1,2.42,0.22,532.4,395.78,0.513
8794,49.51,8.85,438.28,166.43,42.69,2.2,1.1,2.42,0.22,532.4,358.62,0.52
8795,5.98,19.6,117.15,270.74,3.49,2.2,1.1,2.42,0.22,532.4,324.0,0.513
8796,22.59,8.73,197.31,59.14,26.41,2.2,1.1,2.42,0.22,532.4,382.74,0.555
8797,20.25,6.97,141.13,199.89,11.11,2.2,1.1,2.42,0.22,532.4,374.78,0.52
8798,11.16,19.25,214.79,273.94,37.73,2.2,1.1,2.42,0.22,532.4,305.95,0.558
8799,44.56,24.56,1094.42,208.84,28.03,2.2,1.1,2.42,0.22,532.4,426.1,0.527
8800,48.53,28.33,1374.59,71.38,30.41,2.2,1.1,2.42,0.22,532.4,451.98,0.547
8801,28.13,23.59,663.51,92.04,29.03,2.2,1.1,2.42,0.22,532.4,299.01,0.527
8802,11.83,18.11,214.27,309.34,10.29,2.2,1.1,2.42,0.22,532.4,508.96,0.542
8803,31.14,25.96,808.19,313.47,31.26,2.2,1.1,2.42,0.22,532.4,367.01,0.519
8804,42.78,5.68,243.04,206.54,8.5,2.2,1.1,2.42,0.22,532.4,440.51,0.512
8805,26.81,29.25,784.31,195.57,2.47,2.2,1.1,2.42,0.22,532.4,416.62,0.558
8806,9.8,8.11,79.5,285.05,25.25,2.2,1.1,2.42,0.22,532.4,516.75,0.523
8807,41.09,12.88,529.06,103.65,9.74,2.2,1.1,2.42,0.22,532.4,439.07,0.545
8808,44.66,5.23,233.66,142.06,0.4,2.2,1.1,2.42,0.22,532.4,490.1,0.509
8809,6.89,18.61,128.16,358.68,38.09,2.2,1.1,2.42,0.22,532.4,362.69,0.505
8810,24.66,6.94,171.16,113.38,36.67,2.2,1.1,2.42,0.22,532.4,408.49,0.524
8811,48.4,26.87,1300.57,204.18,32.44,2.2,1.1,2.42,0.22,532.4,314.71,0.506
8812,47.37,22.82,1080.76,283.68,40.21,2.2,1.1,2.42,0.22,532.4,358.04,0.5
8813,37.38,5.3,198.05,31.47,14.07,2.2,1.1,2.42,0.22,532.4,411.95,0.5
8814,6.27,7.66,48.0,80.97,10.96,2.2,1.1,2.42,0.22,532.4,326.36,0.534
8815,28.94,11.53,333.73,329.5,27.66,2.2,1.1,2.42,0.22,532.4,467.09,0.514
8816,24.2,27.74,671.21,18.14,12.09,2.2,1.1,2.42,0.22,532.4,527.74,0.508
8817,47.71,22.89,1091.8,255.92,3.89,2.2,1.1,2.42,0.22,532.4,461.12,0.503
8818,19.27,13.67,263.44,330.27,24.29,2.2,1.1,2.42,0.22,532.4,347.54,0.52
8819,25.49,28.03,714.69,1.18,7.87,2.2,1.1,2.42,0.22,532.4,304.31,0.542
8820,25.76,22.51,579.96,87.54,25.26,2.2,1.1,2.42,0.22,532.4,545.78,0.486
8821,30.61,17.19,526.05,1.98,43.17,2.2,1.1,2.42,0.22,532.4,499.87,0.548
8822,18.32,27.23,498.84,315.91,35.26,2.2,1.1,2.42,0.22,532.4,418.36,0.528
8823,24.28,25.48,618.66,280.6,17.37,2.2,1.1,2.42,0.22,532.4,491.88,0.515
8824,20.67,19.72,407.59,236.27,21.67,2.2,1.1,2.42,0.22,532.4,448.83,0.511
8825,6.84,19.87,135.94,241.36,3.52,2.2,1.1,2.42,0.22,532.4,520.77,0.519
8826,22.1,10.2,225.37,130.15,35.68,2.2,1.1,2.42,0.22,532.4,440.4,0.545
8827,43.87,20.16,884.59,216.32,21.86,2.2,1.1,2.42,0.22,532.4,270.29,0.519
8828,14.82,27.42,406.21,72.41,17.49,2.2,1.1,2.42,0.22,532.4,492.73,0.516
8829,33.02,29.81,984.29,103.22,13.66,2.2,1.1,2.42,0.22,532.4,466.36,0.494
8830,35.74,14.71,525.88,256.45,31.27,2.2,1.1,2.42,0.22,532.4,367.13,0.56
8831,5.94,9.53,56.6,172.42,18.69,2.2,1.1,2.42,0.22,532.4,410.71,0.55
8832,36.96,13.48,498.24,111.07,5.76,2.2,1.1,2.42,0.22,532.4,317.62,0.524
8833,9.4,14.17,133.14,320.57,9.88,2.2,1.1,2.42,0.22,532.4,291.16,0.501
8834,36.37,11.76,427.75,345.19,35.6,2.2,1.1,2.42,0.22,532.4,310.4,0.543
8835,30.99,15.31,474.34,295.57,33.63,2.2,1.1,2.42,0.22,532.4,441.61,0.529
8836,16.3,24.14,393.54,300.84,22.3,2.2,1.1,2.42,0.22,532.4,298.87,0.545
8837,16.46,15.5,255.07,314.99,28.27,2.2,1.1,2.42,0.22,532.4,413.56,0.546
8838,17.5,28.03,490.54,335.06,33.62,2.2,1.1,2.42,0.22,532.4,384.34,0.539
8839,14.48,29.74,430.77,250.14,17.24,2.2,1.1,2.42,0.22,532.4,425.72,0.526
8840,38.93,15.39,599.35,137.46,38.62,2.2,1.1,2.42,0.22,532.4,358.5,0.518
8841,23.31,24.24,565.22,15.45,4.16,2.2,1.1,2.42,0.22,532.4,503.99,0.532
8842,38.01,6.17,234.57,155.47,13.68,2.2,1.1,2.42,0.22,532.4,279.46,0.511
8843,44.04,19.46,856.87,39.19,18.05,2.2,1.1,2.42,0.22,532.4,407.38,0.527
8844,9.53,29.08,277.2,43.19,22.33,2.2,1.1,2.42,0.22,532.4,373.45,0.521
8845,10.64,22.67,241.16,261.59,3.55,2.2,1.1,2.42,0.22,532.4,502.0,0.508
8846,5.11,29.53,150.87,345.89,5.94,2.2,1.1,2.42,0.22,532.4,428.2,0.521
8847,31.12,21.71,675.6,83.95,15.33,2.2,1.1,2.42,0.22,532.4,287.11,0.529
8848,8.04,13.04,104.88,36.34,2.45,2.2,1.1,2.42,0.22,532.4,357.95,0.521
8849,21.59,25.32,546.65,208.77,33.89,2.2,1.1,2.42,0.22,532.4,312.29,0.505
8850,7.65,10.7,81.8,1.58,3.98,2.2,1.1,2.42,0.22,532.4,425.11,0.522
8851,25.61,11.09,283.96,246.21,44.37,2.2,1.1,2.42,0.22,532.4,408.1,0.491
8852,39.83,24.09,959.69,250.79,34.14,2.2,1.1,2.42,0.22,532.4,432.11,0.502
8853,32.91,12.86,423.22,20.61,27.0,2.2,1.1,2.42,0.22,532.4,373.38,0.497
8854,19.51,11.51,224.51,133.35,23.81,2.2,1.1,2.42,0.22,532.4,334.22,0.516
8855,33.74,7.24,244.32,6.94,14.34,2.2,1.1,2.42,0.22,532.4,262.47,0.55
8856,36.6,8.05,294.65,127.67,25.59,2.2,1.1,2.42,0.22,532.4,449.59,0.497
8857,14.46,11.48,166.0,229.93,6.08,2.2,1.1,2.42,0.22,532.4,312.37,0.572
8858,23.17,27.63,640.2,304.64,40.21,2.2,1.1,2.42,0.22,532.4,511.29,0.514
8859,44.63,7.62,340.14,248.61,1.39,2.2,1.1,2.42,0.22,532.4,310.52,0.523
8860,19.77,10.58,209.04,243.36,17.58,2.2,1.1,2.42,0.22,532.4,288.87,0.495
8861,33.82,27.64,934.87,180.79,28.67,2.2,1.1,2.42,0.22,532.4,407.89,0.554
8862,41.15,29.8,1226.39,141.08,0.93,2.2,1.1,2.42,0.22,532.4,461.72,0.521
8863,49.87,14.2,708.41,151.17,35.73,2.2,1.1,2.42,0.22,532.4,361.68,0.51
8864,37.77,18.29,690.96,203.27,35.17,2.2,1.1,2.42,0.22,532.4,259.94,0.535
8865,35.34,6.07,214.62,87.23,23.47,2.2,1.1,2.42,0.22,532.4,363.63,0.534
8866,45.88,13.34,612.17,72.59,38.91,2.2,1.1,2.42,0.22,532.4,425.2,0.542
8867,35.44,9.43,334.09,334.33,41.26,2.2,1.1,2.42,0.22,532.4,316.84,0.514
8868,31.47,20.38,641.38,12.32,23.43,2.2,1.1,2.42,0.22,532.4,345.58,0.542
8869,7.04,18.44,129.76,45.52,2.85,2.2,1.1,2.42,0.22,532.4,407.9,0.534
8870,7.24,6.85,49.6,264.2,2.63,2.2,1.1,2.42,0.22,532.4,343.41,0.506
8871,31.28,17.46,546.26,83.05,18.64,2.2,1.1,2.42,0.22,532.4,354.27,0.534
8872,13.87,20.57,285.31,75.09,5.04,2.2,1.1,2.42,0.22,532.4,480.65,0.536
8873,30.19,23.64,713.59,323.74,41.34,2.2,1.1,2.42,0.22,532.4,274.13,0.549
8874,44.65,5.95,265.62,163.66,32.75,2.2,1.1,2.42,0.22,532.4,504.97,0.509
8875,29.52,20.48,604.41,82.64,41.41,2.2,1.1,2.42,0.22,532.4,349.38,0.545
8876,5.62,22.37,125.62,71.63,42.86,2.2,1.1,2.42,0.22,532.4,352.37,0.505
8877,20.23,26.54,536.73,276.02,9.68,2.2,1.1,2.42,0.22,532.4,449.59,0.515
8878,40.27,9.71,391.15,132.25,33.84,2.2,1.1,2.42,0.22,532.4,279.41,0.537
8879,19.59,5.95,116.49,171.01,26.12,2.2,1.1,2.42,0.22,532.4,342.77,0.548
8880,13.97,23.66,330.57,56.93,25.32,2.2,1.1,2.42,0.22,532.4,507.71,0.528
8881,11.81,20.92,247.05,324.2,14.8,2.2,1.1,2.42,0.22,532.4,293.53,0.511
8882,40.32,19.49,785.85,118.31,39.49,2.2,1.1,2.42,0.22,532.4,312.85,0.535
8883,18.23,22.81,415.98,205.18,8.77,2.2,1.1,2.42,0.22,532.4,445.33,0.509
8884,6.7,23.54,157.6,325.04,17.3,2.2,1.1,2.42,0.22,532.4,390.65,0.521
8885,11.53,18.18,209.7,150.04,25.58,2.2,1.1,2.42,0.22,532.4,350.23,0.52
8886,28.45,23.7,674.37,89.62,27.49,2.2,1.1,2.42,0.22,532.4,424.58,0.513
8887,16.38,18.01,295.06,92.48,44.68,2.2,1.1,2.42,0.22,532.4,252.18,0.558
8888,43.26,27.76,1200.84,129.45,22.79,2.2,1.1,2.42,0.22,532.4,287.71,0.497
8889,37.04,14.27,528.57,159.87,35.37,2.2,1.1,2.42,0.22,532.4,340.66,0.539
8890,43.1,27.28,1175.94,63.32,42.92,2.2,1.1,2.42,0.22,532.4,513.69,0.49
8891,12.58,13.32,167.58,170.52,1.11,2.2,1.1,2.42,0.22,532.4,395.07,0.517
8892,37.95,28.33,1075.42,293.11,37.36,2.2,1.1,2.42,0.22,532.4,303.27,0.519
8893,30.54,10.38,317.01,120.7,33.17,2.2,1.1,2.42,0.22,532.4,336.26,0.502
8894,7.45,23.72,176.8,151.71,34.88,2.2,1.1,2.42,0.22,532.4,388.6,0.554
8895,6.96,17.49,121.79,229.85,33.87,2.2,1.1,2.42,0.22,532.4,480.69,0.54
8896,29.2,19.49,569.13,355.35,44.86,2.2,1.1,2.42,0.22,532.4,352.75,0.549
8897,10.38,17.84,185.22,58.18,19.67,2.2,1.1,2.42,0.22,532.4,375.85,0.544
8898,30.64,22.57,691.59,216.67,38.47,2.2,1.1,2.42,0.22,532.4,485.92,0.494
8899,40.05,27.56,1103.69,6.86,43.8,2.2,1.1,2.42,0.22,532.4,373.2,0.525
8900,5.53,14.75,81.49,148.99,39.24,2.2,1.1,2.42,0.22,532.4,442.73,0.527
8901,8.5,29.12,247.6,106.4,1.94,2.2,1.1,2.42,0.22,532.4,425.19,0.546
8902,34.87,22.57,787.01,174.96,42.67,2.2,1.1,2.42,0.22,532.4,512.59,0.505
8903,37.86,11.39,431.43,38.7,29.94,2.2,1.1,2.42,0.22,532.4,419.32,0.497
8904,37.89,24.16,915.32,55.23,29.18,2.2,1.1,2.42,0.22,532.4,455.81,0.562
8905,36.02,5.02,180.66,264.23,25.61,2.2,1.1,2.42,0.22,532.4,300.89,0.578
8906,37.49,8.25,309.34,355.94,8.84,2.2,1.1,2.42,0.22,532.4,517.28,0.515
8907,9.29,9.61,89.28,120.54,16.64,2.2,1.1,2.42,0.22,532.4,372.8,0.54
8908,20.68,9.95,205.79,50.02,16.07,2.2,1.1,2.42,0.22,532.4,417.21,0.546
8909,37.48,27.56,1033.06,142.99,14.13,2.2,1.1,2.42,0.22,532.4,383.7,0.504
8910,9.44,17.7,167.05,252.74,2.16,2.2,1.1,2.42,0.22,532.4,426.52,0.521
8911,15.4,14.91,229.67,148.17,19.13,2.2,1.1,2.42,0.22,532.4,426.96,0.529
8912,13.24,23.8,315.12,18.72,1.79,2.2,1.1,2.42,0.22,532.4,435.77,0.545
8913,10.56,7.76,81.99,284.43,37.52,2.2,1.1,2.42,0.22,532.4,429.6,0.533
8914,44.43,22.45,997.62,90.14,4.67,2.2,1.1,2.42,0.22,532.4,335.29,0.515
8915,24.41,18.21,444.58,185.81,6.38,2.2,1.1,2.42,0.22,532.4,373.79,0.519
8916,8.34,14.3,119.34,152.54,8.3,2.2,1.1,2.42,0.22,532.4,271.56,0.535
8917,6.59,18.69,123.16,196.22,11.92,2.2,1.1,2.42,0.22,532.4,348.12,0.546
8918,18.46,17.38,320.86,16.0,38.43,2.2,1.1,2.42,0.22,532.4,321.58,0.498
8919,35.51,5.37,190.75,277.3,39.82,2.2,1.1,2.42,0.22,532.4,491.3,0.51
8920,34.34,10.04,344.85,185.95,10.06,2.2,1.1,2.42,0.22,532.4,278.32,0.496
8921,9.49,22.68,215.19,12.38,3.05,2.2,1.1,2.42,0.22,532.4,261.05,0.558
8922,45.86,14.89,682.72,51.83,24.47,2.2,1.1,2.42,0.22,532.4,476.23,0.546
8923,47.39,18.07,856.42,174.2,18.84,2.2,1.1,2.42,0.22,532.4,489.25,0.525
8924,24.45,7.46,182.48,79.07,10.99,2.2,1.1,2.42,0.22,532.4,296.27,0.534
8925,35.04,29.07,1018.62,154.2,35.73,2.2,1.1,2.42,0.22,532.4,520.16,0.518
8926,28.4,11.55,327.99,58.82,29.12,2.2,1.1,2.42,0.22,532.4,282.4,0.522
8927,49.22,22.54,1109.22,344.61,12.33,2.2,1.1,2.42,0.22,532.4,412.08,0.529
8928,15.4,16.71,257.44,302.81,19.0,2.2,1.1,2.42,0.22,532.4,511.07,0.506
8929,10.61,22.08,234.26,187.01,21.65,2.2,1.1,2.42,0.22,532.4,275.78,0.552
8930,13.6,11.46,155.79,200.39,30.87,2.2,1.1,2.42,0.22,532.4,337.01,0.527
8931,6.65,19.32,128.42,3.04,32.72,2.2,1.1,2.42,0.22,532.4,359.97,0.502
8932,17.27,7.94,137.09,251.63,8.88,2.2,1.1,2.42,0.22,532.4,300.95,0.524
8933,31.17,20.74,646.32,308.97,10.27,2.2,1.1,2.42,0.22,532.4,310.54,0.547
8934,27.97,26.78,749.05,129.44,3.18,2.2,1.1,2.42,0.22,532.4,303.01,0.566
8935,17.72,18.5,327.87,297.58,19.84,2.2,1.1,2.42,0.22,532.4,389.52,0.546
8936,42.53,24.14,1026.57,276.62,28.02,2.2,1.1,2.42,0.22,532.4,286.09,0.547
8937,46.03,16.49,758.94,11.51,22.56,2.2,1.1,2.42,0.22,532.4,426.56,0.509
8938,39.05,21.74,849.07,140.52,1.25,2.2,1.1,2.42,0.22,532.4,315.09,0.525
8939,30.12,6.34,191.1,255.99,19.7,2.2,1.1,2.42,0.22,532.4,521.14,0.497
8940,49.07,8.43,413.55,83.48,9.5,2.2,1.1,2.42,0.22,532.4,459.85,0.528
8941,14.02,24.14,338.37,335.26,13.93,2.2,1.1,2.42,0.22,532.4,477.75,0.519
8942,27.4,11.43,313.17,4.48,27.07,2.2,1.1,2.42,0.22,532.4,308.4,0.533
8943,30.37,14.15,429.85,193.91,1.82,2.2,1.1,2.42,0.22,532.4,409.42,0.533
8944,30.21,18.43,556.86,178.33,39.11,2.2,1.1,2.42,0.22,532.4,360.92,0.518
8945,20.22,16.4,331.53,21.31,21.36,2.2,1.1,2.42,0.22,532.4,450.09,0.516
8946,23.74,16.03,380.66,304.84,10.22,2.2,1.1,2.42,0.22,532.4,484.46,0.561
8947,42.34,28.76,1217.58,117.46,34.81,2.2,1.1,2.42,0.22,532.4,462.93,0.518
8948,6.54,28.15,184.13,311.41,33.23,2.2,1.1,2.42,0.22,532.4,545.93,0.495
8949,33.95,11.43,388.24,230.6,24.16,2.2,1.1,2.42,0.22,532.4,389.21,0.528
8950,20.69,28.35,586.55,9.52,41.88,2.2,1.1,2.42,0.22,532.4,335.54,0.532
8951,16.65,12.89,214.56,229.92,31.14,2.2,1.1,2.42,0.22,532.4,290.18,0.524
8952,44.52,13.2,587.55,190.63,42.46,2.2,1.1,2.42,0.22,532.4,537.73,0.501
8953,24.67,6.16,151.92,239.26,35.31,2.2,1.1,2.42,0.22,532.4,488.92,0.515
8954,40.23,17.89,719.69,168.98,39.8,2.2,1.1,2.42,0.22,532.4,354.77,0.542
8955,38.26,20.33,777.68,205.67,20.1,2.2,1.1,2.42,0.22,532.4,464.19,0.515
8956,46.09,23.66,1090.75,35.21,43.68,2.2,1.1,2.42,0.22,532.4,290.06,0.5
8957,35.43,28.59,1012.95,352.39,38.43,2.2,1.1,2.42,0.22,532.4,334.88,0.55
8958,18.88,24.12,455.2,32.19,5.57,2.2,1.1,2.42,0.22,532.4,313.77,0.527
8959,14.95,24.57,367.2,36.99,37.49,2.2,1.1,2.42,0.22,532.4,454.17,0.512
8960,16.95,28.25,478.87,110.07,37.59,2.2,1.1,2.42,0.22,532.4,441.71,0.517
8961,11.08,12.58,139.37,229.75,38.09,2.2,1.1,2.42,0.22,532.4,275.32,0.571
8962,48.88,27.12,1325.74,46.67,29.57,2.2,1.1,2.42,0.22,532.4,275.04,0.518
8963,7.52,13.84,104.09,187.54,1.49,2.2,1.1,2.42,0.22,532.4,505.67,0.517
8964,36.94,20.2,746.11,113.84,13.66,2.2,1.1,2.42,0.22,532.4,367.61,0.499
8965,11.61,16.01,185.89,163.96,18.23,2.2,1.1,2.42,0.22,532.4,354.54,0.508
8966,49.97,22.89,1143.63,90.64,29.0,2.2,1.1,2.42,0.22,532.4,422.31,0.545
8967,20.66,8.92,184.24,158.21,29.65,2.2,1.1,2.42,0.22,532.4,398.55,0.54
8968,26.91,9.42,253.4,263.78,35.32,2.2,1.1,2.42,0.22,532.4,393.77,0.509
8969,25.41,20.86,530.1,61.56,28.59,2.2,1.1,2.42,0.22,532.4,471.84,0.532
8970,25.66,11.87,304.58,159.18,18.74,2.2,1.1,2.42,0.22,532.4,431.89,0.54
8971,16.67,20.08,334.69,208.81,31.72,2.2,1.1,2.42,0.22,532.4,325.32,0.56
8972,16.36,17.54,286.92,178.95,1.24,2.2,1.1,2.42,0.22,532.4,509.93,0.532
8973,43.39,8.54,370.73,50.3,14.84,2.2,1.1,2.42,0.22,532.4,478.99,0.527
8974,36.76,22.23,817.12,325.43,21.31,2.2,1.1,2.42,0.22,532.4,485.35,0.494
8975,35.57,28.6,1017.35,357.18,1.76,2.2,1.1,2.42,0.22,532.4,322.64,0.479
8976,33.8,8.77,296.38,151.39,42.63,2.2,1.1,2.42,0.22,532.4,407.02,0.533
8977,29.71,9.33,277.1,331.68,44.54,2.2,1.1,2.42,0.22,532.4,433.21,0.515
8978,6.85,22.65,155.11,204.4,14.8,2.2,1.1,2.42,0.22,532.4,348.92,0.524
8979,34.98,16.86,589.96,246.34,31.4,2.2,1.1,2.42,0.22,532.4,510.09,0.524
8980,31.13,17.3,538.47,22.08,40.73,2.2,1.1,2.42,0.22,532.4,325.35,0.53
8981,25.12,28.72,721.31,248.61,25.08,2.2,1.1,2.42,0.22,532.4,276.4,0.539
8982,21.15,24.63,520.78,234.06,34.91,2.2,1.1,2.42,0.22,532.4,317.16,0.545
8983,11.52,7.14,82.24,311.29,9.58,2.2,1.1,2.42,0.22,532.4,391.45,0.526
8984,18.03,27.67,499.01,324.78,24.1,2.2,1.1,2.42,0.22,532.4,498.03,0.521
8985,16.5,12.47,205.71,84.89,8.67,2.2,1.1,2.42,0.22,532.4,346.55,0.498
8986,45.74,7.96,364.24,355.83,17.7,2.2,1.1,2.42,0.22,532.4,461.49,0.563
8987,17.99,28.25,508.39,121.86,14.09,2.2,1.1,2.42,0.22,532.4,505.8,0.508
8988,18.98,7.92,150.27,220.61,22.85,2.2,1.1,2.42,0.22,532.4,418.62,0.53
8989,15.59,26.39,411.46,310.2,3.35,2.2,1.1,2.42,0.22,532.4,274.72,0.529
8990,43.62,7.13,311.13,312.89,39.56,2.2,1.1,2.42,0.22,532.4,415.12,0.536
8991,30.84,13.4,413.11,5.01,19.0,2.2,1.1,2.42,0.22,532.4,469.38,0.539
8992,6.24,10.79,67.26,301.5,28.61,2.2,1.1,2.42,0.22,532.4,496.93,0.544
8993,49.07,23.31,1143.56,266.48,8.11,2.2,1.1,2.42,0.22,532.4,361.96,0.533
8994,39.52,21.15,835.73,139.81,36.94,2.2,1.1,2.42,0.22,532.4,371.38,0.565
8995,38.98,19.45,758.17,112.78,23.69,2.2,1.1,2.42,0.22,532.4,358.42,0.49
8996,16.36,15.72,257.21,31.41,8.57,2.2,1.1,2.42,0.22,532.4,408.26,0.537
8997,18.08,15.24,275.59,308.69,41.77,2.2,1.1,2.42,0.22,532.4,375.54,0.543
8998,49.23,9.97,490.93,36.55,11.14,2.2,1.1,2.42,0.22,532.4,343.02,0.547
8999,23.33,20.93,488.42,242.83,27.8,2.2,1.1,2.42,0.22,532.4,330.33,0.546
9000,30.16,27.51,829.66,340.41,44.74,2.2,1.1,2.42,0.22,532.4,420.6,0.496
9001,9.61,5.61,53.89,151.05,3.37,2.2,1.1,2.42,0.22,532.4,304.87,0.558
9002,26.96,11.9,320.86,224.5,42.68,2.2,1.1,2.42,0.22,532.4,377.82,0.531
9003,43.67,15.15,661.6,259.8,6.56,2.2,1.1,2.42,0.22,532.4,330.18,0.488
9004,16.81,26.13,439.33,52.09,29.64,2.2,1.1,2.42,0.22,532.4,332.01,0.503
9005,6.78,29.0,196.48,35.39,33.65,2.2,1.1,2.42,0.22,532.4,383.62,0.539
9006,35.45,15.91,564.18,184.61,12.35,2.2,1.1,2.42,0.22,532.4,305.27,0.564
9007,36.95,22.88,845.25,163.7,30.9,2.2,1.1,2.42,0.22,532.4,512.32,0.503
9008,38.0,29.17,1108.49,307.38,13.44,2.2,1.1,2.42,0.22,532.4,444.53,0.489
9009,42.67,28.6,1220.44,156.25,15.08,2.2,1.1,2.42,0.22,532.4,501.6,0.497
9010,30.89,23.98,740.76,352.61,0.92,2.2,1.1,2.42,0.22,532.4,488.12,0.512
9011,47.28,8.36,395.45,18.31,41.37,2.2,1.1,2.42,0.22,532.4,363.28,0.528
9012,11.9,14.43,171.75,302.75,23.27,2.2,1.1,2.42,0.22,532.4,489.53,0.531
9013,13.7,23.76,325.57,17.46,13.73,2.2,1.1,2.42,0.22,532.4,487.19,0.528
9014,25.88,23.42,606.04,345.2,38.38,2.2,1.1,2.42,0.22,532.4,394.93,0.511
9015,41.86,17.93,750.65,206.24,25.48,2.2,1.1,2.42,0.22,532.4,477.04,0.523
9016,7.79,8.9,69.31,332.35,13.15,2.2,1.1,2.42,0.22,532.4,373.12,0.53
9017,43.38,26.07,1130.94,3.4,31.28,2.2,1.1,2.42,0.22,532.4,277.75,0.499
9018,37.51,13.92,521.97,292.64,3.86,2.2,1.1,2.42,0.22,532.4,344.95,0.496
9019,37.17,19.26,716.08,198.45,41.09,2.2,1.1,2.42,0.22,532.4,291.45,0.511
9020,39.59,13.47,533.18,41.98,29.86,2.2,1.1,2.42,0.22,532.4,387.5,0.547
9021,38.93,16.77,652.72,227.88,2.83,2.2,1.1,2.42,0.22,532.4,322.67,0.511
9022,6.45,16.91,109.03,22.22,18.6,2.2,1.1,2.42,0.22,532.4,347.76,0.529
9023,47.3,12.03,568.86,285.77,2.0,2.2,1.1,2.42,0.22,532.4,463.2,0.529
9024,9.81,16.55,162.38,225.33,40.98,2.2,1.1,2.42,0.22,532.4,274.58,0.531
9025,27.32,28.64,782.59,72.32,5.71,2.2,1.1,2.42,0.22,532.4,360.9,0.507
9026,7.15,6.69,47.79,120.85,1.1,2.2,1.1,2.42,0.22,532.4,475.59,0.499
9027,30.69,16.66,511.38,5.8,30.86,2.2,1.1,2.42,0.22,532.4,406.53,0.49
9028,23.15,20.25,468.77,283.32,4.94,2.2,1.1,2.42,0.22,532.4,494.26,0.541
9029,27.79,9.56,265.66,300.08,41.31,2.2,1.1,2.42,0.22,532.4,394.77,0.484
9030,45.68,24.06,1099.07,202.09,42.28,2.2,1.1,2.42,0.22,532.4,273.55,0.52
9031,11.54,13.83,159.6,182.93,31.19,2.2,1.1,2.42,0.22,532.4,321.34,0.539
9032,43.88,26.33,1155.36,345.01,19.35,2.2,1.1,2.42,0.22,532.4,469.44,0.534
9033,48.59,29.35,1426.07,279.09,18.36,2.2,1.1,2.42,0.22,532.4,342.5,0.511
9034,23.45,26.76,627.61,149.83,0.2,2.2,1.1,2.42,0.22,532.4,471.28,0.508
9035,20.68,19.67,406.66,107.64,12.44,2.2,1.1,2.42,0.22,532.4,497.33,0.529
9036,23.22,22.78,528.86,130.02,6.11,2.2,1.1,2.42,0.22,532.4,409.91,0.512
9037,9.12,28.37,258.83,67.93,42.42,2.2,1.1,2.42,0.22,532.4,499.31,0.539
9038,15.51,10.18,157.93,29.35,41.04,2.2,1.1,2.42,0.22,532.4,470.35,0.549
9039,19.54,27.61,539.42,224.53,20.49,2.2,1.1,2.42,0.22,532.4,337.42,0.524
9040,5.49,18.77,102.99,23.29,23.42,2.2,1.1,2.42,0.22,532.4,400.52,0.527
9041,14.39,17.65,253.87,147.57,43.36,2.2,1.1,2.42,0.22,532.4,449.13,0.533
9042,21.91,19.34,423.72,233.24,38.06,2.2,1.1,2.42,0.22,532.4,379.08,0.5
9043,34.74,10.73,372.88,154.81,44.38,2.2,1.1,2.42,0.22,532.4,338.75,0.532
9044,38.64,6.1,235.7,233.27,9.15,2.2,1.1,2.42,0.22,532.4,370.12,0.541
9045,31.02,18.74,581.08,172.13,18.89,2.2,1.1,2.42,0.22,532.4,382.93,0.518
9046,9.71,5.24,50.82,35.86,24.76,2.2,1.1,2.42,0.22,532.4,481.12,0.515
9047,19.74,5.94,117.29,289.39,20.04,2.2,1.1,2.42,0.22,532.4,551.02,0.498
9048,44.06,13.51,595.39,113.21,32.6,2.2,1.1,2.42,0.22,532.4,512.05,0.538
9049,19.45,16.96,329.97,87.84,12.49,2.2,1.1,2.42,0.22,532.4,285.54,0.553
9050,49.75,10.51,522.9,15.85,44.42,2.2,1.1,2.42,0.22,532.4,498.15,0.527
9051,7.58,20.06,152.05,166.58,16.74,2.2,1.1,2.42,0.22,532.4,513.31,0.504
9052,44.3,6.18,273.73,120.93,10.83,2.2,1.1,2.42,0.22,532.4,426.13,0.489
9053,38.74,16.44,637.01,174.27,42.16,2.2,1.1,2.42,0.22,532.4,479.06,0.534
9054,8.7,23.28,202.55,328.12,3.42,2.2,1.1,2.42,0.22,532.4,467.02,0.521
9055,41.63,28.28,1177.46,30.2,19.85,2.2,1.1,2.42,0.22,532.4,383.91,0.534
9056,26.19,5.95,155.96,188.05,31.57,2.2,1.1,2.42,0.22,532.4,295.57,0.505
9057,19.95,20.07,400.42,1.05,4.25,2.2,1.1,2.42,0.22,532.4,432.3,0.521
9058,38.35,7.97,305.5,324.38,15.75,2.2,1.1,2.42,0.22,532.4,422.17,0.522
9059,24.06,28.34,681.75,22.31,17.19,2.2,1.1,2.42,0.22,532.4,411.53,0.56
9060,19.21,11.17,214.53,267.36,18.66,2.2,1.1,2.42,0.22,532.4,300.45,0.521
9061,12.06,24.51,295.64,228.24,28.47,2.2,1.1,2.42,0.22,532.4,332.5,0.535
9062,18.31,18.34,335.86,273.03,21.96,2.2,1.1,2.42,0.22,532.4,459.43,0.532
9063,10.54,28.65,302.03,218.76,10.95,2.2,1.1,2.42,0.22,532.4,453.9,0.525
9064,38.33,15.73,602.89,61.85,44.89,2.2,1.1,2.42,0.22,532.4,298.62,0.502
9065,46.71,20.75,969.21,304.61,5.36,2.2,1.1,2.42,0.22,532.4,524.39,0.491
9066,9.76,23.26,226.98,238.93,27.9,2.2,1.1,2.42,0.22,532.4,441.1,0.51
9067,42.14,24.57,1035.58,58.74,29.77,2.2,1.1,2.42,0.22,532.4,466.72,0.53
9068,19.46,28.99,564.2,313.71,27.53,2.2,1.1,2.42,0.22,532.4,342.66,0.498
9069,30.08,11.03,331.9,23.89,43.05,2.2,1.1,2.42,0.22,532.4,448.1,0.515
9070,16.92,22.89,387.33,191.92,36.13,2.2,1.1,2.42,0.22,532.4,415.21,0.538
9071,13.51,26.38,356.48,192.51,34.96,2.2,1.1,2.42,0.22,532.4,427.52,0.527
9072,20.01,10.39,207.84,167.33,33.06,2.2,1.1,2.42,0.22,532.4,377.84,0.524
9073,40.05,27.37,1095.96,78.02,41.13,2.2,1.1,2.42,0.22,532.4,260.95,0.537
9074,9.65,20.79,200.61,260.42,23.6,2.2,1.1,2.42,0.22,532.4,498.62,0.501
9075,48.79,26.95,1314.78,35.42,28.79,2.2,1.1,2.42,0.22,532.4,394.26,0.489
9076,47.45,24.75,1174.3,146.09,6.39,2.2,1.1,2.42,0.22,532.4,471.9,0.542
9077,47.51,7.49,356.01,118.55,18.85,2.2,1.1,2.42,0.22,532.4,486.14,0.499
9078,26.32,28.59,752.53,222.34,25.19,2.2,1.1,2.42,0.22,532.4,460.58,0.494
9079,31.95,9.85,314.76,219.97,36.36,2.2,1.1,2.42,0.22,532.4,516.46,0.513
9080,47.98,20.21,969.64,357.88,1.68,2.2,1.1,2.42,0.22,532.4,464.71,0.508
9081,44.87,10.05,450.82,246.51,16.11,2.2,1.1,2.42,0.22,532.4,480.52,0.54
9082,25.61,18.68,478.31,260.08,39.79,2.2,1.1,2.42,0.22,532.4,466.22,0.534
9083,36.57,11.21,409.96,247.64,18.08,2.2,1.1,2.42,0.22,532.4,495.33,0.509
9084,25.43,29.4,747.49,165.14,26.92,2.2,1.1,2.42,0.22,532.4,474.61,0.526
9085,31.06,7.12,221.08,177.56,39.79,2.2,1.1,2.42,0.22,532.4,336.8,0.526
9086,17.59,11.73,206.3,135.16,8.03,2.2,1.1,2.42,0.22,532.4,468.01,0.507
9087,32.94,20.99,691.33,237.91,15.2,2.2,1.1,2.42,0.22,532.4,550.75,0.471
9088,48.96,28.21,1381.28,257.66,44.6,2.2,1.1,2.42,0.22,532.4,371.73,0.536
9089,26.94,28.38,764.73,278.59,14.58,2.2,1.1,2.42,0.22,532.4,499.02,0.498
9090,41.64,15.7,653.93,130.99,43.4,2.2,1.1,2.42,0.22,532.4,371.48,0.526
9091,38.36,29.32,1124.61,230.79,11.82,2.2,1.1,2.42,0.22,532.4,401.69,0.524
9092,17.93,5.17,92.66,127.19,4.97,2.2,1.1,2.42,0.22,532.4,324.08,0.524
9093,47.0,27.39,1287.41,62.54,16.34,2.2,1.1,2.42,0.22,532.4,345.73,0.545
9094,29.84,17.44,520.51,312.17,43.37,2.2,1.1,2.42,0.22,532.4,553.97,0.491
9095,9.95,15.01,149.32,174.79,29.18,2.2,1.1,2.42,0.22,532.4,404.33,0.502
9096,21.5,19.69,423.24,211.43,29.87,2.2,1.1,2.42,0.22,532.4,317.35,0.507
9097,26.72,10.82,289.21,326.93,18.14,2.2,1.1,2.42,0.22,532.4,299.47,0.519
9098,38.56,11.72,452.05,225.86,5.46,2.2,1.1,2.42,0.22,532.4,421.24,0.513
9099,47.49,11.17,530.52,246.26,35.64,2.2,1.1,2.42,0.22,532.4,363.17,0.535
9100,14.67,9.86,144.67,177.62,27.37,2.2,1.1,2.42,0.22,532.4,535.62,0.493
9101,28.63,9.06,259.4,268.45,29.68,2.2,1.1,2.42,0.22,532.4,341.73,0.513
9102,27.89,28.13,784.55,352.88,14.27,2.2,1.1,2.42,0.22,532.4,434.92,0.546
9103,49.09,24.32,1193.67,256.32,18.33,2.2,1.1,2.42,0.22,532.4,479.33,0.498
9104,23.13,7.97,184.27,226.73,12.36,2.2,1.1,2.42,0.22,532.4,385.91,0.54
9105,47.25,15.14,715.32,275.35,6.49,2.2,1.1,2.42,0.22,532.4,288.14,0.557
9106,41.2,28.03,1154.51,67.38,22.58,2.2,1.1,2.42,0.22,532.4,311.92,0.499
9107,24.03,15.3,367.58,50.91,14.34,2.2,1.1,2.42,0.22,532.4,274.98,0.51
9108,24.44,5.7,139.21,279.56,30.73,2.2,1.1,2.42,0.22,532.4,320.52,0.522
9109,6.12,13.62,83.27,18.85,43.27,2.2,1.1,2.42,0.22,532.4,392.28,0.534
9110,20.32,7.68,156.14,88.53,27.34,2.2,1.1,2.42,0.22,532.4,478.1,0.534
9111,5.21,27.51,143.28,335.78,16.13,2.2,1.1,2.42,0.22,532.4,349.83,0.542
9112,48.79,29.59,1443.84,354.39,34.88,2.2,1.1,2.42,0.22,532.4,339.83,0.535
9113,23.54,29.05,683.86,192.83,25.68,2.2,1.1,2.42,0.22,532.4,451.59,0.502
9114,12.85,22.45,288.39,340.23,8.06,2.2,1.1,2.42,0.22,532.4,348.68,0.49
9115,25.34,27.33,692.49,207.35,14.55,2.2,1.1,2.42,0.22,532.4,254.78,0.548
9116,5.54,5.58,30.91,107.26,11.38,2.2,1.1,2.42,0.22,532.4,516.33,0.531
9117,32.91,14.88,489.76,71.61,12.08,2.2,1.1,2.42,0.22,532.4,407.64,0.516
9118,24.83,29.49,732.32,40.55,13.91,2.2,1.1,2.42,0.22,532.4,416.08,0.509
9119,34.17,19.98,682.63,228.1,21.37,2.2,1.1,2.42,0.22,532.4,506.74,0.539
9120,35.42,22.75,805.83,156.22,2.97,2.2,1.1,2.42,0.22,532.4,443.01,0.511
9121,41.7,23.64,986.04,200.53,18.09,2.2,1.1,2.42,0.22,532.4,400.11,0.521
9122,42.69,29.47,1258.08,343.07,32.42,2.2,1.1,2.42,0.22,532.4,401.69,0.519
9123,8.99,7.51,67.52,333.48,3.41,2.2,1.1,2.42,0.22,532.4,450.4,0.536
9124,28.44,26.21,745.43,0.73,27.04,2.2,1.1,2.42,0.22,532.4,322.26,0.518
9125,25.4,18.99,482.41,269.53,10.24,2.2,1.1,2.42,0.22,532.4,489.65,0.517
9126,35.31,27.99,988.36,230.22,11.18,2.2,1.1,2.42,0.22,532.4,270.38,0.567
9127,10.02,21.24,212.77,283.77,6.29,2.2,1.1,2.42,0.22,532.4,550.24,0.487
9128,49.3,5.71,281.69,326.75,28.56,2.2,1.1,2.42,0.22,532.4,445.7,0.511
9129,18.22,14.01,255.13,183.69,29.87,2.2,1.1,2.42,0.22,532.4,402.81,0.529
9130,24.21,14.74,357.0,311.11,17.42,2.2,1.1,2.42,0.22,532.4,382.66,0.556
9131,37.88,15.36,581.97,42.97,16.18,2.2,1.1,2.42,0.22,532.4,439.9,0.513
9132,49.43,9.08,448.56,24.48,10.46,2.2,1.1,2.42,0.22,532.4,289.85,0.521
9133,44.27,19.74,873.99,351.56,19.99,2.2,1.1,2.42,0.22,532.4,291.33,0.528
9134,32.95,13.76,453.2,86.66,36.66,2.2,1.1,2.42,0.22,532.4,248.41,0.576
9135,37.85,9.85,372.84,272.44,4.45,2.2,1.1,2.42,0.22,532.4,320.11,0.57
9136,22.55,5.81,130.99,110.41,41.27,2.2,1.1,2.42,0.22,532.4,388.23,0.526
9137,21.64,27.05,585.38,285.21,41.42,2.2,1.1,2.42,0.22,532.4,382.46,0.529
9138,22.09,10.98,242.51,168.45,25.23,2.2,1.1,2.42,0.22,532.4,314.77,0.523
9139,13.76,7.2,99.1,280.43,9.52,2.2,1.1,2.42,0.22,532.4,319.1,0.506
9140,14.14,6.19,87.48,308.93,37.2,2.2,1.1,2.42,0.22,532.4,385.31,0.539
9141,6.67,23.85,159.16,163.8,15.29,2.2,1.1,2.42,0.22,532.4,363.32,0.529
9142,49.92,26.29,1312.11,23.47,6.89,2.2,1.1,2.42,0.22,532.4,297.8,0.517
9143,7.37,25.36,186.89,22.43,25.56,2.2,1.1,2.42,0.22,532.4,451.22,0.486
9144,15.02,28.92,434.3,4.04,35.55,2.2,1.1,2.42,0.22,532.4,318.08,0.51
9145,26.37,18.86,497.27,339.18,30.39,2.2,1.1,2.42,0.22,532.4,293.9,0.527
9146,47.9,10.79,516.84,130.42,13.73,2.2,1.1,2.42,0.22,532.4,279.39,0.515
9147,14.18,24.21,343.25,194.78,15.74,2.2,1.1,2.42,0.22,532.4,360.27,0.507
9148,49.38,14.22,702.02,152.59,19.34,2.2,1.1,2.42,0.22,532.4,292.93,0.543
9149,8.56,22.58,193.33,129.51,32.64,2.2,1.1,2.42,0.22,532.4,256.77,0.542
9150,38.81,24.11,935.88,284.71,14.98,2.2,1.1,2.42,0.22,532.4,256.52,0.549
9151,33.54,28.06,941.31,282.6,30.09,2.2,1.1,2.42,0.22,532.4,329.78,0.489
9152,49.93,29.28,1461.77,128.6,35.52,2.2,1.1,2.42,0.22,532.4,367.38,0.524
9153,5.09,18.14,92.33,344.18,11.89,2.2,1.1,2.42,0.22,532.4,283.7,0.503
9154,44.42,24.6,1092.81,158.45,28.83,2.2,1.1,2.42,0.22,532.4,408.17,0.505
9155,21.44,12.82,274.8,228.54,34.61,2.2,1.1,2.42,0.22,532.4,443.27,0.499
9156,39.48,29.75,1174.29,123.22,23.18,2.2,1.1,2.42,0.22,532.4,406.63,0.535
9157,46.65,29.53,1377.88,184.75,29.92,2.2,1.1,2.42,0.22,532.4,374.31,0.512
9158,36.7,23.22,852.26,313.82,8.25,2.2,1.1,2.42,0.22,532.4,322.38,0.5
9159,43.48,15.87,690.11,15.04,2.85,2.2,1.1,2.42,0.22,532.4,370.22,0.558
9160,45.42,11.89,539.91,269.77,1.95,2.2,1.1,2.42,0.22,532.4,458.52,0.509
9161,40.68,20.73,843.23,164.78,27.31,2.2,1.1,2.42,0.22,532.4,520.41,0.52
9162,21.86,9.01,197.06,356.73,27.33,2.2,1.1,2.42,0.22,532.4,495.2,0.509
9163,42.02,28.69,1205.74,15.97,27.06,2.2,1.1,2.42,0.22,532.4,269.31,0.531
9164,30.1,24.51,737.85,351.01,25.41,2.2,1.1,2.42,0.22,532.4,455.77,0.521
9165,32.89,29.53,971.16,104.47,35.71,2.2,1.1,2.42,0.22,532.4,509.35,0.514
9166,27.35,8.57,234.51,299.46,43.89,2.2,1.1,2.42,0.22,532.4,389.34,0.52
9167,33.92,25.21,854.97,43.3,40.0,2.2,1.1,2.42,0.22,532.4,281.17,0.519
9168,20.1,8.15,163.8,170.75,10.49,2.2,1.1,2.42,0.22,532.4,287.5,0.51
9169,5.62,21.36,120.12,143.56,32.27,2.2,1.1,2.42,0.22,532.4,323.46,0.502
9170,10.54,12.58,132.56,229.72,7.54,2.2,1.1,2.42,0.22,532.4,393.73,0.542
9171,33.05,23.83,787.8,63.48,7.13,2.2,1.1,2.42,0.22,532.4,385.89,0.536
9172,21.55,10.41,224.47,124.27,31.5,2.2,1.1,2.42,0.22,532.4,255.94,0.557
9173,46.3,25.55,1182.95,223.74,23.75,2.2,1.1,2.42,0.22,532.4,404.88,0.57
9174,12.09,18.55,224.34,118.78,9.37,2.2,1.1,2.42,0.22,532.4,472.66,0.542
9175,7.57,29.38,222.51,146.39,22.69,2.2,1.1,2.42,0.22,532.4,452.84,0.514
9176,43.56,15.79,687.7,109.29,30.57,2.2,1.1,2.42,0.22,532.4,290.82,0.539
9177,49.64,23.42,1162.63,323.38,38.51,2.2,1.1,2.42,0.22,532.4,314.85,0.544
9178,40.69,21.7,883.15,71.27,43.59,2.2,1.1,2.42,0.22,532.4,357.22,0.523
9179,40.78,20.3,827.78,46.19,12.74,2.2,1.1,2.42,0.22,532.4,511.25,0.523
9180,25.13,9.09,228.34,145.56,6.07,2.2,1.1,2.42,0.22,532.4,448.62,0.504
9181,19.76,12.03,237.65,99.76,2.26,2.2,1.1,2.42,0.22,532.4,560.37,0.485
9182,32.04,20.12,644.63,288.61,16.94,2.2,1.1,2.42,0.22,532.4,541.68,0.501
9183,18.19,15.53,282.64,350.1,34.91,2.2,1.1,2.42,0.22,532.4,346.31,0.524
9184,30.89,12.51,386.53,219.94,19.1,2.2,1.1,2.42,0.22,532.4,390.34,0.54
9185,18.7,13.95,260.99,213.92,36.11,2.2,1.1,2.42,0.22,532.4,381.46,0.515
9186,23.31,5.02,117.03,91.29,0.73,2.2,1.1,2.42,0.22,532.4,352.34,0.53
9187,22.37,28.53,638.14,23.8,22.04,2.2,1.1,2.42,0.22,532.4,533.19,0.516
9188,32.5,20.24,657.94,36.86,21.39,2.2,1.1,2.42,0.22,532.4,428.25,0.507
9189,7.61,16.29,124.02,32.1,7.47,2.2,1.1,2.42,0.22,532.4,425.91,0.503
9190,36.6,26.74,978.62,172.53,44.26,2.2,1.1,2.42,0.22,532.4,364.11,0.528
9191,15.86,28.97,459.52,35.27,1.49,2.2,1.1,2.42,0.22,532.4,438.51,0.571
9192,29.95,17.21,515.32,195.76,5.99,2.2,1.1,2.42,0.22,532.4,417.06,0.535
9193,26.2,17.76,465.37,352.1,30.63,2.2,1.1,2.42,0.22,532.4,387.62,0.525
9194,6.62,20.61,136.38,359.63,31.74,2.2,1.1,2.42,0.22,532.4,304.06,0.494
9195,26.92,14.05,378.2,293.76,4.29,2.2,1.1,2.42,0.22,532.4,407.21,0.498
9196,42.11,22.3,938.83,165.11,10.83,2.2,1.1,2.42,0.22,532.4,410.9,0.547
9197,9.11,13.14,119.74,109.87,8.84,2.2,1.1,2.42,0.22,532.4,376.2,0.546
9198,43.79,21.62,946.7,187.8,38.49,2.2,1.1,2.42,0.22,532.4,397.41,0.528
9199,20.57,23.14,475.97,34.33,0.07,2.2,1.1,2.42,0.22,532.4,363.45,0.49
9200,29.45,20.15,593.64,48.84,16.41,2.2,1.1,2.42,0.22,532.4,269.61,0.532
9201,25.84,7.95,205.4,209.8,24.6,2.2,1.1,2.42,0.22,532.4,353.73,0.533
9202,49.81,6.16,306.95,140.89,33.94,2.2,1.1,2.42,0.22,532.4,380.48,0.511
9203,34.91,26.17,913.53,90.01,15.45,2.2,1.1,2.42,0.22,532.4,383.87,0.513
9204,12.89,26.5,341.64,149.26,34.58,2.2,1.1,2.42,0.22,532.4,344.23,0.521
9205,47.4,17.41,825.22,164.61,5.35,2.2,1.1,2.42,0.22,532.4,271.69,0.521
9206,19.82,26.79,530.86,215.19,13.01,2.2,1.1,2.42,0.22,532.4,326.15,0.577
9207,41.81,19.87,830.68,243.95,13.21,2.2,1.1,2.42,0.22,532.4,311.23,0.511
9208,13.75,28.25,388.54,23.08,25.73,2.2,1.1,2.42,0.22,532.4,316.69,0.508
9209,38.81,24.39,946.67,346.75,13.45,2.2,1.1,2.42,0.22,532.4,285.85,0.528
9210,35.02,15.7,549.88,175.48,4.01,2.2,1.1,2.42,0.22,532.4,461.99,0.56
9211,42.92,29.52,1267.08,279.21,43.08,2.2,1.1,2.42,0.22,532.4,433.98,0.503
9212,19.94,12.64,252.0,350.78,42.48,2.2,1.1,2.42,0.22,532.4,394.16,0.53
9213,47.31,5.22,246.85,142.22,36.48,2.2,1.1,2.42,0.22,532.4,527.08,0.524
9214,37.29,12.91,481.53,318.44,39.69,2.2,1.1,2.42,0.22,532.4,405.51,0.503
9215,21.32,16.52,352.33,9.33,16.09,2.2,1.1,2.42,0.22,532.4,411.88,0.512
9216,16.08,24.69,397.14,273.83,2.75,2.2,1.1,2.42,0.22,532.4,446.81,0.502
9217,49.02,21.65,1061.24,98.56,22.89,2.2,1.1,2.42,0.22,532.4,300.74,0.54
9218,27.26,14.94,407.27,155.38,19.89,2.2,1.1,2.42,0.22,532.4,418.35,0.502
9219,40.76,11.61,473.1,142.58,3.08,2.2,1.1,2.42,0.22,532.4,363.85,0.522
9220,27.85,8.51,237.1,350.99,3.55,2.2,1.1,2.42,0.22,532.4,330.11,0.548
9221,33.37,18.33,611.66,336.74,35.65,2.2,1.1,2.42,0.22,532.4,321.64,0.546
9222,47.63,22.79,1085.45,283.22,0.51,2.2,1.1,2.42,0.22,532.4,445.51,0.522
9223,20.91,29.25,611.59,314.36,24.83,2.2,1.1,2.42,0.22,532.4,474.33,0.527
9224,24.09,25.08,604.4,46.07,33.25,2.2,1.1,2.42,0.22,532.4,512.61,0.517
9225,38.54,16.28,627.27,328.5,7.82,2.2,1.1,2.42,0.22,532.4,456.51,0.547
9226,7.88,26.63,209.88,192.72,41.69,2.2,1.1,2.42,0.22,532.4,314.4,0.521
9227,8.64,29.74,257.07,178.04,24.88,2.2,1.1,2.42,0.22,532.4,405.91,0.543
9228,23.92,22.17,530.42,262.28,23.03,2.2,1.1,2.42,0.22,532.4,343.08,0.531
9229,10.78,5.89,63.5,154.82,37.31,2.2,1.1,2.42,0.22,532.4,388.91,0.563
9230,8.19,23.64,193.69,171.88,2.2,2.2,1.1,2.42,0.22,532.4,305.29,0.521
9231,15.59,19.35,301.71,214.26,42.53,2.2,1.1,2.42,0.22,532.4,469.18,0.53
9232,44.18,22.51,994.69,192.07,43.43,2.2,1.1,2.42,0.22,532.4,345.19,0.525
9233,17.59,20.95,368.59,302.12,4.19,2.2,1.1,2.42,0.22,532.4,439.65,0.53
9234,43.23,29.9,1292.55,247.37,25.49,2.2,1.1,2.42,0.22,532.4,505.92,0.535
9235,12.62,26.79,338.09,279.05,42.55,2.2,1.1,2.42,0.22,532.4,486.79,0.538
9236,23.77,10.38,246.82,226.04,4.15,2.2,1.1,2.42,0.22,532.4,423.64,0.509
9237,9.67,18.51,178.92,332.72,10.59,2.2,1.1,2.42,0.22,532.4,452.73,0.514
9238,28.13,27.91,785.02,277.67,6.68,2.2,1.1,2.42,0.22,532.4,403.14,0.526
9239,10.15,16.91,171.65,184.01,32.21,2.2,1.1,2.42,0.22,532.4,376.15,0.527
9240,40.41,6.19,250.31,20.18,11.42,2.2,1.1,2.42,0.22,532.4,296.74,0.51
9241,7.28,16.26,118.45,323.46,13.26,2.2,1.1,2.42,0.22,532.4,522.01,0.502
9242,22.37,12.16,272.02,180.19,28.27,2.2,1.1,2.42,0.22,532.4,426.69,0.546
9243,17.68,26.92,475.99,122.72,39.21,2.2,1.1,2.42,0.22,532.4,327.12,0.511
9244,30.35,6.81,206.79,163.34,2.28,2.2,1.1,2.42,0.22,532.4,493.12,0.529
9245,35.73,29.0,1036.36,280.68,31.9,2.2,1.1,2.42,0.22,532.4,393.73,0.531
9246,32.48,5.81,188.56,190.55,24.65,2.2,1.1,2.42,0.22,532.4,379.25,0.548
9247,31.89,13.4,427.31,82.39,25.45,2.2,1.1,2.42,0.22,532.4,465.27,0.498
9248,12.15,19.16,232.86,24.32,43.92,2.2,1.1,2.42,0.22,532.4,322.9,0.525
9249,21.74,9.58,208.24,257.05,25.34,2.2,1.1,2.42,0.22,532.4,372.48,0.552
9250,18.03,18.84,339.51,60.08,25.72,2.2,1.1,2.42,0.22,532.4,373.93,0.531
9251,44.63,8.75,390.3,195.46,2.53,2.2,1.1,2.42,0.22,532.4,420.5,0.559
9252,28.27,22.04,623.0,54.43,9.73,2.2,1.1,2.42,0.22,532.4,412.36,0.52
9253,16.53,27.77,458.89,185.25,10.4,2.2,1.1,2.42,0.22,532.4,490.22,0.543
9254,32.64,5.32,173.5,13.26,44.76,2.2,1.1,2.42,0.22,532.4,540.27,0.511
9255,32.93,19.76,650.84,14.26,12.65,2.2,1.1,2.42,0.22,532.4,317.97,0.529
9256,26.86,16.37,439.64,261.1,36.87,2.2,1.1,2.42,0.22,532.4,408.83,0.536
9257,31.85,26.54,845.18,166.9,27.08,2.2,1.1,2.42,0.22,532.4,501.99,0.492
9258,18.56,20.61,382.48,60.72,33.8,2.2,1.1,2.42,0.22,532.4,285.48,0.57
9259,14.59,6.18,90.11,337.37,12.95,2.2,1.1,2.42,0.22,532.4,453.03,0.546
9260,24.32,10.41,253.03,94.03,22.66,2.2,1.1,2.42,0.22,532.4,456.09,0.511
9261,44.92,13.42,602.7,279.72,0.23,2.2,1.1,2.42,0.22,532.4,343.83,0.546
9262,12.96,11.9,154.18,258.82,21.9,2.2,1.1,2.42,0.22,532.4,406.3,0.503
9263,22.78,9.33,212.68,64.13,40.36,2.2,1.1,2.42,0.22,532.4,470.29,0.533
9264,30.1,10.1,303.9,80.79,33.31,2.2,1.1,2.42,0.22,532.4,474.57,0.499
9265,45.51,22.63,1029.95,187.89,29.37,2.2,1.1,2.42,0.22,532.4,290.43,0.512
9266,25.86,7.81,201.9,343.68,18.4,2.2,1.1,2.42,0.22,532.4,323.81,0.53
9267,29.44,6.74,198.41,115.69,2.76,2.2,1.1,2.42,0.22,532.4,529.22,0.517
9268,35.41,9.3,329.5,26.03,32.86,2.2,1.1,2.42,0.22,532.4,401.78,0.53
9269,25.3,28.13,711.54,25.92,44.8,2.2,1.1,2.42,0.22,532.4,418.54,0.483
9270,34.44,11.6,399.42,259.28,10.29,2.2,1.1,2.42,0.22,532.4,332.84,0.534
9271,34.73,16.61,576.84,101.13,23.51,2.2,1.1,2.42,0.22,532.4,419.77,0.566
9272,27.93,17.03,475.66,179.03,35.96,2.2,1.1,2.42,0.22,532.4,499.45,0.513
9273,8.19,14.25,116.66,48.97,15.13,2.2,1.1,2.42,0.22,532.4,350.91,0.524
9274,32.1,16.01,513.94,169.07,21.29,2.2,1.1,2.42,0.22,532.4,374.88,0.514
9275,17.15,25.7,440.9,281.31,20.15,2.2,1.1,2.42,0.22,532.4,312.1,0.524
9276,43.27,25.02,1082.56,237.08,37.46,2.2,1.1,2.42,0.22,532.4,338.8,0.525
9277,39.23,29.45,1155.23,46.63,20.41,2.2,1.1,2.42,0.22,532.4,420.02,0.497
9278,46.95,14.29,671.04,77.61,34.75,2.2,1.1,2.42,0.22,532.4,496.75,0.544
9279,29.04,24.31,706.01,195.37,26.71,2.2,1.1,2.42,0.22,532.4,308.26,0.524
9280,37.67,12.25,461.27,132.35,7.2,2.2,1.1,2.42,0.22,532.4,397.57,0.482
9281,37.02,29.99,1110.26,253.95,10.2,2.2,1.1,2.42,0.22,532.4,450.19,0.53
9282,32.38,29.61,958.75,127.52,31.04,2.2,1.1,2.42,0.22,532.4,336.19,0.537
9283,32.32,8.66,279.83,170.46,12.13,2.2,1.1,2.42,0.22,532.4,465.71,0.521
9284,15.31,11.28,172.76,298.91,15.36,2.2,1.1,2.42,0.22,532.4,310.44,0.52
9285,11.38,18.98,216.1,163.64,41.27,2.2,1.1,2.42,0.22,532.4,501.08,0.53
9286,5.67,21.13,119.87,245.9,3.36,2.2,1.1,2.42,0.22,532.4,275.17,0.522
9287,16.32,7.38,120.39,79.33,42.33,2.2,1.1,2.42,0.22,532.4,261.16,0.531
9288,43.52,22.44,976.57,126.37,3.08,2.2,1.1,2.42,0.22,532.4,468.51,0.532
9289,28.29,27.27,771.25,238.23,11.37,2.2,1.1,2.42,0.22,532.4,328.65,0.512
9290,38.58,11.66,449.72,113.26,44.48,2.2,1.1,2.42,0.22,532.4,370.25,0.524
9291,10.56,28.37,299.57,15.53,10.5,2.2,1.1,2.42,0.22,532.4,312.56,0.467
9292,38.0,28.75,1092.72,177.54,7.18,2.2,1.1,2.42,0.22,532.4,367.51,0.531
9293,44.52,22.8,1014.99,308.87,44.28,2.2,1.1,2.42,0.22,532.4,366.18,0.546
9294,11.18,22.07,246.79,268.63,29.07,2.2,1.1,2.42,0.22,532.4,406.32,0.551
9295,16.36,15.83,259.0,252.92,1.77,2.2,1.1,2.42,0.22,532.4,294.27,0.519
9296,14.3,10.24,146.53,72.7,0.57,2.2,1.1,2.42,0.22,532.4,408.61,0.554
9297,8.45,20.22,170.94,331.12,42.07,2.2,1.1,2.42,0.22,532.4,391.73,0.501
9298,44.57,24.06,1072.66,313.07,39.03,2.2,1.1,2.42,0.22,532.4,340.91,0.541
9299,20.18,25.49,514.44,12.32,29.7,2.2,1.1,2.42,0.22,532.4,277.42,0.528
9300,33.42,17.93,599.03,45.13,11.89,2.2,1.1,2.42,0.22,532.4,326.02,0.501
9301,8.55,20.91,178.77,196.77,11.06,2.2,1.1,2.42,0.22,532.4,294.03,0.519
9302,28.27,12.16,343.7,323.43,39.79,2.2,1.1,2.42,0.22,532.4,470.13,0.542
9303,8.92,6.33,56.42,63.11,0.68,2.2,1.1,2.42,0.22,532.4,274.34,0.552
9304,44.24,17.71,783.64,19.78,37.71,2.2,1.1,2.42,0.22,532.4,421.97,0.548
9305,21.34,20.59,439.32,142.34,3.12,2.2,1.1,2.42,0.22,532.4,271.2,0.535
9306,42.34,14.91,631.23,111.67,8.33,2.2,1.1,2.42,0.22,532.4,344.78,0.506
9307,14.96,5.72,85.53,111.73,15.48,2.2,1.1,2.42,0.22,532.4,521.57,0.529
9308,7.43,19.47,144.69,46.87,25.75,2.2,1.1,2.42,0.22,532.4,255.69,0.565
9309,45.72,28.85,1319.04,24.5,0.64,2.2,1.1,2.42,0.22,532.4,393.83,0.502
9310,8.38,11.24,94.24,29.74,6.0,2.2,1.1,2.42,0.22,532.4,482.73,0.531
9311,33.19,28.27,938.29,247.38,19.24,2.2,1.1,2.42,0.22,532.4,423.61,0.52
9312,12.66,12.15,153.84,197.05,4.21,2.2,1.1,2.42,0.22,532.4,285.82,0.542
9313,22.16,14.39,319.0,31.23,44.95,2.2,1.1,2.42,0.22,532.4,476.2,0.572
9314,48.91,15.39,752.57,114.62,30.78,2.2,1.1,2.42,0.22,532.4,365.56,0.529
9315,6.47,27.89,180.38,310.77,20.83,2.2,1.1,2.42,0.22,532.4,347.34,0.517
9316,31.07,9.75,302.83,35.1,32.65,2.2,1.1,2.42,0.22,532.4,435.41,0.532
9317,49.95,21.57,1077.52,27.74,34.95,2.2,1.1,2.42,0.22,532.4,366.65,0.526
9318,11.35,23.96,271.89,287.29,28.63,2.2,1.1,2.42,0.22,532.4,471.38,0.538
9319,42.93,10.09,433.18,279.33,29.91,2.2,1.1,2.42,0.22,532.4,452.16,0.508
9320,26.0,23.22,603.81,72.98,10.57,2.2,1.1,2.42,0.22,532.4,499.74,0.51
9321,23.59,7.49,176.6,200.84,1.68,2.2,1.1,2.42,0.22,532.4,513.18,0.525
9322,36.51,14.22,519.13,24.48,6.4,2.2,1.1,2.42,0.22,532.4,356.92,0.502
9323,7.6,23.16,175.93,164.92,33.49,2.2,1.1,2.42,0.22,532.4,394.78,0.532
9324,37.94,7.69,291.89,253.36,34.16,2.2,1.1,2.42,0.22,532.4,486.16,0.541
9325,23.16,19.09,442.09,298.19,32.27,2.2,1.1,2.42,0.22,532.4,319.79,0.511
9326,17.69,28.73,508.11,56.42,25.95,2.2,1.1,2.42,0.22,532.4,263.93,0.541
9327,10.73,15.77,169.17,343.36,31.74,2.2,1.1,2.42,0.22,532.4,334.8,0.51
9328,39.58,7.03,278.26,246.33,4.94,2.2,1.1,2.42,0.22,532.4,268.3,0.576
9329,22.2,23.83,529.14,186.87,17.88,2.2,1.1,2.42,0.22,532.4,479.32,0.537
9330,19.47,27.3,531.49,355.47,15.64,2.2,1.1,2.42,0.22,532.4,451.85,0.494
9331,36.9,14.18,523.25,94.12,9.05,2.2,1.1,2.42,0.22,532.4,289.36,0.524
9332,26.07,28.23,736.01,315.21,41.55,2.2,1.1,2.42,0.22,532.4,291.66,0.506
9333,16.44,19.81,325.7,81.99,0.05,2.2,1.1,2.42,0.22,532.4,463.02,0.558
9334,29.1,17.04,495.92,229.04,0.87,2.2,1.1,2.42,0.22,532.4,378.1,0.523
9335,19.19,21.66,415.8,133.85,22.71,2.2,1.1,2.42,0.22,532.4,383.59,0.548
9336,5.61,26.78,150.31,55.11,27.32,2.2,1.1,2.42,0.22,532.4,450.69,0.537
9337,26.87,18.77,504.2,128.1,20.34,2.2,1.1,2.42,0.22,532.4,320.55,0.555
9338,6.74,18.64,125.65,250.61,24.63,2.2,1.1,2.42,0.22,532.4,337.57,0.466
9339,22.68,25.12,569.79,306.17,2.34,2.2,1.1,2.42,0.22,532.4,403.92,0.499
9340,48.13,29.42,1415.79,163.23,38.83,2.2,1.1,2.42,0.22,532.4,445.84,0.529
9341,47.86,5.66,271.01,19.54,39.8,2.2,1.1,2.42,0.22,532.4,481.15,0.528
9342,38.75,21.52,833.94,46.08,31.41,2.2,1.1,2.42,0.22,532.4,332.11,0.548
9343,40.87,6.57,268.57,11.11,13.98,2.2,1.1,2.42,0.22,532.4,457.65,0.514
9344,46.41,22.41,1040.27,80.16,35.03,2.2,1.1,2.42,0.22,532.4,499.49,0.515
9345,19.09,26.38,503.55,52.7,42.61,2.2,1.1,2.42,0.22,532.4,404.24,0.558
9346,49.91,8.06,402.39,6.96,43.32,2.2,1.1,2.42,0.22,532.4,474.7,0.523
9347,6.97,23.32,162.59,107.71,15.35,2.2,1.1,2.42,0.22,532.4,502.04,0.499
9348,25.62,24.71,633.14,338.1,14.76,2.2,1.1,2.42,0.22,532.4,270.15,0.52
9349,11.82,22.45,265.42,317.73,44.64,2.2,1.1,2.42,0.22,532.4,476.73,0.553
9350,8.68,29.68,257.52,197.37,1.4,2.2,1.1,2.42,0.22,532.4,302.46,0.524
9351,43.84,26.72,1171.53,260.03,42.15,2.2,1.1,2.42,0.22,532.4,327.97,0.506
9352,45.17,17.45,788.13,235.69,41.34,2.2,1.1,2.42,0.22,532.4,316.42,0.482
9353,30.06,21.76,654.12,301.75,16.09,2.2,1.1,2.42,0.22,532.4,291.67,0.516
9354,8.68,9.69,84.05,109.28,5.4,2.2,1.1,2.42,0.22,532.4,341.06,0.513
9355,23.07,14.85,342.59,189.77,13.47,2.2,1.1,2.42,0.22,532.4,390.49,0.507
9356,20.39,26.19,533.92,236.16,32.98,2.2,1.1,2.42,0.22,532.4,527.38,0.504
9357,22.06,7.73,170.48,271.38,37.76,2.2,1.1,2.42,0.22,532.4,319.05,0.527
9358,11.0,11.06,121.68,76.01,29.14,2.2,1.1,2.42,0.22,532.4,433.09,0.511
9359,43.24,16.91,731.18,255.86,6.15,2.2,1.1,2.42,0.22,532.4,409.45,0.51
9360,22.64,28.73,650.57,72.69,42.82,2.2,1.1,2.42,0.22,532.4,385.29,0.522
9361,15.84,28.05,444.24,73.19,23.86,2.2,1.1,2.42,0.22,532.4,482.11,0.501
9362,33.6,27.19,913.57,269.87,35.49,2.2,1.1,2.42,0.22,532.4,443.35,0.503
9363,38.85,21.29,827.36,342.45,1.22,2.2,1.1,2.42,0.22,532.4,539.25,0.505
9364,24.94,20.06,500.14,211.44,34.14,2.2,1.1,2.42,0.22,532.4,478.03,0.519
9365,10.43,18.37,191.51,327.93,26.31,2.2,1.1,2.42,0.22,532.4,324.16,0.483
9366,28.47,10.63,302.71,221.97,19.15,2.2,1.1,2.42,0.22,532.4,356.18,0.535
9367,42.28,28.38,1200.09,169.3,33.32,2.2,1.1,2.42,0.22,532.4,309.32,0.509
9368,5.81,23.04,133.83,41.49,19.33,2.2,1.1,2.42,0.22,532.4,322.54,0.502
9369,8.79,16.74,147.24,85.13,1.06,2.2,1.1,2.42,0.22,532.4,278.59,0.553
9370,22.63,12.66,286.58,291.03,15.0,2.2,1.1,2.42,0.22,532.4,305.71,0.542
9371,32.29,7.71,248.83,175.58,36.12,2.2,1.1,2.42,0.22,532.4,488.5,0.568
9372,45.16,20.37,919.76,115.53,24.17,2.2,1.1,2.42,0.22,532.4,359.68,0.525
9373,13.13,13.3,174.59,166.67,43.3,2.2,1.1,2.42,0.22,532.4,321.48,0.549
9374,45.79,25.04,1146.32,123.68,30.94,2.2,1.1,2.42,0.22,532.4,291.85,0.526
9375,22.73,24.56,558.23,324.01,31.53,2.2,1.1,2.42,0.22,532.4,510.91,0.538
9376,49.02,29.05,1424.19,338.63,27.86,2.2,1.1,2.42,0.22,532.4,345.12,0.539
9377,37.46,20.54,769.54,294.02,1.25,2.2,1.1,2.42,0.22,532.4,261.38,0.533
9378,10.1,15.41,155.6,30.31,34.52,2.2,1.1,2.42,0.22,532.4,530.74,0.496
9379,46.72,7.5,350.38,176.89,26.38,2.2,1.1,2.42,0.22,532.4,503.44,0.536
9380,8.92,28.78,256.66,141.32,27.46,2.2,1.1,2.42,0.22,532.4,489.26,0.511
9381,26.33,11.18,294.38,209.89,27.45,2.2,1.1,2.42,0.22,532.4,361.2,0.514
9382,24.69,19.04,470.22,22.65,42.43,2.2,1.1,2.42,0.22,532.4,435.23,0.517
9383,32.47,18.69,606.88,236.88,34.15,2.2,1.1,2.42,0.22,532.4,377.96,0.545
9384,23.13,16.93,391.61,78.21,22.07,2.2,1.1,2.42,0.22,532.4,497.54,0.522
9385,6.11,6.62,40.5,213.13,41.09,2.2,1.1,2.42,0.22,532.4,428.68,0.545
9386,23.77,15.62,371.23,159.41,11.36,2.2,1.1,2.42,0.22,532.4,300.42,0.54
9387,23.68,29.31,694.13,312.54,9.2,2.2,1.1,2.42,0.22,532.4,509.4,0.514
9388,38.74,22.42,868.36,335.06,23.31,2.2,1.1,2.42,0.22,532.4,330.11,0.512
9389,34.21,14.85,508.23,45.71,30.41,2.2,1.1,2.42,0.22,532.4,333.55,0.54
9390,34.25,16.52,565.66,264.8,24.79,2.2,1.1,2.42,0.22,532.4,391.6,0.484
9391,24.4,16.19,395.07,202.72,17.04,2.2,1.1,2.42,0.22,532.4,328.46,0.502
9392,9.47,5.51,52.19,137.66,18.89,2.2,1.1,2.42,0.22,532.4,472.97,0.549
9393,13.21,24.38,322.23,267.55,14.98,2.2,1.1,2.42,0.22,532.4,293.55,0.541
9394,47.22,26.57,1254.83,349.87,6.13,2.2,1.1,2.42,0.22,532.4,432.22,0.586
9395,29.18,24.2,706.09,103.98,26.44,2.2,1.1,2.42,0.22,532.4,283.57,0.531
9396,9.42,18.72,176.28,229.81,33.81,2.2,1.1,2.42,0.22,532.4,429.75,0.51
9397,25.86,19.29,498.8,200.23,19.28,2.2,1.1,2.42,0.22,532.4,396.19,0.517
9398,23.85,13.41,319.66,276.64,19.17,2.2,1.1,2.42,0.22,532.4,460.35,0.52
9399,6.4,15.82,101.24,304.03,16.75,2.2,1.1,2.42,0.22,532.4,411.76,0.5
9400,32.77,12.96,424.79,336.07,14.04,2.2,1.1,2.42,0.22,532.4,326.99,0.493
9401,5.85,18.15,106.21,347.08,28.39,2.2,1.1,2.42,0.22,532.4,530.05,0.496
9402,35.69,22.05,786.93,128.97,26.85,2.2,1.1,2.42,0.22,532.4,296.75,0.51
9403,14.56,17.41,253.47,145.63,36.93,2.2,1.1,2.42,0.22,532.4,437.98,0.581
9404,45.84,12.28,562.98,165.96,32.73,2.2,1.1,2.42,0.22,532.4,518.83,0.513
9405,30.05,27.35,821.78,332.23,12.39,2.2,1.1,2.42,0.22,532.4,398.75,0.522
9406,17.3,25.99,449.68,177.86,10.98,2.2,1.1,2.42,0.22,532.4,331.18,0.533
9407,36.18,17.26,624.3,318.24,11.52,2.2,1.1,2.42,0.22,532.4,343.19,0.504
9408,26.66,23.49,626.37,16.25,24.61,2.2,1.1,2.42,0.22,532.4,292.05,0.529
9409,26.3,7.27,191.23,123.1,10.82,2.2,1.1,2.42,0.22,532.4,372.65,0.512
9410,49.25,9.43,464.27,283.81,27.34,2.2,1.1,2.42,0.22,532.4,349.83,0.533
9411,25.36,6.85,173.59,230.3,40.08,2.2,1.1,2.42,0.22,532.4,450.44,0.518
9412,25.86,11.46,296.3,265.44,40.17,2.2,1.1,2.42,0.22,532.4,329.08,0.528
9413,37.26,21.41,797.64,282.84,16.43,2.2,1.1,2.42,0.22,532.4,298.69,0.563
9414,34.44,5.94,204.53,330.23,13.43,2.2,1.1,2.42,0.22,532.4,467.9,0.511
9415,36.86,18.35,676.54,351.19,8.35,2.2,1.1,2.42,0.22,532.4,450.74,0.503
9416,25.07,20.83,522.01,310.44,5.08,2.2,1.1,2.42,0.22,532.4,427.08,0.492
9417,17.49,22.58,394.77,300.25,22.33,2.2,1.1,2.42,0.22,532.4,420.44,0.515
9418,24.55,18.13,445.09,286.11,12.11,2.2,1.1,2.42,0.22,532.4,360.08,0.534
9419,18.78,28.21,529.67,144.78,19.16,2.2,1.1,2.42,0.22,532.4,444.12,0.55
9420,29.25,25.79,754.33,246.06,6.1,2.2,1.1,2.42,0.22,532.4,489.93,0.524
9421,9.68,17.57,170.16,165.8,8.36,2.2,1.1,2.42,0.22,532.4,511.81,0.512
9422,44.1,15.08,664.96,310.88,8.94,2.2,1.1,2.42,0.22,532.4,326.82,0.501
9423,43.2,15.73,679.54,114.8,2.63,2.2,1.1,2.42,0.22,532.4,248.08,0.567
9424,44.2,24.45,1080.71,84.52,23.82,2.2,1.1,2.42,0.22,532.4,476.53,0.505
9425,16.59,28.33,470.01,230.92,44.37,2.2,1.1,2.42,0.22,532.4,350.41,0.509
9426,7.31,24.63,180.15,127.29,3.37,2.2,1.1,2.42,0.22,532.4,539.64,0.507
9427,36.42,16.63,605.83,219.64,34.13,2.2,1.1,2.42,0.22,532.4,473.34,0.543
9428,44.62,19.36,864.02,112.24,13.27,2.2,1.1,2.42,0.22,532.4,421.01,0.57
9429,19.62,27.52,539.98,129.69,12.4,2.2,1.1,2.42,0.22,532.4,275.68,0.529
9430,49.39,5.09,251.56,179.16,20.18,2.2,1.1,2.42,0.22,532.4,403.67,0.537
9431,13.42,24.33,326.44,30.07,25.52,2.2,1.1,2.42,0.22,532.4,301.77,0.52
9432,48.94,13.05,638.69,343.99,42.64,2.2,1.1,2.42,0.22,532.4,496.84,0.522
9433,36.02,11.3,407.11,328.09,34.54,2.2,1.1,2.42,0.22,532.4,306.15,0.521
9434,14.39,16.38,235.71,273.88,12.02,2.2,1.1,2.42,0.22,532.4,396.96,0.504
9435,24.93,16.7,416.39,201.08,9.11,2.2,1.1,2.42,0.22,532.4,340.87,0.52
9436,25.63,14.61,374.5,154.68,42.51,2.2,1.1,2.42,0.22,532.4,478.94,0.505
9437,24.13,13.33,321.65,61.5,41.32,2.2,1.1,2.42,0.22,532.4,485.06,0.488
9438,8.27,17.17,142.07,5.29,20.66,2.2,1.1,2.42,0.22,532.4,293.98,0.545
9439,40.13,16.65,668.29,301.55,4.48,2.2,1.1,2.42,0.22,532.4,470.42,0.515
9440,35.34,17.35,612.96,134.31,5.92,2.2,1.1,2.42,0.22,532.4,454.57,0.55
9441,31.85,26.13,832.09,163.39,26.85,2.2,1.1,2.42,0.22,532.4,504.54,0.508
9442,35.21,29.91,1053.1,63.82,32.53,2.2,1.1,2.42,0.22,532.4,335.72,0.545
9443,29.69,27.69,822.34,101.63,43.36,2.2,1.1,2.42,0.22,532.4,370.93,0.493
9444,19.87,23.26,461.99,348.66,4.65,2.2,1.1,2.42,0.22,532.4,310.36,0.488
9445,12.1,15.77,190.85,342.26,25.87,2.2,1.1,2.42,0.22,532.4,312.8,0.576
9446,16.17,8.05,130.22,27.16,15.79,2.2,1.1,2.42,0.22,532.4,303.26,0.567
9447,43.0,9.26,398.04,297.66,40.57,2.2,1.1,2.42,0.22,532.4,330.38,0.519
9448,43.46,8.32,361.45,69.78,24.16,2.2,1.1,2.42,0.22,532.4,405.5,0.511
9449,39.12,10.75,420.56,152.28,27.07,2.2,1.1,2.42,0.22,532.4,450.33,0.489
9450,47.29,11.82,558.97,17.16,1.98,2.2,1.1,2.42,0.22,532.4,359.52,0.506
9451,38.75,19.31,748.05,137.01,40.75,2.2,1.1,2.42,0.22,532.4,295.88,0.524
9452,28.06,28.11,788.68,9.39,3.76,2.2,1.1,2.42,0.22,532.4,393.35,0.538
9453,6.18,13.38,82.77,127.58,16.44,2.2,1.1,2.42,0.22,532.4,434.35,0.551
9454,46.3,19.38,897.18,288.18,4.99,2.2,1.1,2.42,0.22,532.4,536.45,0.513
9455,9.63,13.16,126.7,222.93,17.99,2.2,1.1,2.42,0.22,532.4,428.76,0.551
9456,24.33,28.09,683.59,156.45,9.17,2.2,1.1,2.42,0.22,532.4,323.84,0.531
9457,19.47,6.06,117.99,192.59,10.63,2.2,1.1,2.42,0.22,532.4,322.3,0.49
9458,45.24,12.81,579.7,46.69,39.81,2.2,1.1,2.42,0.22,532.4,421.35,0.563
9459,44.05,24.81,1092.72,138.64,15.18,2.2,1.1,2.42,0.22,532.4,304.97,0.531
9460,33.1,20.29,671.47,349.84,33.68,2.2,1.1,2.42,0.22,532.4,387.8,0.484
9461,20.6,15.7,323.51,41.08,2.47,2.2,1.1,2.42,0.22,532.4,422.48,0.494
9462,34.79,10.69,371.8,81.53,22.69,2.2,1.1,2.42,0.22,532.4,263.46,0.544
9463,17.38,29.11,505.94,215.93,22.43,2.2,1.1,2.42,0.22,532.4,424.41,0.519
9464,7.86,18.65,146.65,280.22,1.0,2.2,1.1,2.42,0.22,532.4,424.01,0.528
9465,29.87,9.83,293.76,251.77,43.32,2.2,1.1,2.42,0.22,532.4,489.94,0.532
9466,13.73,13.6,186.76,254.65,28.37,2.2,1.1,2.42,0.22,532.4,344.82,0.486
9467,49.97,20.24,1011.51,334.19,28.07,2.2,1.1,2.42,0.22,532.4,461.69,0.511
9468,39.97,6.99,279.39,179.27,27.25,2.2,1.1,2.42,0.22,532.4,534.95,0.513
9469,21.87,18.5,404.7,332.81,43.15,2.2,1.1,2.42,0.22,532.4,342.82,0.528
9470,35.62,9.64,343.23,199.74,42.73,2.2,1.1,2.42,0.22,532.4,527.85,0.509
9471,17.12,13.26,226.92,129.67,42.54,2.2,1.1,2.42,0.22,532.4,323.9,0.53
9472,21.87,8.91,194.85,81.83,34.0,2.2,1.1,2.42,0.22,532.4,449.19,0.537
9473,30.29,5.86,177.58,133.1,43.64,2.2,1.1,2.42,0.22,532.4,288.12,0.55
9474,18.85,26.65,502.33,23.7,15.72,2.2,1.1,2.42,0.22,532.4,500.88,0.518
9475,27.28,9.73,265.53,8.19,43.04,2.2,1.1,2.42,0.22,532.4,311.71,0.541
9476,36.37,13.5,491.03,198.19,37.54,2.2,1.1,2.42,0.22,532.4,430.05,0.498
9477,21.58,22.42,483.8,201.12,19.33,2.2,1.1,2.42,0.22,532.4,412.74,0.474
9478,27.86,20.44,569.47,296.72,27.9,2.2,1.1,2.42,0.22,532.4,387.9,0.555
9479,11.17,6.84,76.45,7.72,36.77,2.2,1.1,2.42,0.22,532.4,547.61,0.474
9480,47.93,22.63,1084.71,132.68,31.57,2.2,1.1,2.42,0.22,532.4,397.55,0.53
9481,30.82,25.89,797.86,128.92,13.42,2.2,1.1,2.42,0.22,532.4,430.24,0.527
9482,33.52,26.49,888.2,286.35,16.02,2.2,1.1,2.42,0.22,532.4,465.79,0.543
9483,21.33,20.84,444.56,16.41,8.75,2.2,1.1,2.42,0.22,532.4,442.52,0.528
9484,26.99,19.97,538.98,15.88,30.63,2.2,1.1,2.42,0.22,532.4,480.78,0.492
9485,23.43,5.67,132.94,233.68,18.15,2.2,1.1,2.42,0.22,532.4,295.98,0.52
9486,45.46,22.01,1000.61,208.89,17.36,2.2,1.1,2.42,0.22,532.4,413.9,0.513
9487,8.56,24.63,210.92,25.77,17.81,2.2,1.1,2.42,0.22,532.4,422.17,0.537
9488,28.12,17.11,481.2,349.5,31.07,2.2,1.1,2.42,0.22,532.4,323.36,0.542
9489,42.07,26.76,1125.87,186.16,19.2,2.2,1.1,2.42,0.22,532.4,465.71,0.51
9490,48.57,11.11,539.46,81.5,8.01,2.2,1.1,2.42,0.22,532.4,405.79,0.492
9491,41.69,12.66,527.68,322.82,1.4,2.2,1.1,2.42,0.22,532.4,431.29,0.538
9492,41.33,21.03,869.3,198.98,7.32,2.2,1.1,2.42,0.22,532.4,484.76,0.518
9493,5.3,16.05,85.09,185.4,11.51,2.2,1.1,2.42,0.22,532.4,517.39,0.517
9494,6.4,11.58,74.18,21.13,1.72,2.2,1.1,2.42,0.22,532.4,300.26,0.506
9495,11.61,27.69,321.62,270.22,11.44,2.2,1.1,2.42,0.22,532.4,294.55,0.525
9496,29.45,20.95,616.93,119.21,26.7,2.2,1.1,2.42,0.22,532.4,473.79,0.54
9497,49.98,13.97,698.19,228.74,28.72,2.2,1.1,2.42,0.22,532.4,408.37,0.494
9498,44.39,13.17,584.68,164.5,6.67,2.2,1.1,2.42,0.22,532.4,521.64,0.486
9499,7.48,8.33,62.35,176.33,24.73,2.2,1.1,2.42,0.22,532.4,364.04,0.525
9500,14.48,6.97,100.9,184.37,21.84,2.2,1.1,2.42,0.22,532.4,308.99,0.49
9501,7.56,28.27,213.79,249.52,2.06,2.2,1.1,2.42,0.22,532.4,379.04,0.507
9502,7.38,20.87,153.98,263.23,10.21,2.2,1.1,2.42,0.22,532.4,386.84,0.502
9503,35.09,25.3,887.65,326.5,12.66,2.2,1.1,2.42,0.22,532.4,411.14,0.52
9504,43.53,6.02,262.05,234.81,14.62,2.2,1.1,2.42,0.22,532.4,375.37,0.532
9505,34.43,29.25,1007.24,83.32,32.74,2.2,1.1,2.42,0.22,532.4,503.66,0.498
9506,15.74,20.24,318.64,165.59,30.74,2.2,1.1,2.42,0.22,532.4,372.45,0.526
9507,33.62,10.98,369.12,257.85,22.68,2.2,1.1,2.42,0.22,532.4,432.62,0.523
9508,43.15,8.4,362.56,154.21,20.22,2.2,1.1,2.42,0.22,532.4,356.46,0.569
9509,31.8,7.82,248.78,321.17,33.06,2.2,1.1,2.42,0.22,532.4,468.49,0.547
9510,36.99,11.26,416.58,121.9,44.67,2.2,1.1,2.42,0.22,532.4,351.43,0.482
9511,41.36,6.21,256.76,340.89,25.81,2.2,1.1,2.42,0.22,532.4,403.37,0.545
9512,38.87,11.7,454.58,26.15,13.56,2.2,1.1,2.42,0.22,532.4,401.83,0.514
9513,39.15,8.32,325.63,86.86,13.78,2.2,1.1,2.42,0.22,532.4,428.65,0.52
9514,31.59,22.87,722.3,139.61,14.99,2.2,1.1,2.42,0.22,532.4,522.85,0.522
9515,28.01,8.21,230.01,162.99,43.11,2.2,1.1,2.42,0.22,532.4,352.59,0.517
9516,39.43,9.92,390.96,127.42,9.34,2.2,1.1,2.42,0.22,532.4,321.37,0.502
9517,24.76,8.36,207.03,136.39,23.75,2.2,1.1,2.42,0.22,532.4,376.6,0.498
9518,21.45,5.89,126.28,80.77,16.79,2.2,1.1,2.42,0.22,532.4,389.43,0.515
9519,17.05,15.21,259.27,188.83,14.43,2.2,1.1,2.42,0.22,532.4,303.31,0.533
9520,42.01,6.33,265.97,62.53,8.96,2.2,1.1,2.42,0.22,532.4,534.91,0.515
9521,37.53,23.27,873.05,68.46,31.44,2.2,1.1,2.42,0.22,532.4,386.87,0.539
9522,22.67,24.48,555.03,314.73,31.67,2.2,1.1,2.42,0.22,532.4,418.98,0.554
9523,16.36,7.46,122.01,13.48,32.22,2.2,1.1,2.42,0.22,532.4,471.89,0.51
9524,14.84,14.31,212.4,110.52,34.47,2.2,1.1,2.42,0.22,532.4,432.56,0.537
9525,23.64,29.36,693.97,20.71,27.44,2.2,1.1,2.42,0.22,532.4,263.96,0.532
9526,15.93,24.43,389.21,304.59,7.53,2.2,1.1,2.42,0.22,532.4,269.36,0.542
9527,41.73,21.07,879.3,156.75,42.4,2.2,1.1,2.42,0.22,532.4,379.88,0.521
9528,49.1,9.66,474.26,217.37,15.09,2.2,1.1,2.42,0.22,532.4,416.47,0.531
9529,26.01,19.43,505.37,150.05,30.87,2.2,1.1,2.42,0.22,532.4,324.52,0.541
9530,42.03,5.04,212.01,35.01,41.57,2.2,1.1,2.42,0.22,532.4,302.04,0.521
9531,43.89,8.17,358.51,11.08,6.43,2.2,1.1,2.42,0.22,532.4,388.63,0.57
9532,7.11,27.96,198.78,215.72,31.92,2.2,1.1,2.42,0.22,532.4,275.42,0.519
9533,23.99,26.08,625.7,350.47,33.73,2.2,1.1,2.42,0.22,532.4,493.55,0.518
9534,46.4,10.16,471.46,24.2,12.11,2.2,1.1,2.42,0.22,532.4,304.08,0.549
9535,35.02,15.03,526.5,163.67,28.29,2.2,1.1,2.42,0.22,532.4,299.09,0.517
9536,26.36,21.55,567.86,301.8,2.84,2.2,1.1,2.42,0.22,532.4,312.76,0.552
9537,46.91,25.18,1181.13,177.2,17.44,2.2,1.1,2.42,0.22,532.4,331.4,0.541
9538,8.0,13.66,109.31,64.01,24.32,2.2,1.1,2.42,0.22,532.4,446.84,0.584
9539,7.63,25.37,193.6,229.56,25.87,2.2,1.1,2.42,0.22,532.4,346.58,0.533
9540,46.54,23.71,1103.4,70.66,10.92,2.2,1.1,2.42,0.22,532.4,367.68,0.552
9541,32.65,12.28,400.8,323.03,8.37,2.2,1.1,2.42,0.22,532.4,283.01,0.538
9542,36.92,21.69,800.77,351.08,0.06,2.2,1.1,2.42,0.22,532.4,294.47,0.534
9543,42.9,26.59,1140.62,40.73,17.5,2.2,1.1,2.42,0.22,532.4,392.43,0.523
9544,7.69,17.41,133.81,291.74,13.45,2.2,1.1,2.42,0.22,532.4,318.0,0.505
9545,36.95,24.55,907.28,194.43,27.39,2.2,1.1,2.42,0.22,532.4,323.52,0.516
9546,42.33,7.52,318.21,237.71,5.49,2.2,1.1,2.42,0.22,532.4,439.1,0.523
9547,22.97,6.1,140.05,261.52,24.07,2.2,1.1,2.42,0.22,532.4,423.67,0.522
9548,36.23,22.37,810.45,132.52,13.39,2.2,1.1,2.42,0.22,532.4,495.44,0.533
9549,12.62,19.68,248.34,140.94,27.86,2.2,1.1,2.42,0.22,532.4,365.53,0.531
9550,36.62,12.11,443.27,316.73,28.65,2.2,1.1,2.42,0.22,532.4,462.41,0.484
9551,31.41,6.93,217.56,156.52,1.49,2.2,1.1,2.42,0.22,532.4,481.99,0.546
9552,15.7,11.6,182.07,348.07,16.95,2.2,1.1,2.42,0.22,532.4,291.91,0.523
9553,30.61,28.92,885.32,219.31,14.67,2.2,1.1,2.42,0.22,532.4,378.68,0.508
9554,9.82,10.54,103.53,4.58,6.06,2.2,1.1,2.42,0.22,532.4,376.04,0.527
9555,19.56,11.6,226.93,302.61,44.66,2.2,1.1,2.42,0.22,532.4,343.46,0.524
9556,33.71,28.28,953.4,300.89,10.97,2.2,1.1,2.42,0.22,532.4,390.7,0.526
9557,14.12,23.96,338.3,313.95,21.62,2.2,1.1,2.42,0.22,532.4,286.6,0.526
9558,5.44,9.07,49.32,336.23,4.69,2.2,1.1,2.42,0.22,532.4,374.79,0.525
9559,45.46,6.0,272.74,165.44,7.17,2.2,1.1,2.42,0.22,532.4,476.24,0.494
9560,21.64,23.62,511.08,130.06,27.26,2.2,1.1,2.42,0.22,532.4,323.95,0.506
9561,25.19,5.47,137.72,337.65,3.66,2.2,1.1,2.42,0.22,532.4,364.65,0.516
9562,24.65,12.32,303.6,179.85,35.87,2.2,1.1,2.42,0.22,532.4,446.45,0.501
9563,30.32,19.35,586.7,303.67,20.31,2.2,1.1,2.42,0.22,532.4,369.2,0.48
9564,48.7,24.83,1209.49,69.12,11.05,2.2,1.1,2.42,0.22,532.4,516.45,0.526
9565,27.62,12.95,357.73,51.71,42.93,2.2,1.1,2.42,0.22,532.4,428.7,0.512
9566,40.28,11.23,452.43,206.54,32.09,2.2,1.1,2.42,0.22,532.4,344.35,0.525
9567,29.99,6.51,195.16,223.12,7.47,2.2,1.1,2.42,0.22,532.4,273.3,0.524
9568,48.38,29.4,1422.14,300.58,22.07,2.2,1.1,2.42,0.22,532.4,525.78,0.524
9569,35.66,11.63,414.83,287.64,1.81,2.2,1.1,2.42,0.22,532.4,498.47,0.554
9570,41.13,19.7,810.03,36.14,11.81,2.2,1.1,2.42,0.22,532.4,483.18,0.507
9571,14.33,8.93,127.97,57.31,13.28,2.2,1.1,2.42,0.22,532.4,290.94,0.541
9572,16.62,16.22,269.49,281.66,22.81,2.2,1.1,2.42,0.22,532.4,297.75,0.501
9573,48.43,27.99,1355.68,71.42,23.12,2.2,1.1,2.42,0.22,532.4,266.31,0.521
9574,48.66,25.66,1248.76,169.53,20.17,2.2,1.1,2.42,0.22,532.4,407.8,0.476
9575,48.12,20.96,1008.56,139.05,17.66,2.2,1.1,2.42,0.22,532.4,457.0,0.523
9576,43.37,5.99,259.82,144.46,2.14,2.2,1.1,2.42,0.22,532.4,287.46,0.571
9577,16.43,14.88,244.4,65.22,34.49,2.2,1.1,2.42,0.22,532.4,333.77,0.522
9578,42.23,22.45,947.87,46.34,15.7,2.2,1.1,2.42,0.22,532.4,269.42,0.516
9579,28.36,25.69,728.72,233.29,31.54,2.2,1.1,2.42,0.22,532.4,458.13,0.539
9580,29.59,14.48,428.6,306.39,22.66,2.2,1.1,2.42,0.22,532.4,431.48,0.524
9581,7.87,18.73,147.31,25.33,10.37,2.2,1.1,2.42,0.22,532.4,440.29,0.526
9582,9.22,28.42,261.96,329.08,34.1,2.2,1.1,2.42,0.22,532.4,339.77,0.532
9583,19.92,23.37,465.5,317.7,22.57,2.2,1.1,2.42,0.22,532.4,429.89,0.524
9584,14.75,7.38,108.78,161.89,35.8,2.2,1.1,2.42,0.22,532.4,532.86,0.493
9585,21.88,8.73,191.06,93.39,2.94,2.2,1.1,2.42,0.22,532.4,476.13,0.51
9586,41.11,9.38,385.46,145.21,10.8,2.2,1.1,2.42,0.22,532.4,276.77,0.582
9587,30.19,16.96,511.84,124.84,5.6,2.2,1.1,2.42,0.22,532.4,259.04,0.55
9588,19.61,13.51,264.92,283.66,24.1,2.2,1.1,2.42,0.22,532.4,464.7,0.535
9589,47.85,16.84,805.67,58.39,40.94,2.2,1.1,2.42,0.22,532.4,324.34,0.481
9590,21.12,26.83,566.59,12.47,9.71,2.2,1.1,2.42,0.22,532.4,358.38,0.565
9591,6.22,27.94,173.84,322.18,39.93,2.2,1.1,2.42,0.22,532.4,352.0,0.551
9592,7.66,28.17,215.76,97.95,13.38,2.2,1.1,2.42,0.22,532.4,398.37,0.496
9593,46.33,23.13,1071.65,105.6,32.27,2.2,1.1,2.42,0.22,532.4,534.79,0.51
9594,41.0,27.26,1117.54,262.49,40.3,2.2,1.1,2.42,0.22,532.4,340.69,0.531
9595,8.13,26.17,212.65,300.09,28.13,2.2,1.1,2.42,0.22,532.4,308.52,0.542
9596,19.83,9.51,188.64,79.78,23.78,2.2,1.1,2.42,0.22,532.4,511.52,0.5
9597,33.28,26.37,877.81,43.49,37.33,2.2,1.1,2.42,0.22,532.4,348.52,0.508
9598,21.95,29.72,652.35,335.12,44.41,2.2,1.1,2.42,0.22,532.4,286.61,0.585
9599,17.51,29.72,520.55,109.05,17.28,2.2,1.1,2.42,0.22,532.4,324.35,0.524
9600,10.1,27.74,280.25,207.88,8.71,2.2,1.1,2.42,0.22,532.4,411.65,0.581
9601,18.61,15.38,286.37,177.16,19.4,2.2,1.1,2.42,0.22,532.4,344.56,0.525
9602,32.23,5.6,180.41,50.18,16.06,2.2,1.1,2.42,0.22,532.4,423.07,0.508
9603,6.82,9.07,61.84,7.97,7.16,2.2,1.1,2.42,0.22,532.4,431.84,0.528
9604,44.76,8.22,367.92,255.28,27.11,2.2,1.1,2.42,0.22,532.4,503.5,0.516
9605,13.08,9.72,127.13,347.78,7.17,2.2,1.1,2.42,0.22,532.4,355.79,0.551
9606,28.8,21.39,616.15,229.35,0.71,2.2,1.1,2.42,0.22,532.4,276.49,0.536
9607,34.74,18.99,659.51,248.31,9.86,2.2,1.1,2.42,0.22,532.4,281.4,0.535
9608,14.35,17.75,254.72,50.8,36.63,2.2,1.1,2.42,0.22,532.4,456.88,0.509
9609,44.66,10.42,465.5,60.13,24.96,2.2,1.1,2.42,0.22,532.4,520.25,0.516
9610,25.74,12.64,325.38,340.73,30.61,2.2,1.1,2.42,0.22,532.4,429.5,0.542
9611,17.12,14.98,256.62,351.02,37.47,2.2,1.1,2.42,0.22,532.4,501.21,0.542
9612,18.48,21.25,392.73,94.14,24.25,2.2,1.1,2.42,0.22,532.4,441.96,0.502
9613,49.64,16.68,827.97,33.57,32.17,2.2,1.1,2.42,0.22,532.4,414.87,0.521
9614,22.21,7.84,174.07,47.74,42.47,2.2,1.1,2.42,0.22,532.4,386.41,0.541
9615,16.7,26.53,443.0,83.79,5.12,2.2,1.1,2.42,0.22,532.4,281.98,0.531
9616,8.55,24.54,209.83,62.78,10.39,2.2,1.1,2.42,0.22,532.4,342.15,0.507
9617,49.08,29.99,1471.94,225.7,33.56,2.2,1.1,2.42,0.22,532.4,308.39,0.499
9618,37.34,25.25,942.84,336.07,27.83,2.2,1.1,2.42,0.22,532.4,264.5,0.525
9619,25.2,23.41,589.86,234.56,32.3,2.2,1.1,2.42,0.22,532.4,329.18,0.555
9620,14.47,13.59,196.6,154.95,26.94,2.2,1.1,2.42,0.22,532.4,333.87,0.507
9621,38.35,24.89,954.77,310.4,4.01,2.2,1.1,2.42,0.22,532.4,331.73,0.492
9622,32.68,9.63,314.6,350.07,8.76,2.2,1.1,2.42,0.22,532.4,383.3,0.533
9623,20.76,23.82,494.56,256.51,25.85,2.2,1.1,2.42,0.22,532.4,290.42,0.557
9624,33.68,7.07,238.17,21.03,10.0,2.2,1.1,2.42,0.22,532.4,342.74,0.5
9625,24.33,6.43,156.56,18.46,28.01,2.2,1.1,2.42,0.22,532.4,292.72,0.505
9626,39.78,29.47,1172.21,7.88,5.43,2.2,1.1,2.42,0.22,532.4,387.34,0.506
9627,45.73,16.16,739.12,287.06,33.79,2.2,1.1,2.42,0.22,532.4,304.8,0.518
9628,42.06,17.16,721.69,264.77,29.23,2.2,1.1,2.42,0.22,532.4,327.03,0.553
9629,22.1,21.54,475.93,38.62,25.54,2.2,1.1,2.42,0.22,532.4,344.88,0.534
9630,14.82,19.74,292.64,21.24,22.38,2.2,1.1,2.42,0.22,532.4,279.09,0.508
9631,28.6,9.97,285.3,209.41,15.91,2.2,1.1,2.42,0.22,532.4,449.28,0.513
9632,49.68,21.75,1080.67,335.83,20.01,2.2,1.1,2.42,0.22,532.4,538.75,0.511
9633,5.6,7.6,42.57,14.46,42.36,2.2,1.1,2.42,0.22,532.4,400.14,0.513
9634,12.83,22.19,284.86,249.55,32.39,2.2,1.1,2.42,0.22,532.4,345.78,0.546
9635,34.54,20.92,722.65,67.38,2.62,2.2,1.1,2.42,0.22,532.4,370.57,0.485
9636,13.93,6.1,84.96,198.27,33.84,2.2,1.1,2.42,0.22,532.4,521.13,0.504
9637,45.07,19.29,869.55,328.82,12.72,2.2,1.1,2.42,0.22,532.4,356.85,0.539
9638,47.99,22.05,1058.16,320.21,41.32,2.2,1.1,2.42,0.22,532.4,469.77,0.542
9639,41.08,19.7,809.33,48.75,7.57,2.2,1.1,2.42,0.22,532.4,293.36,0.531
9640,33.93,14.47,490.88,333.59,0.88,2.2,1.1,2.42,0.22,532.4,441.03,0.536
9641,11.71,28.93,338.79,90.65,15.08,2.2,1.1,2.42,0.22,532.4,351.96,0.552
9642,12.58,17.18,216.22,237.21,5.46,2.2,1.1,2.42,0.22,532.4,335.59,0.507
9643,6.15,8.1,49.87,338.82,5.75,2.2,1.1,2.42,0.22,532.4,545.32,0.505
9644,40.61,5.82,236.48,181.3,14.55,2.2,1.1,2.42,0.22,532.4,447.02,0.556
9645,7.92,27.96,221.39,78.77,16.14,2.2,1.1,2.42,0.22,532.4,402.92,0.535
9646,8.94,18.1,161.76,108.95,31.72,2.2,1.1,2.42,0.22,532.4,480.88,0.539
9647,35.17,24.07,846.58,122.87,16.29,2.2,1.1,2.42,0.22,532.4,486.01,0.518
9648,46.74,17.74,829.15,150.55,42.41,2.2,1.1,2.42,0.22,532.4,280.76,0.523
9649,19.04,18.39,350.28,242.76,23.98,2.2,1.1,2.42,0.22,532.4,291.8,0.526
9650,40.09,15.6,625.29,197.11,40.4,2.2,1.1,2.42,0.22,532.4,281.68,0.521
9651,11.35,19.81,224.79,342.63,20.51,2.2,1.1,2.42,0.22,532.4,361.82,0.525
9652,30.2,6.95,210.02,104.46,3.55,2.2,1.1,2.42,0.22,532.4,418.45,0.521
9653,13.55,18.8,254.83,103.46,12.37,2.2,1.1,2.42,0.22,532.4,538.34,0.501
9654,7.43,29.47,218.85,298.7,23.15,2.2,1.1,2.42,0.22,532.4,421.72,0.534
9655,13.47,26.33,354.76,187.22,1.06,2.2,1.1,2.42,0.22,532.4,464.7,0.516
9656,20.06,13.09,262.66,187.97,31.1,2.2,1.1,2.42,0.22,532.4,314.89,0.496
9657,28.33,28.06,795.11,159.4,30.1,2.2,1.1,2.42,0.22,532.4,419.6,0.517
9658,17.9,18.97,339.62,59.27,9.01,2.2,1.1,2.42,0.22,532.4,372.0,0.527
9659,8.41,26.6,223.59,217.33,1.34,2.2,1.1,2.42,0.22,532.4,466.96,0.502
9660,45.33,23.99,1087.47,168.01,43.88,2.2,1.1,2.42,0.22,532.4,340.24,0.515
9661,49.26,19.64,967.48,340.14,11.2,2.2,1.1,2.42,0.22,532.4,295.11,0.502
9662,29.09,13.27,385.96,278.24,43.87,2.2,1.1,2.42,0.22,532.4,273.57,0.513
9663,31.24,18.08,564.72,154.91,26.21,2.2,1.1,2.42,0.22,532.4,356.54,0.499
9664,31.26,7.27,227.25,66.25,7.8,2.2,1.1,2.42,0.22,532.4,454.19,0.532
9665,42.18,24.94,1052.01,148.3,20.94,2.2,1.1,2.42,0.22,532.4,251.81,0.567
9666,40.01,15.74,629.89,332.61,35.75,2.2,1.1,2.42,0.22,532.4,267.34,0.532
9667,43.64,6.66,290.79,254.29,35.22,2.2,1.1,2.42,0.22,532.4,410.73,0.534
9668,7.49,17.63,132.05,22.53,25.18,2.2,1.1,2.42,0.22,532.4,483.86,0.548
9669,34.47,17.19,592.51,100.96,0.95,2.2,1.1,2.42,0.22,532.4,259.37,0.56
9670,19.56,11.67,228.23,122.4,19.51,2.2,1.1,2.42,0.22,532.4,335.26,0.519
9671,28.53,11.71,334.16,275.83,40.39,2.2,1.1,2.42,0.22,532.4,273.47,0.546
9672,22.67,28.44,644.78,14.47,18.33,2.2,1.1,2.42,0.22,532.4,305.43,0.53
9673,45.48,28.86,1312.66,92.7,6.54,2.2,1.1,2.42,0.22,532.4,293.25,0.537
9674,9.35,18.9,176.75,344.16,24.44,2.2,1.1,2.42,0.22,532.4,424.85,0.516
9675,16.73,13.68,228.85,355.31,27.11,2.2,1.1,2.42,0.22,532.4,324.63,0.507
9676,23.21,27.77,644.56,23.32,25.29,2.2,1.1,2.42,0.22,532.4,507.45,0.523
9677,20.49,16.6,340.14,224.9,11.18,2.2,1.1,2.42,0.22,532.4,471.32,0.53
9678,46.17,8.6,397.1,111.82,20.04,2.2,1.1,2.42,0.22,532.4,393.22,0.513
9679,20.53,21.27,436.65,87.24,13.81,2.2,1.1,2.42,0.22,532.4,469.19,0.493
9680,33.83,16.11,545.09,145.11,42.34,2.2,1.1,2.42,0.22,532.4,407.37,0.508
9681,39.07,11.1,433.59,213.65,6.1,2.2,1.1,2.42,0.22,532.4,335.26,0.541
9682,47.68,13.17,627.71,125.34,6.33,2.2,1.1,2.42,0.22,532.4,494.77,0.546
9683,42.21,13.62,574.93,173.14,10.72,2.2,1.1,2.42,0.22,532.4,412.63,0.558
9684,36.51,18.09,660.34,177.8,40.0,2.2,1.1,2.42,0.22,532.4,483.49,0.537
9685,8.84,26.22,231.71,86.82,2.33,2.2,1.1,2.42,0.22,532.4,351.29,0.533
9686,19.47,18.24,355.25,138.11,31.97,2.2,1.1,2.42,0.22,532.4,470.65,0.538
9687,8.02,25.34,203.16,65.96,11.47,2.2,1.1,2.42,0.22,532.4,363.74,0.495
9688,13.62,15.6,212.44,102.01,9.06,2.2,1.1,2.42,0.22,532.4,382.97,0.524
9689,26.83,5.62,150.71,42.09,34.55,2.2,1.1,2.42,0.22,532.4,289.65,0.509
9690,38.47,8.76,337.06,214.49,34.2,2.2,1.1,2.42,0.22,532.4,519.92,0.516
9691,20.75,5.33,110.7,212.95,19.01,2.2,1.1,2.42,0.22,532.4,299.26,0.514
9692,41.3,29.24,1207.63,291.23,23.46,2.2,1.1,2.42,0.22,532.4,531.96,0.517
9693,45.9,8.94,410.31,95.82,13.24,2.2,1.1,2.42,0.22,532.4,251.24,0.557
9694,16.94,16.28,275.82,208.46,44.74,2.2,1.1,2.42,0.22,532.4,486.86,0.529
9695,23.03,7.56,174.02,357.38,40.6,2.2,1.1,2.42,0.22,532.4,467.62,0.534
9696,22.49,25.33,569.57,128.3,8.7,2.2,1.1,2.42,0.22,532.4,286.8,0.541
9697,17.04,17.1,291.44,141.56,37.45,2.2,1.1,2.42,0.22,532.4,368.4,0.529
9698,40.9,7.76,317.33,16.52,33.73,2.2,1.1,2.42,0.22,532.4,280.48,0.529
9699,32.94,8.01,263.95,235.7,3.4,2.2,1.1,2.42,0.22,532.4,273.48,0.513
9700,34.13,15.56,531.09,163.53,38.99,2.2,1.1,2.42,0.22,532.4,278.78,0.518
9701,25.93,9.58,248.31,139.74,5.03,2.2,1.1,2.42,0.22,532.4,459.62,0.546
9702,40.56,7.9,320.28,215.89,23.68,2.2,1.1,2.42,0.22,532.4,479.47,0.532
9703,34.97,5.44,190.42,290.31,37.7,2.2,1.1,2.42,0.22,532.4,403.04,0.529
9704,37.93,22.47,852.41,26.69,37.77,2.2,1.1,2.42,0.22,532.4,451.79,0.561
9705,46.43,25.53,1185.55,36.18,1.52,2.2,1.1,2.42,0.22,532.4,498.5,0.504
9706,46.45,15.83,735.38,271.23,10.84,2.2,1.1,2.42,0.22,532.4,316.91,0.531
9707,16.03,14.28,228.92,300.83,3.48,2.2,1.1,2.42,0.22,532.4,472.78,0.52
9708,26.59,7.17,190.76,46.04,1.76,2.2,1.1,2.42,0.22,532.4,502.54,0.536
9709,6.26,21.15,132.35,325.42,34.84,2.2,1.1,2.42,0.22,532.4,374.71,0.526
9710,47.26,16.51,779.99,338.31,43.88,2.2,1.1,2.42,0.22,532.4,337.37,0.51
9711,26.91,18.47,497.0,259.51,20.1,2.2,1.1,2.42,0.22,532.4,348.6,0.517
9712,46.84,17.26,808.47,350.89,15.17,2.2,1.1,2.42,0.22,532.4,340.31,0.565
9713,11.1,25.06,278.22,227.49,13.15,2.2,1.1,2.42,0.22,532.4,445.65,0.522
9714,20.58,20.48,421.37,206.81,6.36,2.2,1.1,2.42,0.22,532.4,436.62,0.556
9715,5.67,18.45,104.59,92.83,34.89,2.2,1.1,2.42,0.22,532.4,354.83,0.502
9716,6.81,13.68,93.23,136.84,9.05,2.2,1.1,2.42,0.22,532.4,288.44,0.555
9717,37.27,10.83,403.45,96.49,0.71,2.2,1.1,2.42,0.22,532.4,476.93,0.565
9718,11.62,24.08,279.88,45.34,29.48,2.2,1.1,2.42,0.22,532.4,288.63,0.488
9719,40.84,24.11,984.89,257.11,21.69,2.2,1.1,2.42,0.22,532.4,375.06,0.48
9720,29.71,22.26,661.25,216.64,11.51,2.2,1.1,2.42,0.22,532.4,322.18,0.512
9721,13.15,24.93,327.82,267.71,2.04,2.2,1.1,2.42,0.22,532.4,427.87,0.495
9722,16.38,7.51,123.0,112.7,2.52,2.2,1.1,2.42,0.22,532.4,353.47,0.545
9723,6.46,14.83,95.85,57.85,19.21,2.2,1.1,2.42,0.22,532.4,394.1,0.497
9724,17.0,27.69,470.78,210.12,8.74,2.2,1.1,2.42,0.22,532.4,430.45,0.496
9725,41.28,18.04,744.77,222.69,42.62,2.2,1.1,2.42,0.22,532.4,452.03,0.545
9726,17.64,14.72,259.73,142.09,5.64,2.2,1.1,2.42,0.22,532.4,489.03,0.553
9727,12.29,13.63,167.58,325.88,30.05,2.2,1.1,2.42,0.22,532.4,293.97,0.509
9728,39.39,24.07,947.91,207.67,30.07,2.2,1.1,2.42,0.22,532.4,295.84,0.498
9729,41.34,12.92,533.97,45.06,2.49,2.2,1.1,2.42,0.22,532.4,407.86,0.567
9730,33.13,27.65,915.93,129.54,1.08,2.2,1.1,2.42,0.22,532.4,370.65,0.52
9731,15.09,19.64,296.28,199.77,18.86,2.2,1.1,2.42,0.22,532.4,388.37,0.547
9732,17.21,8.56,147.39,206.38,42.68,2.2,1.1,2.42,0.22,532.4,291.19,0.536
9733,10.7,8.58,91.83,116.27,37.38,2.2,1.1,2.42,0.22,532.4,508.66,0.514
9734,15.67,15.42,241.63,170.62,35.24,2.2,1.1,2.42,0.22,532.4,483.25,0.545
9735,5.77,26.11,150.76,190.38,3.22,2.2,1.1,2.42,0.22,532.4,447.96,0.512
9736,5.94,17.75,105.48,118.66,22.37,2.2,1.1,2.42,0.22,532.4,328.57,0.492
9737,48.02,23.32,1120.12,52.53,34.0,2.2,1.1,2.42,0.22,532.4,313.88,0.571
9738,11.66,15.03,175.27,293.54,16.12,2.2,1.1,2.42,0.22,532.4,277.94,0.522
9739,13.41,13.78,184.8,10.6,4.22,2.2,1.1,2.42,0.22,532.4,339.85,0.525
9740,9.75,10.44,101.77,18.93,18.27,2.2,1.1,2.42,0.22,532.4,508.58,0.502
9741,22.17,29.24,648.17,223.6,13.96,2.2,1.1,2.42,0.22,532.4,428.35,0.524
9742,24.93,5.43,135.48,113.98,26.83,2.2,1.1,2.42,0.22,532.4,470.85,0.502
9743,38.07,12.25,466.13,169.41,33.39,2.2,1.1,2.42,0.22,532.4,504.15,0.512
9744,8.19,23.14,189.58,18.65,19.91,2.2,1.1,2.42,0.22,532.4,532.65,0.511
9745,31.22,23.6,736.83,156.22,28.63,2.2,1.1,2.42,0.22,532.4,531.89,0.514
9746,20.22,21.99,444.63,86.67,25.48,2.2,1.1,2.42,0.22,532.4,440.59,0.53
9747,30.03,29.17,876.13,36.47,3.19,2.2,1.1,2.42,0.22,532.4,478.04,0.499
9748,47.76,29.23,1395.96,55.15,35.84,2.2,1.1,2.42,0.22,532.4,322.1,0.559
9749,33.98,18.06,613.71,295.26,11.36,2.2,1.1,2.42,0.22,532.4,408.25,0.522
9750,16.69,26.83,447.97,323.73,42.87,2.2,1.1,2.42,0.22,532.4,289.63,0.491
9751,14.3,10.21,146.01,52.55,21.9,2.2,1.1,2.42,0.22,532.4,343.05,0.523
9752,7.87,17.56,138.18,144.91,22.17,2.2,1.1,2.42,0.22,532.4,261.28,0.538
9753,13.83,21.03,290.8,211.94,44.94,2.2,1.1,2.42,0.22,532.4,335.31,0.554
9754,21.46,8.13,174.42,189.32,20.0,2.2,1.1,2.42,0.22,532.4,323.02,0.512
9755,10.24,18.24,186.78,60.92,10.5,2.2,1.1,2.42,0.22,532.4,526.63,0.503
9756,43.17,11.75,507.3,139.79,4.65,2.2,1.1,2.42,0.22,532.4,515.21,0.514
9757,23.85,5.04,120.18,168.54,24.57,2.2,1.1,2.42,0.22,532.4,285.55,0.505
9758,10.46,24.4,255.11,66.89,9.31,2.2,1.1,2.42,0.22,532.4,294.31,0.526
9759,15.89,8.0,127.11,78.22,8.81,2.2,1.1,2.42,0.22,532.4,284.83,0.532
9760,16.75,24.25,406.17,333.23,23.31,2.2,1.1,2.42,0.22,532.4,334.45,0.524
9761,36.43,16.81,612.51,6.92,26.67,2.2,1.1,2.42,0.22,532.4,447.17,0.519
9762,7.69,20.21,155.42,273.38,3.52,2.2,1.1,2.42,0.22,532.4,468.69,0.544
9763,31.6,8.01,253.0,181.93,37.02,2.2,1.1,2.42,0.22,532.4,365.7,0.508
9764,46.03,28.93,1331.82,59.15,18.78,2.2,1.1,2.42,0.22,532.4,403.55,0.517
9765,6.26,25.64,160.43,121.35,15.71,2.2,1.1,2.42,0.22,532.4,360.49,0.499
9766,49.79,6.19,308.27,8.95,39.85,2.2,1.1,2.42,0.22,532.4,329.65,0.525
9767,48.74,11.0,535.92,48.99,22.64,2.2,1.1,2.42,0.22,532.4,465.81,0.53
9768,22.38,16.36,366.06,199.22,27.75,2.2,1.1,2.42,0.22,532.4,442.0,0.546
9769,32.69,23.13,755.98,101.07,2.64,2.2,1.1,2.42,0.22,532.4,280.76,0.516
9770,48.93,19.92,974.75,335.51,36.92,2.2,1.1,2.42,0.22,532.4,432.58,0.541
9771,17.26,13.33,230.05,24.71,19.07,2.2,1.1,2.42,0.22,532.4,481.17,0.507
9772,10.45,5.92,61.89,170.81,39.55,2.2,1.1,2.42,0.22,532.4,298.21,0.495
9773,28.4,18.16,515.8,357.1,10.32,2.2,1.1,2.42,0.22,532.4,456.72,0.523
9774,42.02,17.86,750.38,56.71,25.15,2.2,1.1,2.42,0.22,532.4,492.96,0.535
9775,22.61,7.9,178.61,43.5,34.98,2.2,1.1,2.42,0.22,532.4,354.97,0.544
9776,6.37,8.36,53.28,211.29,7.2,2.2,1.1,2.42,0.22,532.4,469.87,0.528
9777,5.09,27.54,140.25,170.18,28.77,2.2,1.1,2.42,0.22,532.4,380.92,0.505
9778,14.39,25.81,371.54,276.5,36.74,2.2,1.1,2.42,0.22,532.4,320.28,0.519
9779,29.98,18.16,544.48,313.97,4.27,2.2,1.1,2.42,0.22,532.4,420.28,0.526
9780,22.79,5.13,116.96,305.28,1.64,2.2,1.1,2.42,0.22,532.4,379.02,0.567
9781,17.36,25.43,441.6,90.55,27.66,2.2,1.1,2.42,0.22,532.4,387.88,0.494
9782,6.12,28.22,172.78,303.36,1.4,2.2,1.1,2.42,0.22,532.4,281.77,0.542
9783,14.39,25.4,365.32,0.64,0.54,2.2,1.1,2.42,0.22,532.4,548.62,0.478
9784,37.73,27.85,1050.92,285.12,2.36,2.2,1.1,2.42,0.22,532.4,274.18,0.511
9785,10.16,18.93,192.25,83.64,40.42,2.2,1.1,2.42,0.22,532.4,546.03,0.484
9786,33.82,14.99,506.99,299.88,10.18,2.2,1.1,2.42,0.22,532.4,357.48,0.548
9787,22.65,15.8,357.85,35.52,19.99,2.2,1.1,2.42,0.22,532.4,371.18,0.548
9788,17.74,15.46,274.23,141.88,7.09,2.2,1.1,2.42,0.22,532.4,355.34,0.523
9789,9.14,21.81,199.24,168.78,14.22,2.2,1.1,2.42,0.22,532.4,378.31,0.506
9790,6.96,10.05,69.92,273.61,19.86,2.2,1.1,2.42,0.22,532.4,436.57,0.536
9791,17.28,20.2,348.97,319.24,34.85,2.2,1.1,2.42,0.22,532.4,413.11,0.543
9792,17.32,11.58,200.47,229.04,5.35,2.2,1.1,2.42,0.22,532.4,334.12,0.53
9793,20.71,19.64,406.74,184.9,21.97,2.2,1.1,2.42,0.22,532.4,433.78,0.541
9794,8.12,17.03,138.25,205.56,41.69,2.2,1.1,2.42,0.22,532.4,337.53,0.519
9795,22.27,9.69,215.83,112.33,42.49,2.2,1.1,2.42,0.22,532.4,329.82,0.525
9796,48.54,21.62,1049.6,98.47,29.18,2.2,1.1,2.42,0.22,532.4,317.5,0.51
9797,11.99,28.64,343.28,91.58,34.85,2.2,1.1,2.42,0.22,532.4,401.3,0.526
9798,30.39,16.04,487.43,150.56,11.51,2.2,1.1,2.42,0.22,532.4,399.2,0.541
9799,10.61,5.81,61.69,172.33,0.28,2.2,1.1,2.42,0.22,532.4,263.21,0.528
9800,40.34,5.12,206.53,152.45,14.05,2.2,1.1,2.42,0.22,532.4,364.67,0.57
9801,22.51,6.82,153.63,16.21,14.07,2.2,1.1,2.42,0.22,532.4,443.19,0.507
9802,37.78,12.17,459.69,192.43,41.89,2.2,1.1,2.42,0.22,532.4,406.15,0.539
9803,22.06,17.73,391.19,280.98,1.48,2.2,1.1,2.42,0.22,532.4,444.27,0.525
9804,21.77,23.47,510.99,358.8,20.81,2.2,1.1,2.42,0.22,532.4,478.05,0.539
9805,17.49,6.2,108.43,135.5,42.59,2.2,1.1,2.42,0.22,532.4,328.63,0.527
9806,9.32,6.9,64.31,168.21,41.93,2.2,1.1,2.42,0.22,532.4,397.82,0.509
9807,37.03,8.6,318.63,247.89,27.76,2.2,1.1,2.42,0.22,532.4,502.55,0.491
9808,30.4,6.52,198.11,205.17,19.53,2.2,1.1,2.42,0.22,532.4,268.84,0.546
9809,21.23,28.92,613.88,12.47,36.4,2.2,1.1,2.42,0.22,532.4,491.8,0.545
9810,41.45,14.73,610.61,265.15,32.4,2.2,1.1,2.42,0.22,532.4,376.44,0.518
9811,5.43,8.9,48.31,301.42,7.05,2.2,1.1,2.42,0.22,532.4,439.29,0.523
9812,35.42,24.99,885.17,70.45,3.59,2.2,1.1,2.42,0.22,532.4,438.62,0.499
9813,40.84,16.51,674.1,338.48,34.86,2.2,1.1,2.42,0.22,532.4,361.66,0.517
9814,6.6,6.75,44.59,81.42,18.26,2.2,1.1,2.42,0.22,532.4,258.74,0.558
9815,9.44,29.81,281.47,302.08,23.08,2.2,1.1,2.42,0.22,532.4,493.89,0.531
9816,17.02,8.96,152.56,12.26,23.47,2.2,1.1,2.42,0.22,532.4,394.9,0.506
9817,10.59,8.36,88.49,186.69,32.1,2.2,1.1,2.42,0.22,532.4,492.19,0.509
9818,21.02,12.55,263.88,287.47,20.48,2.2,1.1,2.42,0.22,532.4,399.06,0.506
9819,48.27,10.14,489.65,24.06,40.27,2.2,1.1,2.42,0.22,532.4,277.66,0.519
9820,31.27,23.99,750.19,349.38,33.24,2.2,1.1,2.42,0.22,532.4,302.98,0.507
9821,21.68,29.12,631.21,327.98,8.28,2.2,1.1,2.42,0.22,532.4,469.67,0.525
9822,34.35,24.84,853.21,14.13,10.08,2.2,1.1,2.42,0.22,532.4,511.04,0.485
9823,5.37,9.27,49.73,31.8,6.6,2.2,1.1,2.42,0.22,532.4,388.05,0.549
9824,48.4,29.9,1447.17,96.16,1.22,2.2,1.1,2.42,0.22,532.4,541.85,0.505
9825,15.94,13.22,210.79,265.81,44.57,2.2,1.1,2.42,0.22,532.4,335.62,0.555
9826,15.04,11.58,174.14,211.23,14.31,2.2,1.1,2.42,0.22,532.4,465.31,0.508
9827,6.09,23.02,140.26,101.1,28.3,2.2,1.1,2.42,0.22,532.4,355.89,0.57
9828,11.9,5.77,68.72,68.1,16.26,2.2,1.1,2.42,0.22,532.4,466.42,0.495
9829,15.79,16.99,268.28,29.85,20.33,2.2,1.1,2.42,0.22,532.4,519.66,0.512
9830,15.48,24.12,373.32,113.65,35.27,2.2,1.1,2.42,0.22,532.4,337.73,0.517
9831,28.62,10.32,295.37,314.27,36.68,2.2,1.1,2.42,0.22,532.4,516.22,0.525
9832,14.0,13.49,188.85,95.6,9.34,2.2,1.1,2.42,0.22,532.4,473.58,0.493
9833,27.69,23.96,663.4,257.03,3.9,2.2,1.1,2.42,0.22,532.4,493.94,0.526
9834,45.53,9.95,452.82,311.99,11.8,2.2,1.1,2.42,0.22,532.4,301.17,0.54
9835,49.51,7.99,395.41,242.83,32.84,2.2,1.1,2.42,0.22,532.4,344.31,0.53
9836,7.55,7.18,54.21,233.67,4.98,2.2,1.1,2.42,0.22,532.4,349.88,0.51
9837,44.24,9.74,430.98,65.34,20.47,2.2,1.1,2.42,0.22,532.4,339.67,0.515
9838,43.36,21.12,915.59,331.96,7.62,2.2,1.1,2.42,0.22,532.4,498.68,0.543
9839,35.7,8.57,306.14,39.12,22.54,2.2,1.1,2.42,0.22,532.4,387.0,0.54
9840,31.27,24.35,761.35,266.32,26.44,2.2,1.1,2.42,0.22,532.4,369.38,0.512
9841,49.11,7.17,351.95,114.34,34.68,2.2,1.1,2.42,0.22,532.4,368.35,0.51
9842,16.9,6.17,104.23,93.82,42.35,2.2,1.1,2.42,0.22,532.4,343.75,0.525
9843,18.7,7.82,146.22,234.1,8.42,2.2,1.1,2.42,0.22,532.4,441.46,0.517
9844,19.42,29.17,566.42,90.02,23.73,2.2,1.1,2.42,0.22,532.4,498.6,0.501
9845,9.17,21.32,195.52,271.15,3.93,2.2,1.1,2.42,0.22,532.4,298.25,0.576
9846,24.39,9.85,240.21,247.89,19.22,2.2,1.1,2.42,0.22,532.4,379.99,0.543
9847,15.71,5.62,88.28,314.61,4.02,2.2,1.1,2.42,0.22,532.4,382.86,0.521
9848,41.51,13.38,555.25,48.72,37.45,2.2,1.1,2.42,0.22,532.4,421.43,0.564
9849,16.5,28.12,463.83,168.9,10.05,2.2,1.1,2.42,0.22,532.4,385.01,0.49
9850,6.23,11.08,69.06,232.36,7.43,2.2,1.1,2.42,0.22,532.4,346.11,0.532
9851,27.63,28.13,777.22,278.68,27.15,2.2,1.1,2.42,0.22,532.4,482.45,0.537
9852,5.71,12.72,72.55,354.69,32.72,2.2,1.1,2.42,0.22,532.4,466.25,0.515
9853,45.4,15.42,700.0,231.44,42.78,2.2,1.1,2.42,0.22,532.4,308.59,0.487
9854,47.56,18.59,883.95,4.87,31.29,2.2,1.1,2.42,0.22,532.4,320.38,0.493
9855,6.73,11.25,75.74,355.6,32.73,2.2,1.1,2.42,0.22,532.4,273.67,0.516
9856,48.09,22.72,1092.56,313.59,4.96,2.2,1.1,2.42,0.22,532.4,377.44,0.523
9857,12.35,11.21,138.53,253.96,44.21,2.2,1.1,2.42,0.22,532.4,326.91,0.51
9858,33.57,23.67,794.63,249.53,42.47,2.2,1.1,2.42,0.22,532.4,343.67,0.54
9859,42.32,6.07,256.79,0.61,6.24,2.2,1.1,2.42,0.22,532.4,301.92,0.551
9860,9.05,19.27,174.36,256.67,21.55,2.2,1.1,2.42,0.22,532.4,340.51,0.506
9861,18.1,6.58,119.02,199.04,35.8,2.2,1.1,2.42,0.22,532.4,395.3,0.507
9862,14.66,12.72,186.38,145.91,11.78,2.2,1.1,2.42,0.22,532.4,301.79,0.505
9863,22.66,5.45,123.44,154.73,33.17,2.2,1.1,2.42,0.22,532.4,362.52,0.514
9864,30.84,13.47,415.4,180.55,34.09,2.2,1.1,2.42,0.22,532.4,395.18,0.542
9865,47.49,28.27,1342.56,54.03,36.93,2.2,1.1,2.42,0.22,532.4,291.99,0.544
9866,26.94,19.66,529.64,222.04,8.01,2.2,1.1,2.42,0.22,532.4,522.53,0.494
9867,26.34,6.67,175.67,120.15,23.82,2.2,1.1,2.42,0.22,532.4,482.0,0.55
9868,27.7,5.34,148.02,228.62,44.53,2.2,1.1,2.42,0.22,532.4,315.07,0.543
9869,45.35,26.31,1193.17,222.24,19.13,2.2,1.1,2.42,0.22,532.4,403.85,0.488
9870,6.68,24.16,161.28,247.33,6.6,2.2,1.1,2.42,0.22,532.4,352.53,0.521
9871,48.15,12.53,603.19,80.39,10.52,2.2,1.1,2.42,0.22,532.4,321.54,0.539
9872,49.78,15.69,781.01,74.05,8.99,2.2,1.1,2.42,0.22,532.4,281.0,0.503
9873,16.17,17.35,280.5,59.2,24.17,2.2,1.1,2.42,0.22,532.4,511.19,0.505
9874,29.12,18.44,536.86,111.96,31.22,2.2,1.1,2.42,0.22,532.4,299.85,0.528
9875,46.57,22.28,1037.75,213.85,42.38,2.2,1.1,2.42,0.22,532.4,452.16,0.531
9876,26.38,18.41,485.7,133.09,23.4,2.2,1.1,2.42,0.22,532.4,272.71,0.52
9877,15.59,14.45,225.25,246.03,20.7,2.2,1.1,2.42,0.22,532.4,284.94,0.532
9878,37.55,23.72,890.59,151.7,27.77,2.2,1.1,2.42,0.22,532.4,409.01,0.559
9879,25.55,22.45,573.49,341.25,30.87,2.2,1.1,2.42,0.22,532.4,330.12,0.523
9880,34.56,16.6,573.79,80.19,20.98,2.2,1.1,2.42,0.22,532.4,413.48,0.557
9881,43.82,5.62,246.21,347.77,19.86,2.2,1.1,2.42,0.22,532.4,461.33,0.526
9882,41.89,5.31,222.4,276.86,39.95,2.2,1.1,2.42,0.22,532.4,294.06,0.545
9883,24.06,26.06,626.91,225.94,33.02,2.2,1.1,2.42,0.22,532.4,376.75,0.513
9884,49.56,25.88,1282.75,267.13,36.57,2.2,1.1,2.42,0.22,532.4,419.67,0.513
9885,21.6,7.99,172.65,152.16,2.59,2.2,1.1,2.42,0.22,532.4,299.65,0.524
9886,6.17,24.04,148.41,309.99,33.12,2.2,1.1,2.42,0.22,532.4,299.15,0.533
9887,9.62,27.19,261.51,318.45,33.76,2.2,1.1,2.42,0.22,532.4,411.66,0.54
9888,19.7,12.19,240.14,88.24,31.76,2.2,1.1,2.42,0.22,532.4,399.64,0.522
9889,12.88,15.79,203.34,144.78,10.5,2.2,1.1,2.42,0.22,532.4,355.17,0.539
9890,23.83,14.17,337.76,266.73,34.99,2.2,1.1,2.42,0.22,532.4,323.29,0.513
9891,39.86,20.34,810.73,135.83,25.73,2.2,1.1,2.42,0.22,532.4,438.27,0.507
9892,25.33,16.46,416.98,163.56,9.66,2.2,1.1,2.42,0.22,532.4,505.32,0.544
9893,10.89,19.51,212.52,294.89,12.08,2.2,1.1,2.42,0.22,532.4,357.6,0.523
9894,9.19,10.13,93.11,53.19,8.5,2.2,1.1,2.42,0.22,532.4,314.59,0.547
9895,35.87,19.64,704.65,154.3,5.06,2.2,1.1,2.42,0.22,532.4,407.87,0.505
9896,38.34,10.39,398.48,267.5,22.27,2.2,1.1,2.42,0.22,532.4,422.11,0.54
9897,30.56,10.13,309.67,80.3,36.59,2.2,1.1,2.42,0.22,532.4,456.31,0.553
9898,16.22,13.72,222.59,255.89,17.68,2.2,1.1,2.42,0.22,532.4,452.67,0.529
9899,23.43,10.37,242.87,243.12,18.19,2.2,1.1,2.42,0.22,532.4,480.74,0.56
9900,22.23,29.79,662.17,159.47,20.43,2.2,1.1,2.42,0.22,532.4,496.02,0.534
9901,30.78,26.2,806.39,258.12,10.52,2.2,1.1,2.42,0.22,532.4,340.46,0.549
9902,32.23,22.97,740.47,165.06,26.07,2.2,1.1,2.42,0.22,532.4,299.81,0.55
9903,44.48,16.18,719.54,84.7,35.67,2.2,1.1,2.42,0.22,532.4,327.43,0.543
9904,17.88,20.23,361.75,240.22,16.07,2.2,1.1,2.42,0.22,532.4,475.13,0.538
9905,21.42,21.04,450.64,162.88,31.44,2.2,1.1,2.42,0.22,532.4,505.3,0.492
9906,10.83,27.12,293.77,354.78,22.98,2.2,1.1,2.42,0.22,532.4,336.03,0.521
9907,49.41,23.9,1180.78,304.11,24.28,2.2,1.1,2.42,0.22,532.4,336.57,0.513
9908,7.75,19.62,152.08,275.02,17.35,2.2,1.1,2.42,0.22,532.4,364.49,0.529
9909,44.18,22.83,1008.44,351.31,19.58,2.2,1.1,2.42,0.22,532.4,369.12,0.519
9910,43.5,23.26,1011.7,309.46,20.91,2.2,1.1,2.42,0.22,532.4,430.95,0.547
9911,22.25,24.24,539.27,167.67,34.86,2.2,1.1,2.42,0.22,532.4,400.97,0.569
9912,34.91,20.42,713.04,267.58,14.75,2.2,1.1,2.42,0.22,532.4,462.58,0.489
9913,38.84,24.82,963.97,11.09,10.49,2.2,1.1,2.42,0.22,532.4,528.78,0.499
9914,11.39,28.82,328.28,243.83,31.79,2.2,1.1,2.42,0.22,532.4,394.43,0.536
9915,42.74,6.33,270.38,29.55,9.91,2.2,1.1,2.42,0.22,532.4,445.69,0.507
9916,38.03,13.88,527.64,68.04,7.16,2.2,1.1,2.42,0.22,532.4,428.3,0.509
9917,17.72,19.78,350.61,253.91,12.11,2.2,1.1,2.42,0.22,532.4,273.03,0.508
9918,23.54,22.15,521.38,63.44,24.97,2.2,1.1,2.42,0.22,532.4,371.47,0.529
9919,7.73,14.95,115.48,158.29,25.91,2.2,1.1,2.42,0.22,532.4,281.39,0.513
9920,17.2,25.58,439.91,276.4,22.57,2.2,1.1,2.42,0.22,532.4,495.66,0.559
9921,9.05,5.74,51.99,143.93,35.47,2.2,1.1,2.42,0.22,532.4,263.47,0.557
9922,16.21,29.46,477.71,133.43,13.66,2.2,1.1,2.42,0.22,532.4,406.63,0.53
9923,16.21,16.31,264.33,189.28,17.41,2.2,1.1,2.42,0.22,532.4,346.52,0.498
9924,32.03,8.59,274.98,102.72,3.82,2.2,1.1,2.42,0.22,532.4,416.77,0.509
9925,38.31,21.65,829.41,92.09,12.72,2.2,1.1,2.42,0.22,532.4,345.46,0.514
9926,40.38,17.39,702.06,342.15,16.11,2.2,1.1,2.42,0.22,532.4,370.02,0.561
9927,12.45,13.36,166.37,309.49,5.34,2.2,1.1,2.42,0.22,532.4,464.39,0.519
9928,40.16,14.81,594.88,178.63,40.08,2.2,1.1,2.42,0.22,532.4,347.32,0.529
9929,30.85,13.48,415.95,292.96,30.61,2.2,1.1,2.42,0.22,532.4,375.27,0.497
9930,34.57,26.67,921.78,347.77,41.84,2.2,1.1,2.42,0.22,532.4,284.9,0.515
9931,25.27,13.57,342.92,98.71,13.35,2.2,1.1,2.42,0.22,532.4,468.49,0.545
9932,41.33,12.11,500.68,229.35,0.77,2.2,1.1,2.42,0.22,532.4,303.96,0.536
9933,17.76,23.76,421.92,173.27,33.85,2.2,1.1,2.42,0.22,532.4,479.15,0.512
9934,37.29,14.69,547.78,8.71,11.83,2.2,1.1,2.42,0.22,532.4,292.58,0.523
9935,23.01,11.94,274.69,164.1,23.19,2.2,1.1,2.42,0.22,532.4,461.46,0.542
9936,28.73,26.47,760.43,279.61,11.2,2.2,1.1,2.42,0.22,532.4,377.68,0.514
9937,37.83,19.86,751.23,335.15,0.01,2.2,1.1,2.42,0.22,532.4,288.77,0.521
9938,31.17,28.47,887.45,327.05,15.55,2.2,1.1,2.42,0.22,532.4,281.63,0.504
9939,21.65,24.47,529.76,357.42,44.7,2.2,1.1,2.42,0.22,532.4,441.82,0.491
9940,38.35,22.15,849.45,315.28,30.95,2.2,1.1,2.42,0.22,532.4,427.98,0.517
9941,21.79,21.9,477.18,157.09,8.68,2.2,1.1,2.42,0.22,532.4,284.89,0.524
9942,34.82,20.82,724.92,63.32,31.08,2.2,1.1,2.42,0.22,532.4,346.33,0.534
9943,39.16,12.31,481.92,176.42,6.79,2.2,1.1,2.42,0.22,532.4,301.76,0.536
9944,42.5,28.8,1223.75,226.16,28.88,2.2,1.1,2.42,0.22,532.4,333.22,0.522
9945,47.67,20.03,954.61,263.3,43.46,2.2,1.1,2.42,0.22,532.4,425.98,0.541
9946,38.67,27.53,1064.66,318.17,6.92,2.2,1.1,2.42,0.22,532.4,275.28,0.562
9947,43.49,12.51,544.21,290.98,3.38,2.2,1.1,2.42,0.22,532.4,384.96,0.508
9948,46.07,25.7,1184.14,244.56,39.37,2.2,1.1,2.42,0.22,532.4,335.76,0.505
9949,7.02,15.83,111.13,312.38,8.76,2.2,1.1,2.42,0.22,532.4,334.66,0.486
9950,18.02,13.05,235.23,233.16,26.16,2.2,1.1,2.42,0.22,532.4,350.99,0.537
9951,45.44,22.85,1038.26,260.09,31.34,2.2,1.1,2.42,0.22,532.4,339.01,0.542
9952,26.6,16.5,438.84,19.52,28.97,2.2,1.1,2.42,0.22,532.4,364.96,0.519
9953,18.23,17.87,325.82,330.05,40.11,2.2,1.1,2.42,0.22,532.4,273.99,0.51
9954,41.44,5.66,234.57,288.23,35.28,2.2,1.1,2.42,0.22,532.4,310.63,0.523
9955,6.4,8.97,57.39,44.88,44.06,2.2,1.1,2.42,0.22,532.4,381.23,0.519
9956,33.72,9.54,321.75,122.93,40.7,2.2,1.1,2.42,0.22,532.4,487.54,0.513
9957,11.53,9.89,113.94,157.05,43.81,2.2,1.1,2.42,0.22,532.4,452.28,0.473
9958,14.73,8.82,129.88,248.53,36.88,2.2,1.1,2.42,0.22,532.4,305.01,0.512
9959,29.09,26.56,772.64,198.21,31.96,2.2,1.1,2.42,0.22,532.4,395.8,0.501
9960,22.98,25.46,585.05,155.6,44.66,2.2,1.1,2.42,0.22,532.4,486.2,0.508
9961,23.1,5.57,128.77,248.51,15.64,2.2,1.1,2.42,0.22,532.4,260.93,0.547
9962,47.79,22.75,1087.1,326.4,42.24,2.2,1.1,2.42,0.22,532.4,384.77,0.506
9963,17.88,20.94,374.48,51.65,39.9,2.2,1.1,2.42,0.22,532.4,371.07,0.514
9964,27.22,11.88,323.19,141.62,24.37,2.2,1.1,2.42,0.22,532.4,360.92,0.515
9965,9.88,16.27,160.73,5.55,15.74,2.2,1.1,2.42,0.22,532.4,405.47,0.539
9966,28.51,22.69,646.86,139.82,1.51,2.2,1.1,2.42,0.22,532.4,457.99,0.573
9967,32.41,17.26,559.49,157.44,39.38,2.2,1.1,2.42,0.22,532.4,557.81,0.48
9968,6.71,11.27,75.61,197.68,3.89,2.2,1.1,2.42,0.22,532.4,296.17,0.537
9969,21.12,27.1,572.34,157.81,43.8,2.2,1.1,2.42,0.22,532.4,315.93,0.502
9970,32.57,8.83,287.48,11.67,9.83,2.2,1.1,2.42,0.22,532.4,276.51,0.551
9971,35.88,28.37,1018.11,203.35,31.33,2.2,1.1,2.42,0.22,532.4,532.13,0.514
9972,11.32,16.86,190.89,336.63,1.51,2.2,1.1,2.42,0.22,532.4,496.49,0.529
9973,14.31,19.22,274.97,203.33,4.1,2.2,1.1,2.42,0.22,532.4,320.82,0.536
9974,26.38,24.3,641.02,266.64,41.96,2.2,1.1,2.42,0.22,532.4,396.41,0.51
9975,24.64,18.29,450.66,208.65,8.34,2.2,1.1,2.42,0.22,532.4,296.11,0.509
9976,40.57,23.18,940.49,350.3,14.17,2.2,1.1,2.42,0.22,532.4,325.37,0.505
9977,12.04,15.52,186.88,249.35,43.13,2.2,1.1,2.42,0.22,532.4,360.25,0.555
9978,26.86,6.52,175.0,346.83,18.16,2.2,1.1,2.42,0.22,532.4,562.05,0.483
9979,19.39,23.76,460.66,284.47,5.76,2.2,1.1,2.42,0.22,532.4,525.15,0.523
9980,9.62,5.67,54.49,159.96,11.05,2.2,1.1,2.42,0.22,532.4,351.35,0.542
9981,7.42,5.33,39.58,44.93,11.03,2.2,1.1,2.42,0.22,532.4,287.31,0.508
9982,8.8,5.59,49.23,222.31,40.18,2.2,1.1,2.42,0.22,532.4,404.01,0.528
9983,25.03,6.65,166.42,324.0,24.48,2.2,1.1,2.42,0.22,532.4,513.23,0.539
9984,12.43,22.45,278.98,93.33,2.12,2.2,1.1,2.42,0.22,532.4,324.37,0.521
9985,22.58,7.64,172.63,169.64,18.75,2.2,1.1,2.42,0.22,532.4,376.38,0.519
9986,47.91,14.69,703.79,0.29,8.9,2.2,1.1,2.42,0.22,532.4,472.5,0.551
9987,38.77,29.81,1155.86,262.52,1.92,2.2,1.1,2.42,0.22,532.4,494.02,0.493
9988,43.89,17.03,747.4,17.45,17.09,2.2,1.1,2.42,0.22,532.4,394.84,0.514
9989,33.31,27.03,900.42,217.27,12.16,2.2,1.1,2.42,0.22,532.4,410.38,0.545
9990,42.45,16.56,702.92,296.69,21.55,2.2,1.1,2.42,0.22,532.4,357.26,0.52
9991,47.39,14.68,695.94,125.14,8.72,2.2,1.1,2.42,0.22,532.4,261.15,0.547
9992,41.11,22.72,934.19,113.27,24.65,2.2,1.1,2.42,0.22,532.4,285.83,0.513
9993,23.2,9.3,215.83,10.94,17.24,2.2,1.1,2.42,0.22,532.4,446.98,0.518
9994,7.06,11.46,80.95,300.02,2.02,2.2,1.1,2.42,0.22,532.4,394.1,0.526
9995,47.86,14.29,684.0,183.51,21.17,2.2,1.1,2.42,0.22,532.4,311.09,0.486
9996,20.36,8.97,182.57,190.04,25.82,2.2,1.1,2.42,0.22,532.4,367.78,0.554
9997,9.94,12.21,121.34,191.95,25.35,2.2,1.1,2.42,0.22,532.4,476.71,0.53
9998,23.56,21.24,500.41,146.6,40.49,2.2,1.1,2.42,0.22,532.4,480.8,0.537
9999,42.82,10.12,433.28,269.63,19.25,2.2,1.1,2.42,0.22,532.4,359.37,0.541
